# WaveFront *.obj file (generated by Autodesk ATF)

mtllib CloclClocl24Blocker.mtl

g CloclClocl24Blocker

v -29.000000 -31.000000 0.400000
v -29.000000 69.800000 0.400000
v -29.000000 69.800000 20.000000
v -29.000000 -31.000000 20.000000
v 199.900000 69.800000 0.400000
v 199.900000 69.800000 20.000000
v 199.900000 -31.000000 0.400000
v 199.900000 -31.000000 20.000000
v 200.900000 70.800000 0.000000
v -30.000000 70.800000 0.000000
v -30.000000 70.800000 20.000000
v 200.900000 70.800000 20.000000
v 200.900000 -32.000000 0.000000
v 200.900000 -32.000000 20.000000
v -30.000000 -32.000000 0.000000
v -30.000000 -32.000000 20.000000
v 91.850000 0.000000 0.400000
v 92.005796 1.681308 0.400000
v 92.467879 3.305361 0.400000
v 93.220513 4.816854 0.400000
v 94.238068 6.164315 0.400000
v 95.485893 7.301858 0.400000
v 96.921494 8.190744 0.400000
v 98.495984 8.800705 0.400000
v 100.155745 9.110968 0.400000
v 101.844255 9.110968 0.400000
v 103.504016 8.800705 0.400000
v 105.078506 8.190744 0.400000
v 106.514107 7.301858 0.400000
v 107.761932 6.164315 0.400000
v 108.779487 4.816854 0.400000
v 109.532121 3.305361 0.400000
v 109.994204 1.681308 0.400000
v 110.150000 0.000000 0.400000
v 109.994204 -1.681308 0.400000
v 109.532121 -3.305361 0.400000
v 108.779487 -4.816854 0.400000
v 107.761932 -6.164315 0.400000
v 106.514107 -7.301858 0.400000
v 105.078506 -8.190744 0.400000
v 103.504016 -8.800705 0.400000
v 101.844255 -9.110968 0.400000
v 100.155745 -9.110968 0.400000
v 98.495984 -8.800705 0.400000
v 96.921494 -8.190744 0.400000
v 95.485893 -7.301858 0.400000
v 94.238068 -6.164315 0.400000
v 93.220513 -4.816854 0.400000
v 92.467879 -3.305361 0.400000
v 92.005796 -1.681308 0.400000
v 181.600000 -15.940000 0.400000
v 181.657926 -15.500008 0.400000
v 181.827757 -15.090000 0.400000
v 182.097918 -14.737918 0.400000
v 182.450000 -14.467757 0.400000
v 182.860008 -14.297926 0.400000
v 183.300000 -14.240000 0.400000
v 183.739992 -14.297926 0.400000
v 184.150000 -14.467757 0.400000
v 184.502082 -14.737918 0.400000
v 184.772243 -15.090000 0.400000
v 184.942074 -15.500008 0.400000
v 185.000000 -15.940000 0.400000
v 184.942074 -16.379992 0.400000
v 184.772243 -16.790000 0.400000
v 184.502082 -17.142082 0.400000
v 184.150000 -17.412243 0.400000
v 183.739992 -17.582074 0.400000
v 183.300000 -17.640000 0.400000
v 182.860008 -17.582074 0.400000
v 182.450000 -17.412243 0.400000
v 182.097918 -17.142082 0.400000
v 181.827757 -16.790000 0.400000
v 181.657926 -16.379992 0.400000
v 41.350000 38.800000 0.400000
v 41.505796 40.481308 0.400000
v 41.967879 42.105361 0.400000
v 42.720513 43.616854 0.400000
v 43.738068 44.964315 0.400000
v 44.985893 46.101858 0.400000
v 46.421494 46.990744 0.400000
v 47.995984 47.600705 0.400000
v 49.655745 47.910968 0.400000
v 51.344255 47.910968 0.400000
v 53.004016 47.600705 0.400000
v 54.578506 46.990744 0.400000
v 56.014107 46.101858 0.400000
v 57.261932 44.964315 0.400000
v 58.279487 43.616854 0.400000
v 59.032121 42.105361 0.400000
v 59.494204 40.481308 0.400000
v 59.650000 38.800000 0.400000
v 59.494204 37.118692 0.400000
v 59.032121 35.494639 0.400000
v 58.279487 33.983146 0.400000
v 57.261932 32.635685 0.400000
v 56.014107 31.498142 0.400000
v 54.578506 30.609256 0.400000
v 53.004016 29.999295 0.400000
v 51.344255 29.689032 0.400000
v 49.655745 29.689032 0.400000
v 47.995984 29.999295 0.400000
v 46.421494 30.609256 0.400000
v 44.985893 31.498142 0.400000
v 43.738068 32.635685 0.400000
v 42.720513 33.983146 0.400000
v 41.967879 35.494639 0.400000
v 41.505796 37.118692 0.400000
v 60.750000 0.000000 0.400000
v 60.905796 1.681308 0.400000
v 61.367879 3.305361 0.400000
v 62.120513 4.816854 0.400000
v 63.138068 6.164315 0.400000
v 64.385893 7.301858 0.400000
v 65.821494 8.190744 0.400000
v 67.395984 8.800705 0.400000
v 69.055745 9.110968 0.400000
v 70.744255 9.110968 0.400000
v 72.404016 8.800705 0.400000
v 73.978506 8.190744 0.400000
v 75.414107 7.301858 0.400000
v 76.661932 6.164315 0.400000
v 77.679487 4.816854 0.400000
v 78.432121 3.305361 0.400000
v 78.894204 1.681308 0.400000
v 79.050000 0.000000 0.400000
v 78.894204 -1.681308 0.400000
v 78.432121 -3.305361 0.400000
v 77.679487 -4.816854 0.400000
v 76.661932 -6.164315 0.400000
v 75.414107 -7.301858 0.400000
v 73.978506 -8.190744 0.400000
v 72.404016 -8.800705 0.400000
v 70.744255 -9.110968 0.400000
v 69.055745 -9.110968 0.400000
v 67.395984 -8.800705 0.400000
v 65.821494 -8.190744 0.400000
v 64.385893 -7.301858 0.400000
v 63.138068 -6.164315 0.400000
v 62.120513 -4.816854 0.400000
v 61.367879 -3.305361 0.400000
v 60.905796 -1.681308 0.400000
v 137.400000 -15.940000 0.400000
v 137.457926 -15.500008 0.400000
v 137.627757 -15.090000 0.400000
v 137.897918 -14.737918 0.400000
v 138.250000 -14.467757 0.400000
v 138.660008 -14.297926 0.400000
v 139.100000 -14.240000 0.400000
v 139.539992 -14.297926 0.400000
v 139.950000 -14.467757 0.400000
v 140.302082 -14.737918 0.400000
v 140.572243 -15.090000 0.400000
v 140.742074 -15.500008 0.400000
v 140.800000 -15.940000 0.400000
v 140.742074 -16.379992 0.400000
v 140.572243 -16.790000 0.400000
v 140.302082 -17.142082 0.400000
v 139.950000 -17.412243 0.400000
v 139.539992 -17.582074 0.400000
v 139.100000 -17.640000 0.400000
v 138.660008 -17.582074 0.400000
v 138.250000 -17.412243 0.400000
v 137.897918 -17.142082 0.400000
v 137.627757 -16.790000 0.400000
v 137.457926 -16.379992 0.400000
v 10.250000 19.400000 0.400000
v 10.405796 21.081308 0.400000
v 10.867879 22.705361 0.400000
v 11.620513 24.216854 0.400000
v 12.638068 25.564315 0.400000
v 13.885893 26.701858 0.400000
v 15.321494 27.590744 0.400000
v 16.895984 28.200705 0.400000
v 18.555745 28.510968 0.400000
v 20.244255 28.510968 0.400000
v 21.904016 28.200705 0.400000
v 23.478506 27.590744 0.400000
v 24.914107 26.701858 0.400000
v 26.161932 25.564315 0.400000
v 27.179487 24.216854 0.400000
v 27.932121 22.705361 0.400000
v 28.394204 21.081308 0.400000
v 28.550000 19.400000 0.400000
v 28.394204 17.718692 0.400000
v 27.932121 16.094639 0.400000
v 27.179487 14.583146 0.400000
v 26.161932 13.235685 0.400000
v 24.914107 12.098142 0.400000
v 23.478506 11.209256 0.400000
v 21.904016 10.599295 0.400000
v 20.244255 10.289032 0.400000
v 18.555745 10.289032 0.400000
v 16.895984 10.599295 0.400000
v 15.321494 11.209256 0.400000
v 13.885893 12.098142 0.400000
v 12.638068 13.235685 0.400000
v 11.620513 14.583146 0.400000
v 10.867879 16.094639 0.400000
v 10.405796 17.718692 0.400000
v 41.350000 19.400000 0.400000
v 41.505796 21.081308 0.400000
v 41.967879 22.705361 0.400000
v 42.720513 24.216854 0.400000
v 43.738068 25.564315 0.400000
v 44.985893 26.701858 0.400000
v 46.421494 27.590744 0.400000
v 47.995984 28.200705 0.400000
v 49.655745 28.510968 0.400000
v 51.344255 28.510968 0.400000
v 53.004016 28.200705 0.400000
v 54.578506 27.590744 0.400000
v 56.014107 26.701858 0.400000
v 57.261932 25.564315 0.400000
v 58.279487 24.216854 0.400000
v 59.032121 22.705361 0.400000
v 59.494204 21.081308 0.400000
v 59.650000 19.400000 0.400000
v 59.494204 17.718692 0.400000
v 59.032121 16.094639 0.400000
v 58.279487 14.583146 0.400000
v 57.261932 13.235685 0.400000
v 56.014107 12.098142 0.400000
v 54.578506 11.209256 0.400000
v 53.004016 10.599295 0.400000
v 51.344255 10.289032 0.400000
v 49.655745 10.289032 0.400000
v 47.995984 10.599295 0.400000
v 46.421494 11.209256 0.400000
v 44.985893 12.098142 0.400000
v 43.738068 13.235685 0.400000
v 42.720513 14.583146 0.400000
v 41.967879 16.094639 0.400000
v 41.505796 17.718692 0.400000
v 30.100000 60.050000 0.400000
v 30.157926 60.489992 0.400000
v 30.327757 60.900000 0.400000
v 30.597918 61.252082 0.400000
v 30.950000 61.522243 0.400000
v 31.360008 61.692074 0.400000
v 31.800000 61.750000 0.400000
v 32.239992 61.692074 0.400000
v 32.650000 61.522243 0.400000
v 33.002082 61.252082 0.400000
v 33.272243 60.900000 0.400000
v 33.442074 60.489992 0.400000
v 33.500000 60.050000 0.400000
v 33.442074 59.610008 0.400000
v 33.272243 59.200000 0.400000
v 33.002082 58.847918 0.400000
v 32.650000 58.577757 0.400000
v 32.239992 58.407926 0.400000
v 31.800000 58.350000 0.400000
v 31.360008 58.407926 0.400000
v 30.950000 58.577757 0.400000
v 30.597918 58.847918 0.400000
v 30.327757 59.200000 0.400000
v 30.157926 59.610008 0.400000
v 137.400000 60.050000 0.400000
v 137.457926 60.489992 0.400000
v 137.627757 60.900000 0.400000
v 137.897918 61.252082 0.400000
v 138.250000 61.522243 0.400000
v 138.660008 61.692074 0.400000
v 139.100000 61.750000 0.400000
v 139.539992 61.692074 0.400000
v 139.950000 61.522243 0.400000
v 140.302082 61.252082 0.400000
v 140.572243 60.900000 0.400000
v 140.742074 60.489992 0.400000
v 140.800000 60.050000 0.400000
v 140.742074 59.610008 0.400000
v 140.572243 59.200000 0.400000
v 140.302082 58.847918 0.400000
v 139.950000 58.577757 0.400000
v 139.539992 58.407926 0.400000
v 139.100000 58.350000 0.400000
v 138.660008 58.407926 0.400000
v 138.250000 58.577757 0.400000
v 137.897918 58.847918 0.400000
v 137.627757 59.200000 0.400000
v 137.457926 59.610008 0.400000
v 80.600000 60.050000 0.400000
v 80.657926 60.489992 0.400000
v 80.827757 60.900000 0.400000
v 81.097918 61.252082 0.400000
v 81.450000 61.522243 0.400000
v 81.860008 61.692074 0.400000
v 82.300000 61.750000 0.400000
v 82.739992 61.692074 0.400000
v 83.150000 61.522243 0.400000
v 83.502082 61.252082 0.400000
v 83.772243 60.900000 0.400000
v 83.942074 60.489992 0.400000
v 84.000000 60.050000 0.400000
v 83.942074 59.610008 0.400000
v 83.772243 59.200000 0.400000
v 83.502082 58.847918 0.400000
v 83.150000 58.577757 0.400000
v 82.739992 58.407926 0.400000
v 82.300000 58.350000 0.400000
v 81.860008 58.407926 0.400000
v 81.450000 58.577757 0.400000
v 81.097918 58.847918 0.400000
v 80.827757 59.200000 0.400000
v 80.657926 59.610008 0.400000
v 80.600000 -15.940000 0.400000
v 80.657926 -15.500008 0.400000
v 80.827757 -15.090000 0.400000
v 81.097918 -14.737918 0.400000
v 81.450000 -14.467757 0.400000
v 81.860008 -14.297926 0.400000
v 82.300000 -14.240000 0.400000
v 82.739992 -14.297926 0.400000
v 83.150000 -14.467757 0.400000
v 83.502082 -14.737918 0.400000
v 83.772243 -15.090000 0.400000
v 83.942074 -15.500008 0.400000
v 84.000000 -15.940000 0.400000
v 83.942074 -16.379992 0.400000
v 83.772243 -16.790000 0.400000
v 83.502082 -17.142082 0.400000
v 83.150000 -17.412243 0.400000
v 82.739992 -17.582074 0.400000
v 82.300000 -17.640000 0.400000
v 81.860008 -17.582074 0.400000
v 81.450000 -17.412243 0.400000
v 81.097918 -17.142082 0.400000
v 80.827757 -16.790000 0.400000
v 80.657926 -16.379992 0.400000
v 10.250000 0.000000 0.400000
v 10.405796 1.681308 0.400000
v 10.867879 3.305361 0.400000
v 11.620513 4.816854 0.400000
v 12.638068 6.164315 0.400000
v 13.885893 7.301858 0.400000
v 15.321494 8.190744 0.400000
v 16.895984 8.800705 0.400000
v 18.555745 9.110968 0.400000
v 20.244255 9.110968 0.400000
v 21.904016 8.800705 0.400000
v 23.478506 8.190744 0.400000
v 24.914107 7.301858 0.400000
v 26.161932 6.164315 0.400000
v 27.179487 4.816854 0.400000
v 27.932121 3.305361 0.400000
v 28.394204 1.681308 0.400000
v 28.550000 0.000000 0.400000
v 28.394204 -1.681308 0.400000
v 27.932121 -3.305361 0.400000
v 27.179487 -4.816854 0.400000
v 26.161932 -6.164315 0.400000
v 24.914107 -7.301858 0.400000
v 23.478506 -8.190744 0.400000
v 21.904016 -8.800705 0.400000
v 20.244255 -9.110968 0.400000
v 18.555745 -9.110968 0.400000
v 16.895984 -8.800705 0.400000
v 15.321494 -8.190744 0.400000
v 13.885893 -7.301858 0.400000
v 12.638068 -6.164315 0.400000
v 11.620513 -4.816854 0.400000
v 10.867879 -3.305361 0.400000
v 10.405796 -1.681308 0.400000
v 161.750000 38.800000 0.400000
v 161.905796 40.481308 0.400000
v 162.367879 42.105361 0.400000
v 163.120513 43.616854 0.400000
v 164.138068 44.964315 0.400000
v 165.385893 46.101858 0.400000
v 166.821494 46.990744 0.400000
v 168.395984 47.600705 0.400000
v 170.055745 47.910968 0.400000
v 171.744255 47.910968 0.400000
v 173.404016 47.600705 0.400000
v 174.978506 46.990744 0.400000
v 176.414107 46.101858 0.400000
v 177.661932 44.964315 0.400000
v 178.679487 43.616854 0.400000
v 179.432121 42.105361 0.400000
v 179.894204 40.481308 0.400000
v 180.050000 38.800000 0.400000
v 179.894204 37.118692 0.400000
v 179.432121 35.494639 0.400000
v 178.679487 33.983146 0.400000
v 177.661932 32.635685 0.400000
v 176.414107 31.498142 0.400000
v 174.978506 30.609256 0.400000
v 173.404016 29.999295 0.400000
v 171.744255 29.689032 0.400000
v 170.055745 29.689032 0.400000
v 168.395984 29.999295 0.400000
v 166.821494 30.609256 0.400000
v 165.385893 31.498142 0.400000
v 164.138068 32.635685 0.400000
v 163.120513 33.983146 0.400000
v 162.367879 35.494639 0.400000
v 161.905796 37.118692 0.400000
v 131.100000 60.050000 0.400000
v 131.157926 60.489992 0.400000
v 131.327757 60.900000 0.400000
v 131.597918 61.252082 0.400000
v 131.950000 61.522243 0.400000
v 132.360008 61.692074 0.400000
v 132.800000 61.750000 0.400000
v 133.239992 61.692074 0.400000
v 133.650000 61.522243 0.400000
v 134.002082 61.252082 0.400000
v 134.272243 60.900000 0.400000
v 134.442074 60.489992 0.400000
v 134.500000 60.050000 0.400000
v 134.442074 59.610008 0.400000
v 134.272243 59.200000 0.400000
v 134.002082 58.847918 0.400000
v 133.650000 58.577757 0.400000
v 133.239992 58.407926 0.400000
v 132.800000 58.350000 0.400000
v 132.360008 58.407926 0.400000
v 131.950000 58.577757 0.400000
v 131.597918 58.847918 0.400000
v 131.327757 59.200000 0.400000
v 131.157926 59.610008 0.400000
v 91.850000 38.800000 0.400000
v 92.005796 40.481308 0.400000
v 92.467879 42.105361 0.400000
v 93.220513 43.616854 0.400000
v 94.238068 44.964315 0.400000
v 95.485893 46.101858 0.400000
v 96.921494 46.990744 0.400000
v 98.495984 47.600705 0.400000
v 100.155745 47.910968 0.400000
v 101.844255 47.910968 0.400000
v 103.504016 47.600705 0.400000
v 105.078506 46.990744 0.400000
v 106.514107 46.101858 0.400000
v 107.761932 44.964315 0.400000
v 108.779487 43.616854 0.400000
v 109.532121 42.105361 0.400000
v 109.994204 40.481308 0.400000
v 110.150000 38.800000 0.400000
v 109.994204 37.118692 0.400000
v 109.532121 35.494639 0.400000
v 108.779487 33.983146 0.400000
v 107.761932 32.635685 0.400000
v 106.514107 31.498142 0.400000
v 105.078506 30.609256 0.400000
v 103.504016 29.999295 0.400000
v 101.844255 29.689032 0.400000
v 100.155745 29.689032 0.400000
v 98.495984 29.999295 0.400000
v 96.921494 30.609256 0.400000
v 95.485893 31.498142 0.400000
v 94.238068 32.635685 0.400000
v 93.220513 33.983146 0.400000
v 92.467879 35.494639 0.400000
v 92.005796 37.118692 0.400000
v 111.250000 38.800000 0.400000
v 111.405796 40.481308 0.400000
v 111.867879 42.105361 0.400000
v 112.620513 43.616854 0.400000
v 113.638068 44.964315 0.400000
v 114.885893 46.101858 0.400000
v 116.321494 46.990744 0.400000
v 117.895984 47.600705 0.400000
v 119.555745 47.910968 0.400000
v 121.244255 47.910968 0.400000
v 122.904016 47.600705 0.400000
v 124.478506 46.990744 0.400000
v 125.914107 46.101858 0.400000
v 127.161932 44.964315 0.400000
v 128.179487 43.616854 0.400000
v 128.932121 42.105361 0.400000
v 129.394204 40.481308 0.400000
v 129.550000 38.800000 0.400000
v 129.394204 37.118692 0.400000
v 128.932121 35.494639 0.400000
v 128.179487 33.983146 0.400000
v 127.161932 32.635685 0.400000
v 125.914107 31.498142 0.400000
v 124.478506 30.609256 0.400000
v 122.904016 29.999295 0.400000
v 121.244255 29.689032 0.400000
v 119.555745 29.689032 0.400000
v 117.895984 29.999295 0.400000
v 116.321494 30.609256 0.400000
v 114.885893 31.498142 0.400000
v 113.638068 32.635685 0.400000
v 112.620513 33.983146 0.400000
v 111.867879 35.494639 0.400000
v 111.405796 37.118692 0.400000
v 131.100000 -15.940000 0.400000
v 131.157926 -15.500008 0.400000
v 131.327757 -15.090000 0.400000
v 131.597918 -14.737918 0.400000
v 131.950000 -14.467757 0.400000
v 132.360008 -14.297926 0.400000
v 132.800000 -14.240000 0.400000
v 133.239992 -14.297926 0.400000
v 133.650000 -14.467757 0.400000
v 134.002082 -14.737918 0.400000
v 134.272243 -15.090000 0.400000
v 134.442074 -15.500008 0.400000
v 134.500000 -15.940000 0.400000
v 134.442074 -16.379992 0.400000
v 134.272243 -16.790000 0.400000
v 134.002082 -17.142082 0.400000
v 133.650000 -17.412243 0.400000
v 133.239992 -17.582074 0.400000
v 132.800000 -17.640000 0.400000
v 132.360008 -17.582074 0.400000
v 131.950000 -17.412243 0.400000
v 131.597918 -17.142082 0.400000
v 131.327757 -16.790000 0.400000
v 131.157926 -16.379992 0.400000
v 161.750000 0.000000 0.400000
v 161.905796 1.681308 0.400000
v 162.367879 3.305361 0.400000
v 163.120513 4.816854 0.400000
v 164.138068 6.164315 0.400000
v 165.385893 7.301858 0.400000
v 166.821494 8.190744 0.400000
v 168.395984 8.800705 0.400000
v 170.055745 9.110968 0.400000
v 171.744255 9.110968 0.400000
v 173.404016 8.800705 0.400000
v 174.978506 8.190744 0.400000
v 176.414107 7.301858 0.400000
v 177.661932 6.164315 0.400000
v 178.679487 4.816854 0.400000
v 179.432121 3.305361 0.400000
v 179.894204 1.681308 0.400000
v 180.050000 0.000000 0.400000
v 179.894204 -1.681308 0.400000
v 179.432121 -3.305361 0.400000
v 178.679487 -4.816854 0.400000
v 177.661932 -6.164315 0.400000
v 176.414107 -7.301858 0.400000
v 174.978506 -8.190744 0.400000
v 173.404016 -8.800705 0.400000
v 171.744255 -9.110968 0.400000
v 170.055745 -9.110968 0.400000
v 168.395984 -8.800705 0.400000
v 166.821494 -8.190744 0.400000
v 165.385893 -7.301858 0.400000
v 164.138068 -6.164315 0.400000
v 163.120513 -4.816854 0.400000
v 162.367879 -3.305361 0.400000
v 161.905796 -1.681308 0.400000
v 181.600000 60.050000 0.400000
v 181.657926 60.489992 0.400000
v 181.827757 60.900000 0.400000
v 182.097918 61.252082 0.400000
v 182.450000 61.522243 0.400000
v 182.860008 61.692074 0.400000
v 183.300000 61.750000 0.400000
v 183.739992 61.692074 0.400000
v 184.150000 61.522243 0.400000
v 184.502082 61.252082 0.400000
v 184.772243 60.900000 0.400000
v 184.942074 60.489992 0.400000
v 185.000000 60.050000 0.400000
v 184.942074 59.610008 0.400000
v 184.772243 59.200000 0.400000
v 184.502082 58.847918 0.400000
v 184.150000 58.577757 0.400000
v 183.739992 58.407926 0.400000
v 183.300000 58.350000 0.400000
v 182.860008 58.407926 0.400000
v 182.450000 58.577757 0.400000
v 182.097918 58.847918 0.400000
v 181.827757 59.200000 0.400000
v 181.657926 59.610008 0.400000
v 111.250000 0.000000 0.400000
v 111.405796 1.681308 0.400000
v 111.867879 3.305361 0.400000
v 112.620513 4.816854 0.400000
v 113.638068 6.164315 0.400000
v 114.885893 7.301858 0.400000
v 116.321494 8.190744 0.400000
v 117.895984 8.800705 0.400000
v 119.555745 9.110968 0.400000
v 121.244255 9.110968 0.400000
v 122.904016 8.800705 0.400000
v 124.478506 8.190744 0.400000
v 125.914107 7.301858 0.400000
v 127.161932 6.164315 0.400000
v 128.179487 4.816854 0.400000
v 128.932121 3.305361 0.400000
v 129.394204 1.681308 0.400000
v 129.550000 0.000000 0.400000
v 129.394204 -1.681308 0.400000
v 128.932121 -3.305361 0.400000
v 128.179487 -4.816854 0.400000
v 127.161932 -6.164315 0.400000
v 125.914107 -7.301858 0.400000
v 124.478506 -8.190744 0.400000
v 122.904016 -8.800705 0.400000
v 121.244255 -9.110968 0.400000
v 119.555745 -9.110968 0.400000
v 117.895984 -8.800705 0.400000
v 116.321494 -8.190744 0.400000
v 114.885893 -7.301858 0.400000
v 113.638068 -6.164315 0.400000
v 112.620513 -4.816854 0.400000
v 111.867879 -3.305361 0.400000
v 111.405796 -1.681308 0.400000
v 91.850000 19.400000 0.400000
v 92.005796 21.081308 0.400000
v 92.467879 22.705361 0.400000
v 93.220513 24.216854 0.400000
v 94.238068 25.564315 0.400000
v 95.485893 26.701858 0.400000
v 96.921494 27.590744 0.400000
v 98.495984 28.200705 0.400000
v 100.155745 28.510968 0.400000
v 101.844255 28.510968 0.400000
v 103.504016 28.200705 0.400000
v 105.078506 27.590744 0.400000
v 106.514107 26.701858 0.400000
v 107.761932 25.564315 0.400000
v 108.779487 24.216854 0.400000
v 109.532121 22.705361 0.400000
v 109.994204 21.081308 0.400000
v 110.150000 19.400000 0.400000
v 109.994204 17.718692 0.400000
v 109.532121 16.094639 0.400000
v 108.779487 14.583146 0.400000
v 107.761932 13.235685 0.400000
v 106.514107 12.098142 0.400000
v 105.078506 11.209256 0.400000
v 103.504016 10.599295 0.400000
v 101.844255 10.289032 0.400000
v 100.155745 10.289032 0.400000
v 98.495984 10.599295 0.400000
v 96.921494 11.209256 0.400000
v 95.485893 12.098142 0.400000
v 94.238068 13.235685 0.400000
v 93.220513 14.583146 0.400000
v 92.467879 16.094639 0.400000
v 92.005796 17.718692 0.400000
v -14.100000 -15.940000 0.400000
v -14.042074 -15.500008 0.400000
v -13.872243 -15.090000 0.400000
v -13.602082 -14.737918 0.400000
v -13.250000 -14.467757 0.400000
v -12.839992 -14.297926 0.400000
v -12.400000 -14.240000 0.400000
v -11.960008 -14.297926 0.400000
v -11.550000 -14.467757 0.400000
v -11.197918 -14.737918 0.400000
v -10.927757 -15.090000 0.400000
v -10.757926 -15.500008 0.400000
v -10.700000 -15.940000 0.400000
v -10.757926 -16.379992 0.400000
v -10.927757 -16.790000 0.400000
v -11.197918 -17.142082 0.400000
v -11.550000 -17.412243 0.400000
v -11.960008 -17.582074 0.400000
v -12.400000 -17.640000 0.400000
v -12.839992 -17.582074 0.400000
v -13.250000 -17.412243 0.400000
v -13.602082 -17.142082 0.400000
v -13.872243 -16.790000 0.400000
v -14.042074 -16.379992 0.400000
v -9.150000 19.400000 0.400000
v -8.994204 21.081308 0.400000
v -8.532121 22.705361 0.400000
v -7.779487 24.216854 0.400000
v -6.761932 25.564315 0.400000
v -5.514107 26.701858 0.400000
v -4.078506 27.590744 0.400000
v -2.504016 28.200705 0.400000
v -0.844255 28.510968 0.400000
v 0.844255 28.510968 0.400000
v 2.504016 28.200705 0.400000
v 4.078506 27.590744 0.400000
v 5.514107 26.701858 0.400000
v 6.761932 25.564315 0.400000
v 7.779487 24.216854 0.400000
v 8.532121 22.705361 0.400000
v 8.994204 21.081308 0.400000
v 9.150000 19.400000 0.400000
v 8.994204 17.718692 0.400000
v 8.532121 16.094639 0.400000
v 7.779487 14.583146 0.400000
v 6.761932 13.235685 0.400000
v 5.514107 12.098142 0.400000
v 4.078506 11.209256 0.400000
v 2.504016 10.599295 0.400000
v 0.844255 10.289032 0.400000
v -0.844255 10.289032 0.400000
v -2.504016 10.599295 0.400000
v -4.078506 11.209256 0.400000
v -5.514107 12.098142 0.400000
v -6.761932 13.235685 0.400000
v -7.779487 14.583146 0.400000
v -8.532121 16.094639 0.400000
v -8.994204 17.718692 0.400000
v -9.150000 0.000000 0.400000
v -8.994204 1.681308 0.400000
v -8.532121 3.305361 0.400000
v -7.779487 4.816854 0.400000
v -6.761932 6.164315 0.400000
v -5.514107 7.301858 0.400000
v -4.078506 8.190744 0.400000
v -2.504016 8.800705 0.400000
v -0.844255 9.110968 0.400000
v 0.844255 9.110968 0.400000
v 2.504016 8.800705 0.400000
v 4.078506 8.190744 0.400000
v 5.514107 7.301858 0.400000
v 6.761932 6.164315 0.400000
v 7.779487 4.816854 0.400000
v 8.532121 3.305361 0.400000
v 8.994204 1.681308 0.400000
v 9.150000 0.000000 0.400000
v 8.994204 -1.681308 0.400000
v 8.532121 -3.305361 0.400000
v 7.779487 -4.816854 0.400000
v 6.761932 -6.164315 0.400000
v 5.514107 -7.301858 0.400000
v 4.078506 -8.190744 0.400000
v 2.504016 -8.800705 0.400000
v 0.844255 -9.110968 0.400000
v -0.844255 -9.110968 0.400000
v -2.504016 -8.800705 0.400000
v -4.078506 -8.190744 0.400000
v -5.514107 -7.301858 0.400000
v -6.761932 -6.164315 0.400000
v -7.779487 -4.816854 0.400000
v -8.532121 -3.305361 0.400000
v -8.994204 -1.681308 0.400000
v 86.900000 -15.940000 0.400000
v 86.957926 -15.500008 0.400000
v 87.127757 -15.090000 0.400000
v 87.397918 -14.737918 0.400000
v 87.750000 -14.467757 0.400000
v 88.160008 -14.297926 0.400000
v 88.600000 -14.240000 0.400000
v 89.039992 -14.297926 0.400000
v 89.450000 -14.467757 0.400000
v 89.802082 -14.737918 0.400000
v 90.072243 -15.090000 0.400000
v 90.242074 -15.500008 0.400000
v 90.300000 -15.940000 0.400000
v 90.242074 -16.379992 0.400000
v 90.072243 -16.790000 0.400000
v 89.802082 -17.142082 0.400000
v 89.450000 -17.412243 0.400000
v 89.039992 -17.582074 0.400000
v 88.600000 -17.640000 0.400000
v 88.160008 -17.582074 0.400000
v 87.750000 -17.412243 0.400000
v 87.397918 -17.142082 0.400000
v 87.127757 -16.790000 0.400000
v 86.957926 -16.379992 0.400000
v -9.150000 38.800000 0.400000
v -8.994204 40.481308 0.400000
v -8.532121 42.105361 0.400000
v -7.779487 43.616854 0.400000
v -6.761932 44.964315 0.400000
v -5.514107 46.101858 0.400000
v -4.078506 46.990744 0.400000
v -2.504016 47.600705 0.400000
v -0.844255 47.910968 0.400000
v 0.844255 47.910968 0.400000
v 2.504016 47.600705 0.400000
v 4.078506 46.990744 0.400000
v 5.514107 46.101858 0.400000
v 6.761932 44.964315 0.400000
v 7.779487 43.616854 0.400000
v 8.532121 42.105361 0.400000
v 8.994204 40.481308 0.400000
v 9.150000 38.800000 0.400000
v 8.994204 37.118692 0.400000
v 8.532121 35.494639 0.400000
v 7.779487 33.983146 0.400000
v 6.761932 32.635685 0.400000
v 5.514107 31.498142 0.400000
v 4.078506 30.609256 0.400000
v 2.504016 29.999295 0.400000
v 0.844255 29.689032 0.400000
v -0.844255 29.689032 0.400000
v -2.504016 29.999295 0.400000
v -4.078506 30.609256 0.400000
v -5.514107 31.498142 0.400000
v -6.761932 32.635685 0.400000
v -7.779487 33.983146 0.400000
v -8.532121 35.494639 0.400000
v -8.994204 37.118692 0.400000
v 142.350000 38.800000 0.400000
v 142.505796 40.481308 0.400000
v 142.967879 42.105361 0.400000
v 143.720513 43.616854 0.400000
v 144.738068 44.964315 0.400000
v 145.985893 46.101858 0.400000
v 147.421494 46.990744 0.400000
v 148.995984 47.600705 0.400000
v 150.655745 47.910968 0.400000
v 152.344255 47.910968 0.400000
v 154.004016 47.600705 0.400000
v 155.578506 46.990744 0.400000
v 157.014107 46.101858 0.400000
v 158.261932 44.964315 0.400000
v 159.279487 43.616854 0.400000
v 160.032121 42.105361 0.400000
v 160.494204 40.481308 0.400000
v 160.650000 38.800000 0.400000
v 160.494204 37.118692 0.400000
v 160.032121 35.494639 0.400000
v 159.279487 33.983146 0.400000
v 158.261932 32.635685 0.400000
v 157.014107 31.498142 0.400000
v 155.578506 30.609256 0.400000
v 154.004016 29.999295 0.400000
v 152.344255 29.689032 0.400000
v 150.655745 29.689032 0.400000
v 148.995984 29.999295 0.400000
v 147.421494 30.609256 0.400000
v 145.985893 31.498142 0.400000
v 144.738068 32.635685 0.400000
v 143.720513 33.983146 0.400000
v 142.967879 35.494639 0.400000
v 142.505796 37.118692 0.400000
v 142.350000 0.000000 0.400000
v 142.505796 1.681308 0.400000
v 142.967879 3.305361 0.400000
v 143.720513 4.816854 0.400000
v 144.738068 6.164315 0.400000
v 145.985893 7.301858 0.400000
v 147.421494 8.190744 0.400000
v 148.995984 8.800705 0.400000
v 150.655745 9.110968 0.400000
v 152.344255 9.110968 0.400000
v 154.004016 8.800705 0.400000
v 155.578506 8.190744 0.400000
v 157.014107 7.301858 0.400000
v 158.261932 6.164315 0.400000
v 159.279487 4.816854 0.400000
v 160.032121 3.305361 0.400000
v 160.494204 1.681308 0.400000
v 160.650000 0.000000 0.400000
v 160.494204 -1.681308 0.400000
v 160.032121 -3.305361 0.400000
v 159.279487 -4.816854 0.400000
v 158.261932 -6.164315 0.400000
v 157.014107 -7.301858 0.400000
v 155.578506 -8.190744 0.400000
v 154.004016 -8.800705 0.400000
v 152.344255 -9.110968 0.400000
v 150.655745 -9.110968 0.400000
v 148.995984 -8.800705 0.400000
v 147.421494 -8.190744 0.400000
v 145.985893 -7.301858 0.400000
v 144.738068 -6.164315 0.400000
v 143.720513 -4.816854 0.400000
v 142.967879 -3.305361 0.400000
v 142.505796 -1.681308 0.400000
v 142.350000 19.400000 0.400000
v 142.505796 21.081308 0.400000
v 142.967879 22.705361 0.400000
v 143.720513 24.216854 0.400000
v 144.738068 25.564315 0.400000
v 145.985893 26.701858 0.400000
v 147.421494 27.590744 0.400000
v 148.995984 28.200705 0.400000
v 150.655745 28.510968 0.400000
v 152.344255 28.510968 0.400000
v 154.004016 28.200705 0.400000
v 155.578506 27.590744 0.400000
v 157.014107 26.701858 0.400000
v 158.261932 25.564315 0.400000
v 159.279487 24.216854 0.400000
v 160.032121 22.705361 0.400000
v 160.494204 21.081308 0.400000
v 160.650000 19.400000 0.400000
v 160.494204 17.718692 0.400000
v 160.032121 16.094639 0.400000
v 159.279487 14.583146 0.400000
v 158.261932 13.235685 0.400000
v 157.014107 12.098142 0.400000
v 155.578506 11.209256 0.400000
v 154.004016 10.599295 0.400000
v 152.344255 10.289032 0.400000
v 150.655745 10.289032 0.400000
v 148.995984 10.599295 0.400000
v 147.421494 11.209256 0.400000
v 145.985893 12.098142 0.400000
v 144.738068 13.235685 0.400000
v 143.720513 14.583146 0.400000
v 142.967879 16.094639 0.400000
v 142.505796 17.718692 0.400000
v 60.750000 19.400000 0.400000
v 60.905796 21.081308 0.400000
v 61.367879 22.705361 0.400000
v 62.120513 24.216854 0.400000
v 63.138068 25.564315 0.400000
v 64.385893 26.701858 0.400000
v 65.821494 27.590744 0.400000
v 67.395984 28.200705 0.400000
v 69.055745 28.510968 0.400000
v 70.744255 28.510968 0.400000
v 72.404016 28.200705 0.400000
v 73.978506 27.590744 0.400000
v 75.414107 26.701858 0.400000
v 76.661932 25.564315 0.400000
v 77.679487 24.216854 0.400000
v 78.432121 22.705361 0.400000
v 78.894204 21.081308 0.400000
v 79.050000 19.400000 0.400000
v 78.894204 17.718692 0.400000
v 78.432121 16.094639 0.400000
v 77.679487 14.583146 0.400000
v 76.661932 13.235685 0.400000
v 75.414107 12.098142 0.400000
v 73.978506 11.209256 0.400000
v 72.404016 10.599295 0.400000
v 70.744255 10.289032 0.400000
v 69.055745 10.289032 0.400000
v 67.395984 10.599295 0.400000
v 65.821494 11.209256 0.400000
v 64.385893 12.098142 0.400000
v 63.138068 13.235685 0.400000
v 62.120513 14.583146 0.400000
v 61.367879 16.094639 0.400000
v 60.905796 17.718692 0.400000
v 36.400000 -15.940000 0.400000
v 36.457926 -15.500008 0.400000
v 36.627757 -15.090000 0.400000
v 36.897918 -14.737918 0.400000
v 37.250000 -14.467757 0.400000
v 37.660008 -14.297926 0.400000
v 38.100000 -14.240000 0.400000
v 38.539992 -14.297926 0.400000
v 38.950000 -14.467757 0.400000
v 39.302082 -14.737918 0.400000
v 39.572243 -15.090000 0.400000
v 39.742074 -15.500008 0.400000
v 39.800000 -15.940000 0.400000
v 39.742074 -16.379992 0.400000
v 39.572243 -16.790000 0.400000
v 39.302082 -17.142082 0.400000
v 38.950000 -17.412243 0.400000
v 38.539992 -17.582074 0.400000
v 38.100000 -17.640000 0.400000
v 37.660008 -17.582074 0.400000
v 37.250000 -17.412243 0.400000
v 36.897918 -17.142082 0.400000
v 36.627757 -16.790000 0.400000
v 36.457926 -16.379992 0.400000
v 10.250000 38.800000 0.400000
v 10.405796 40.481308 0.400000
v 10.867879 42.105361 0.400000
v 11.620513 43.616854 0.400000
v 12.638068 44.964315 0.400000
v 13.885893 46.101858 0.400000
v 15.321494 46.990744 0.400000
v 16.895984 47.600705 0.400000
v 18.555745 47.910968 0.400000
v 20.244255 47.910968 0.400000
v 21.904016 47.600705 0.400000
v 23.478506 46.990744 0.400000
v 24.914107 46.101858 0.400000
v 26.161932 44.964315 0.400000
v 27.179487 43.616854 0.400000
v 27.932121 42.105361 0.400000
v 28.394204 40.481308 0.400000
v 28.550000 38.800000 0.400000
v 28.394204 37.118692 0.400000
v 27.932121 35.494639 0.400000
v 27.179487 33.983146 0.400000
v 26.161932 32.635685 0.400000
v 24.914107 31.498142 0.400000
v 23.478506 30.609256 0.400000
v 21.904016 29.999295 0.400000
v 20.244255 29.689032 0.400000
v 18.555745 29.689032 0.400000
v 16.895984 29.999295 0.400000
v 15.321494 30.609256 0.400000
v 13.885893 31.498142 0.400000
v 12.638068 32.635685 0.400000
v 11.620513 33.983146 0.400000
v 10.867879 35.494639 0.400000
v 10.405796 37.118692 0.400000
v 30.100000 -15.940000 0.400000
v 30.157926 -15.500008 0.400000
v 30.327757 -15.090000 0.400000
v 30.597918 -14.737918 0.400000
v 30.950000 -14.467757 0.400000
v 31.360008 -14.297926 0.400000
v 31.800000 -14.240000 0.400000
v 32.239992 -14.297926 0.400000
v 32.650000 -14.467757 0.400000
v 33.002082 -14.737918 0.400000
v 33.272243 -15.090000 0.400000
v 33.442074 -15.500008 0.400000
v 33.500000 -15.940000 0.400000
v 33.442074 -16.379992 0.400000
v 33.272243 -16.790000 0.400000
v 33.002082 -17.142082 0.400000
v 32.650000 -17.412243 0.400000
v 32.239992 -17.582074 0.400000
v 31.800000 -17.640000 0.400000
v 31.360008 -17.582074 0.400000
v 30.950000 -17.412243 0.400000
v 30.597918 -17.142082 0.400000
v 30.327757 -16.790000 0.400000
v 30.157926 -16.379992 0.400000
v 60.750000 38.800000 0.400000
v 60.905796 40.481308 0.400000
v 61.367879 42.105361 0.400000
v 62.120513 43.616854 0.400000
v 63.138068 44.964315 0.400000
v 64.385893 46.101858 0.400000
v 65.821494 46.990744 0.400000
v 67.395984 47.600705 0.400000
v 69.055745 47.910968 0.400000
v 70.744255 47.910968 0.400000
v 72.404016 47.600705 0.400000
v 73.978506 46.990744 0.400000
v 75.414107 46.101858 0.400000
v 76.661932 44.964315 0.400000
v 77.679487 43.616854 0.400000
v 78.432121 42.105361 0.400000
v 78.894204 40.481308 0.400000
v 79.050000 38.800000 0.400000
v 78.894204 37.118692 0.400000
v 78.432121 35.494639 0.400000
v 77.679487 33.983146 0.400000
v 76.661932 32.635685 0.400000
v 75.414107 31.498142 0.400000
v 73.978506 30.609256 0.400000
v 72.404016 29.999295 0.400000
v 70.744255 29.689032 0.400000
v 69.055745 29.689032 0.400000
v 67.395984 29.999295 0.400000
v 65.821494 30.609256 0.400000
v 64.385893 31.498142 0.400000
v 63.138068 32.635685 0.400000
v 62.120513 33.983146 0.400000
v 61.367879 35.494639 0.400000
v 60.905796 37.118692 0.400000
v 41.350000 0.000000 0.400000
v 41.505796 1.681308 0.400000
v 41.967879 3.305361 0.400000
v 42.720513 4.816854 0.400000
v 43.738068 6.164315 0.400000
v 44.985893 7.301858 0.400000
v 46.421494 8.190744 0.400000
v 47.995984 8.800705 0.400000
v 49.655745 9.110968 0.400000
v 51.344255 9.110968 0.400000
v 53.004016 8.800705 0.400000
v 54.578506 8.190744 0.400000
v 56.014107 7.301858 0.400000
v 57.261932 6.164315 0.400000
v 58.279487 4.816854 0.400000
v 59.032121 3.305361 0.400000
v 59.494204 1.681308 0.400000
v 59.650000 0.000000 0.400000
v 59.494204 -1.681308 0.400000
v 59.032121 -3.305361 0.400000
v 58.279487 -4.816854 0.400000
v 57.261932 -6.164315 0.400000
v 56.014107 -7.301858 0.400000
v 54.578506 -8.190744 0.400000
v 53.004016 -8.800705 0.400000
v 51.344255 -9.110968 0.400000
v 49.655745 -9.110968 0.400000
v 47.995984 -8.800705 0.400000
v 46.421494 -8.190744 0.400000
v 44.985893 -7.301858 0.400000
v 43.738068 -6.164315 0.400000
v 42.720513 -4.816854 0.400000
v 41.967879 -3.305361 0.400000
v 41.505796 -1.681308 0.400000
v 36.400000 60.050000 0.400000
v 36.457926 60.489992 0.400000
v 36.627757 60.900000 0.400000
v 36.897918 61.252082 0.400000
v 37.250000 61.522243 0.400000
v 37.660008 61.692074 0.400000
v 38.100000 61.750000 0.400000
v 38.539992 61.692074 0.400000
v 38.950000 61.522243 0.400000
v 39.302082 61.252082 0.400000
v 39.572243 60.900000 0.400000
v 39.742074 60.489992 0.400000
v 39.800000 60.050000 0.400000
v 39.742074 59.610008 0.400000
v 39.572243 59.200000 0.400000
v 39.302082 58.847918 0.400000
v 38.950000 58.577757 0.400000
v 38.539992 58.407926 0.400000
v 38.100000 58.350000 0.400000
v 37.660008 58.407926 0.400000
v 37.250000 58.577757 0.400000
v 36.897918 58.847918 0.400000
v 36.627757 59.200000 0.400000
v 36.457926 59.610008 0.400000
v 161.750000 19.400000 0.400000
v 161.905796 21.081308 0.400000
v 162.367879 22.705361 0.400000
v 163.120513 24.216854 0.400000
v 164.138068 25.564315 0.400000
v 165.385893 26.701858 0.400000
v 166.821494 27.590744 0.400000
v 168.395984 28.200705 0.400000
v 170.055745 28.510968 0.400000
v 171.744255 28.510968 0.400000
v 173.404016 28.200705 0.400000
v 174.978506 27.590744 0.400000
v 176.414107 26.701858 0.400000
v 177.661932 25.564315 0.400000
v 178.679487 24.216854 0.400000
v 179.432121 22.705361 0.400000
v 179.894204 21.081308 0.400000
v 180.050000 19.400000 0.400000
v 179.894204 17.718692 0.400000
v 179.432121 16.094639 0.400000
v 178.679487 14.583146 0.400000
v 177.661932 13.235685 0.400000
v 176.414107 12.098142 0.400000
v 174.978506 11.209256 0.400000
v 173.404016 10.599295 0.400000
v 171.744255 10.289032 0.400000
v 170.055745 10.289032 0.400000
v 168.395984 10.599295 0.400000
v 166.821494 11.209256 0.400000
v 165.385893 12.098142 0.400000
v 164.138068 13.235685 0.400000
v 163.120513 14.583146 0.400000
v 162.367879 16.094639 0.400000
v 161.905796 17.718692 0.400000
v 111.250000 19.400000 0.400000
v 111.405796 21.081308 0.400000
v 111.867879 22.705361 0.400000
v 112.620513 24.216854 0.400000
v 113.638068 25.564315 0.400000
v 114.885893 26.701858 0.400000
v 116.321494 27.590744 0.400000
v 117.895984 28.200705 0.400000
v 119.555745 28.510968 0.400000
v 121.244255 28.510968 0.400000
v 122.904016 28.200705 0.400000
v 124.478506 27.590744 0.400000
v 125.914107 26.701858 0.400000
v 127.161932 25.564315 0.400000
v 128.179487 24.216854 0.400000
v 128.932121 22.705361 0.400000
v 129.394204 21.081308 0.400000
v 129.550000 19.400000 0.400000
v 129.394204 17.718692 0.400000
v 128.932121 16.094639 0.400000
v 128.179487 14.583146 0.400000
v 127.161932 13.235685 0.400000
v 125.914107 12.098142 0.400000
v 124.478506 11.209256 0.400000
v 122.904016 10.599295 0.400000
v 121.244255 10.289032 0.400000
v 119.555745 10.289032 0.400000
v 117.895984 10.599295 0.400000
v 116.321494 11.209256 0.400000
v 114.885893 12.098142 0.400000
v 113.638068 13.235685 0.400000
v 112.620513 14.583146 0.400000
v 111.867879 16.094639 0.400000
v 111.405796 17.718692 0.400000
v 86.900000 60.050000 0.400000
v 86.957926 60.489992 0.400000
v 87.127757 60.900000 0.400000
v 87.397918 61.252082 0.400000
v 87.750000 61.522243 0.400000
v 88.160008 61.692074 0.400000
v 88.600000 61.750000 0.400000
v 89.039992 61.692074 0.400000
v 89.450000 61.522243 0.400000
v 89.802082 61.252082 0.400000
v 90.072243 60.900000 0.400000
v 90.242074 60.489992 0.400000
v 90.300000 60.050000 0.400000
v 90.242074 59.610008 0.400000
v 90.072243 59.200000 0.400000
v 89.802082 58.847918 0.400000
v 89.450000 58.577757 0.400000
v 89.039992 58.407926 0.400000
v 88.600000 58.350000 0.400000
v 88.160008 58.407926 0.400000
v 87.750000 58.577757 0.400000
v 87.397918 58.847918 0.400000
v 87.127757 59.200000 0.400000
v 86.957926 59.610008 0.400000
v -14.100000 60.050000 0.400000
v -14.042074 60.489992 0.400000
v -13.872243 60.900000 0.400000
v -13.602082 61.252082 0.400000
v -13.250000 61.522243 0.400000
v -12.839992 61.692074 0.400000
v -12.400000 61.750000 0.400000
v -11.960008 61.692074 0.400000
v -11.550000 61.522243 0.400000
v -11.197918 61.252082 0.400000
v -10.927757 60.900000 0.400000
v -10.757926 60.489992 0.400000
v -10.700000 60.050000 0.400000
v -10.757926 59.610008 0.400000
v -10.927757 59.200000 0.400000
v -11.197918 58.847918 0.400000
v -11.550000 58.577757 0.400000
v -11.960008 58.407926 0.400000
v -12.400000 58.350000 0.400000
v -12.839992 58.407926 0.400000
v -13.250000 58.577757 0.400000
v -13.602082 58.847918 0.400000
v -13.872243 59.200000 0.400000
v -14.042074 59.610008 0.400000
v 91.850000 -0.000000 0.000000
v 92.005796 -1.681308 0.000000
v 92.467879 -3.305361 0.000000
v 93.220513 -4.816854 0.000000
v 94.238068 -6.164315 0.000000
v 95.485893 -7.301858 0.000000
v 96.921494 -8.190744 0.000000
v 98.495984 -8.800705 0.000000
v 100.155745 -9.110968 0.000000
v 101.844255 -9.110968 0.000000
v 103.504016 -8.800705 0.000000
v 105.078506 -8.190744 0.000000
v 106.514107 -7.301858 0.000000
v 107.761932 -6.164315 0.000000
v 108.779487 -4.816854 0.000000
v 109.532121 -3.305361 0.000000
v 109.994204 -1.681308 0.000000
v 110.150000 0.000000 0.000000
v 109.994204 1.681308 0.000000
v 109.532121 3.305361 0.000000
v 108.779487 4.816854 0.000000
v 107.761932 6.164315 0.000000
v 106.514107 7.301858 0.000000
v 105.078506 8.190744 0.000000
v 103.504016 8.800705 0.000000
v 101.844255 9.110968 0.000000
v 100.155745 9.110968 0.000000
v 98.495984 8.800705 0.000000
v 96.921494 8.190744 0.000000
v 95.485893 7.301858 0.000000
v 94.238068 6.164315 0.000000
v 93.220513 4.816854 0.000000
v 92.467879 3.305361 0.000000
v 92.005796 1.681308 0.000000
v 181.600000 -15.940000 0.000000
v 181.657926 -16.379992 0.000000
v 181.827757 -16.790000 0.000000
v 182.097918 -17.142082 0.000000
v 182.450000 -17.412243 0.000000
v 182.860008 -17.582074 0.000000
v 183.300000 -17.640000 0.000000
v 183.739992 -17.582074 0.000000
v 184.150000 -17.412243 0.000000
v 184.502082 -17.142082 0.000000
v 184.772243 -16.790000 0.000000
v 184.942074 -16.379992 0.000000
v 185.000000 -15.940000 0.000000
v 184.942074 -15.500008 0.000000
v 184.772243 -15.090000 0.000000
v 184.502082 -14.737918 0.000000
v 184.150000 -14.467757 0.000000
v 183.739992 -14.297926 0.000000
v 183.300000 -14.240000 0.000000
v 182.860008 -14.297926 0.000000
v 182.450000 -14.467757 0.000000
v 182.097918 -14.737918 0.000000
v 181.827757 -15.090000 0.000000
v 181.657926 -15.500008 0.000000
v 41.350000 38.800000 0.000000
v 41.505796 37.118692 0.000000
v 41.967879 35.494639 0.000000
v 42.720513 33.983146 0.000000
v 43.738068 32.635685 0.000000
v 44.985893 31.498142 0.000000
v 46.421494 30.609256 0.000000
v 47.995984 29.999295 0.000000
v 49.655745 29.689032 0.000000
v 51.344255 29.689032 0.000000
v 53.004016 29.999295 0.000000
v 54.578506 30.609256 0.000000
v 56.014107 31.498142 0.000000
v 57.261932 32.635685 0.000000
v 58.279487 33.983146 0.000000
v 59.032121 35.494639 0.000000
v 59.494204 37.118692 0.000000
v 59.650000 38.800000 0.000000
v 59.494204 40.481308 0.000000
v 59.032121 42.105361 0.000000
v 58.279487 43.616854 0.000000
v 57.261932 44.964315 0.000000
v 56.014107 46.101858 0.000000
v 54.578506 46.990744 0.000000
v 53.004016 47.600705 0.000000
v 51.344255 47.910968 0.000000
v 49.655745 47.910968 0.000000
v 47.995984 47.600705 0.000000
v 46.421494 46.990744 0.000000
v 44.985893 46.101858 0.000000
v 43.738068 44.964315 0.000000
v 42.720513 43.616854 0.000000
v 41.967879 42.105361 0.000000
v 41.505796 40.481308 0.000000
v 60.750000 -0.000000 0.000000
v 60.905796 -1.681308 0.000000
v 61.367879 -3.305361 0.000000
v 62.120513 -4.816854 0.000000
v 63.138068 -6.164315 0.000000
v 64.385893 -7.301858 0.000000
v 65.821494 -8.190744 0.000000
v 67.395984 -8.800705 0.000000
v 69.055745 -9.110968 0.000000
v 70.744255 -9.110968 0.000000
v 72.404016 -8.800705 0.000000
v 73.978506 -8.190744 0.000000
v 75.414107 -7.301858 0.000000
v 76.661932 -6.164315 0.000000
v 77.679487 -4.816854 0.000000
v 78.432121 -3.305361 0.000000
v 78.894204 -1.681308 0.000000
v 79.050000 0.000000 0.000000
v 78.894204 1.681308 0.000000
v 78.432121 3.305361 0.000000
v 77.679487 4.816854 0.000000
v 76.661932 6.164315 0.000000
v 75.414107 7.301858 0.000000
v 73.978506 8.190744 0.000000
v 72.404016 8.800705 0.000000
v 70.744255 9.110968 0.000000
v 69.055745 9.110968 0.000000
v 67.395984 8.800705 0.000000
v 65.821494 8.190744 0.000000
v 64.385893 7.301858 0.000000
v 63.138068 6.164315 0.000000
v 62.120513 4.816854 0.000000
v 61.367879 3.305361 0.000000
v 60.905796 1.681308 0.000000
v 137.400000 -15.940000 0.000000
v 137.457926 -16.379992 0.000000
v 137.627757 -16.790000 0.000000
v 137.897918 -17.142082 0.000000
v 138.250000 -17.412243 0.000000
v 138.660008 -17.582074 0.000000
v 139.100000 -17.640000 0.000000
v 139.539992 -17.582074 0.000000
v 139.950000 -17.412243 0.000000
v 140.302082 -17.142082 0.000000
v 140.572243 -16.790000 0.000000
v 140.742074 -16.379992 0.000000
v 140.800000 -15.940000 0.000000
v 140.742074 -15.500008 0.000000
v 140.572243 -15.090000 0.000000
v 140.302082 -14.737918 0.000000
v 139.950000 -14.467757 0.000000
v 139.539992 -14.297926 0.000000
v 139.100000 -14.240000 0.000000
v 138.660008 -14.297926 0.000000
v 138.250000 -14.467757 0.000000
v 137.897918 -14.737918 0.000000
v 137.627757 -15.090000 0.000000
v 137.457926 -15.500008 0.000000
v 10.250000 19.400000 0.000000
v 10.405796 17.718692 0.000000
v 10.867879 16.094639 0.000000
v 11.620513 14.583146 0.000000
v 12.638068 13.235685 0.000000
v 13.885893 12.098142 0.000000
v 15.321494 11.209256 0.000000
v 16.895984 10.599295 0.000000
v 18.555745 10.289032 0.000000
v 20.244255 10.289032 0.000000
v 21.904016 10.599295 0.000000
v 23.478506 11.209256 0.000000
v 24.914107 12.098142 0.000000
v 26.161932 13.235685 0.000000
v 27.179487 14.583146 0.000000
v 27.932121 16.094639 0.000000
v 28.394204 17.718692 0.000000
v 28.550000 19.400000 0.000000
v 28.394204 21.081308 0.000000
v 27.932121 22.705361 0.000000
v 27.179487 24.216854 0.000000
v 26.161932 25.564315 0.000000
v 24.914107 26.701858 0.000000
v 23.478506 27.590744 0.000000
v 21.904016 28.200705 0.000000
v 20.244255 28.510968 0.000000
v 18.555745 28.510968 0.000000
v 16.895984 28.200705 0.000000
v 15.321494 27.590744 0.000000
v 13.885893 26.701858 0.000000
v 12.638068 25.564315 0.000000
v 11.620513 24.216854 0.000000
v 10.867879 22.705361 0.000000
v 10.405796 21.081308 0.000000
v 41.350000 19.400000 0.000000
v 41.505796 17.718692 0.000000
v 41.967879 16.094639 0.000000
v 42.720513 14.583146 0.000000
v 43.738068 13.235685 0.000000
v 44.985893 12.098142 0.000000
v 46.421494 11.209256 0.000000
v 47.995984 10.599295 0.000000
v 49.655745 10.289032 0.000000
v 51.344255 10.289032 0.000000
v 53.004016 10.599295 0.000000
v 54.578506 11.209256 0.000000
v 56.014107 12.098142 0.000000
v 57.261932 13.235685 0.000000
v 58.279487 14.583146 0.000000
v 59.032121 16.094639 0.000000
v 59.494204 17.718692 0.000000
v 59.650000 19.400000 0.000000
v 59.494204 21.081308 0.000000
v 59.032121 22.705361 0.000000
v 58.279487 24.216854 0.000000
v 57.261932 25.564315 0.000000
v 56.014107 26.701858 0.000000
v 54.578506 27.590744 0.000000
v 53.004016 28.200705 0.000000
v 51.344255 28.510968 0.000000
v 49.655745 28.510968 0.000000
v 47.995984 28.200705 0.000000
v 46.421494 27.590744 0.000000
v 44.985893 26.701858 0.000000
v 43.738068 25.564315 0.000000
v 42.720513 24.216854 0.000000
v 41.967879 22.705361 0.000000
v 41.505796 21.081308 0.000000
v 30.100000 60.050000 0.000000
v 30.157926 59.610008 0.000000
v 30.327757 59.200000 0.000000
v 30.597918 58.847918 0.000000
v 30.950000 58.577757 0.000000
v 31.360008 58.407926 0.000000
v 31.800000 58.350000 0.000000
v 32.239992 58.407926 0.000000
v 32.650000 58.577757 0.000000
v 33.002082 58.847918 0.000000
v 33.272243 59.200000 0.000000
v 33.442074 59.610008 0.000000
v 33.500000 60.050000 0.000000
v 33.442074 60.489992 0.000000
v 33.272243 60.900000 0.000000
v 33.002082 61.252082 0.000000
v 32.650000 61.522243 0.000000
v 32.239992 61.692074 0.000000
v 31.800000 61.750000 0.000000
v 31.360008 61.692074 0.000000
v 30.950000 61.522243 0.000000
v 30.597918 61.252082 0.000000
v 30.327757 60.900000 0.000000
v 30.157926 60.489992 0.000000
v 137.400000 60.050000 0.000000
v 137.457926 59.610008 0.000000
v 137.627757 59.200000 0.000000
v 137.897918 58.847918 0.000000
v 138.250000 58.577757 0.000000
v 138.660008 58.407926 0.000000
v 139.100000 58.350000 0.000000
v 139.539992 58.407926 0.000000
v 139.950000 58.577757 0.000000
v 140.302082 58.847918 0.000000
v 140.572243 59.200000 0.000000
v 140.742074 59.610008 0.000000
v 140.800000 60.050000 0.000000
v 140.742074 60.489992 0.000000
v 140.572243 60.900000 0.000000
v 140.302082 61.252082 0.000000
v 139.950000 61.522243 0.000000
v 139.539992 61.692074 0.000000
v 139.100000 61.750000 0.000000
v 138.660008 61.692074 0.000000
v 138.250000 61.522243 0.000000
v 137.897918 61.252082 0.000000
v 137.627757 60.900000 0.000000
v 137.457926 60.489992 0.000000
v 80.600000 60.050000 0.000000
v 80.657926 59.610008 0.000000
v 80.827757 59.200000 0.000000
v 81.097918 58.847918 0.000000
v 81.450000 58.577757 0.000000
v 81.860008 58.407926 0.000000
v 82.300000 58.350000 0.000000
v 82.739992 58.407926 0.000000
v 83.150000 58.577757 0.000000
v 83.502082 58.847918 0.000000
v 83.772243 59.200000 0.000000
v 83.942074 59.610008 0.000000
v 84.000000 60.050000 0.000000
v 83.942074 60.489992 0.000000
v 83.772243 60.900000 0.000000
v 83.502082 61.252082 0.000000
v 83.150000 61.522243 0.000000
v 82.739992 61.692074 0.000000
v 82.300000 61.750000 0.000000
v 81.860008 61.692074 0.000000
v 81.450000 61.522243 0.000000
v 81.097918 61.252082 0.000000
v 80.827757 60.900000 0.000000
v 80.657926 60.489992 0.000000
v 80.600000 -15.940000 0.000000
v 80.657926 -16.379992 0.000000
v 80.827757 -16.790000 0.000000
v 81.097918 -17.142082 0.000000
v 81.450000 -17.412243 0.000000
v 81.860008 -17.582074 0.000000
v 82.300000 -17.640000 0.000000
v 82.739992 -17.582074 0.000000
v 83.150000 -17.412243 0.000000
v 83.502082 -17.142082 0.000000
v 83.772243 -16.790000 0.000000
v 83.942074 -16.379992 0.000000
v 84.000000 -15.940000 0.000000
v 83.942074 -15.500008 0.000000
v 83.772243 -15.090000 0.000000
v 83.502082 -14.737918 0.000000
v 83.150000 -14.467757 0.000000
v 82.739992 -14.297926 0.000000
v 82.300000 -14.240000 0.000000
v 81.860008 -14.297926 0.000000
v 81.450000 -14.467757 0.000000
v 81.097918 -14.737918 0.000000
v 80.827757 -15.090000 0.000000
v 80.657926 -15.500008 0.000000
v 10.250000 -0.000000 0.000000
v 10.405796 -1.681308 0.000000
v 10.867879 -3.305361 0.000000
v 11.620513 -4.816854 0.000000
v 12.638068 -6.164315 0.000000
v 13.885893 -7.301858 0.000000
v 15.321494 -8.190744 0.000000
v 16.895984 -8.800705 0.000000
v 18.555745 -9.110968 0.000000
v 20.244255 -9.110968 0.000000
v 21.904016 -8.800705 0.000000
v 23.478506 -8.190744 0.000000
v 24.914107 -7.301858 0.000000
v 26.161932 -6.164315 0.000000
v 27.179487 -4.816854 0.000000
v 27.932121 -3.305361 0.000000
v 28.394204 -1.681308 0.000000
v 28.550000 0.000000 0.000000
v 28.394204 1.681308 0.000000
v 27.932121 3.305361 0.000000
v 27.179487 4.816854 0.000000
v 26.161932 6.164315 0.000000
v 24.914107 7.301858 0.000000
v 23.478506 8.190744 0.000000
v 21.904016 8.800705 0.000000
v 20.244255 9.110968 0.000000
v 18.555745 9.110968 0.000000
v 16.895984 8.800705 0.000000
v 15.321494 8.190744 0.000000
v 13.885893 7.301858 0.000000
v 12.638068 6.164315 0.000000
v 11.620513 4.816854 0.000000
v 10.867879 3.305361 0.000000
v 10.405796 1.681308 0.000000
v 161.750000 38.800000 0.000000
v 161.905796 37.118692 0.000000
v 162.367879 35.494639 0.000000
v 163.120513 33.983146 0.000000
v 164.138068 32.635685 0.000000
v 165.385893 31.498142 0.000000
v 166.821494 30.609256 0.000000
v 168.395984 29.999295 0.000000
v 170.055745 29.689032 0.000000
v 171.744255 29.689032 0.000000
v 173.404016 29.999295 0.000000
v 174.978506 30.609256 0.000000
v 176.414107 31.498142 0.000000
v 177.661932 32.635685 0.000000
v 178.679487 33.983146 0.000000
v 179.432121 35.494639 0.000000
v 179.894204 37.118692 0.000000
v 180.050000 38.800000 0.000000
v 179.894204 40.481308 0.000000
v 179.432121 42.105361 0.000000
v 178.679487 43.616854 0.000000
v 177.661932 44.964315 0.000000
v 176.414107 46.101858 0.000000
v 174.978506 46.990744 0.000000
v 173.404016 47.600705 0.000000
v 171.744255 47.910968 0.000000
v 170.055745 47.910968 0.000000
v 168.395984 47.600705 0.000000
v 166.821494 46.990744 0.000000
v 165.385893 46.101858 0.000000
v 164.138068 44.964315 0.000000
v 163.120513 43.616854 0.000000
v 162.367879 42.105361 0.000000
v 161.905796 40.481308 0.000000
v 131.100000 60.050000 0.000000
v 131.157926 59.610008 0.000000
v 131.327757 59.200000 0.000000
v 131.597918 58.847918 0.000000
v 131.950000 58.577757 0.000000
v 132.360008 58.407926 0.000000
v 132.800000 58.350000 0.000000
v 133.239992 58.407926 0.000000
v 133.650000 58.577757 0.000000
v 134.002082 58.847918 0.000000
v 134.272243 59.200000 0.000000
v 134.442074 59.610008 0.000000
v 134.500000 60.050000 0.000000
v 134.442074 60.489992 0.000000
v 134.272243 60.900000 0.000000
v 134.002082 61.252082 0.000000
v 133.650000 61.522243 0.000000
v 133.239992 61.692074 0.000000
v 132.800000 61.750000 0.000000
v 132.360008 61.692074 0.000000
v 131.950000 61.522243 0.000000
v 131.597918 61.252082 0.000000
v 131.327757 60.900000 0.000000
v 131.157926 60.489992 0.000000
v 91.850000 38.800000 0.000000
v 92.005796 37.118692 0.000000
v 92.467879 35.494639 0.000000
v 93.220513 33.983146 0.000000
v 94.238068 32.635685 0.000000
v 95.485893 31.498142 0.000000
v 96.921494 30.609256 0.000000
v 98.495984 29.999295 0.000000
v 100.155745 29.689032 0.000000
v 101.844255 29.689032 0.000000
v 103.504016 29.999295 0.000000
v 105.078506 30.609256 0.000000
v 106.514107 31.498142 0.000000
v 107.761932 32.635685 0.000000
v 108.779487 33.983146 0.000000
v 109.532121 35.494639 0.000000
v 109.994204 37.118692 0.000000
v 110.150000 38.800000 0.000000
v 109.994204 40.481308 0.000000
v 109.532121 42.105361 0.000000
v 108.779487 43.616854 0.000000
v 107.761932 44.964315 0.000000
v 106.514107 46.101858 0.000000
v 105.078506 46.990744 0.000000
v 103.504016 47.600705 0.000000
v 101.844255 47.910968 0.000000
v 100.155745 47.910968 0.000000
v 98.495984 47.600705 0.000000
v 96.921494 46.990744 0.000000
v 95.485893 46.101858 0.000000
v 94.238068 44.964315 0.000000
v 93.220513 43.616854 0.000000
v 92.467879 42.105361 0.000000
v 92.005796 40.481308 0.000000
v 111.250000 38.800000 0.000000
v 111.405796 37.118692 0.000000
v 111.867879 35.494639 0.000000
v 112.620513 33.983146 0.000000
v 113.638068 32.635685 0.000000
v 114.885893 31.498142 0.000000
v 116.321494 30.609256 0.000000
v 117.895984 29.999295 0.000000
v 119.555745 29.689032 0.000000
v 121.244255 29.689032 0.000000
v 122.904016 29.999295 0.000000
v 124.478506 30.609256 0.000000
v 125.914107 31.498142 0.000000
v 127.161932 32.635685 0.000000
v 128.179487 33.983146 0.000000
v 128.932121 35.494639 0.000000
v 129.394204 37.118692 0.000000
v 129.550000 38.800000 0.000000
v 129.394204 40.481308 0.000000
v 128.932121 42.105361 0.000000
v 128.179487 43.616854 0.000000
v 127.161932 44.964315 0.000000
v 125.914107 46.101858 0.000000
v 124.478506 46.990744 0.000000
v 122.904016 47.600705 0.000000
v 121.244255 47.910968 0.000000
v 119.555745 47.910968 0.000000
v 117.895984 47.600705 0.000000
v 116.321494 46.990744 0.000000
v 114.885893 46.101858 0.000000
v 113.638068 44.964315 0.000000
v 112.620513 43.616854 0.000000
v 111.867879 42.105361 0.000000
v 111.405796 40.481308 0.000000
v 131.100000 -15.940000 0.000000
v 131.157926 -16.379992 0.000000
v 131.327757 -16.790000 0.000000
v 131.597918 -17.142082 0.000000
v 131.950000 -17.412243 0.000000
v 132.360008 -17.582074 0.000000
v 132.800000 -17.640000 0.000000
v 133.239992 -17.582074 0.000000
v 133.650000 -17.412243 0.000000
v 134.002082 -17.142082 0.000000
v 134.272243 -16.790000 0.000000
v 134.442074 -16.379992 0.000000
v 134.500000 -15.940000 0.000000
v 134.442074 -15.500008 0.000000
v 134.272243 -15.090000 0.000000
v 134.002082 -14.737918 0.000000
v 133.650000 -14.467757 0.000000
v 133.239992 -14.297926 0.000000
v 132.800000 -14.240000 0.000000
v 132.360008 -14.297926 0.000000
v 131.950000 -14.467757 0.000000
v 131.597918 -14.737918 0.000000
v 131.327757 -15.090000 0.000000
v 131.157926 -15.500008 0.000000
v 161.750000 -0.000000 0.000000
v 161.905796 -1.681308 0.000000
v 162.367879 -3.305361 0.000000
v 163.120513 -4.816854 0.000000
v 164.138068 -6.164315 0.000000
v 165.385893 -7.301858 0.000000
v 166.821494 -8.190744 0.000000
v 168.395984 -8.800705 0.000000
v 170.055745 -9.110968 0.000000
v 171.744255 -9.110968 0.000000
v 173.404016 -8.800705 0.000000
v 174.978506 -8.190744 0.000000
v 176.414107 -7.301858 0.000000
v 177.661932 -6.164315 0.000000
v 178.679487 -4.816854 0.000000
v 179.432121 -3.305361 0.000000
v 179.894204 -1.681308 0.000000
v 180.050000 0.000000 0.000000
v 179.894204 1.681308 0.000000
v 179.432121 3.305361 0.000000
v 178.679487 4.816854 0.000000
v 177.661932 6.164315 0.000000
v 176.414107 7.301858 0.000000
v 174.978506 8.190744 0.000000
v 173.404016 8.800705 0.000000
v 171.744255 9.110968 0.000000
v 170.055745 9.110968 0.000000
v 168.395984 8.800705 0.000000
v 166.821494 8.190744 0.000000
v 165.385893 7.301858 0.000000
v 164.138068 6.164315 0.000000
v 163.120513 4.816854 0.000000
v 162.367879 3.305361 0.000000
v 161.905796 1.681308 0.000000
v 181.600000 60.050000 0.000000
v 181.657926 59.610008 0.000000
v 181.827757 59.200000 0.000000
v 182.097918 58.847918 0.000000
v 182.450000 58.577757 0.000000
v 182.860008 58.407926 0.000000
v 183.300000 58.350000 0.000000
v 183.739992 58.407926 0.000000
v 184.150000 58.577757 0.000000
v 184.502082 58.847918 0.000000
v 184.772243 59.200000 0.000000
v 184.942074 59.610008 0.000000
v 185.000000 60.050000 0.000000
v 184.942074 60.489992 0.000000
v 184.772243 60.900000 0.000000
v 184.502082 61.252082 0.000000
v 184.150000 61.522243 0.000000
v 183.739992 61.692074 0.000000
v 183.300000 61.750000 0.000000
v 182.860008 61.692074 0.000000
v 182.450000 61.522243 0.000000
v 182.097918 61.252082 0.000000
v 181.827757 60.900000 0.000000
v 181.657926 60.489992 0.000000
v 111.250000 -0.000000 0.000000
v 111.405796 -1.681308 0.000000
v 111.867879 -3.305361 0.000000
v 112.620513 -4.816854 0.000000
v 113.638068 -6.164315 0.000000
v 114.885893 -7.301858 0.000000
v 116.321494 -8.190744 0.000000
v 117.895984 -8.800705 0.000000
v 119.555745 -9.110968 0.000000
v 121.244255 -9.110968 0.000000
v 122.904016 -8.800705 0.000000
v 124.478506 -8.190744 0.000000
v 125.914107 -7.301858 0.000000
v 127.161932 -6.164315 0.000000
v 128.179487 -4.816854 0.000000
v 128.932121 -3.305361 0.000000
v 129.394204 -1.681308 0.000000
v 129.550000 0.000000 0.000000
v 129.394204 1.681308 0.000000
v 128.932121 3.305361 0.000000
v 128.179487 4.816854 0.000000
v 127.161932 6.164315 0.000000
v 125.914107 7.301858 0.000000
v 124.478506 8.190744 0.000000
v 122.904016 8.800705 0.000000
v 121.244255 9.110968 0.000000
v 119.555745 9.110968 0.000000
v 117.895984 8.800705 0.000000
v 116.321494 8.190744 0.000000
v 114.885893 7.301858 0.000000
v 113.638068 6.164315 0.000000
v 112.620513 4.816854 0.000000
v 111.867879 3.305361 0.000000
v 111.405796 1.681308 0.000000
v 91.850000 19.400000 0.000000
v 92.005796 17.718692 0.000000
v 92.467879 16.094639 0.000000
v 93.220513 14.583146 0.000000
v 94.238068 13.235685 0.000000
v 95.485893 12.098142 0.000000
v 96.921494 11.209256 0.000000
v 98.495984 10.599295 0.000000
v 100.155745 10.289032 0.000000
v 101.844255 10.289032 0.000000
v 103.504016 10.599295 0.000000
v 105.078506 11.209256 0.000000
v 106.514107 12.098142 0.000000
v 107.761932 13.235685 0.000000
v 108.779487 14.583146 0.000000
v 109.532121 16.094639 0.000000
v 109.994204 17.718692 0.000000
v 110.150000 19.400000 0.000000
v 109.994204 21.081308 0.000000
v 109.532121 22.705361 0.000000
v 108.779487 24.216854 0.000000
v 107.761932 25.564315 0.000000
v 106.514107 26.701858 0.000000
v 105.078506 27.590744 0.000000
v 103.504016 28.200705 0.000000
v 101.844255 28.510968 0.000000
v 100.155745 28.510968 0.000000
v 98.495984 28.200705 0.000000
v 96.921494 27.590744 0.000000
v 95.485893 26.701858 0.000000
v 94.238068 25.564315 0.000000
v 93.220513 24.216854 0.000000
v 92.467879 22.705361 0.000000
v 92.005796 21.081308 0.000000
v -14.100000 -15.940000 0.000000
v -14.042074 -16.379992 0.000000
v -13.872243 -16.790000 0.000000
v -13.602082 -17.142082 0.000000
v -13.250000 -17.412243 0.000000
v -12.839992 -17.582074 0.000000
v -12.400000 -17.640000 0.000000
v -11.960008 -17.582074 0.000000
v -11.550000 -17.412243 0.000000
v -11.197918 -17.142082 0.000000
v -10.927757 -16.790000 0.000000
v -10.757926 -16.379992 0.000000
v -10.700000 -15.940000 0.000000
v -10.757926 -15.500008 0.000000
v -10.927757 -15.090000 0.000000
v -11.197918 -14.737918 0.000000
v -11.550000 -14.467757 0.000000
v -11.960008 -14.297926 0.000000
v -12.400000 -14.240000 0.000000
v -12.839992 -14.297926 0.000000
v -13.250000 -14.467757 0.000000
v -13.602082 -14.737918 0.000000
v -13.872243 -15.090000 0.000000
v -14.042074 -15.500008 0.000000
v -9.150000 19.400000 0.000000
v -8.994204 17.718692 0.000000
v -8.532121 16.094639 0.000000
v -7.779487 14.583146 0.000000
v -6.761932 13.235685 0.000000
v -5.514107 12.098142 0.000000
v -4.078506 11.209256 0.000000
v -2.504016 10.599295 0.000000
v -0.844255 10.289032 0.000000
v 0.844255 10.289032 0.000000
v 2.504016 10.599295 0.000000
v 4.078506 11.209256 0.000000
v 5.514107 12.098142 0.000000
v 6.761932 13.235685 0.000000
v 7.779487 14.583146 0.000000
v 8.532121 16.094639 0.000000
v 8.994204 17.718692 0.000000
v 9.150000 19.400000 0.000000
v 8.994204 21.081308 0.000000
v 8.532121 22.705361 0.000000
v 7.779487 24.216854 0.000000
v 6.761932 25.564315 0.000000
v 5.514107 26.701858 0.000000
v 4.078506 27.590744 0.000000
v 2.504016 28.200705 0.000000
v 0.844255 28.510968 0.000000
v -0.844255 28.510968 0.000000
v -2.504016 28.200705 0.000000
v -4.078506 27.590744 0.000000
v -5.514107 26.701858 0.000000
v -6.761932 25.564315 0.000000
v -7.779487 24.216854 0.000000
v -8.532121 22.705361 0.000000
v -8.994204 21.081308 0.000000
v -9.150000 -0.000000 0.000000
v -8.994204 -1.681308 0.000000
v -8.532121 -3.305361 0.000000
v -7.779487 -4.816854 0.000000
v -6.761932 -6.164315 0.000000
v -5.514107 -7.301858 0.000000
v -4.078506 -8.190744 0.000000
v -2.504016 -8.800705 0.000000
v -0.844255 -9.110968 0.000000
v 0.844255 -9.110968 0.000000
v 2.504016 -8.800705 0.000000
v 4.078506 -8.190744 0.000000
v 5.514107 -7.301858 0.000000
v 6.761932 -6.164315 0.000000
v 7.779487 -4.816854 0.000000
v 8.532121 -3.305361 0.000000
v 8.994204 -1.681308 0.000000
v 9.150000 0.000000 0.000000
v 8.994204 1.681308 0.000000
v 8.532121 3.305361 0.000000
v 7.779487 4.816854 0.000000
v 6.761932 6.164315 0.000000
v 5.514107 7.301858 0.000000
v 4.078506 8.190744 0.000000
v 2.504016 8.800705 0.000000
v 0.844255 9.110968 0.000000
v -0.844255 9.110968 0.000000
v -2.504016 8.800705 0.000000
v -4.078506 8.190744 0.000000
v -5.514107 7.301858 0.000000
v -6.761932 6.164315 0.000000
v -7.779487 4.816854 0.000000
v -8.532121 3.305361 0.000000
v -8.994204 1.681308 0.000000
v 86.900000 -15.940000 0.000000
v 86.957926 -16.379992 0.000000
v 87.127757 -16.790000 0.000000
v 87.397918 -17.142082 0.000000
v 87.750000 -17.412243 0.000000
v 88.160008 -17.582074 0.000000
v 88.600000 -17.640000 0.000000
v 89.039992 -17.582074 0.000000
v 89.450000 -17.412243 0.000000
v 89.802082 -17.142082 0.000000
v 90.072243 -16.790000 0.000000
v 90.242074 -16.379992 0.000000
v 90.300000 -15.940000 0.000000
v 90.242074 -15.500008 0.000000
v 90.072243 -15.090000 0.000000
v 89.802082 -14.737918 0.000000
v 89.450000 -14.467757 0.000000
v 89.039992 -14.297926 0.000000
v 88.600000 -14.240000 0.000000
v 88.160008 -14.297926 0.000000
v 87.750000 -14.467757 0.000000
v 87.397918 -14.737918 0.000000
v 87.127757 -15.090000 0.000000
v 86.957926 -15.500008 0.000000
v -9.150000 38.800000 0.000000
v -8.994204 37.118692 0.000000
v -8.532121 35.494639 0.000000
v -7.779487 33.983146 0.000000
v -6.761932 32.635685 0.000000
v -5.514107 31.498142 0.000000
v -4.078506 30.609256 0.000000
v -2.504016 29.999295 0.000000
v -0.844255 29.689032 0.000000
v 0.844255 29.689032 0.000000
v 2.504016 29.999295 0.000000
v 4.078506 30.609256 0.000000
v 5.514107 31.498142 0.000000
v 6.761932 32.635685 0.000000
v 7.779487 33.983146 0.000000
v 8.532121 35.494639 0.000000
v 8.994204 37.118692 0.000000
v 9.150000 38.800000 0.000000
v 8.994204 40.481308 0.000000
v 8.532121 42.105361 0.000000
v 7.779487 43.616854 0.000000
v 6.761932 44.964315 0.000000
v 5.514107 46.101858 0.000000
v 4.078506 46.990744 0.000000
v 2.504016 47.600705 0.000000
v 0.844255 47.910968 0.000000
v -0.844255 47.910968 0.000000
v -2.504016 47.600705 0.000000
v -4.078506 46.990744 0.000000
v -5.514107 46.101858 0.000000
v -6.761932 44.964315 0.000000
v -7.779487 43.616854 0.000000
v -8.532121 42.105361 0.000000
v -8.994204 40.481308 0.000000
v 142.350000 38.800000 0.000000
v 142.505796 37.118692 0.000000
v 142.967879 35.494639 0.000000
v 143.720513 33.983146 0.000000
v 144.738068 32.635685 0.000000
v 145.985893 31.498142 0.000000
v 147.421494 30.609256 0.000000
v 148.995984 29.999295 0.000000
v 150.655745 29.689032 0.000000
v 152.344255 29.689032 0.000000
v 154.004016 29.999295 0.000000
v 155.578506 30.609256 0.000000
v 157.014107 31.498142 0.000000
v 158.261932 32.635685 0.000000
v 159.279487 33.983146 0.000000
v 160.032121 35.494639 0.000000
v 160.494204 37.118692 0.000000
v 160.650000 38.800000 0.000000
v 160.494204 40.481308 0.000000
v 160.032121 42.105361 0.000000
v 159.279487 43.616854 0.000000
v 158.261932 44.964315 0.000000
v 157.014107 46.101858 0.000000
v 155.578506 46.990744 0.000000
v 154.004016 47.600705 0.000000
v 152.344255 47.910968 0.000000
v 150.655745 47.910968 0.000000
v 148.995984 47.600705 0.000000
v 147.421494 46.990744 0.000000
v 145.985893 46.101858 0.000000
v 144.738068 44.964315 0.000000
v 143.720513 43.616854 0.000000
v 142.967879 42.105361 0.000000
v 142.505796 40.481308 0.000000
v 142.350000 -0.000000 0.000000
v 142.505796 -1.681308 0.000000
v 142.967879 -3.305361 0.000000
v 143.720513 -4.816854 0.000000
v 144.738068 -6.164315 0.000000
v 145.985893 -7.301858 0.000000
v 147.421494 -8.190744 0.000000
v 148.995984 -8.800705 0.000000
v 150.655745 -9.110968 0.000000
v 152.344255 -9.110968 0.000000
v 154.004016 -8.800705 0.000000
v 155.578506 -8.190744 0.000000
v 157.014107 -7.301858 0.000000
v 158.261932 -6.164315 0.000000
v 159.279487 -4.816854 0.000000
v 160.032121 -3.305361 0.000000
v 160.494204 -1.681308 0.000000
v 160.650000 0.000000 0.000000
v 160.494204 1.681308 0.000000
v 160.032121 3.305361 0.000000
v 159.279487 4.816854 0.000000
v 158.261932 6.164315 0.000000
v 157.014107 7.301858 0.000000
v 155.578506 8.190744 0.000000
v 154.004016 8.800705 0.000000
v 152.344255 9.110968 0.000000
v 150.655745 9.110968 0.000000
v 148.995984 8.800705 0.000000
v 147.421494 8.190744 0.000000
v 145.985893 7.301858 0.000000
v 144.738068 6.164315 0.000000
v 143.720513 4.816854 0.000000
v 142.967879 3.305361 0.000000
v 142.505796 1.681308 0.000000
v 142.350000 19.400000 0.000000
v 142.505796 17.718692 0.000000
v 142.967879 16.094639 0.000000
v 143.720513 14.583146 0.000000
v 144.738068 13.235685 0.000000
v 145.985893 12.098142 0.000000
v 147.421494 11.209256 0.000000
v 148.995984 10.599295 0.000000
v 150.655745 10.289032 0.000000
v 152.344255 10.289032 0.000000
v 154.004016 10.599295 0.000000
v 155.578506 11.209256 0.000000
v 157.014107 12.098142 0.000000
v 158.261932 13.235685 0.000000
v 159.279487 14.583146 0.000000
v 160.032121 16.094639 0.000000
v 160.494204 17.718692 0.000000
v 160.650000 19.400000 0.000000
v 160.494204 21.081308 0.000000
v 160.032121 22.705361 0.000000
v 159.279487 24.216854 0.000000
v 158.261932 25.564315 0.000000
v 157.014107 26.701858 0.000000
v 155.578506 27.590744 0.000000
v 154.004016 28.200705 0.000000
v 152.344255 28.510968 0.000000
v 150.655745 28.510968 0.000000
v 148.995984 28.200705 0.000000
v 147.421494 27.590744 0.000000
v 145.985893 26.701858 0.000000
v 144.738068 25.564315 0.000000
v 143.720513 24.216854 0.000000
v 142.967879 22.705361 0.000000
v 142.505796 21.081308 0.000000
v 60.750000 19.400000 0.000000
v 60.905796 17.718692 0.000000
v 61.367879 16.094639 0.000000
v 62.120513 14.583146 0.000000
v 63.138068 13.235685 0.000000
v 64.385893 12.098142 0.000000
v 65.821494 11.209256 0.000000
v 67.395984 10.599295 0.000000
v 69.055745 10.289032 0.000000
v 70.744255 10.289032 0.000000
v 72.404016 10.599295 0.000000
v 73.978506 11.209256 0.000000
v 75.414107 12.098142 0.000000
v 76.661932 13.235685 0.000000
v 77.679487 14.583146 0.000000
v 78.432121 16.094639 0.000000
v 78.894204 17.718692 0.000000
v 79.050000 19.400000 0.000000
v 78.894204 21.081308 0.000000
v 78.432121 22.705361 0.000000
v 77.679487 24.216854 0.000000
v 76.661932 25.564315 0.000000
v 75.414107 26.701858 0.000000
v 73.978506 27.590744 0.000000
v 72.404016 28.200705 0.000000
v 70.744255 28.510968 0.000000
v 69.055745 28.510968 0.000000
v 67.395984 28.200705 0.000000
v 65.821494 27.590744 0.000000
v 64.385893 26.701858 0.000000
v 63.138068 25.564315 0.000000
v 62.120513 24.216854 0.000000
v 61.367879 22.705361 0.000000
v 60.905796 21.081308 0.000000
v 36.400000 -15.940000 0.000000
v 36.457926 -16.379992 0.000000
v 36.627757 -16.790000 0.000000
v 36.897918 -17.142082 0.000000
v 37.250000 -17.412243 0.000000
v 37.660008 -17.582074 0.000000
v 38.100000 -17.640000 0.000000
v 38.539992 -17.582074 0.000000
v 38.950000 -17.412243 0.000000
v 39.302082 -17.142082 0.000000
v 39.572243 -16.790000 0.000000
v 39.742074 -16.379992 0.000000
v 39.800000 -15.940000 0.000000
v 39.742074 -15.500008 0.000000
v 39.572243 -15.090000 0.000000
v 39.302082 -14.737918 0.000000
v 38.950000 -14.467757 0.000000
v 38.539992 -14.297926 0.000000
v 38.100000 -14.240000 0.000000
v 37.660008 -14.297926 0.000000
v 37.250000 -14.467757 0.000000
v 36.897918 -14.737918 0.000000
v 36.627757 -15.090000 0.000000
v 36.457926 -15.500008 0.000000
v 10.250000 38.800000 0.000000
v 10.405796 37.118692 0.000000
v 10.867879 35.494639 0.000000
v 11.620513 33.983146 0.000000
v 12.638068 32.635685 0.000000
v 13.885893 31.498142 0.000000
v 15.321494 30.609256 0.000000
v 16.895984 29.999295 0.000000
v 18.555745 29.689032 0.000000
v 20.244255 29.689032 0.000000
v 21.904016 29.999295 0.000000
v 23.478506 30.609256 0.000000
v 24.914107 31.498142 0.000000
v 26.161932 32.635685 0.000000
v 27.179487 33.983146 0.000000
v 27.932121 35.494639 0.000000
v 28.394204 37.118692 0.000000
v 28.550000 38.800000 0.000000
v 28.394204 40.481308 0.000000
v 27.932121 42.105361 0.000000
v 27.179487 43.616854 0.000000
v 26.161932 44.964315 0.000000
v 24.914107 46.101858 0.000000
v 23.478506 46.990744 0.000000
v 21.904016 47.600705 0.000000
v 20.244255 47.910968 0.000000
v 18.555745 47.910968 0.000000
v 16.895984 47.600705 0.000000
v 15.321494 46.990744 0.000000
v 13.885893 46.101858 0.000000
v 12.638068 44.964315 0.000000
v 11.620513 43.616854 0.000000
v 10.867879 42.105361 0.000000
v 10.405796 40.481308 0.000000
v 30.100000 -15.940000 0.000000
v 30.157926 -16.379992 0.000000
v 30.327757 -16.790000 0.000000
v 30.597918 -17.142082 0.000000
v 30.950000 -17.412243 0.000000
v 31.360008 -17.582074 0.000000
v 31.800000 -17.640000 0.000000
v 32.239992 -17.582074 0.000000
v 32.650000 -17.412243 0.000000
v 33.002082 -17.142082 0.000000
v 33.272243 -16.790000 0.000000
v 33.442074 -16.379992 0.000000
v 33.500000 -15.940000 0.000000
v 33.442074 -15.500008 0.000000
v 33.272243 -15.090000 0.000000
v 33.002082 -14.737918 0.000000
v 32.650000 -14.467757 0.000000
v 32.239992 -14.297926 0.000000
v 31.800000 -14.240000 0.000000
v 31.360008 -14.297926 0.000000
v 30.950000 -14.467757 0.000000
v 30.597918 -14.737918 0.000000
v 30.327757 -15.090000 0.000000
v 30.157926 -15.500008 0.000000
v 60.750000 38.800000 0.000000
v 60.905796 37.118692 0.000000
v 61.367879 35.494639 0.000000
v 62.120513 33.983146 0.000000
v 63.138068 32.635685 0.000000
v 64.385893 31.498142 0.000000
v 65.821494 30.609256 0.000000
v 67.395984 29.999295 0.000000
v 69.055745 29.689032 0.000000
v 70.744255 29.689032 0.000000
v 72.404016 29.999295 0.000000
v 73.978506 30.609256 0.000000
v 75.414107 31.498142 0.000000
v 76.661932 32.635685 0.000000
v 77.679487 33.983146 0.000000
v 78.432121 35.494639 0.000000
v 78.894204 37.118692 0.000000
v 79.050000 38.800000 0.000000
v 78.894204 40.481308 0.000000
v 78.432121 42.105361 0.000000
v 77.679487 43.616854 0.000000
v 76.661932 44.964315 0.000000
v 75.414107 46.101858 0.000000
v 73.978506 46.990744 0.000000
v 72.404016 47.600705 0.000000
v 70.744255 47.910968 0.000000
v 69.055745 47.910968 0.000000
v 67.395984 47.600705 0.000000
v 65.821494 46.990744 0.000000
v 64.385893 46.101858 0.000000
v 63.138068 44.964315 0.000000
v 62.120513 43.616854 0.000000
v 61.367879 42.105361 0.000000
v 60.905796 40.481308 0.000000
v 41.350000 -0.000000 0.000000
v 41.505796 -1.681308 0.000000
v 41.967879 -3.305361 0.000000
v 42.720513 -4.816854 0.000000
v 43.738068 -6.164315 0.000000
v 44.985893 -7.301858 0.000000
v 46.421494 -8.190744 0.000000
v 47.995984 -8.800705 0.000000
v 49.655745 -9.110968 0.000000
v 51.344255 -9.110968 0.000000
v 53.004016 -8.800705 0.000000
v 54.578506 -8.190744 0.000000
v 56.014107 -7.301858 0.000000
v 57.261932 -6.164315 0.000000
v 58.279487 -4.816854 0.000000
v 59.032121 -3.305361 0.000000
v 59.494204 -1.681308 0.000000
v 59.650000 0.000000 0.000000
v 59.494204 1.681308 0.000000
v 59.032121 3.305361 0.000000
v 58.279487 4.816854 0.000000
v 57.261932 6.164315 0.000000
v 56.014107 7.301858 0.000000
v 54.578506 8.190744 0.000000
v 53.004016 8.800705 0.000000
v 51.344255 9.110968 0.000000
v 49.655745 9.110968 0.000000
v 47.995984 8.800705 0.000000
v 46.421494 8.190744 0.000000
v 44.985893 7.301858 0.000000
v 43.738068 6.164315 0.000000
v 42.720513 4.816854 0.000000
v 41.967879 3.305361 0.000000
v 41.505796 1.681308 0.000000
v 36.400000 60.050000 0.000000
v 36.457926 59.610008 0.000000
v 36.627757 59.200000 0.000000
v 36.897918 58.847918 0.000000
v 37.250000 58.577757 0.000000
v 37.660008 58.407926 0.000000
v 38.100000 58.350000 0.000000
v 38.539992 58.407926 0.000000
v 38.950000 58.577757 0.000000
v 39.302082 58.847918 0.000000
v 39.572243 59.200000 0.000000
v 39.742074 59.610008 0.000000
v 39.800000 60.050000 0.000000
v 39.742074 60.489992 0.000000
v 39.572243 60.900000 0.000000
v 39.302082 61.252082 0.000000
v 38.950000 61.522243 0.000000
v 38.539992 61.692074 0.000000
v 38.100000 61.750000 0.000000
v 37.660008 61.692074 0.000000
v 37.250000 61.522243 0.000000
v 36.897918 61.252082 0.000000
v 36.627757 60.900000 0.000000
v 36.457926 60.489992 0.000000
v 161.750000 19.400000 0.000000
v 161.905796 17.718692 0.000000
v 162.367879 16.094639 0.000000
v 163.120513 14.583146 0.000000
v 164.138068 13.235685 0.000000
v 165.385893 12.098142 0.000000
v 166.821494 11.209256 0.000000
v 168.395984 10.599295 0.000000
v 170.055745 10.289032 0.000000
v 171.744255 10.289032 0.000000
v 173.404016 10.599295 0.000000
v 174.978506 11.209256 0.000000
v 176.414107 12.098142 0.000000
v 177.661932 13.235685 0.000000
v 178.679487 14.583146 0.000000
v 179.432121 16.094639 0.000000
v 179.894204 17.718692 0.000000
v 180.050000 19.400000 0.000000
v 179.894204 21.081308 0.000000
v 179.432121 22.705361 0.000000
v 178.679487 24.216854 0.000000
v 177.661932 25.564315 0.000000
v 176.414107 26.701858 0.000000
v 174.978506 27.590744 0.000000
v 173.404016 28.200705 0.000000
v 171.744255 28.510968 0.000000
v 170.055745 28.510968 0.000000
v 168.395984 28.200705 0.000000
v 166.821494 27.590744 0.000000
v 165.385893 26.701858 0.000000
v 164.138068 25.564315 0.000000
v 163.120513 24.216854 0.000000
v 162.367879 22.705361 0.000000
v 161.905796 21.081308 0.000000
v 111.250000 19.400000 0.000000
v 111.405796 17.718692 0.000000
v 111.867879 16.094639 0.000000
v 112.620513 14.583146 0.000000
v 113.638068 13.235685 0.000000
v 114.885893 12.098142 0.000000
v 116.321494 11.209256 0.000000
v 117.895984 10.599295 0.000000
v 119.555745 10.289032 0.000000
v 121.244255 10.289032 0.000000
v 122.904016 10.599295 0.000000
v 124.478506 11.209256 0.000000
v 125.914107 12.098142 0.000000
v 127.161932 13.235685 0.000000
v 128.179487 14.583146 0.000000
v 128.932121 16.094639 0.000000
v 129.394204 17.718692 0.000000
v 129.550000 19.400000 0.000000
v 129.394204 21.081308 0.000000
v 128.932121 22.705361 0.000000
v 128.179487 24.216854 0.000000
v 127.161932 25.564315 0.000000
v 125.914107 26.701858 0.000000
v 124.478506 27.590744 0.000000
v 122.904016 28.200705 0.000000
v 121.244255 28.510968 0.000000
v 119.555745 28.510968 0.000000
v 117.895984 28.200705 0.000000
v 116.321494 27.590744 0.000000
v 114.885893 26.701858 0.000000
v 113.638068 25.564315 0.000000
v 112.620513 24.216854 0.000000
v 111.867879 22.705361 0.000000
v 111.405796 21.081308 0.000000
v 86.900000 60.050000 0.000000
v 86.957926 59.610008 0.000000
v 87.127757 59.200000 0.000000
v 87.397918 58.847918 0.000000
v 87.750000 58.577757 0.000000
v 88.160008 58.407926 0.000000
v 88.600000 58.350000 0.000000
v 89.039992 58.407926 0.000000
v 89.450000 58.577757 0.000000
v 89.802082 58.847918 0.000000
v 90.072243 59.200000 0.000000
v 90.242074 59.610008 0.000000
v 90.300000 60.050000 0.000000
v 90.242074 60.489992 0.000000
v 90.072243 60.900000 0.000000
v 89.802082 61.252082 0.000000
v 89.450000 61.522243 0.000000
v 89.039992 61.692074 0.000000
v 88.600000 61.750000 0.000000
v 88.160008 61.692074 0.000000
v 87.750000 61.522243 0.000000
v 87.397918 61.252082 0.000000
v 87.127757 60.900000 0.000000
v 86.957926 60.489992 0.000000
v -14.100000 60.050000 0.000000
v -14.042074 59.610008 0.000000
v -13.872243 59.200000 0.000000
v -13.602082 58.847918 0.000000
v -13.250000 58.577757 0.000000
v -12.839992 58.407926 0.000000
v -12.400000 58.350000 0.000000
v -11.960008 58.407926 0.000000
v -11.550000 58.577757 0.000000
v -11.197918 58.847918 0.000000
v -10.927757 59.200000 0.000000
v -10.757926 59.610008 0.000000
v -10.700000 60.050000 0.000000
v -10.757926 60.489992 0.000000
v -10.927757 60.900000 0.000000
v -11.197918 61.252082 0.000000
v -11.550000 61.522243 0.000000
v -11.960008 61.692074 0.000000
v -12.400000 61.750000 0.000000
v -12.839992 61.692074 0.000000
v -13.250000 61.522243 0.000000
v -13.602082 61.252082 0.000000
v -13.872243 60.900000 0.000000
v -14.042074 60.489992 0.000000
vt -10.130000 0.040000 0.000000
vt -0.050000 0.040000 0.000000
vt -10.130000 2.000000 0.000000
vt -0.050000 2.000000 0.000000
vt -22.940000 0.040000 0.000000
vt -0.050000 0.040000 0.000000
vt -22.940000 2.000000 0.000000
vt -0.050000 2.000000 0.000000
vt -10.130000 0.040000 0.000000
vt -0.050000 0.040000 0.000000
vt -10.130000 2.000000 0.000000
vt -0.050000 2.000000 0.000000
vt -22.940000 0.040000 0.000000
vt -0.050000 0.040000 0.000000
vt -22.940000 2.000000 0.000000
vt -0.050000 2.000000 0.000000
vt -0.050000 0.000000 0.000000
vt 23.040000 0.000000 0.000000
vt -0.050000 2.000000 0.000000
vt 23.040000 2.000000 0.000000
vt -0.050000 0.000000 0.000000
vt 10.230000 0.000000 0.000000
vt -0.050000 2.000000 0.000000
vt 10.230000 2.000000 0.000000
vt -0.050000 0.000000 0.000000
vt 23.040000 0.000000 0.000000
vt -0.050000 2.000000 0.000000
vt 23.040000 2.000000 0.000000
vt -0.050000 0.000000 0.000000
vt 10.230000 0.000000 0.000000
vt -0.050000 2.000000 0.000000
vt 10.230000 2.000000 0.000000
vt 11.445000 5.040000 0.000000
vt -11.545000 5.140000 0.000000
vt -11.445000 5.040000 0.000000
vt -11.545000 -5.140000 0.000000
vt -11.445000 -5.040000 0.000000
vt 11.545000 -5.140000 0.000000
vt 11.445000 -5.040000 0.000000
vt 11.545000 5.140000 0.000000
vt -11.445000 5.040000 0.000000
vt 0.315000 4.235000 0.000000
vt 11.445000 5.040000 0.000000
vt 4.735000 4.235000 0.000000
vt 5.365000 4.235000 0.000000
vt 5.321001 4.229207 0.000000
vt 4.778999 4.229207 0.000000
vt 5.280000 4.212224 0.000000
vt 4.820000 4.212224 0.000000
vt 5.244792 4.185208 0.000000
vt 4.855208 4.185208 0.000000
vt 5.217776 4.150000 0.000000
vt 4.882224 4.150000 0.000000
vt 5.200793 4.108999 0.000000
vt 4.899207 4.108999 0.000000
vt 5.195000 4.065000 0.000000
vt 4.905000 4.065000 0.000000
vt 5.200793 4.021001 0.000000
vt 4.899207 4.021001 0.000000
vt 5.217776 3.980000 0.000000
vt 4.882224 3.980000 0.000000
vt 5.244792 3.944792 0.000000
vt 4.855208 3.944792 0.000000
vt 5.280000 3.917776 0.000000
vt 4.820000 3.917776 0.000000
vt 5.321001 3.900793 0.000000
vt 4.778999 3.900793 0.000000
vt 5.365000 3.895000 0.000000
vt 4.735000 3.895000 0.000000
vt 6.197149 2.759074 0.000000
vt 3.902851 2.759074 0.000000
vt 6.053589 2.670186 0.000000
vt 4.046411 2.670186 0.000000
vt 5.928807 2.556432 0.000000
vt 4.171193 2.556432 0.000000
vt 5.827051 2.421685 0.000000
vt 4.272949 2.421685 0.000000
vt 5.751788 2.270536 0.000000
vt 4.348212 2.270536 0.000000
vt 5.705580 2.108131 0.000000
vt 4.394420 2.108131 0.000000
vt 5.690000 1.940000 0.000000
vt 4.410000 1.940000 0.000000
vt 5.705580 1.771869 0.000000
vt 4.394420 1.771869 0.000000
vt 5.751788 1.609464 0.000000
vt 4.348212 1.609464 0.000000
vt 5.827051 1.458315 0.000000
vt 4.272949 1.458315 0.000000
vt 5.928807 1.323568 0.000000
vt 4.171193 1.323568 0.000000
vt 6.053589 1.209814 0.000000
vt 4.046411 1.209814 0.000000
vt 6.053589 0.730186 0.000000
vt 4.046411 0.730186 0.000000
vt 5.928807 0.616432 0.000000
vt 4.171193 0.616432 0.000000
vt 5.827051 0.481685 0.000000
vt 4.272949 0.481685 0.000000
vt 5.751788 0.330536 0.000000
vt 4.348212 0.330536 0.000000
vt 5.705580 0.168131 0.000000
vt 4.394420 0.168131 0.000000
vt 5.690000 -0.000000 0.000000
vt 4.410000 -0.000000 0.000000
vt 5.705580 -0.168131 0.000000
vt 4.394420 -0.168131 0.000000
vt 5.751788 -0.330536 0.000000
vt 4.348212 -0.330536 0.000000
vt 5.827051 -0.481685 0.000000
vt 4.272949 -0.481685 0.000000
vt 5.928807 -0.616432 0.000000
vt 4.171193 -0.616432 0.000000
vt 6.053589 -0.730186 0.000000
vt 4.046411 -0.730186 0.000000
vt 6.053589 -1.209814 0.000000
vt 4.046411 -1.209814 0.000000
vt 5.928807 -1.323568 0.000000
vt 4.171193 -1.323568 0.000000
vt 5.827051 -1.458315 0.000000
vt 4.272949 -1.458315 0.000000
vt 5.751788 -1.609464 0.000000
vt 4.348212 -1.609464 0.000000
vt 5.705580 -1.771869 0.000000
vt 4.394420 -1.771869 0.000000
vt 5.690000 -1.940000 0.000000
vt 4.410000 -1.940000 0.000000
vt 5.705580 -2.108131 0.000000
vt 4.394420 -2.108131 0.000000
vt 5.751788 -2.270536 0.000000
vt 4.348212 -2.270536 0.000000
vt 5.827051 -2.421685 0.000000
vt 4.272949 -2.421685 0.000000
vt 5.928807 -2.556432 0.000000
vt 4.171193 -2.556432 0.000000
vt 6.053589 -2.670186 0.000000
vt 4.046411 -2.670186 0.000000
vt 5.365000 -3.364000 0.000000
vt 4.735000 -3.364000 0.000000
vt 5.321001 -3.369793 0.000000
vt 4.778999 -3.369793 0.000000
vt 5.280000 -3.386776 0.000000
vt 4.820000 -3.386776 0.000000
vt 5.244792 -3.413792 0.000000
vt 4.855208 -3.413792 0.000000
vt 5.217776 -3.449000 0.000000
vt 4.882224 -3.449000 0.000000
vt 5.200793 -3.490001 0.000000
vt 4.899207 -3.490001 0.000000
vt 5.195000 -3.534000 0.000000
vt 4.905000 -3.534000 0.000000
vt 5.200793 -3.577999 0.000000
vt 4.899207 -3.577999 0.000000
vt 5.217776 -3.619000 0.000000
vt 4.882224 -3.619000 0.000000
vt 5.244792 -3.654208 0.000000
vt 4.855208 -3.654208 0.000000
vt 5.280000 -3.681224 0.000000
vt 4.820000 -3.681224 0.000000
vt 5.321001 -3.698207 0.000000
vt 4.778999 -3.698207 0.000000
vt 5.365000 -3.704000 0.000000
vt 4.735000 -3.704000 0.000000
vt 11.445000 -5.040000 0.000000
vt 0.315000 -3.704000 0.000000
vt -0.315000 -3.704000 0.000000
vt -0.271001 -3.698207 0.000000
vt 0.271001 -3.698207 0.000000
vt -0.230000 -3.681224 0.000000
vt 0.230000 -3.681224 0.000000
vt -0.194792 -3.654208 0.000000
vt 0.194792 -3.654208 0.000000
vt -0.167776 -3.619000 0.000000
vt 0.167776 -3.619000 0.000000
vt -0.150793 -3.577999 0.000000
vt 0.150793 -3.577999 0.000000
vt -0.145000 -3.534000 0.000000
vt 0.145000 -3.534000 0.000000
vt -0.150793 -3.490001 0.000000
vt 0.150793 -3.490001 0.000000
vt -0.167776 -3.449000 0.000000
vt 0.167776 -3.449000 0.000000
vt -0.194792 -3.413792 0.000000
vt 0.194792 -3.413792 0.000000
vt -0.230000 -3.386776 0.000000
vt 0.230000 -3.386776 0.000000
vt -0.271001 -3.369793 0.000000
vt 0.271001 -3.369793 0.000000
vt -0.315000 -3.364000 0.000000
vt 0.315000 -3.364000 0.000000
vt -1.003589 -2.670186 0.000000
vt 1.003589 -2.670186 0.000000
vt -0.878807 -2.556432 0.000000
vt 0.878807 -2.556432 0.000000
vt -0.777051 -2.421685 0.000000
vt 0.777051 -2.421685 0.000000
vt -0.701788 -2.270536 0.000000
vt 0.701788 -2.270536 0.000000
vt -0.655580 -2.108131 0.000000
vt 0.655580 -2.108131 0.000000
vt -0.640000 -1.940000 0.000000
vt 0.640000 -1.940000 0.000000
vt -0.655580 -1.771869 0.000000
vt 0.655580 -1.771869 0.000000
vt -0.701788 -1.609464 0.000000
vt 0.701788 -1.609464 0.000000
vt -0.777051 -1.458315 0.000000
vt 0.777051 -1.458315 0.000000
vt -0.878807 -1.323568 0.000000
vt 0.878807 -1.323568 0.000000
vt -1.003589 -1.209814 0.000000
vt 1.003589 -1.209814 0.000000
vt -1.003589 -0.730186 0.000000
vt 1.003589 -0.730186 0.000000
vt -0.878807 -0.616432 0.000000
vt 0.878807 -0.616432 0.000000
vt -0.777051 -0.481685 0.000000
vt 0.777051 -0.481685 0.000000
vt -0.701788 -0.330536 0.000000
vt 0.701788 -0.330536 0.000000
vt -0.655580 -0.168131 0.000000
vt 0.655580 -0.168131 0.000000
vt -0.640000 -0.000000 0.000000
vt 0.640000 -0.000000 0.000000
vt -0.655580 0.168131 0.000000
vt 0.655580 0.168131 0.000000
vt -0.701788 0.330536 0.000000
vt 0.701788 0.330536 0.000000
vt -0.777051 0.481685 0.000000
vt 0.777051 0.481685 0.000000
vt -0.878807 0.616432 0.000000
vt 0.878807 0.616432 0.000000
vt -1.003589 0.730186 0.000000
vt 1.003589 0.730186 0.000000
vt -1.003589 1.209814 0.000000
vt 1.003589 1.209814 0.000000
vt -0.878807 1.323568 0.000000
vt 0.878807 1.323568 0.000000
vt -0.777051 1.458315 0.000000
vt 0.777051 1.458315 0.000000
vt -0.701788 1.609464 0.000000
vt 0.701788 1.609464 0.000000
vt -0.655580 1.771869 0.000000
vt 0.655580 1.771869 0.000000
vt -0.640000 1.940000 0.000000
vt 0.640000 1.940000 0.000000
vt -0.655580 2.108131 0.000000
vt 0.655580 2.108131 0.000000
vt -0.701788 2.270536 0.000000
vt 0.701788 2.270536 0.000000
vt -0.777051 2.421685 0.000000
vt 0.777051 2.421685 0.000000
vt -0.878807 2.556432 0.000000
vt 0.878807 2.556432 0.000000
vt -1.003589 2.670186 0.000000
vt 1.003589 2.670186 0.000000
vt -1.147149 2.759074 0.000000
vt 1.147149 2.759074 0.000000
vt -0.315000 3.895000 0.000000
vt 0.315000 3.895000 0.000000
vt -0.271001 3.900793 0.000000
vt 0.271001 3.900793 0.000000
vt -0.230000 3.917776 0.000000
vt 0.230000 3.917776 0.000000
vt -0.194792 3.944792 0.000000
vt 0.194792 3.944792 0.000000
vt -0.167776 3.980000 0.000000
vt 0.167776 3.980000 0.000000
vt -0.150793 4.021001 0.000000
vt 0.150793 4.021001 0.000000
vt -0.145000 4.065000 0.000000
vt 0.145000 4.065000 0.000000
vt -0.150793 4.108999 0.000000
vt 0.150793 4.108999 0.000000
vt -0.167776 4.150000 0.000000
vt 0.167776 4.150000 0.000000
vt -0.194792 4.185208 0.000000
vt 0.194792 4.185208 0.000000
vt -0.230000 4.212224 0.000000
vt 0.230000 4.212224 0.000000
vt -0.271001 4.229207 0.000000
vt 0.271001 4.229207 0.000000
vt -0.315000 4.235000 0.000000
vt -11.445000 -5.040000 0.000000
vt -9.460000 -0.000000 0.000000
vt -9.444420 0.168131 0.000000
vt -9.444420 1.771869 0.000000
vt -9.398212 0.330536 0.000000
vt -9.398212 1.609464 0.000000
vt -9.322949 1.458315 0.000000
vt -9.322949 0.481685 0.000000
vt -9.221193 1.323568 0.000000
vt -9.221193 0.616432 0.000000
vt -9.096411 1.209814 0.000000
vt -9.096411 0.730186 0.000000
vt -8.952851 1.120926 0.000000
vt -8.952851 0.819074 0.000000
vt -8.795402 1.059930 0.000000
vt -8.795402 0.880070 0.000000
vt -8.629426 1.028903 0.000000
vt -8.629426 0.911097 0.000000
vt -8.460574 0.911097 0.000000
vt -4.735000 -3.704000 0.000000
vt -5.365000 -3.704000 0.000000
vt -5.321001 -3.698207 0.000000
vt -4.778999 -3.698207 0.000000
vt -5.280000 -3.681224 0.000000
vt -4.820000 -3.681224 0.000000
vt -5.244792 -3.654208 0.000000
vt -4.855208 -3.654208 0.000000
vt -5.217776 -3.619000 0.000000
vt -4.882224 -3.619000 0.000000
vt -5.200793 -3.577999 0.000000
vt -4.899207 -3.577999 0.000000
vt -5.195000 -3.534000 0.000000
vt -4.905000 -3.534000 0.000000
vt -5.200793 -3.490001 0.000000
vt -4.899207 -3.490001 0.000000
vt -5.217776 -3.449000 0.000000
vt -4.882224 -3.449000 0.000000
vt -5.244792 -3.413792 0.000000
vt -4.855208 -3.413792 0.000000
vt -5.280000 -3.386776 0.000000
vt -4.820000 -3.386776 0.000000
vt -5.321001 -3.369793 0.000000
vt -4.778999 -3.369793 0.000000
vt -5.365000 -3.364000 0.000000
vt -4.735000 -3.364000 0.000000
vt -6.053589 -2.670186 0.000000
vt -4.046411 -2.670186 0.000000
vt -5.928807 -2.556432 0.000000
vt -4.171193 -2.556432 0.000000
vt -5.827051 -2.421685 0.000000
vt -4.272949 -2.421685 0.000000
vt -5.751788 -2.270536 0.000000
vt -4.348212 -2.270536 0.000000
vt -5.705580 -2.108131 0.000000
vt -4.394420 -2.108131 0.000000
vt -5.690000 -1.940000 0.000000
vt -4.410000 -1.940000 0.000000
vt -5.705580 -1.771869 0.000000
vt -4.394420 -1.771869 0.000000
vt -5.751788 -1.609464 0.000000
vt -4.348212 -1.609464 0.000000
vt -5.827051 -1.458315 0.000000
vt -4.272949 -1.458315 0.000000
vt -5.928807 -1.323568 0.000000
vt -4.171193 -1.323568 0.000000
vt -6.053589 -1.209814 0.000000
vt -4.046411 -1.209814 0.000000
vt -6.053589 -0.730186 0.000000
vt -4.046411 -0.730186 0.000000
vt -5.928807 -0.616432 0.000000
vt -4.171193 -0.616432 0.000000
vt -5.827051 -0.481685 0.000000
vt -4.272949 -0.481685 0.000000
vt -5.751788 -0.330536 0.000000
vt -4.348212 -0.330536 0.000000
vt -5.705580 -0.168131 0.000000
vt -4.394420 -0.168131 0.000000
vt -5.690000 -0.000000 0.000000
vt -4.410000 -0.000000 0.000000
vt -5.705580 0.168131 0.000000
vt -4.394420 0.168131 0.000000
vt -5.751788 0.330536 0.000000
vt -4.348212 0.330536 0.000000
vt -5.827051 0.481685 0.000000
vt -4.272949 0.481685 0.000000
vt -5.928807 0.616432 0.000000
vt -4.171193 0.616432 0.000000
vt -6.053589 0.730186 0.000000
vt -4.046411 0.730186 0.000000
vt -6.053589 1.209814 0.000000
vt -4.046411 1.209814 0.000000
vt -5.928807 1.323568 0.000000
vt -4.171193 1.323568 0.000000
vt -5.827051 1.458315 0.000000
vt -4.272949 1.458315 0.000000
vt -5.751788 1.609464 0.000000
vt -4.348212 1.609464 0.000000
vt -5.705580 1.771869 0.000000
vt -4.394420 1.771869 0.000000
vt -5.690000 1.940000 0.000000
vt -4.410000 1.940000 0.000000
vt -5.705580 2.108131 0.000000
vt -4.394420 2.108131 0.000000
vt -5.751788 2.270536 0.000000
vt -4.348212 2.270536 0.000000
vt -5.827051 2.421685 0.000000
vt -4.272949 2.421685 0.000000
vt -5.928807 2.556432 0.000000
vt -4.171193 2.556432 0.000000
vt -6.053589 2.670186 0.000000
vt -4.046411 2.670186 0.000000
vt -6.197149 2.759074 0.000000
vt -3.902851 2.759074 0.000000
vt -5.365000 3.895000 0.000000
vt -4.735000 3.895000 0.000000
vt -5.321001 3.900793 0.000000
vt -4.778999 3.900793 0.000000
vt -5.280000 3.917776 0.000000
vt -4.820000 3.917776 0.000000
vt -5.244792 3.944792 0.000000
vt -4.855208 3.944792 0.000000
vt -5.217776 3.980000 0.000000
vt -4.882224 3.980000 0.000000
vt -5.200793 4.021001 0.000000
vt -4.899207 4.021001 0.000000
vt -5.195000 4.065000 0.000000
vt -4.905000 4.065000 0.000000
vt -5.200793 4.108999 0.000000
vt -4.899207 4.108999 0.000000
vt -5.217776 4.150000 0.000000
vt -4.882224 4.150000 0.000000
vt -5.244792 4.185208 0.000000
vt -4.855208 4.185208 0.000000
vt -5.280000 4.212224 0.000000
vt -4.820000 4.212224 0.000000
vt -5.321001 4.229207 0.000000
vt -4.778999 4.229207 0.000000
vt -5.365000 4.235000 0.000000
vt -4.735000 4.235000 0.000000
vt 9.460000 -0.000000 0.000000
vt 9.444420 -0.168131 0.000000
vt 9.444420 -1.771869 0.000000
vt 9.398212 -1.609464 0.000000
vt 9.398212 -0.330536 0.000000
vt 9.322949 -1.458315 0.000000
vt 9.322949 -0.481685 0.000000
vt 9.221193 -0.616432 0.000000
vt 1.147149 -1.120926 0.000000
vt 1.147149 -0.819074 0.000000
vt 1.304598 -0.880070 0.000000
vt 1.304598 -1.059930 0.000000
vt 1.470574 -0.911097 0.000000
vt 1.470574 -1.028903 0.000000
vt 1.639426 -1.028903 0.000000
vt 1.639426 -0.911097 0.000000
vt 1.805402 -1.059930 0.000000
vt 1.805402 -0.880070 0.000000
vt 1.962851 -1.120926 0.000000
vt 1.962851 -0.819074 0.000000
vt 3.087149 -1.120926 0.000000
vt 3.087149 -0.819074 0.000000
vt 3.244598 -1.059930 0.000000
vt 3.244598 -0.880070 0.000000
vt 3.410574 -0.911097 0.000000
vt 3.410574 -1.028903 0.000000
vt 3.579426 -1.028903 0.000000
vt 2.943589 -1.209814 0.000000
vt 2.106411 -1.209814 0.000000
vt 2.818807 -1.323568 0.000000
vt 2.231193 -1.323568 0.000000
vt 2.717051 -1.458315 0.000000
vt 2.332949 -1.458315 0.000000
vt 2.641788 -1.609464 0.000000
vt 2.408212 -1.609464 0.000000
vt 2.595580 -1.771869 0.000000
vt 2.454420 -1.771869 0.000000
vt 2.580000 -1.940000 0.000000
vt 2.470000 -1.940000 0.000000
vt 2.595580 -2.108131 0.000000
vt 2.454420 -2.108131 0.000000
vt 2.641788 -2.270536 0.000000
vt 2.408212 -2.270536 0.000000
vt 2.717051 -2.421685 0.000000
vt 2.332949 -2.421685 0.000000
vt 2.818807 -2.556432 0.000000
vt 2.231193 -2.556432 0.000000
vt 2.943589 -2.670186 0.000000
vt 2.106411 -2.670186 0.000000
vt 3.087149 -2.759074 0.000000
vt 1.962851 -2.759074 0.000000
vt 3.244598 -2.820070 0.000000
vt 1.805402 -2.820070 0.000000
vt 4.570793 -3.577999 0.000000
vt 1.639426 -2.851097 0.000000
vt 0.479207 -3.577999 0.000000
vt 0.485000 -3.534000 0.000000
vt 0.479207 -3.490001 0.000000
vt 0.462224 -3.449000 0.000000
vt 1.470574 -2.851097 0.000000
vt 0.435208 -3.413792 0.000000
vt 0.400000 -3.386776 0.000000
vt 1.304598 -2.820070 0.000000
vt 0.358999 -3.369793 0.000000
vt 1.147149 -2.759074 0.000000
vt 9.620793 -3.577999 0.000000
vt 9.615000 -3.534000 0.000000
vt 8.460574 -2.851097 0.000000
vt 9.620793 -3.490001 0.000000
vt 9.637776 -3.449000 0.000000
vt 8.629426 -2.851097 0.000000
vt 9.664792 -3.413792 0.000000
vt 9.700000 -3.386776 0.000000
vt 8.795402 -2.820070 0.000000
vt 9.741001 -3.369793 0.000000
vt 8.952851 -2.759074 0.000000
vt 9.785000 -3.364000 0.000000
vt 9.096411 -2.670186 0.000000
vt 9.828999 -3.369793 0.000000
vt 9.221193 -2.556432 0.000000
vt 9.322949 -2.421685 0.000000
vt 9.870000 -3.386776 0.000000
vt 9.398212 -2.270536 0.000000
vt 9.905208 -3.413792 0.000000
vt 9.444420 -2.108131 0.000000
vt 9.460000 -1.940000 0.000000
vt 9.932224 -3.449000 0.000000
vt 9.949207 -3.490001 0.000000
vt 9.955000 -3.534000 0.000000
vt 9.949207 -3.577999 0.000000
vt 9.932224 -3.619000 0.000000
vt 9.905208 -3.654208 0.000000
vt 9.870000 -3.681224 0.000000
vt 9.828999 -3.698207 0.000000
vt 9.785000 -3.704000 0.000000
vt 9.741001 -3.698207 0.000000
vt 5.408999 -3.698207 0.000000
vt 5.450000 -3.681224 0.000000
vt 9.700000 -3.681224 0.000000
vt 5.485208 -3.654208 0.000000
vt 9.664792 -3.654208 0.000000
vt 5.512224 -3.619000 0.000000
vt 9.637776 -3.619000 0.000000
vt 5.529207 -3.577999 0.000000
vt 6.689426 -2.851097 0.000000
vt 6.855402 -2.820070 0.000000
vt 8.294598 -2.820070 0.000000
vt 7.012851 -2.759074 0.000000
vt 8.137149 -2.759074 0.000000
vt 7.156411 -2.670186 0.000000
vt 7.993589 -2.670186 0.000000
vt 7.281193 -2.556432 0.000000
vt 7.868807 -2.556432 0.000000
vt 7.382949 -2.421685 0.000000
vt 7.767051 -2.421685 0.000000
vt 7.458212 -2.270536 0.000000
vt 7.691788 -2.270536 0.000000
vt 7.504420 -2.108131 0.000000
vt 7.645580 -2.108131 0.000000
vt 7.520000 -1.940000 0.000000
vt 7.630000 -1.940000 0.000000
vt 7.504420 -1.771869 0.000000
vt 7.645580 -1.771869 0.000000
vt 7.458212 -1.609464 0.000000
vt 7.691788 -1.609464 0.000000
vt 7.382949 -1.458315 0.000000
vt 7.767051 -1.458315 0.000000
vt 7.281193 -1.323568 0.000000
vt 7.868807 -1.323568 0.000000
vt 7.156411 -1.209814 0.000000
vt 7.993589 -1.209814 0.000000
vt 7.012851 -1.120926 0.000000
vt 8.137149 -1.120926 0.000000
vt 7.012851 -0.819074 0.000000
vt 8.137149 -0.819074 0.000000
vt 7.156411 -0.730186 0.000000
vt 7.993589 -0.730186 0.000000
vt 7.281193 -0.616432 0.000000
vt 7.868807 -0.616432 0.000000
vt 7.382949 -0.481685 0.000000
vt 7.767051 -0.481685 0.000000
vt 7.458212 -0.330536 0.000000
vt 7.691788 -0.330536 0.000000
vt 7.504420 -0.168131 0.000000
vt 7.645580 -0.168131 0.000000
vt 7.520000 -0.000000 0.000000
vt 7.630000 -0.000000 0.000000
vt 7.504420 0.168131 0.000000
vt 7.645580 0.168131 0.000000
vt 7.458212 0.330536 0.000000
vt 7.691788 0.330536 0.000000
vt 7.382949 0.481685 0.000000
vt 7.767051 0.481685 0.000000
vt 7.281193 0.616432 0.000000
vt 7.868807 0.616432 0.000000
vt 7.156411 0.730186 0.000000
vt 7.993589 0.730186 0.000000
vt 7.012851 0.819074 0.000000
vt 8.137149 0.819074 0.000000
vt 7.012851 1.120926 0.000000
vt 8.137149 1.120926 0.000000
vt 7.156411 1.209814 0.000000
vt 7.993589 1.209814 0.000000
vt 7.281193 1.323568 0.000000
vt 7.868807 1.323568 0.000000
vt 7.382949 1.458315 0.000000
vt 7.767051 1.458315 0.000000
vt 7.458212 1.609464 0.000000
vt 7.691788 1.609464 0.000000
vt 7.504420 1.771869 0.000000
vt 7.645580 1.771869 0.000000
vt 7.520000 1.940000 0.000000
vt 7.630000 1.940000 0.000000
vt 7.504420 2.108131 0.000000
vt 7.645580 2.108131 0.000000
vt 7.458212 2.270536 0.000000
vt 7.691788 2.270536 0.000000
vt 7.382949 2.421685 0.000000
vt 7.767051 2.421685 0.000000
vt 7.281193 2.556432 0.000000
vt 7.868807 2.556432 0.000000
vt 7.156411 2.670186 0.000000
vt 7.993589 2.670186 0.000000
vt 7.012851 2.759074 0.000000
vt 8.137149 2.759074 0.000000
vt 6.855402 2.820070 0.000000
vt 8.294598 2.820070 0.000000
vt 6.689426 2.851097 0.000000
vt 8.460574 2.851097 0.000000
vt 5.512224 3.980000 0.000000
vt 9.637776 3.980000 0.000000
vt 5.529207 4.021001 0.000000
vt 9.620793 4.021001 0.000000
vt 5.535000 4.065000 0.000000
vt 9.615000 4.065000 0.000000
vt 5.529207 4.108999 0.000000
vt 9.620793 4.108999 0.000000
vt 5.512224 4.150000 0.000000
vt 9.637776 4.150000 0.000000
vt 5.485208 4.185208 0.000000
vt 9.664792 4.185208 0.000000
vt 5.450000 4.212224 0.000000
vt 9.700000 4.212224 0.000000
vt 5.408999 4.229207 0.000000
vt 9.741001 4.229207 0.000000
vt 9.785000 4.235000 0.000000
vt 9.828999 4.229207 0.000000
vt -3.745402 2.820070 0.000000
vt -4.691001 3.900793 0.000000
vt -3.579426 2.851097 0.000000
vt -4.650000 3.917776 0.000000
vt -3.410574 2.851097 0.000000
vt -4.614792 3.944792 0.000000
vt -4.587776 3.980000 0.000000
vt -1.639426 2.851097 0.000000
vt -0.462224 3.980000 0.000000
vt -0.435208 3.944792 0.000000
vt -0.400000 3.917776 0.000000
vt -1.470574 2.851097 0.000000
vt -0.358999 3.900793 0.000000
vt -1.304598 2.820070 0.000000
vt -1.805402 2.820070 0.000000
vt -3.244598 2.820070 0.000000
vt -1.962851 2.759074 0.000000
vt -3.087149 2.759074 0.000000
vt -2.106411 2.670186 0.000000
vt -2.943589 2.670186 0.000000
vt -2.231193 2.556432 0.000000
vt -2.818807 2.556432 0.000000
vt -2.332949 2.421685 0.000000
vt -2.717051 2.421685 0.000000
vt -2.408212 2.270536 0.000000
vt -2.641788 2.270536 0.000000
vt -2.454420 2.108131 0.000000
vt -2.595580 2.108131 0.000000
vt -2.470000 1.940000 0.000000
vt -2.580000 1.940000 0.000000
vt -2.454420 1.771869 0.000000
vt -2.595580 1.771869 0.000000
vt -2.408212 1.609464 0.000000
vt -2.641788 1.609464 0.000000
vt -2.332949 1.458315 0.000000
vt -2.717051 1.458315 0.000000
vt -2.231193 1.323568 0.000000
vt -2.818807 1.323568 0.000000
vt -2.106411 1.209814 0.000000
vt -2.943589 1.209814 0.000000
vt -1.962851 1.120926 0.000000
vt -3.087149 1.120926 0.000000
vt -1.962851 0.819074 0.000000
vt -3.087149 0.819074 0.000000
vt -2.106411 0.730186 0.000000
vt -2.943589 0.730186 0.000000
vt -2.231193 0.616432 0.000000
vt -2.818807 0.616432 0.000000
vt -2.332949 0.481685 0.000000
vt -2.717051 0.481685 0.000000
vt -2.408212 0.330536 0.000000
vt -2.641788 0.330536 0.000000
vt -2.454420 0.168131 0.000000
vt -2.595580 0.168131 0.000000
vt -2.470000 -0.000000 0.000000
vt -2.580000 -0.000000 0.000000
vt -2.454420 -0.168131 0.000000
vt -2.595580 -0.168131 0.000000
vt -2.408212 -0.330536 0.000000
vt -2.641788 -0.330536 0.000000
vt -2.332949 -0.481685 0.000000
vt -2.717051 -0.481685 0.000000
vt -2.231193 -0.616432 0.000000
vt -2.818807 -0.616432 0.000000
vt -2.106411 -0.730186 0.000000
vt -2.943589 -0.730186 0.000000
vt -1.962851 -0.819074 0.000000
vt -3.087149 -0.819074 0.000000
vt -1.962851 -1.120926 0.000000
vt -3.087149 -1.120926 0.000000
vt -2.106411 -1.209814 0.000000
vt -2.943589 -1.209814 0.000000
vt -2.231193 -1.323568 0.000000
vt -2.818807 -1.323568 0.000000
vt -2.332949 -1.458315 0.000000
vt -2.717051 -1.458315 0.000000
vt -2.408212 -1.609464 0.000000
vt -2.641788 -1.609464 0.000000
vt -2.454420 -1.771869 0.000000
vt -2.595580 -1.771869 0.000000
vt -2.470000 -1.940000 0.000000
vt -2.580000 -1.940000 0.000000
vt -2.454420 -2.108131 0.000000
vt -2.595580 -2.108131 0.000000
vt -2.408212 -2.270536 0.000000
vt -2.641788 -2.270536 0.000000
vt -2.332949 -2.421685 0.000000
vt -2.717051 -2.421685 0.000000
vt -2.231193 -2.556432 0.000000
vt -2.818807 -2.556432 0.000000
vt -2.106411 -2.670186 0.000000
vt -2.943589 -2.670186 0.000000
vt -1.962851 -2.759074 0.000000
vt -3.087149 -2.759074 0.000000
vt -1.805402 -2.820070 0.000000
vt -3.244598 -2.820070 0.000000
vt -0.479207 -3.577999 0.000000
vt -3.410574 -2.851097 0.000000
vt -4.570793 -3.577999 0.000000
vt -4.565000 -3.534000 0.000000
vt -4.570793 -3.490001 0.000000
vt -4.587776 -3.449000 0.000000
vt -3.579426 -2.851097 0.000000
vt -4.614792 -3.413792 0.000000
vt -4.650000 -3.386776 0.000000
vt -3.745402 -2.820070 0.000000
vt -4.691001 -3.369793 0.000000
vt -3.902851 -2.759074 0.000000
vt -3.244598 1.059930 0.000000
vt -3.244598 0.880070 0.000000
vt -3.410574 1.028903 0.000000
vt -3.410574 0.911097 0.000000
vt -3.579426 1.028903 0.000000
vt -3.579426 0.911097 0.000000
vt -3.745402 0.880070 0.000000
vt -3.745402 1.059930 0.000000
vt -3.902851 0.819074 0.000000
vt -3.902851 1.120926 0.000000
vt -1.805402 -1.059930 0.000000
vt -1.805402 -0.880070 0.000000
vt -1.639426 -0.911097 0.000000
vt -1.639426 -1.028903 0.000000
vt -1.470574 -1.028903 0.000000
vt -1.470574 -0.911097 0.000000
vt -1.304598 -1.059930 0.000000
vt -1.304598 -0.880070 0.000000
vt -1.147149 -1.120926 0.000000
vt -1.147149 -0.819074 0.000000
vt -1.147149 -2.759074 0.000000
vt -0.358999 -3.369793 0.000000
vt -1.304598 -2.820070 0.000000
vt -0.400000 -3.386776 0.000000
vt -1.470574 -2.851097 0.000000
vt -0.435208 -3.413792 0.000000
vt -0.462224 -3.449000 0.000000
vt -1.639426 -2.851097 0.000000
vt -0.479207 -3.490001 0.000000
vt -0.485000 -3.534000 0.000000
vt 6.197149 -2.759074 0.000000
vt 5.408999 -3.369793 0.000000
vt 6.354598 -2.820070 0.000000
vt 5.450000 -3.386776 0.000000
vt 6.520574 -2.851097 0.000000
vt 5.485208 -3.413792 0.000000
vt 5.512224 -3.449000 0.000000
vt 5.529207 -3.490001 0.000000
vt 5.535000 -3.534000 0.000000
vt -7.504420 0.168131 0.000000
vt -7.645580 0.168131 0.000000
vt -7.520000 -0.000000 0.000000
vt -7.630000 -0.000000 0.000000
vt -7.504420 -0.168131 0.000000
vt -7.645580 -0.168131 0.000000
vt -7.458212 -0.330536 0.000000
vt -7.691788 -0.330536 0.000000
vt -7.382949 -0.481685 0.000000
vt -7.767051 -0.481685 0.000000
vt -7.281193 -0.616432 0.000000
vt -7.868807 -0.616432 0.000000
vt -7.156411 -0.730186 0.000000
vt -7.993589 -0.730186 0.000000
vt -7.012851 -0.819074 0.000000
vt -8.137149 -0.819074 0.000000
vt -7.012851 -1.120926 0.000000
vt -8.137149 -1.120926 0.000000
vt -7.156411 -1.209814 0.000000
vt -7.993589 -1.209814 0.000000
vt -7.281193 -1.323568 0.000000
vt -7.868807 -1.323568 0.000000
vt -7.382949 -1.458315 0.000000
vt -7.767051 -1.458315 0.000000
vt -7.458212 -1.609464 0.000000
vt -7.691788 -1.609464 0.000000
vt -7.504420 -1.771869 0.000000
vt -7.645580 -1.771869 0.000000
vt -7.520000 -1.940000 0.000000
vt -7.630000 -1.940000 0.000000
vt -7.504420 -2.108131 0.000000
vt -7.645580 -2.108131 0.000000
vt -7.458212 -2.270536 0.000000
vt -7.691788 -2.270536 0.000000
vt -7.382949 -2.421685 0.000000
vt -7.767051 -2.421685 0.000000
vt -7.281193 -2.556432 0.000000
vt -7.868807 -2.556432 0.000000
vt -7.156411 -2.670186 0.000000
vt -7.993589 -2.670186 0.000000
vt -7.012851 -2.759074 0.000000
vt -8.137149 -2.759074 0.000000
vt -6.855402 -2.820070 0.000000
vt -8.294598 -2.820070 0.000000
vt -5.529207 -3.577999 0.000000
vt -8.460574 -2.851097 0.000000
vt -9.620793 -3.577999 0.000000
vt -9.615000 -3.534000 0.000000
vt -9.620793 -3.490001 0.000000
vt -9.637776 -3.449000 0.000000
vt -8.629426 -2.851097 0.000000
vt -9.664792 -3.413792 0.000000
vt -9.700000 -3.386776 0.000000
vt -8.795402 -2.820070 0.000000
vt -9.741001 -3.369793 0.000000
vt -8.952851 -2.759074 0.000000
vt -9.785000 -3.364000 0.000000
vt -9.096411 -2.670186 0.000000
vt -9.828999 -3.369793 0.000000
vt -9.221193 -2.556432 0.000000
vt -9.322949 -2.421685 0.000000
vt -7.691788 0.330536 0.000000
vt -7.458212 0.330536 0.000000
vt -7.767051 0.481685 0.000000
vt -7.382949 0.481685 0.000000
vt -7.868807 0.616432 0.000000
vt -7.281193 0.616432 0.000000
vt -7.993589 0.730186 0.000000
vt -7.156411 0.730186 0.000000
vt -8.137149 0.819074 0.000000
vt -7.012851 0.819074 0.000000
vt -8.137149 1.120926 0.000000
vt -7.012851 1.120926 0.000000
vt -7.993589 1.209814 0.000000
vt -7.156411 1.209814 0.000000
vt -7.868807 1.323568 0.000000
vt -7.281193 1.323568 0.000000
vt -7.767051 1.458315 0.000000
vt -7.382949 1.458315 0.000000
vt -7.691788 1.609464 0.000000
vt -7.458212 1.609464 0.000000
vt -7.645580 1.771869 0.000000
vt -7.504420 1.771869 0.000000
vt -7.630000 1.940000 0.000000
vt -7.520000 1.940000 0.000000
vt -7.645580 2.108131 0.000000
vt -7.504420 2.108131 0.000000
vt -7.691788 2.270536 0.000000
vt -7.458212 2.270536 0.000000
vt -7.767051 2.421685 0.000000
vt -7.382949 2.421685 0.000000
vt -7.868807 2.556432 0.000000
vt -7.281193 2.556432 0.000000
vt -7.993589 2.670186 0.000000
vt -7.156411 2.670186 0.000000
vt -8.137149 2.759074 0.000000
vt -7.012851 2.759074 0.000000
vt -8.294598 2.820070 0.000000
vt -6.855402 2.820070 0.000000
vt -8.460574 2.851097 0.000000
vt -6.689426 2.851097 0.000000
vt -9.637776 3.980000 0.000000
vt -5.512224 3.980000 0.000000
vt -9.620793 4.021001 0.000000
vt -5.529207 4.021001 0.000000
vt -9.615000 4.065000 0.000000
vt -5.535000 4.065000 0.000000
vt -9.620793 4.108999 0.000000
vt -5.529207 4.108999 0.000000
vt -9.637776 4.150000 0.000000
vt -5.512224 4.150000 0.000000
vt -9.664792 4.185208 0.000000
vt -5.485208 4.185208 0.000000
vt -9.700000 4.212224 0.000000
vt -5.450000 4.212224 0.000000
vt -9.741001 4.229207 0.000000
vt -5.408999 4.229207 0.000000
vt -6.855402 0.880070 0.000000
vt -6.855402 1.059930 0.000000
vt -6.689426 1.028903 0.000000
vt -6.689426 0.911097 0.000000
vt -6.520574 0.911097 0.000000
vt -6.520574 1.028903 0.000000
vt -6.354598 0.880070 0.000000
vt -6.354598 1.059930 0.000000
vt -6.197149 0.819074 0.000000
vt -6.197149 1.120926 0.000000
vt -6.197149 -0.819074 0.000000
vt -6.197149 -1.120926 0.000000
vt -6.354598 -0.880070 0.000000
vt -6.354598 -1.059930 0.000000
vt -6.520574 -0.911097 0.000000
vt -6.520574 -1.028903 0.000000
vt -6.689426 -0.911097 0.000000
vt -6.689426 -1.028903 0.000000
vt -6.855402 -1.059930 0.000000
vt -6.855402 -0.880070 0.000000
vt -3.244598 -0.880070 0.000000
vt -3.244598 -1.059930 0.000000
vt -3.410574 -0.911097 0.000000
vt -3.410574 -1.028903 0.000000
vt -3.579426 -0.911097 0.000000
vt -3.579426 -1.028903 0.000000
vt -3.745402 -1.059930 0.000000
vt -3.745402 -0.880070 0.000000
vt -3.902851 -1.120926 0.000000
vt -3.902851 -0.819074 0.000000
vt -6.354598 2.820070 0.000000
vt -5.408999 3.900793 0.000000
vt -6.520574 2.851097 0.000000
vt -5.450000 3.917776 0.000000
vt -5.485208 3.944792 0.000000
vt 5.485208 3.944792 0.000000
vt 5.450000 3.917776 0.000000
vt 6.520574 2.851097 0.000000
vt 5.408999 3.900793 0.000000
vt 6.354598 2.820070 0.000000
vt -0.479207 4.108999 0.000000
vt -4.570793 4.108999 0.000000
vt -0.485000 4.065000 0.000000
vt -4.565000 4.065000 0.000000
vt -0.479207 4.021001 0.000000
vt -4.570793 4.021001 0.000000
vt -4.587776 4.150000 0.000000
vt -0.462224 4.150000 0.000000
vt -4.614792 4.185208 0.000000
vt -0.435208 4.185208 0.000000
vt -4.650000 4.212224 0.000000
vt -0.400000 4.212224 0.000000
vt -4.691001 4.229207 0.000000
vt -0.358999 4.229207 0.000000
vt -4.691001 -3.698207 0.000000
vt -0.358999 -3.698207 0.000000
vt -4.650000 -3.681224 0.000000
vt -0.400000 -3.681224 0.000000
vt -4.614792 -3.654208 0.000000
vt -0.435208 -3.654208 0.000000
vt -4.587776 -3.619000 0.000000
vt -0.462224 -3.619000 0.000000
vt -6.197149 -2.759074 0.000000
vt -5.408999 -3.369793 0.000000
vt -6.354598 -2.820070 0.000000
vt -5.450000 -3.386776 0.000000
vt -6.520574 -2.851097 0.000000
vt -5.485208 -3.413792 0.000000
vt -5.512224 -3.449000 0.000000
vt -6.689426 -2.851097 0.000000
vt -5.529207 -3.490001 0.000000
vt -5.535000 -3.534000 0.000000
vt 8.629426 2.851097 0.000000
vt 9.700000 3.917776 0.000000
vt 9.664792 3.944792 0.000000
vt 9.741001 3.900793 0.000000
vt 8.795402 2.820070 0.000000
vt 9.785000 3.895000 0.000000
vt 8.952851 2.759074 0.000000
vt 9.828999 3.900793 0.000000
vt 9.096411 2.670186 0.000000
vt 9.221193 2.556432 0.000000
vt 9.870000 3.917776 0.000000
vt 9.322949 2.421685 0.000000
vt 9.905208 3.944792 0.000000
vt 9.398212 2.270536 0.000000
vt 9.444420 2.108131 0.000000
vt 9.460000 1.940000 0.000000
vt 9.444420 1.771869 0.000000
vt 9.444420 0.168131 0.000000
vt 9.398212 0.330536 0.000000
vt 9.398212 1.609464 0.000000
vt 9.322949 1.458315 0.000000
vt 9.322949 0.481685 0.000000
vt 9.221193 1.323568 0.000000
vt 9.221193 0.616432 0.000000
vt 9.096411 1.209814 0.000000
vt 9.096411 0.730186 0.000000
vt 8.952851 1.120926 0.000000
vt 8.952851 0.819074 0.000000
vt 8.795402 1.059930 0.000000
vt 8.795402 0.880070 0.000000
vt 8.629426 1.028903 0.000000
vt 8.629426 0.911097 0.000000
vt 8.460574 1.028903 0.000000
vt 8.460574 0.911097 0.000000
vt 8.294598 0.880070 0.000000
vt 8.294598 1.059930 0.000000
vt 4.570793 4.108999 0.000000
vt 0.479207 4.108999 0.000000
vt 4.565000 4.065000 0.000000
vt 0.485000 4.065000 0.000000
vt 4.570793 4.021001 0.000000
vt 0.479207 4.021001 0.000000
vt 4.587776 3.980000 0.000000
vt 0.462224 3.980000 0.000000
vt 3.410574 2.851097 0.000000
vt 1.639426 2.851097 0.000000
vt 3.244598 2.820070 0.000000
vt 1.805402 2.820070 0.000000
vt 3.087149 2.759074 0.000000
vt 1.962851 2.759074 0.000000
vt 2.943589 2.670186 0.000000
vt 2.106411 2.670186 0.000000
vt 2.818807 2.556432 0.000000
vt 2.231193 2.556432 0.000000
vt 2.717051 2.421685 0.000000
vt 2.332949 2.421685 0.000000
vt 2.641788 2.270536 0.000000
vt 2.408212 2.270536 0.000000
vt 2.595580 2.108131 0.000000
vt 2.454420 2.108131 0.000000
vt 2.580000 1.940000 0.000000
vt 2.470000 1.940000 0.000000
vt 2.595580 1.771869 0.000000
vt 2.454420 1.771869 0.000000
vt 2.641788 1.609464 0.000000
vt 2.408212 1.609464 0.000000
vt 2.717051 1.458315 0.000000
vt 2.332949 1.458315 0.000000
vt 2.818807 1.323568 0.000000
vt 2.231193 1.323568 0.000000
vt 2.943589 1.209814 0.000000
vt 2.106411 1.209814 0.000000
vt 3.087149 1.120926 0.000000
vt 1.962851 1.120926 0.000000
vt 3.087149 0.819074 0.000000
vt 1.962851 0.819074 0.000000
vt 2.943589 0.730186 0.000000
vt 2.106411 0.730186 0.000000
vt 2.818807 0.616432 0.000000
vt 2.231193 0.616432 0.000000
vt 2.717051 0.481685 0.000000
vt 2.332949 0.481685 0.000000
vt 2.641788 0.330536 0.000000
vt 2.408212 0.330536 0.000000
vt 2.595580 0.168131 0.000000
vt 2.454420 0.168131 0.000000
vt 2.580000 -0.000000 0.000000
vt 2.470000 -0.000000 0.000000
vt 2.595580 -0.168131 0.000000
vt 2.454420 -0.168131 0.000000
vt 2.641788 -0.330536 0.000000
vt 2.408212 -0.330536 0.000000
vt 2.717051 -0.481685 0.000000
vt 2.332949 -0.481685 0.000000
vt 2.818807 -0.616432 0.000000
vt 2.231193 -0.616432 0.000000
vt 2.943589 -0.730186 0.000000
vt 2.106411 -0.730186 0.000000
vt 0.462224 4.150000 0.000000
vt 4.587776 4.150000 0.000000
vt 0.435208 4.185208 0.000000
vt 4.614792 4.185208 0.000000
vt 0.400000 4.212224 0.000000
vt 4.650000 4.212224 0.000000
vt 0.358999 4.229207 0.000000
vt 4.691001 4.229207 0.000000
vt 3.745402 2.820070 0.000000
vt 4.691001 3.900793 0.000000
vt 3.579426 2.851097 0.000000
vt 4.650000 3.917776 0.000000
vt 4.614792 3.944792 0.000000
vt 1.304598 2.820070 0.000000
vt 0.358999 3.900793 0.000000
vt 1.470574 2.851097 0.000000
vt 0.400000 3.917776 0.000000
vt 0.435208 3.944792 0.000000
vt 1.805402 1.059930 0.000000
vt 1.805402 0.880070 0.000000
vt 1.639426 1.028903 0.000000
vt 1.639426 0.911097 0.000000
vt 1.470574 1.028903 0.000000
vt 1.470574 0.911097 0.000000
vt 1.304598 0.880070 0.000000
vt 1.304598 1.059930 0.000000
vt 1.147149 0.819074 0.000000
vt 1.147149 1.120926 0.000000
vt 3.902851 1.120926 0.000000
vt 3.902851 0.819074 0.000000
vt 3.745402 1.059930 0.000000
vt 3.745402 0.880070 0.000000
vt 3.579426 1.028903 0.000000
vt 3.579426 0.911097 0.000000
vt 3.410574 1.028903 0.000000
vt 3.410574 0.911097 0.000000
vt 3.244598 0.880070 0.000000
vt 3.244598 1.059930 0.000000
vt 4.565000 -3.534000 0.000000
vt 3.410574 -2.851097 0.000000
vt 4.570793 -3.490001 0.000000
vt 4.587776 -3.449000 0.000000
vt 3.579426 -2.851097 0.000000
vt 4.614792 -3.413792 0.000000
vt 4.650000 -3.386776 0.000000
vt 3.745402 -2.820070 0.000000
vt 4.691001 -3.369793 0.000000
vt 3.902851 -2.759074 0.000000
vt 0.358999 -3.698207 0.000000
vt 4.691001 -3.698207 0.000000
vt 0.400000 -3.681224 0.000000
vt 4.650000 -3.681224 0.000000
vt 0.435208 -3.654208 0.000000
vt 4.614792 -3.654208 0.000000
vt 0.462224 -3.619000 0.000000
vt 4.587776 -3.619000 0.000000
vt 8.294598 -1.059930 0.000000
vt 8.294598 -0.880070 0.000000
vt 8.460574 -0.911097 0.000000
vt 8.460574 -1.028903 0.000000
vt 8.629426 -1.028903 0.000000
vt 8.629426 -0.911097 0.000000
vt 8.795402 -1.059930 0.000000
vt 8.795402 -0.880070 0.000000
vt 8.952851 -1.120926 0.000000
vt 8.952851 -0.819074 0.000000
vt 9.096411 -1.209814 0.000000
vt 9.096411 -0.730186 0.000000
vt 9.221193 -1.323568 0.000000
vt 9.870000 4.212224 0.000000
vt 9.905208 4.185208 0.000000
vt 9.932224 4.150000 0.000000
vt 9.949207 4.108999 0.000000
vt 9.955000 4.065000 0.000000
vt 9.949207 4.021001 0.000000
vt 9.932224 3.980000 0.000000
vt 3.579426 -0.911097 0.000000
vt 3.745402 -1.059930 0.000000
vt 3.745402 -0.880070 0.000000
vt 3.902851 -1.120926 0.000000
vt 3.902851 -0.819074 0.000000
vt -9.949207 -3.577999 0.000000
vt -9.955000 -3.534000 0.000000
vt -9.949207 -3.490001 0.000000
vt -9.932224 -3.449000 0.000000
vt -9.460000 -1.940000 0.000000
vt -9.905208 -3.413792 0.000000
vt -9.444420 -2.108131 0.000000
vt -9.398212 -2.270536 0.000000
vt -9.870000 -3.386776 0.000000
vt -5.512224 -3.619000 0.000000
vt -9.637776 -3.619000 0.000000
vt -5.485208 -3.654208 0.000000
vt -9.664792 -3.654208 0.000000
vt -5.450000 -3.681224 0.000000
vt -9.700000 -3.681224 0.000000
vt -5.408999 -3.698207 0.000000
vt -9.741001 -3.698207 0.000000
vt -9.785000 -3.704000 0.000000
vt -9.828999 -3.698207 0.000000
vt -9.870000 -3.681224 0.000000
vt -9.905208 -3.654208 0.000000
vt -9.932224 -3.619000 0.000000
vt -8.460574 1.028903 0.000000
vt -8.294598 0.880070 0.000000
vt -8.294598 1.059930 0.000000
vt -8.294598 -0.880070 0.000000
vt -8.294598 -1.059930 0.000000
vt -8.460574 -0.911097 0.000000
vt -8.460574 -1.028903 0.000000
vt -8.629426 -0.911097 0.000000
vt -8.629426 -1.028903 0.000000
vt -8.795402 -1.059930 0.000000
vt -8.795402 -0.880070 0.000000
vt -8.952851 -1.120926 0.000000
vt -8.952851 -0.819074 0.000000
vt -9.096411 -1.209814 0.000000
vt -9.096411 -0.730186 0.000000
vt -9.221193 -1.323568 0.000000
vt -9.221193 -0.616432 0.000000
vt -9.322949 -1.458315 0.000000
vt -9.322949 -0.481685 0.000000
vt -9.398212 -0.330536 0.000000
vt -9.398212 -1.609464 0.000000
vt -9.444420 -0.168131 0.000000
vt -9.444420 -1.771869 0.000000
vt -9.460000 1.940000 0.000000
vt -9.444420 2.108131 0.000000
vt -9.398212 2.270536 0.000000
vt -9.905208 3.944792 0.000000
vt -9.322949 2.421685 0.000000
vt -9.870000 3.917776 0.000000
vt -9.221193 2.556432 0.000000
vt -9.828999 3.900793 0.000000
vt -9.096411 2.670186 0.000000
vt -8.952851 2.759074 0.000000
vt -9.785000 3.895000 0.000000
vt -8.795402 2.820070 0.000000
vt -9.741001 3.900793 0.000000
vt -8.629426 2.851097 0.000000
vt -9.700000 3.917776 0.000000
vt -9.664792 3.944792 0.000000
vt 6.855402 1.059930 0.000000
vt 6.855402 0.880070 0.000000
vt 6.689426 1.028903 0.000000
vt 6.689426 0.911097 0.000000
vt 6.520574 1.028903 0.000000
vt 6.520574 0.911097 0.000000
vt 6.354598 0.880070 0.000000
vt 6.354598 1.059930 0.000000
vt 6.197149 0.819074 0.000000
vt 6.197149 1.120926 0.000000
vt 6.197149 -1.120926 0.000000
vt 6.197149 -0.819074 0.000000
vt 6.354598 -0.880070 0.000000
vt 6.354598 -1.059930 0.000000
vt 6.520574 -0.911097 0.000000
vt 6.520574 -1.028903 0.000000
vt 6.689426 -1.028903 0.000000
vt 6.689426 -0.911097 0.000000
vt 6.855402 -1.059930 0.000000
vt 6.855402 -0.880070 0.000000
vt -1.805402 0.880070 0.000000
vt -1.805402 1.059930 0.000000
vt -1.639426 1.028903 0.000000
vt -1.639426 0.911097 0.000000
vt -1.470574 0.911097 0.000000
vt -1.470574 1.028903 0.000000
vt -1.304598 0.880070 0.000000
vt -1.304598 1.059930 0.000000
vt -1.147149 0.819074 0.000000
vt -1.147149 1.120926 0.000000
vt -9.949207 4.021001 0.000000
vt -9.955000 4.065000 0.000000
vt -9.949207 4.108999 0.000000
vt -9.932224 4.150000 0.000000
vt -9.905208 4.185208 0.000000
vt -9.870000 4.212224 0.000000
vt -9.828999 4.229207 0.000000
vt -9.785000 4.235000 0.000000
vt -9.932224 3.980000 0.000000
vt 11.545000 5.140000 0.000000
vt 9.460000 -0.000000 0.000000
vt 11.545000 -5.140000 0.000000
vt 9.444420 -0.168131 0.000000
vt 9.444420 -1.771869 0.000000
vt 9.398212 -1.609464 0.000000
vt 9.398212 -0.330536 0.000000
vt 9.322949 -1.458315 0.000000
vt 9.322949 -0.481685 0.000000
vt 9.221193 -0.616432 0.000000
vt -11.545000 5.140000 0.000000
vt 0.315000 4.235000 0.000000
vt 4.735000 4.235000 0.000000
vt 5.365000 4.235000 0.000000
vt 5.321001 4.229207 0.000000
vt 4.778999 4.229207 0.000000
vt 5.280000 4.212224 0.000000
vt 4.820000 4.212224 0.000000
vt 5.244792 4.185208 0.000000
vt 4.855208 4.185208 0.000000
vt 5.217776 4.150000 0.000000
vt 4.882224 4.150000 0.000000
vt 5.200793 4.108999 0.000000
vt 4.899207 4.108999 0.000000
vt 5.195000 4.065000 0.000000
vt 4.905000 4.065000 0.000000
vt 5.200793 4.021001 0.000000
vt 4.899207 4.021001 0.000000
vt 5.217776 3.980000 0.000000
vt 4.882224 3.980000 0.000000
vt 5.244792 3.944792 0.000000
vt 4.855208 3.944792 0.000000
vt 5.280000 3.917776 0.000000
vt 4.820000 3.917776 0.000000
vt 5.321001 3.900793 0.000000
vt 4.778999 3.900793 0.000000
vt 5.365000 3.895000 0.000000
vt 4.735000 3.895000 0.000000
vt 6.197149 2.759074 0.000000
vt 3.902851 2.759074 0.000000
vt 6.053589 2.670186 0.000000
vt 4.046411 2.670186 0.000000
vt 5.928807 2.556432 0.000000
vt 4.171193 2.556432 0.000000
vt 5.827051 2.421685 0.000000
vt 4.272949 2.421685 0.000000
vt 5.751788 2.270536 0.000000
vt 4.348212 2.270536 0.000000
vt 5.705580 2.108131 0.000000
vt 4.394420 2.108131 0.000000
vt 5.690000 1.940000 0.000000
vt 4.410000 1.940000 0.000000
vt 5.705580 1.771869 0.000000
vt 4.394420 1.771869 0.000000
vt 5.751788 1.609464 0.000000
vt 4.348212 1.609464 0.000000
vt 5.827051 1.458315 0.000000
vt 4.272949 1.458315 0.000000
vt 5.928807 1.323568 0.000000
vt 4.171193 1.323568 0.000000
vt 6.053589 1.209814 0.000000
vt 4.046411 1.209814 0.000000
vt 6.053589 0.730186 0.000000
vt 4.046411 0.730186 0.000000
vt 5.928807 0.616432 0.000000
vt 4.171193 0.616432 0.000000
vt 5.827051 0.481685 0.000000
vt 4.272949 0.481685 0.000000
vt 5.751788 0.330536 0.000000
vt 4.348212 0.330536 0.000000
vt 5.705580 0.168131 0.000000
vt 4.394420 0.168131 0.000000
vt 5.690000 -0.000000 0.000000
vt 4.410000 -0.000000 0.000000
vt 5.705580 -0.168131 0.000000
vt 4.394420 -0.168131 0.000000
vt 5.751788 -0.330536 0.000000
vt 4.348212 -0.330536 0.000000
vt 5.827051 -0.481685 0.000000
vt 4.272949 -0.481685 0.000000
vt 5.928807 -0.616432 0.000000
vt 4.171193 -0.616432 0.000000
vt 6.053589 -0.730186 0.000000
vt 4.046411 -0.730186 0.000000
vt 6.053589 -1.209814 0.000000
vt 4.046411 -1.209814 0.000000
vt 5.928807 -1.323568 0.000000
vt 4.171193 -1.323568 0.000000
vt 5.827051 -1.458315 0.000000
vt 4.272949 -1.458315 0.000000
vt 5.751788 -1.609464 0.000000
vt 4.348212 -1.609464 0.000000
vt 5.705580 -1.771869 0.000000
vt 4.394420 -1.771869 0.000000
vt 5.690000 -1.940000 0.000000
vt 4.410000 -1.940000 0.000000
vt 5.705580 -2.108131 0.000000
vt 4.394420 -2.108131 0.000000
vt 5.751788 -2.270536 0.000000
vt 4.348212 -2.270536 0.000000
vt 5.827051 -2.421685 0.000000
vt 4.272949 -2.421685 0.000000
vt 5.928807 -2.556432 0.000000
vt 4.171193 -2.556432 0.000000
vt 6.053589 -2.670186 0.000000
vt 4.046411 -2.670186 0.000000
vt 5.365000 -3.364000 0.000000
vt 4.735000 -3.364000 0.000000
vt 5.321001 -3.369793 0.000000
vt 4.778999 -3.369793 0.000000
vt 5.280000 -3.386776 0.000000
vt 4.820000 -3.386776 0.000000
vt 5.244792 -3.413792 0.000000
vt 4.855208 -3.413792 0.000000
vt 5.217776 -3.449000 0.000000
vt 4.882224 -3.449000 0.000000
vt 5.200793 -3.490001 0.000000
vt 4.899207 -3.490001 0.000000
vt 5.195000 -3.534000 0.000000
vt 4.905000 -3.534000 0.000000
vt 5.200793 -3.577999 0.000000
vt 4.899207 -3.577999 0.000000
vt 5.217776 -3.619000 0.000000
vt 4.882224 -3.619000 0.000000
vt 5.244792 -3.654208 0.000000
vt 4.855208 -3.654208 0.000000
vt 5.280000 -3.681224 0.000000
vt 4.820000 -3.681224 0.000000
vt 5.321001 -3.698207 0.000000
vt 4.778999 -3.698207 0.000000
vt 5.365000 -3.704000 0.000000
vt 4.735000 -3.704000 0.000000
vt 0.315000 -3.704000 0.000000
vt -0.315000 -3.704000 0.000000
vt -0.271001 -3.698207 0.000000
vt 0.271001 -3.698207 0.000000
vt -0.230000 -3.681224 0.000000
vt 0.230000 -3.681224 0.000000
vt -0.194792 -3.654208 0.000000
vt 0.194792 -3.654208 0.000000
vt -0.167776 -3.619000 0.000000
vt 0.167776 -3.619000 0.000000
vt -0.150793 -3.577999 0.000000
vt 0.150793 -3.577999 0.000000
vt -0.145000 -3.534000 0.000000
vt 0.145000 -3.534000 0.000000
vt -0.150793 -3.490001 0.000000
vt 0.150793 -3.490001 0.000000
vt -0.167776 -3.449000 0.000000
vt 0.167776 -3.449000 0.000000
vt -0.194792 -3.413792 0.000000
vt 0.194792 -3.413792 0.000000
vt -0.230000 -3.386776 0.000000
vt 0.230000 -3.386776 0.000000
vt -0.271001 -3.369793 0.000000
vt 0.271001 -3.369793 0.000000
vt -0.315000 -3.364000 0.000000
vt 0.315000 -3.364000 0.000000
vt -1.003589 -2.670186 0.000000
vt 1.003589 -2.670186 0.000000
vt -0.878807 -2.556432 0.000000
vt 0.878807 -2.556432 0.000000
vt -0.777051 -2.421685 0.000000
vt 0.777051 -2.421685 0.000000
vt -0.701788 -2.270536 0.000000
vt 0.701788 -2.270536 0.000000
vt -0.655580 -2.108131 0.000000
vt 0.655580 -2.108131 0.000000
vt -0.640000 -1.940000 0.000000
vt 0.640000 -1.940000 0.000000
vt -0.655580 -1.771869 0.000000
vt 0.655580 -1.771869 0.000000
vt -0.701788 -1.609464 0.000000
vt 0.701788 -1.609464 0.000000
vt -0.777051 -1.458315 0.000000
vt 0.777051 -1.458315 0.000000
vt -0.878807 -1.323568 0.000000
vt 0.878807 -1.323568 0.000000
vt -1.003589 -1.209814 0.000000
vt 1.003589 -1.209814 0.000000
vt -1.003589 -0.730186 0.000000
vt 1.003589 -0.730186 0.000000
vt -0.878807 -0.616432 0.000000
vt 0.878807 -0.616432 0.000000
vt -0.777051 -0.481685 0.000000
vt 0.777051 -0.481685 0.000000
vt -0.701788 -0.330536 0.000000
vt 0.701788 -0.330536 0.000000
vt -0.655580 -0.168131 0.000000
vt 0.655580 -0.168131 0.000000
vt -0.640000 -0.000000 0.000000
vt 0.640000 -0.000000 0.000000
vt -0.655580 0.168131 0.000000
vt 0.655580 0.168131 0.000000
vt -0.701788 0.330536 0.000000
vt 0.701788 0.330536 0.000000
vt -0.777051 0.481685 0.000000
vt 0.777051 0.481685 0.000000
vt -0.878807 0.616432 0.000000
vt 0.878807 0.616432 0.000000
vt -1.003589 0.730186 0.000000
vt 1.003589 0.730186 0.000000
vt -1.003589 1.209814 0.000000
vt 1.003589 1.209814 0.000000
vt -0.878807 1.323568 0.000000
vt 0.878807 1.323568 0.000000
vt -0.777051 1.458315 0.000000
vt 0.777051 1.458315 0.000000
vt -0.701788 1.609464 0.000000
vt 0.701788 1.609464 0.000000
vt -0.655580 1.771869 0.000000
vt 0.655580 1.771869 0.000000
vt -0.640000 1.940000 0.000000
vt 0.640000 1.940000 0.000000
vt -0.655580 2.108131 0.000000
vt 0.655580 2.108131 0.000000
vt -0.701788 2.270536 0.000000
vt 0.701788 2.270536 0.000000
vt -0.777051 2.421685 0.000000
vt 0.777051 2.421685 0.000000
vt -0.878807 2.556432 0.000000
vt 0.878807 2.556432 0.000000
vt -1.003589 2.670186 0.000000
vt 1.003589 2.670186 0.000000
vt -1.147149 2.759074 0.000000
vt 1.147149 2.759074 0.000000
vt -0.315000 3.895000 0.000000
vt 0.315000 3.895000 0.000000
vt -0.271001 3.900793 0.000000
vt 0.271001 3.900793 0.000000
vt -0.230000 3.917776 0.000000
vt 0.230000 3.917776 0.000000
vt -0.194792 3.944792 0.000000
vt 0.194792 3.944792 0.000000
vt -0.167776 3.980000 0.000000
vt 0.167776 3.980000 0.000000
vt -0.150793 4.021001 0.000000
vt 0.150793 4.021001 0.000000
vt -0.145000 4.065000 0.000000
vt 0.145000 4.065000 0.000000
vt -0.150793 4.108999 0.000000
vt 0.150793 4.108999 0.000000
vt -0.167776 4.150000 0.000000
vt 0.167776 4.150000 0.000000
vt -0.194792 4.185208 0.000000
vt 0.194792 4.185208 0.000000
vt -0.230000 4.212224 0.000000
vt 0.230000 4.212224 0.000000
vt -0.271001 4.229207 0.000000
vt 0.271001 4.229207 0.000000
vt -0.315000 4.235000 0.000000
vt -11.545000 -5.140000 0.000000
vt -9.460000 -0.000000 0.000000
vt -9.444420 0.168131 0.000000
vt -9.444420 1.771869 0.000000
vt -9.398212 0.330536 0.000000
vt -9.398212 1.609464 0.000000
vt -9.322949 1.458315 0.000000
vt -9.322949 0.481685 0.000000
vt -9.221193 1.323568 0.000000
vt -9.221193 0.616432 0.000000
vt -9.096411 1.209814 0.000000
vt -9.096411 0.730186 0.000000
vt -8.952851 1.120926 0.000000
vt -8.952851 0.819074 0.000000
vt -8.795402 1.059930 0.000000
vt -8.795402 0.880070 0.000000
vt -8.629426 1.028903 0.000000
vt -8.629426 0.911097 0.000000
vt -8.460574 0.911097 0.000000
vt -4.735000 -3.704000 0.000000
vt -5.365000 -3.704000 0.000000
vt -5.321001 -3.698207 0.000000
vt -4.778999 -3.698207 0.000000
vt -5.280000 -3.681224 0.000000
vt -4.820000 -3.681224 0.000000
vt -5.244792 -3.654208 0.000000
vt -4.855208 -3.654208 0.000000
vt -5.217776 -3.619000 0.000000
vt -4.882224 -3.619000 0.000000
vt -5.200793 -3.577999 0.000000
vt -4.899207 -3.577999 0.000000
vt -5.195000 -3.534000 0.000000
vt -4.905000 -3.534000 0.000000
vt -5.200793 -3.490001 0.000000
vt -4.899207 -3.490001 0.000000
vt -5.217776 -3.449000 0.000000
vt -4.882224 -3.449000 0.000000
vt -5.244792 -3.413792 0.000000
vt -4.855208 -3.413792 0.000000
vt -5.280000 -3.386776 0.000000
vt -4.820000 -3.386776 0.000000
vt -5.321001 -3.369793 0.000000
vt -4.778999 -3.369793 0.000000
vt -5.365000 -3.364000 0.000000
vt -4.735000 -3.364000 0.000000
vt -6.053589 -2.670186 0.000000
vt -4.046411 -2.670186 0.000000
vt -5.928807 -2.556432 0.000000
vt -4.171193 -2.556432 0.000000
vt -5.827051 -2.421685 0.000000
vt -4.272949 -2.421685 0.000000
vt -5.751788 -2.270536 0.000000
vt -4.348212 -2.270536 0.000000
vt -5.705580 -2.108131 0.000000
vt -4.394420 -2.108131 0.000000
vt -5.690000 -1.940000 0.000000
vt -4.410000 -1.940000 0.000000
vt -5.705580 -1.771869 0.000000
vt -4.394420 -1.771869 0.000000
vt -5.751788 -1.609464 0.000000
vt -4.348212 -1.609464 0.000000
vt -5.827051 -1.458315 0.000000
vt -4.272949 -1.458315 0.000000
vt -5.928807 -1.323568 0.000000
vt -4.171193 -1.323568 0.000000
vt -6.053589 -1.209814 0.000000
vt -4.046411 -1.209814 0.000000
vt -6.053589 -0.730186 0.000000
vt -4.046411 -0.730186 0.000000
vt -5.928807 -0.616432 0.000000
vt -4.171193 -0.616432 0.000000
vt -5.827051 -0.481685 0.000000
vt -4.272949 -0.481685 0.000000
vt -5.751788 -0.330536 0.000000
vt -4.348212 -0.330536 0.000000
vt -5.705580 -0.168131 0.000000
vt -4.394420 -0.168131 0.000000
vt -5.690000 -0.000000 0.000000
vt -4.410000 -0.000000 0.000000
vt -5.705580 0.168131 0.000000
vt -4.394420 0.168131 0.000000
vt -5.751788 0.330536 0.000000
vt -4.348212 0.330536 0.000000
vt -5.827051 0.481685 0.000000
vt -4.272949 0.481685 0.000000
vt -5.928807 0.616432 0.000000
vt -4.171193 0.616432 0.000000
vt -6.053589 0.730186 0.000000
vt -4.046411 0.730186 0.000000
vt -6.053589 1.209814 0.000000
vt -4.046411 1.209814 0.000000
vt -5.928807 1.323568 0.000000
vt -4.171193 1.323568 0.000000
vt -5.827051 1.458315 0.000000
vt -4.272949 1.458315 0.000000
vt -5.751788 1.609464 0.000000
vt -4.348212 1.609464 0.000000
vt -5.705580 1.771869 0.000000
vt -4.394420 1.771869 0.000000
vt -5.690000 1.940000 0.000000
vt -4.410000 1.940000 0.000000
vt -5.705580 2.108131 0.000000
vt -4.394420 2.108131 0.000000
vt -5.751788 2.270536 0.000000
vt -4.348212 2.270536 0.000000
vt -5.827051 2.421685 0.000000
vt -4.272949 2.421685 0.000000
vt -5.928807 2.556432 0.000000
vt -4.171193 2.556432 0.000000
vt -6.053589 2.670186 0.000000
vt -4.046411 2.670186 0.000000
vt -6.197149 2.759074 0.000000
vt -3.902851 2.759074 0.000000
vt -5.365000 3.895000 0.000000
vt -4.735000 3.895000 0.000000
vt -5.321001 3.900793 0.000000
vt -4.778999 3.900793 0.000000
vt -5.280000 3.917776 0.000000
vt -4.820000 3.917776 0.000000
vt -5.244792 3.944792 0.000000
vt -4.855208 3.944792 0.000000
vt -5.217776 3.980000 0.000000
vt -4.882224 3.980000 0.000000
vt -5.200793 4.021001 0.000000
vt -4.899207 4.021001 0.000000
vt -5.195000 4.065000 0.000000
vt -4.905000 4.065000 0.000000
vt -5.200793 4.108999 0.000000
vt -4.899207 4.108999 0.000000
vt -5.217776 4.150000 0.000000
vt -4.882224 4.150000 0.000000
vt -5.244792 4.185208 0.000000
vt -4.855208 4.185208 0.000000
vt -5.280000 4.212224 0.000000
vt -4.820000 4.212224 0.000000
vt -5.321001 4.229207 0.000000
vt -4.778999 4.229207 0.000000
vt -5.365000 4.235000 0.000000
vt -4.735000 4.235000 0.000000
vt -1.147149 -2.759074 0.000000
vt -0.358999 -3.369793 0.000000
vt -1.304598 -2.820070 0.000000
vt -0.400000 -3.386776 0.000000
vt -1.470574 -2.851097 0.000000
vt -0.435208 -3.413792 0.000000
vt -0.462224 -3.449000 0.000000
vt -1.639426 -2.851097 0.000000
vt -0.479207 -3.490001 0.000000
vt -0.485000 -3.534000 0.000000
vt -0.479207 -3.577999 0.000000
vt -1.805402 -2.820070 0.000000
vt -3.244598 -2.820070 0.000000
vt -3.087149 -2.759074 0.000000
vt -1.962851 -2.759074 0.000000
vt -2.943589 -2.670186 0.000000
vt -2.106411 -2.670186 0.000000
vt -2.818807 -2.556432 0.000000
vt -2.231193 -2.556432 0.000000
vt -2.717051 -2.421685 0.000000
vt -2.332949 -2.421685 0.000000
vt -2.641788 -2.270536 0.000000
vt -2.408212 -2.270536 0.000000
vt -2.595580 -2.108131 0.000000
vt -2.454420 -2.108131 0.000000
vt -2.580000 -1.940000 0.000000
vt -2.470000 -1.940000 0.000000
vt -2.595580 -1.771869 0.000000
vt -2.454420 -1.771869 0.000000
vt -2.641788 -1.609464 0.000000
vt -2.408212 -1.609464 0.000000
vt -2.717051 -1.458315 0.000000
vt -2.332949 -1.458315 0.000000
vt -2.818807 -1.323568 0.000000
vt -2.231193 -1.323568 0.000000
vt -2.943589 -1.209814 0.000000
vt -2.106411 -1.209814 0.000000
vt -3.087149 -1.120926 0.000000
vt -1.962851 -1.120926 0.000000
vt -3.087149 -0.819074 0.000000
vt -1.962851 -0.819074 0.000000
vt -2.943589 -0.730186 0.000000
vt -2.106411 -0.730186 0.000000
vt -2.818807 -0.616432 0.000000
vt -2.231193 -0.616432 0.000000
vt -2.717051 -0.481685 0.000000
vt -2.332949 -0.481685 0.000000
vt -2.641788 -0.330536 0.000000
vt -2.408212 -0.330536 0.000000
vt -2.595580 -0.168131 0.000000
vt -2.454420 -0.168131 0.000000
vt -2.580000 -0.000000 0.000000
vt -2.470000 -0.000000 0.000000
vt -2.595580 0.168131 0.000000
vt -2.454420 0.168131 0.000000
vt -2.641788 0.330536 0.000000
vt -2.408212 0.330536 0.000000
vt -2.717051 0.481685 0.000000
vt -2.332949 0.481685 0.000000
vt -2.818807 0.616432 0.000000
vt -2.231193 0.616432 0.000000
vt -2.943589 0.730186 0.000000
vt -2.106411 0.730186 0.000000
vt -3.087149 0.819074 0.000000
vt -1.962851 0.819074 0.000000
vt -3.087149 1.120926 0.000000
vt -1.962851 1.120926 0.000000
vt -2.943589 1.209814 0.000000
vt -2.106411 1.209814 0.000000
vt -2.818807 1.323568 0.000000
vt -2.231193 1.323568 0.000000
vt -2.717051 1.458315 0.000000
vt -2.332949 1.458315 0.000000
vt -2.641788 1.609464 0.000000
vt -2.408212 1.609464 0.000000
vt -2.595580 1.771869 0.000000
vt -2.454420 1.771869 0.000000
vt -2.580000 1.940000 0.000000
vt -2.470000 1.940000 0.000000
vt -2.595580 2.108131 0.000000
vt -2.454420 2.108131 0.000000
vt -2.641788 2.270536 0.000000
vt -2.408212 2.270536 0.000000
vt -2.717051 2.421685 0.000000
vt -2.332949 2.421685 0.000000
vt -2.818807 2.556432 0.000000
vt -2.231193 2.556432 0.000000
vt -2.943589 2.670186 0.000000
vt -2.106411 2.670186 0.000000
vt -3.087149 2.759074 0.000000
vt -1.962851 2.759074 0.000000
vt -3.244598 2.820070 0.000000
vt -1.805402 2.820070 0.000000
vt -3.410574 2.851097 0.000000
vt -1.639426 2.851097 0.000000
vt -4.587776 3.980000 0.000000
vt -0.462224 3.980000 0.000000
vt -4.570793 4.021001 0.000000
vt -0.479207 4.021001 0.000000
vt -4.565000 4.065000 0.000000
vt -0.485000 4.065000 0.000000
vt -4.570793 4.108999 0.000000
vt -0.479207 4.108999 0.000000
vt -4.587776 4.150000 0.000000
vt -0.462224 4.150000 0.000000
vt -4.614792 4.185208 0.000000
vt -0.435208 4.185208 0.000000
vt -4.650000 4.212224 0.000000
vt -0.400000 4.212224 0.000000
vt -4.691001 4.229207 0.000000
vt -0.358999 4.229207 0.000000
vt -1.805402 -1.059930 0.000000
vt -1.805402 -0.880070 0.000000
vt -1.639426 -0.911097 0.000000
vt -1.639426 -1.028903 0.000000
vt -1.470574 -1.028903 0.000000
vt -1.470574 -0.911097 0.000000
vt -1.304598 -1.059930 0.000000
vt -1.304598 -0.880070 0.000000
vt -1.147149 -1.120926 0.000000
vt -1.147149 -0.819074 0.000000
vt -9.620793 -3.490001 0.000000
vt -9.615000 -3.534000 0.000000
vt -8.460574 -2.851097 0.000000
vt -9.620793 -3.577999 0.000000
vt -8.294598 -2.820070 0.000000
vt -5.529207 -3.577999 0.000000
vt -6.855402 -2.820070 0.000000
vt -6.689426 -2.851097 0.000000
vt -5.535000 -3.534000 0.000000
vt -5.529207 -3.490001 0.000000
vt -5.512224 -3.619000 0.000000
vt -9.637776 -3.619000 0.000000
vt -5.485208 -3.654208 0.000000
vt -9.664792 -3.654208 0.000000
vt -5.450000 -3.681224 0.000000
vt -9.700000 -3.681224 0.000000
vt -5.408999 -3.698207 0.000000
vt -9.741001 -3.698207 0.000000
vt -9.785000 -3.704000 0.000000
vt -9.828999 -3.698207 0.000000
vt -9.870000 -3.681224 0.000000
vt -9.905208 -3.654208 0.000000
vt -9.932224 -3.619000 0.000000
vt -9.949207 -3.577999 0.000000
vt -9.955000 -3.534000 0.000000
vt -9.949207 -3.490001 0.000000
vt -9.932224 -3.449000 0.000000
vt -9.460000 -1.940000 0.000000
vt -9.444420 -1.771869 0.000000
vt -9.905208 -3.413792 0.000000
vt -9.444420 -2.108131 0.000000
vt -9.398212 -2.270536 0.000000
vt -9.870000 -3.386776 0.000000
vt -9.322949 -2.421685 0.000000
vt -9.828999 -3.369793 0.000000
vt -9.221193 -2.556432 0.000000
vt -9.096411 -2.670186 0.000000
vt -9.785000 -3.364000 0.000000
vt -8.952851 -2.759074 0.000000
vt -9.741001 -3.369793 0.000000
vt -8.795402 -2.820070 0.000000
vt -9.700000 -3.386776 0.000000
vt -8.629426 -2.851097 0.000000
vt -9.664792 -3.413792 0.000000
vt -9.637776 -3.449000 0.000000
vt 3.902851 1.120926 0.000000
vt 3.902851 0.819074 0.000000
vt 3.745402 1.059930 0.000000
vt 3.745402 0.880070 0.000000
vt 3.579426 1.028903 0.000000
vt 3.579426 0.911097 0.000000
vt 3.410574 1.028903 0.000000
vt 3.410574 0.911097 0.000000
vt 3.244598 0.880070 0.000000
vt 3.244598 1.059930 0.000000
vt 3.087149 1.120926 0.000000
vt 2.943589 1.209814 0.000000
vt 2.106411 1.209814 0.000000
vt 1.962851 1.120926 0.000000
vt 3.087149 0.819074 0.000000
vt 1.962851 0.819074 0.000000
vt 2.943589 0.730186 0.000000
vt 2.106411 0.730186 0.000000
vt 2.818807 0.616432 0.000000
vt 2.231193 0.616432 0.000000
vt 2.717051 0.481685 0.000000
vt 2.332949 0.481685 0.000000
vt 2.641788 0.330536 0.000000
vt 2.408212 0.330536 0.000000
vt 2.595580 0.168131 0.000000
vt 2.454420 0.168131 0.000000
vt 2.580000 -0.000000 0.000000
vt 2.470000 -0.000000 0.000000
vt 2.595580 -0.168131 0.000000
vt 2.454420 -0.168131 0.000000
vt 2.641788 -0.330536 0.000000
vt 2.408212 -0.330536 0.000000
vt 2.717051 -0.481685 0.000000
vt 2.332949 -0.481685 0.000000
vt 2.818807 -0.616432 0.000000
vt 2.231193 -0.616432 0.000000
vt 2.943589 -0.730186 0.000000
vt 2.106411 -0.730186 0.000000
vt 3.087149 -0.819074 0.000000
vt 1.962851 -0.819074 0.000000
vt 3.087149 -1.120926 0.000000
vt 1.962851 -1.120926 0.000000
vt 2.943589 -1.209814 0.000000
vt 2.106411 -1.209814 0.000000
vt 2.818807 -1.323568 0.000000
vt 2.231193 -1.323568 0.000000
vt 2.717051 -1.458315 0.000000
vt 2.332949 -1.458315 0.000000
vt 2.641788 -1.609464 0.000000
vt 2.408212 -1.609464 0.000000
vt 2.595580 -1.771869 0.000000
vt 2.454420 -1.771869 0.000000
vt 2.580000 -1.940000 0.000000
vt 2.470000 -1.940000 0.000000
vt 2.595580 -2.108131 0.000000
vt 2.454420 -2.108131 0.000000
vt 2.641788 -2.270536 0.000000
vt 2.408212 -2.270536 0.000000
vt 2.717051 -2.421685 0.000000
vt 2.332949 -2.421685 0.000000
vt 2.818807 -2.556432 0.000000
vt 2.231193 -2.556432 0.000000
vt 2.943589 -2.670186 0.000000
vt 2.106411 -2.670186 0.000000
vt 3.087149 -2.759074 0.000000
vt 1.962851 -2.759074 0.000000
vt 3.244598 -2.820070 0.000000
vt 1.805402 -2.820070 0.000000
vt 4.570793 -3.577999 0.000000
vt 0.479207 -3.577999 0.000000
vt 4.587776 -3.619000 0.000000
vt 0.462224 -3.619000 0.000000
vt 4.614792 -3.654208 0.000000
vt 0.435208 -3.654208 0.000000
vt 4.650000 -3.681224 0.000000
vt 0.400000 -3.681224 0.000000
vt 4.691001 -3.698207 0.000000
vt 0.358999 -3.698207 0.000000
vt 2.231193 1.323568 0.000000
vt 2.818807 1.323568 0.000000
vt 2.332949 1.458315 0.000000
vt 2.717051 1.458315 0.000000
vt 2.408212 1.609464 0.000000
vt 2.641788 1.609464 0.000000
vt 2.454420 1.771869 0.000000
vt 2.595580 1.771869 0.000000
vt 2.470000 1.940000 0.000000
vt 2.580000 1.940000 0.000000
vt 2.454420 2.108131 0.000000
vt 2.595580 2.108131 0.000000
vt 2.408212 2.270536 0.000000
vt 2.641788 2.270536 0.000000
vt 2.332949 2.421685 0.000000
vt 2.717051 2.421685 0.000000
vt 2.231193 2.556432 0.000000
vt 2.818807 2.556432 0.000000
vt 2.106411 2.670186 0.000000
vt 2.943589 2.670186 0.000000
vt 1.962851 2.759074 0.000000
vt 3.087149 2.759074 0.000000
vt 1.805402 2.820070 0.000000
vt 3.244598 2.820070 0.000000
vt 1.639426 2.851097 0.000000
vt 3.410574 2.851097 0.000000
vt 0.462224 3.980000 0.000000
vt 4.587776 3.980000 0.000000
vt 0.479207 4.021001 0.000000
vt 4.570793 4.021001 0.000000
vt 0.485000 4.065000 0.000000
vt 4.565000 4.065000 0.000000
vt 0.479207 4.108999 0.000000
vt 4.570793 4.108999 0.000000
vt 0.462224 4.150000 0.000000
vt 4.587776 4.150000 0.000000
vt 0.435208 4.185208 0.000000
vt 4.614792 4.185208 0.000000
vt 0.400000 4.212224 0.000000
vt 4.650000 4.212224 0.000000
vt 0.358999 4.229207 0.000000
vt 4.691001 4.229207 0.000000
vt 3.579426 2.851097 0.000000
vt 4.650000 3.917776 0.000000
vt 4.614792 3.944792 0.000000
vt 4.691001 3.900793 0.000000
vt 3.745402 2.820070 0.000000
vt 1.639426 -2.851097 0.000000
vt 0.485000 -3.534000 0.000000
vt 0.479207 -3.490001 0.000000
vt 0.462224 -3.449000 0.000000
vt 1.470574 -2.851097 0.000000
vt 0.435208 -3.413792 0.000000
vt 0.400000 -3.386776 0.000000
vt 1.304598 -2.820070 0.000000
vt 0.358999 -3.369793 0.000000
vt 1.147149 -2.759074 0.000000
vt 1.147149 -1.120926 0.000000
vt 1.147149 -0.819074 0.000000
vt 1.304598 -0.880070 0.000000
vt 1.304598 -1.059930 0.000000
vt 1.470574 -0.911097 0.000000
vt 1.470574 -1.028903 0.000000
vt 1.639426 -1.028903 0.000000
vt 1.639426 -0.911097 0.000000
vt 1.805402 -1.059930 0.000000
vt 1.805402 -0.880070 0.000000
vt -5.512224 -3.449000 0.000000
vt -6.520574 -2.851097 0.000000
vt -5.485208 -3.413792 0.000000
vt -5.450000 -3.386776 0.000000
vt -6.354598 -2.820070 0.000000
vt -5.408999 -3.369793 0.000000
vt -6.197149 -2.759074 0.000000
vt 7.504420 -0.168131 0.000000
vt 7.645580 -0.168131 0.000000
vt 7.520000 -0.000000 0.000000
vt 7.630000 -0.000000 0.000000
vt 7.504420 0.168131 0.000000
vt 7.645580 0.168131 0.000000
vt 7.458212 0.330536 0.000000
vt 7.691788 0.330536 0.000000
vt 7.382949 0.481685 0.000000
vt 7.767051 0.481685 0.000000
vt 7.281193 0.616432 0.000000
vt 7.868807 0.616432 0.000000
vt 7.156411 0.730186 0.000000
vt 7.993589 0.730186 0.000000
vt 7.012851 0.819074 0.000000
vt 8.137149 0.819074 0.000000
vt 7.012851 1.120926 0.000000
vt 8.137149 1.120926 0.000000
vt 7.156411 1.209814 0.000000
vt 7.993589 1.209814 0.000000
vt 7.281193 1.323568 0.000000
vt 7.868807 1.323568 0.000000
vt 7.382949 1.458315 0.000000
vt 7.767051 1.458315 0.000000
vt 7.458212 1.609464 0.000000
vt 7.691788 1.609464 0.000000
vt 7.504420 1.771869 0.000000
vt 7.645580 1.771869 0.000000
vt 7.520000 1.940000 0.000000
vt 7.630000 1.940000 0.000000
vt 7.504420 2.108131 0.000000
vt 7.645580 2.108131 0.000000
vt 7.458212 2.270536 0.000000
vt 7.691788 2.270536 0.000000
vt 7.382949 2.421685 0.000000
vt 7.767051 2.421685 0.000000
vt 7.281193 2.556432 0.000000
vt 7.868807 2.556432 0.000000
vt 7.156411 2.670186 0.000000
vt 7.993589 2.670186 0.000000
vt 7.012851 2.759074 0.000000
vt 8.137149 2.759074 0.000000
vt 6.855402 2.820070 0.000000
vt 8.294598 2.820070 0.000000
vt 6.689426 2.851097 0.000000
vt 8.460574 2.851097 0.000000
vt 5.512224 3.980000 0.000000
vt 9.637776 3.980000 0.000000
vt 5.529207 4.021001 0.000000
vt 9.620793 4.021001 0.000000
vt 5.535000 4.065000 0.000000
vt 9.615000 4.065000 0.000000
vt 5.529207 4.108999 0.000000
vt 9.620793 4.108999 0.000000
vt 5.512224 4.150000 0.000000
vt 9.637776 4.150000 0.000000
vt 5.485208 4.185208 0.000000
vt 9.664792 4.185208 0.000000
vt 5.450000 4.212224 0.000000
vt 9.700000 4.212224 0.000000
vt 5.408999 4.229207 0.000000
vt 9.741001 4.229207 0.000000
vt 9.785000 4.235000 0.000000
vt 9.828999 4.229207 0.000000
vt 7.691788 -0.330536 0.000000
vt 7.458212 -0.330536 0.000000
vt 7.767051 -0.481685 0.000000
vt 7.382949 -0.481685 0.000000
vt 7.868807 -0.616432 0.000000
vt 7.281193 -0.616432 0.000000
vt 7.993589 -0.730186 0.000000
vt 7.156411 -0.730186 0.000000
vt 8.137149 -0.819074 0.000000
vt 7.012851 -0.819074 0.000000
vt 8.137149 -1.120926 0.000000
vt 7.012851 -1.120926 0.000000
vt 7.993589 -1.209814 0.000000
vt 7.156411 -1.209814 0.000000
vt 7.868807 -1.323568 0.000000
vt 7.281193 -1.323568 0.000000
vt 7.767051 -1.458315 0.000000
vt 7.382949 -1.458315 0.000000
vt 7.691788 -1.609464 0.000000
vt 7.458212 -1.609464 0.000000
vt 7.645580 -1.771869 0.000000
vt 7.504420 -1.771869 0.000000
vt 7.630000 -1.940000 0.000000
vt 7.520000 -1.940000 0.000000
vt 7.645580 -2.108131 0.000000
vt 7.504420 -2.108131 0.000000
vt 7.691788 -2.270536 0.000000
vt 7.458212 -2.270536 0.000000
vt 7.767051 -2.421685 0.000000
vt 7.382949 -2.421685 0.000000
vt 7.868807 -2.556432 0.000000
vt 7.281193 -2.556432 0.000000
vt 7.993589 -2.670186 0.000000
vt 7.156411 -2.670186 0.000000
vt 8.137149 -2.759074 0.000000
vt 7.012851 -2.759074 0.000000
vt 8.294598 -2.820070 0.000000
vt 6.855402 -2.820070 0.000000
vt 9.620793 -3.577999 0.000000
vt 5.529207 -3.577999 0.000000
vt 9.637776 -3.619000 0.000000
vt 5.512224 -3.619000 0.000000
vt 9.664792 -3.654208 0.000000
vt 5.485208 -3.654208 0.000000
vt 9.700000 -3.681224 0.000000
vt 5.450000 -3.681224 0.000000
vt 9.741001 -3.698207 0.000000
vt 5.408999 -3.698207 0.000000
vt 6.855402 -0.880070 0.000000
vt 6.855402 -1.059930 0.000000
vt 6.689426 -0.911097 0.000000
vt 6.689426 -1.028903 0.000000
vt 6.520574 -0.911097 0.000000
vt 6.520574 -1.028903 0.000000
vt 6.354598 -1.059930 0.000000
vt 6.354598 -0.880070 0.000000
vt 6.197149 -1.120926 0.000000
vt 6.197149 -0.819074 0.000000
vt 6.197149 0.819074 0.000000
vt 6.197149 1.120926 0.000000
vt 6.354598 1.059930 0.000000
vt 6.354598 0.880070 0.000000
vt 6.520574 1.028903 0.000000
vt 6.520574 0.911097 0.000000
vt 6.689426 0.911097 0.000000
vt 6.689426 1.028903 0.000000
vt 6.855402 0.880070 0.000000
vt 6.855402 1.059930 0.000000
vt 3.902851 -0.819074 0.000000
vt 3.902851 -1.120926 0.000000
vt 3.745402 -0.880070 0.000000
vt 3.745402 -1.059930 0.000000
vt 3.579426 -0.911097 0.000000
vt 3.579426 -1.028903 0.000000
vt 3.410574 -0.911097 0.000000
vt 3.410574 -1.028903 0.000000
vt 3.244598 -1.059930 0.000000
vt 3.244598 -0.880070 0.000000
vt 5.485208 3.944792 0.000000
vt 5.450000 3.917776 0.000000
vt 6.520574 2.851097 0.000000
vt 5.408999 3.900793 0.000000
vt 6.354598 2.820070 0.000000
vt -6.354598 2.820070 0.000000
vt -5.408999 3.900793 0.000000
vt -6.520574 2.851097 0.000000
vt -5.450000 3.917776 0.000000
vt -6.689426 2.851097 0.000000
vt -5.485208 3.944792 0.000000
vt -5.512224 3.980000 0.000000
vt -5.529207 4.021001 0.000000
vt -9.620793 4.021001 0.000000
vt -9.637776 3.980000 0.000000
vt -8.460574 2.851097 0.000000
vt -6.855402 2.820070 0.000000
vt -8.294598 2.820070 0.000000
vt -7.012851 2.759074 0.000000
vt -8.137149 2.759074 0.000000
vt -7.156411 2.670186 0.000000
vt -7.993589 2.670186 0.000000
vt -7.281193 2.556432 0.000000
vt -7.868807 2.556432 0.000000
vt -7.382949 2.421685 0.000000
vt -7.767051 2.421685 0.000000
vt -7.458212 2.270536 0.000000
vt -7.691788 2.270536 0.000000
vt -7.504420 2.108131 0.000000
vt -7.645580 2.108131 0.000000
vt -7.520000 1.940000 0.000000
vt -7.630000 1.940000 0.000000
vt -7.504420 1.771869 0.000000
vt -7.645580 1.771869 0.000000
vt -7.458212 1.609464 0.000000
vt -7.691788 1.609464 0.000000
vt -7.382949 1.458315 0.000000
vt -7.767051 1.458315 0.000000
vt -7.281193 1.323568 0.000000
vt -7.868807 1.323568 0.000000
vt -7.156411 1.209814 0.000000
vt -7.993589 1.209814 0.000000
vt -7.012851 1.120926 0.000000
vt -8.137149 1.120926 0.000000
vt -7.012851 0.819074 0.000000
vt -8.137149 0.819074 0.000000
vt -7.156411 0.730186 0.000000
vt -7.993589 0.730186 0.000000
vt -7.281193 0.616432 0.000000
vt -7.868807 0.616432 0.000000
vt -7.382949 0.481685 0.000000
vt -7.767051 0.481685 0.000000
vt -7.458212 0.330536 0.000000
vt -7.691788 0.330536 0.000000
vt -7.504420 0.168131 0.000000
vt -7.645580 0.168131 0.000000
vt -7.520000 -0.000000 0.000000
vt -7.630000 -0.000000 0.000000
vt -7.504420 -0.168131 0.000000
vt -7.645580 -0.168131 0.000000
vt -7.458212 -0.330536 0.000000
vt -7.691788 -0.330536 0.000000
vt -7.382949 -0.481685 0.000000
vt -7.767051 -0.481685 0.000000
vt -7.281193 -0.616432 0.000000
vt -7.868807 -0.616432 0.000000
vt -7.156411 -0.730186 0.000000
vt -7.993589 -0.730186 0.000000
vt -7.012851 -0.819074 0.000000
vt -8.137149 -0.819074 0.000000
vt -7.012851 -1.120926 0.000000
vt -8.137149 -1.120926 0.000000
vt -7.156411 -1.209814 0.000000
vt -7.993589 -1.209814 0.000000
vt -7.281193 -1.323568 0.000000
vt -7.868807 -1.323568 0.000000
vt -7.382949 -1.458315 0.000000
vt -7.767051 -1.458315 0.000000
vt -7.458212 -1.609464 0.000000
vt -7.691788 -1.609464 0.000000
vt -7.504420 -1.771869 0.000000
vt -7.645580 -1.771869 0.000000
vt -7.520000 -1.940000 0.000000
vt -7.630000 -1.940000 0.000000
vt -7.504420 -2.108131 0.000000
vt -7.645580 -2.108131 0.000000
vt -7.458212 -2.270536 0.000000
vt -7.691788 -2.270536 0.000000
vt -7.382949 -2.421685 0.000000
vt -7.767051 -2.421685 0.000000
vt -7.281193 -2.556432 0.000000
vt -7.868807 -2.556432 0.000000
vt -7.156411 -2.670186 0.000000
vt -7.993589 -2.670186 0.000000
vt -7.012851 -2.759074 0.000000
vt -8.137149 -2.759074 0.000000
vt -9.615000 4.065000 0.000000
vt -5.535000 4.065000 0.000000
vt -9.620793 4.108999 0.000000
vt -5.529207 4.108999 0.000000
vt -9.637776 4.150000 0.000000
vt -5.512224 4.150000 0.000000
vt -9.664792 4.185208 0.000000
vt -5.485208 4.185208 0.000000
vt -9.700000 4.212224 0.000000
vt -5.450000 4.212224 0.000000
vt -9.741001 4.229207 0.000000
vt -5.408999 4.229207 0.000000
vt 0.435208 3.944792 0.000000
vt 0.400000 3.917776 0.000000
vt 1.470574 2.851097 0.000000
vt 0.358999 3.900793 0.000000
vt 1.304598 2.820070 0.000000
vt 6.689426 -2.851097 0.000000
vt 5.535000 -3.534000 0.000000
vt 5.529207 -3.490001 0.000000
vt 5.512224 -3.449000 0.000000
vt 6.520574 -2.851097 0.000000
vt 5.485208 -3.413792 0.000000
vt 5.450000 -3.386776 0.000000
vt 6.354598 -2.820070 0.000000
vt 5.408999 -3.369793 0.000000
vt 6.197149 -2.759074 0.000000
vt -8.294598 1.059930 0.000000
vt -8.294598 0.880070 0.000000
vt -8.460574 1.028903 0.000000
vt -9.460000 1.940000 0.000000
vt -9.444420 2.108131 0.000000
vt -9.905208 3.944792 0.000000
vt -9.398212 2.270536 0.000000
vt -9.322949 2.421685 0.000000
vt -9.870000 3.917776 0.000000
vt -9.221193 2.556432 0.000000
vt -9.828999 3.900793 0.000000
vt -9.096411 2.670186 0.000000
vt -8.952851 2.759074 0.000000
vt -9.785000 3.895000 0.000000
vt -8.795402 2.820070 0.000000
vt -9.741001 3.900793 0.000000
vt -8.629426 2.851097 0.000000
vt -9.700000 3.917776 0.000000
vt -9.664792 3.944792 0.000000
vt -4.614792 3.944792 0.000000
vt -4.650000 3.917776 0.000000
vt -3.579426 2.851097 0.000000
vt -4.691001 3.900793 0.000000
vt -3.745402 2.820070 0.000000
vt -1.147149 1.120926 0.000000
vt -1.147149 0.819074 0.000000
vt -1.304598 1.059930 0.000000
vt -1.304598 0.880070 0.000000
vt -1.470574 1.028903 0.000000
vt -1.470574 0.911097 0.000000
vt -1.639426 1.028903 0.000000
vt -1.639426 0.911097 0.000000
vt -1.805402 0.880070 0.000000
vt -1.805402 1.059930 0.000000
vt -1.470574 2.851097 0.000000
vt -0.400000 3.917776 0.000000
vt -0.435208 3.944792 0.000000
vt -0.358999 3.900793 0.000000
vt -1.304598 2.820070 0.000000
vt -3.244598 1.059930 0.000000
vt -3.244598 0.880070 0.000000
vt -3.410574 1.028903 0.000000
vt -3.410574 0.911097 0.000000
vt -3.579426 1.028903 0.000000
vt -3.579426 0.911097 0.000000
vt -3.745402 0.880070 0.000000
vt -3.745402 1.059930 0.000000
vt -3.902851 0.819074 0.000000
vt -3.902851 1.120926 0.000000
vt -4.570793 -3.490001 0.000000
vt -4.565000 -3.534000 0.000000
vt -3.410574 -2.851097 0.000000
vt -4.570793 -3.577999 0.000000
vt -0.462224 -3.619000 0.000000
vt -4.587776 -3.619000 0.000000
vt -0.435208 -3.654208 0.000000
vt -4.614792 -3.654208 0.000000
vt -0.400000 -3.681224 0.000000
vt -4.650000 -3.681224 0.000000
vt -0.358999 -3.698207 0.000000
vt -4.691001 -3.698207 0.000000
vt -3.902851 -2.759074 0.000000
vt -4.691001 -3.369793 0.000000
vt -3.745402 -2.820070 0.000000
vt -4.650000 -3.386776 0.000000
vt -3.579426 -2.851097 0.000000
vt -4.614792 -3.413792 0.000000
vt -4.587776 -3.449000 0.000000
vt -9.444420 -0.168131 0.000000
vt -9.398212 -1.609464 0.000000
vt -9.398212 -0.330536 0.000000
vt -9.322949 -1.458315 0.000000
vt -9.322949 -0.481685 0.000000
vt -9.221193 -0.616432 0.000000
vt -9.221193 -1.323568 0.000000
vt -9.096411 -0.730186 0.000000
vt -9.096411 -1.209814 0.000000
vt -8.952851 -0.819074 0.000000
vt -8.952851 -1.120926 0.000000
vt -8.795402 -0.880070 0.000000
vt -8.795402 -1.059930 0.000000
vt -8.629426 -0.911097 0.000000
vt -8.629426 -1.028903 0.000000
vt -8.460574 -1.028903 0.000000
vt -8.460574 -0.911097 0.000000
vt -8.294598 -1.059930 0.000000
vt -8.294598 -0.880070 0.000000
vt -9.932224 3.980000 0.000000
vt -9.949207 4.021001 0.000000
vt -9.955000 4.065000 0.000000
vt -9.949207 4.108999 0.000000
vt -9.932224 4.150000 0.000000
vt -9.905208 4.185208 0.000000
vt -9.870000 4.212224 0.000000
vt -9.828999 4.229207 0.000000
vt -9.785000 4.235000 0.000000
vt -3.902851 -1.120926 0.000000
vt -3.902851 -0.819074 0.000000
vt -3.745402 -0.880070 0.000000
vt -3.745402 -1.059930 0.000000
vt -3.579426 -0.911097 0.000000
vt -3.579426 -1.028903 0.000000
vt -3.410574 -1.028903 0.000000
vt -3.410574 -0.911097 0.000000
vt -3.244598 -1.059930 0.000000
vt -3.244598 -0.880070 0.000000
vt 9.949207 -3.490001 0.000000
vt 9.955000 -3.534000 0.000000
vt 9.949207 -3.577999 0.000000
vt 9.932224 -3.619000 0.000000
vt 9.905208 -3.654208 0.000000
vt 9.870000 -3.681224 0.000000
vt 9.828999 -3.698207 0.000000
vt 9.785000 -3.704000 0.000000
vt 8.460574 -2.851097 0.000000
vt 9.615000 -3.534000 0.000000
vt 9.620793 -3.490001 0.000000
vt 9.637776 -3.449000 0.000000
vt 8.629426 -2.851097 0.000000
vt 9.664792 -3.413792 0.000000
vt 9.700000 -3.386776 0.000000
vt 8.795402 -2.820070 0.000000
vt 9.741001 -3.369793 0.000000
vt 8.952851 -2.759074 0.000000
vt 9.785000 -3.364000 0.000000
vt 9.096411 -2.670186 0.000000
vt 9.828999 -3.369793 0.000000
vt 9.221193 -2.556432 0.000000
vt 9.322949 -2.421685 0.000000
vt 9.870000 -3.386776 0.000000
vt 9.398212 -2.270536 0.000000
vt 9.905208 -3.413792 0.000000
vt 9.444420 -2.108131 0.000000
vt 9.460000 -1.940000 0.000000
vt 9.932224 -3.449000 0.000000
vt 9.221193 -1.323568 0.000000
vt 9.096411 -0.730186 0.000000
vt 9.096411 -1.209814 0.000000
vt 8.952851 -0.819074 0.000000
vt 8.952851 -1.120926 0.000000
vt 8.795402 -0.880070 0.000000
vt 8.795402 -1.059930 0.000000
vt 8.629426 -0.911097 0.000000
vt 8.629426 -1.028903 0.000000
vt 8.460574 -0.911097 0.000000
vt 8.460574 -1.028903 0.000000
vt 8.294598 -1.059930 0.000000
vt 8.294598 -0.880070 0.000000
vt 8.294598 0.880070 0.000000
vt 8.294598 1.059930 0.000000
vt 8.460574 1.028903 0.000000
vt 8.460574 0.911097 0.000000
vt 8.629426 0.911097 0.000000
vt 8.629426 1.028903 0.000000
vt 8.795402 0.880070 0.000000
vt 8.795402 1.059930 0.000000
vt 8.952851 0.819074 0.000000
vt 8.952851 1.120926 0.000000
vt 9.096411 0.730186 0.000000
vt 9.096411 1.209814 0.000000
vt 9.221193 0.616432 0.000000
vt 9.221193 1.323568 0.000000
vt 9.322949 0.481685 0.000000
vt 9.322949 1.458315 0.000000
vt 9.398212 0.330536 0.000000
vt 9.398212 1.609464 0.000000
vt 9.444420 1.771869 0.000000
vt 9.444420 0.168131 0.000000
vt 9.444420 2.108131 0.000000
vt 9.460000 1.940000 0.000000
vt 8.629426 2.851097 0.000000
vt 9.700000 3.917776 0.000000
vt 9.664792 3.944792 0.000000
vt 9.741001 3.900793 0.000000
vt 8.795402 2.820070 0.000000
vt 9.785000 3.895000 0.000000
vt 8.952851 2.759074 0.000000
vt 9.828999 3.900793 0.000000
vt 9.096411 2.670186 0.000000
vt 9.221193 2.556432 0.000000
vt 9.870000 3.917776 0.000000
vt 9.322949 2.421685 0.000000
vt 9.905208 3.944792 0.000000
vt 9.398212 2.270536 0.000000
vt -6.197149 1.120926 0.000000
vt -6.197149 0.819074 0.000000
vt -6.354598 1.059930 0.000000
vt -6.354598 0.880070 0.000000
vt -6.520574 1.028903 0.000000
vt -6.520574 0.911097 0.000000
vt -6.689426 1.028903 0.000000
vt -6.689426 0.911097 0.000000
vt -6.855402 0.880070 0.000000
vt -6.855402 1.059930 0.000000
vt -6.855402 -1.059930 0.000000
vt -6.855402 -0.880070 0.000000
vt -6.689426 -0.911097 0.000000
vt -6.689426 -1.028903 0.000000
vt -6.520574 -1.028903 0.000000
vt -6.520574 -0.911097 0.000000
vt -6.354598 -1.059930 0.000000
vt -6.354598 -0.880070 0.000000
vt -6.197149 -1.120926 0.000000
vt -6.197149 -0.819074 0.000000
vt 1.147149 0.819074 0.000000
vt 1.147149 1.120926 0.000000
vt 1.304598 1.059930 0.000000
vt 1.304598 0.880070 0.000000
vt 1.470574 1.028903 0.000000
vt 1.470574 0.911097 0.000000
vt 1.639426 0.911097 0.000000
vt 1.639426 1.028903 0.000000
vt 1.805402 0.880070 0.000000
vt 1.805402 1.059930 0.000000
vt 3.410574 -2.851097 0.000000
vt 4.565000 -3.534000 0.000000
vt 4.570793 -3.490001 0.000000
vt 4.587776 -3.449000 0.000000
vt 3.579426 -2.851097 0.000000
vt 4.614792 -3.413792 0.000000
vt 4.650000 -3.386776 0.000000
vt 3.745402 -2.820070 0.000000
vt 4.691001 -3.369793 0.000000
vt 3.902851 -2.759074 0.000000
vt 9.949207 4.108999 0.000000
vt 9.955000 4.065000 0.000000
vt 9.949207 4.021001 0.000000
vt 9.932224 3.980000 0.000000
vt 9.870000 4.212224 0.000000
vt 9.905208 4.185208 0.000000
vt 9.932224 4.150000 0.000000
vt 0.040000 -2.705466 0.000000
vt 0.000000 -2.705466 0.000000
vt 0.040000 -2.874557 0.000000
vt 0.000000 -2.874557 0.000000
vt 0.040000 2.874557 0.000000
vt 0.000000 2.874557 0.000000
vt 0.040000 2.705466 0.000000
vt 0.000000 2.705466 0.000000
vt 0.040000 2.536374 0.000000
vt 0.000000 2.536374 0.000000
vt 0.040000 2.367282 0.000000
vt 0.000000 2.367282 0.000000
vt 0.040000 2.198191 0.000000
vt -0.000000 2.198191 0.000000
vt 0.040000 2.029099 0.000000
vt -0.000000 2.029099 0.000000
vt 0.040000 1.860008 0.000000
vt 0.000000 1.860008 0.000000
vt 0.040000 1.690916 0.000000
vt 0.000000 1.690916 0.000000
vt 0.040000 1.521824 0.000000
vt -0.000000 1.521824 0.000000
vt 0.040000 1.352733 0.000000
vt 0.000000 1.352733 0.000000
vt 0.040000 1.183641 0.000000
vt -0.000000 1.183641 0.000000
vt 0.040000 1.014550 0.000000
vt 0.000000 1.014550 0.000000
vt 0.040000 0.845458 0.000000
vt -0.000000 0.845458 0.000000
vt 0.040000 0.676366 0.000000
vt 0.000000 0.676366 0.000000
vt 0.040000 0.507275 0.000000
vt 0.000000 0.507275 0.000000
vt 0.040000 0.338183 0.000000
vt 0.000000 0.338183 0.000000
vt 0.040000 0.169092 0.000000
vt 0.000000 0.169092 0.000000
vt 0.040000 0.000000 0.000000
vt 0.000000 0.000000 0.000000
vt 0.040000 -0.169092 0.000000
vt 0.000000 -0.169092 0.000000
vt 0.040000 -0.338183 0.000000
vt 0.000000 -0.338183 0.000000
vt 0.040000 -0.507275 0.000000
vt 0.000000 -0.507275 0.000000
vt 0.040000 -0.676366 0.000000
vt 0.000000 -0.676366 0.000000
vt 0.040000 -0.845458 0.000000
vt -0.000000 -0.845458 0.000000
vt 0.040000 -1.014550 0.000000
vt 0.000000 -1.014550 0.000000
vt 0.040000 -1.183641 0.000000
vt -0.000000 -1.183641 0.000000
vt 0.040000 -1.352733 0.000000
vt -0.000000 -1.352733 0.000000
vt 0.040000 -1.521824 0.000000
vt -0.000000 -1.521824 0.000000
vt 0.040000 -1.690916 0.000000
vt -0.000000 -1.690916 0.000000
vt 0.040000 -1.860008 0.000000
vt 0.000000 -1.860008 0.000000
vt 0.040000 -2.029099 0.000000
vt -0.000000 -2.029099 0.000000
vt 0.040000 -2.198191 0.000000
vt 0.000000 -2.198191 0.000000
vt 0.040000 -2.367282 0.000000
vt 0.000000 -2.367282 0.000000
vt 0.040000 -2.536374 0.000000
vt 0.000000 -2.536374 0.000000
vt 0.040000 -0.489565 0.000000
vt -0.000000 -0.489565 0.000000
vt 0.040000 -0.534071 0.000000
vt 0.000000 -0.534071 0.000000
vt 0.040000 0.534071 0.000000
vt 0.000000 0.534071 0.000000
vt 0.040000 0.489565 0.000000
vt -0.000000 0.489565 0.000000
vt 0.040000 0.445059 0.000000
vt 0.000000 0.445059 0.000000
vt 0.040000 0.400553 0.000000
vt -0.000000 0.400553 0.000000
vt 0.040000 0.356047 0.000000
vt -0.000000 0.356047 0.000000
vt 0.040000 0.311541 0.000000
vt -0.000000 0.311541 0.000000
vt 0.040000 0.267035 0.000000
vt 0.000000 0.267035 0.000000
vt 0.040000 0.222529 0.000000
vt -0.000000 0.222529 0.000000
vt 0.040000 0.178024 0.000000
vt -0.000000 0.178024 0.000000
vt 0.040000 0.133518 0.000000
vt -0.000000 0.133518 0.000000
vt 0.040000 0.089012 0.000000
vt 0.000000 0.089012 0.000000
vt 0.040000 0.044506 0.000000
vt -0.000000 0.044506 0.000000
vt 0.040000 0.000000 0.000000
vt 0.000000 0.000000 0.000000
vt 0.040000 -0.044506 0.000000
vt -0.000000 -0.044506 0.000000
vt 0.040000 -0.089012 0.000000
vt 0.000000 -0.089012 0.000000
vt 0.040000 -0.133518 0.000000
vt -0.000000 -0.133518 0.000000
vt 0.040000 -0.178024 0.000000
vt -0.000000 -0.178024 0.000000
vt 0.040000 -0.222529 0.000000
vt 0.000000 -0.222529 0.000000
vt 0.040000 -0.267035 0.000000
vt 0.000000 -0.267035 0.000000
vt 0.040000 -0.311541 0.000000
vt -0.000000 -0.311541 0.000000
vt 0.040000 -0.356047 0.000000
vt -0.000000 -0.356047 0.000000
vt 0.040000 -0.400553 0.000000
vt -0.000000 -0.400553 0.000000
vt 0.040000 -0.445059 0.000000
vt 0.000000 -0.445059 0.000000
vt 0.040000 -2.705466 0.000000
vt 0.000000 -2.705466 0.000000
vt 0.040000 -2.874557 0.000000
vt 0.000000 -2.874557 0.000000
vt 0.040000 2.874557 0.000000
vt 0.000000 2.874557 0.000000
vt 0.040000 2.705466 0.000000
vt -0.000000 2.705466 0.000000
vt 0.040000 2.536374 0.000000
vt -0.000000 2.536374 0.000000
vt 0.040000 2.367282 0.000000
vt 0.000000 2.367282 0.000000
vt 0.040000 2.198191 0.000000
vt -0.000000 2.198191 0.000000
vt 0.040000 2.029099 0.000000
vt -0.000000 2.029099 0.000000
vt 0.040000 1.860008 0.000000
vt -0.000000 1.860008 0.000000
vt 0.040000 1.690916 0.000000
vt 0.000000 1.690916 0.000000
vt 0.040000 1.521824 0.000000
vt 0.000000 1.521824 0.000000
vt 0.040000 1.352733 0.000000
vt 0.000000 1.352733 0.000000
vt 0.040000 1.183641 0.000000
vt 0.000000 1.183641 0.000000
vt 0.040000 1.014550 0.000000
vt -0.000000 1.014550 0.000000
vt 0.040000 0.845458 0.000000
vt -0.000000 0.845458 0.000000
vt 0.040000 0.676366 0.000000
vt -0.000000 0.676366 0.000000
vt 0.040000 0.507275 0.000000
vt -0.000000 0.507275 0.000000
vt 0.040000 0.338183 0.000000
vt -0.000000 0.338183 0.000000
vt 0.040000 0.169092 0.000000
vt 0.000000 0.169092 0.000000
vt 0.040000 0.000000 0.000000
vt 0.000000 0.000000 0.000000
vt 0.040000 -0.169092 0.000000
vt 0.000000 -0.169092 0.000000
vt 0.040000 -0.338183 0.000000
vt -0.000000 -0.338183 0.000000
vt 0.040000 -0.507275 0.000000
vt 0.000000 -0.507275 0.000000
vt 0.040000 -0.676366 0.000000
vt -0.000000 -0.676366 0.000000
vt 0.040000 -0.845458 0.000000
vt 0.000000 -0.845458 0.000000
vt 0.040000 -1.014550 0.000000
vt 0.000000 -1.014550 0.000000
vt 0.040000 -1.183641 0.000000
vt 0.000000 -1.183641 0.000000
vt 0.040000 -1.352733 0.000000
vt 0.000000 -1.352733 0.000000
vt 0.040000 -1.521824 0.000000
vt 0.000000 -1.521824 0.000000
vt 0.040000 -1.690916 0.000000
vt 0.000000 -1.690916 0.000000
vt 0.040000 -1.860008 0.000000
vt 0.000000 -1.860008 0.000000
vt 0.040000 -2.029099 0.000000
vt -0.000000 -2.029099 0.000000
vt 0.040000 -2.198191 0.000000
vt -0.000000 -2.198191 0.000000
vt 0.040000 -2.367282 0.000000
vt 0.000000 -2.367282 0.000000
vt 0.040000 -2.536374 0.000000
vt -0.000000 -2.536374 0.000000
vt 0.040000 -2.705466 0.000000
vt 0.000000 -2.705466 0.000000
vt 0.040000 -2.874557 0.000000
vt 0.000000 -2.874557 0.000000
vt 0.040000 2.874557 0.000000
vt 0.000000 2.874557 0.000000
vt 0.040000 2.705466 0.000000
vt 0.000000 2.705466 0.000000
vt 0.040000 2.536374 0.000000
vt -0.000000 2.536374 0.000000
vt 0.040000 2.367282 0.000000
vt 0.000000 2.367282 0.000000
vt 0.040000 2.198191 0.000000
vt -0.000000 2.198191 0.000000
vt 0.040000 2.029099 0.000000
vt 0.000000 2.029099 0.000000
vt 0.040000 1.860008 0.000000
vt 0.000000 1.860008 0.000000
vt 0.040000 1.690916 0.000000
vt 0.000000 1.690916 0.000000
vt 0.040000 1.521824 0.000000
vt -0.000000 1.521824 0.000000
vt 0.040000 1.352733 0.000000
vt 0.000000 1.352733 0.000000
vt 0.040000 1.183641 0.000000
vt 0.000000 1.183641 0.000000
vt 0.040000 1.014550 0.000000
vt 0.000000 1.014550 0.000000
vt 0.040000 0.845458 0.000000
vt 0.000000 0.845458 0.000000
vt 0.040000 0.676366 0.000000
vt -0.000000 0.676366 0.000000
vt 0.040000 0.507275 0.000000
vt 0.000000 0.507275 0.000000
vt 0.040000 0.338183 0.000000
vt -0.000000 0.338183 0.000000
vt 0.040000 0.169092 0.000000
vt 0.000000 0.169092 0.000000
vt 0.040000 0.000000 0.000000
vt 0.000000 0.000000 0.000000
vt 0.040000 -0.169092 0.000000
vt 0.000000 -0.169092 0.000000
vt 0.040000 -0.338183 0.000000
vt -0.000000 -0.338183 0.000000
vt 0.040000 -0.507275 0.000000
vt 0.000000 -0.507275 0.000000
vt 0.040000 -0.676366 0.000000
vt -0.000000 -0.676366 0.000000
vt 0.040000 -0.845458 0.000000
vt 0.000000 -0.845458 0.000000
vt 0.040000 -1.014550 0.000000
vt 0.000000 -1.014550 0.000000
vt 0.040000 -1.183641 0.000000
vt 0.000000 -1.183641 0.000000
vt 0.040000 -1.352733 0.000000
vt -0.000000 -1.352733 0.000000
vt 0.040000 -1.521824 0.000000
vt -0.000000 -1.521824 0.000000
vt 0.040000 -1.690916 0.000000
vt 0.000000 -1.690916 0.000000
vt 0.040000 -1.860008 0.000000
vt 0.000000 -1.860008 0.000000
vt 0.040000 -2.029099 0.000000
vt 0.000000 -2.029099 0.000000
vt 0.040000 -2.198191 0.000000
vt 0.000000 -2.198191 0.000000
vt 0.040000 -2.367282 0.000000
vt 0.000000 -2.367282 0.000000
vt 0.040000 -2.536374 0.000000
vt -0.000000 -2.536374 0.000000
vt 0.040000 -0.489565 0.000000
vt -0.000000 -0.489565 0.000000
vt 0.040000 -0.534071 0.000000
vt 0.000000 -0.534071 0.000000
vt 0.040000 0.534071 0.000000
vt 0.000000 0.534071 0.000000
vt 0.040000 0.489565 0.000000
vt -0.000000 0.489565 0.000000
vt 0.040000 0.445059 0.000000
vt 0.000000 0.445059 0.000000
vt 0.040000 0.400553 0.000000
vt 0.000000 0.400553 0.000000
vt 0.040000 0.356047 0.000000
vt -0.000000 0.356047 0.000000
vt 0.040000 0.311541 0.000000
vt 0.000000 0.311541 0.000000
vt 0.040000 0.267035 0.000000
vt 0.000000 0.267035 0.000000
vt 0.040000 0.222529 0.000000
vt 0.000000 0.222529 0.000000
vt 0.040000 0.178024 0.000000
vt -0.000000 0.178024 0.000000
vt 0.040000 0.133518 0.000000
vt 0.000000 0.133518 0.000000
vt 0.040000 0.089012 0.000000
vt 0.000000 0.089012 0.000000
vt 0.040000 0.044506 0.000000
vt -0.000000 0.044506 0.000000
vt 0.040000 0.000000 0.000000
vt 0.000000 0.000000 0.000000
vt 0.040000 -0.044506 0.000000
vt -0.000000 -0.044506 0.000000
vt 0.040000 -0.089012 0.000000
vt 0.000000 -0.089012 0.000000
vt 0.040000 -0.133518 0.000000
vt -0.000000 -0.133518 0.000000
vt 0.040000 -0.178024 0.000000
vt -0.000000 -0.178024 0.000000
vt 0.040000 -0.222529 0.000000
vt 0.000000 -0.222529 0.000000
vt 0.040000 -0.267035 0.000000
vt 0.000000 -0.267035 0.000000
vt 0.040000 -0.311541 0.000000
vt 0.000000 -0.311541 0.000000
vt 0.040000 -0.356047 0.000000
vt -0.000000 -0.356047 0.000000
vt 0.040000 -0.400553 0.000000
vt 0.000000 -0.400553 0.000000
vt 0.040000 -0.445059 0.000000
vt 0.000000 -0.445059 0.000000
vt 0.040000 -2.705466 0.000000
vt 0.000000 -2.705466 0.000000
vt 0.040000 -2.874557 0.000000
vt 0.000000 -2.874557 0.000000
vt 0.040000 2.874557 0.000000
vt 0.000000 2.874557 0.000000
vt 0.040000 2.705466 0.000000
vt 0.000000 2.705466 0.000000
vt 0.040000 2.536374 0.000000
vt 0.000000 2.536374 0.000000
vt 0.040000 2.367282 0.000000
vt 0.000000 2.367282 0.000000
vt 0.040000 2.198191 0.000000
vt 0.000000 2.198191 0.000000
vt 0.040000 2.029099 0.000000
vt 0.000000 2.029099 0.000000
vt 0.040000 1.860008 0.000000
vt 0.000000 1.860008 0.000000
vt 0.040000 1.690916 0.000000
vt 0.000000 1.690916 0.000000
vt 0.040000 1.521824 0.000000
vt -0.000000 1.521824 0.000000
vt 0.040000 1.352733 0.000000
vt 0.000000 1.352733 0.000000
vt 0.040000 1.183641 0.000000
vt 0.000000 1.183641 0.000000
vt 0.040000 1.014550 0.000000
vt 0.000000 1.014550 0.000000
vt 0.040000 0.845458 0.000000
vt 0.000000 0.845458 0.000000
vt 0.040000 0.676366 0.000000
vt -0.000000 0.676366 0.000000
vt 0.040000 0.507275 0.000000
vt 0.000000 0.507275 0.000000
vt 0.040000 0.338183 0.000000
vt -0.000000 0.338183 0.000000
vt 0.040000 0.169092 0.000000
vt 0.000000 0.169092 0.000000
vt 0.040000 0.000000 0.000000
vt 0.000000 0.000000 0.000000
vt 0.040000 -0.169092 0.000000
vt 0.000000 -0.169092 0.000000
vt 0.040000 -0.338183 0.000000
vt -0.000000 -0.338183 0.000000
vt 0.040000 -0.507275 0.000000
vt 0.000000 -0.507275 0.000000
vt 0.040000 -0.676366 0.000000
vt -0.000000 -0.676366 0.000000
vt 0.040000 -0.845458 0.000000
vt 0.000000 -0.845458 0.000000
vt 0.040000 -1.014550 0.000000
vt -0.000000 -1.014550 0.000000
vt 0.040000 -1.183641 0.000000
vt 0.000000 -1.183641 0.000000
vt 0.040000 -1.352733 0.000000
vt -0.000000 -1.352733 0.000000
vt 0.040000 -1.521824 0.000000
vt 0.000000 -1.521824 0.000000
vt 0.040000 -1.690916 0.000000
vt -0.000000 -1.690916 0.000000
vt 0.040000 -1.860008 0.000000
vt 0.000000 -1.860008 0.000000
vt 0.040000 -2.029099 0.000000
vt 0.000000 -2.029099 0.000000
vt 0.040000 -2.198191 0.000000
vt 0.000000 -2.198191 0.000000
vt 0.040000 -2.367282 0.000000
vt 0.000000 -2.367282 0.000000
vt 0.040000 -2.536374 0.000000
vt 0.000000 -2.536374 0.000000
vt 0.040000 -2.705466 0.000000
vt 0.000000 -2.705466 0.000000
vt 0.040000 -2.874557 0.000000
vt 0.000000 -2.874557 0.000000
vt 0.040000 2.874557 0.000000
vt 0.000000 2.874557 0.000000
vt 0.040000 2.705466 0.000000
vt 0.000000 2.705466 0.000000
vt 0.040000 2.536374 0.000000
vt -0.000000 2.536374 0.000000
vt 0.040000 2.367282 0.000000
vt 0.000000 2.367282 0.000000
vt 0.040000 2.198191 0.000000
vt -0.000000 2.198191 0.000000
vt 0.040000 2.029099 0.000000
vt 0.000000 2.029099 0.000000
vt 0.040000 1.860008 0.000000
vt 0.000000 1.860008 0.000000
vt 0.040000 1.690916 0.000000
vt 0.000000 1.690916 0.000000
vt 0.040000 1.521824 0.000000
vt -0.000000 1.521824 0.000000
vt 0.040000 1.352733 0.000000
vt -0.000000 1.352733 0.000000
vt 0.040000 1.183641 0.000000
vt 0.000000 1.183641 0.000000
vt 0.040000 1.014550 0.000000
vt 0.000000 1.014550 0.000000
vt 0.040000 0.845458 0.000000
vt 0.000000 0.845458 0.000000
vt 0.040000 0.676366 0.000000
vt -0.000000 0.676366 0.000000
vt 0.040000 0.507275 0.000000
vt -0.000000 0.507275 0.000000
vt 0.040000 0.338183 0.000000
vt 0.000000 0.338183 0.000000
vt 0.040000 0.169092 0.000000
vt 0.000000 0.169092 0.000000
vt 0.040000 0.000000 0.000000
vt 0.000000 0.000000 0.000000
vt 0.040000 -0.169092 0.000000
vt 0.000000 -0.169092 0.000000
vt 0.040000 -0.338183 0.000000
vt -0.000000 -0.338183 0.000000
vt 0.040000 -0.507275 0.000000
vt 0.000000 -0.507275 0.000000
vt 0.040000 -0.676366 0.000000
vt -0.000000 -0.676366 0.000000
vt 0.040000 -0.845458 0.000000
vt 0.000000 -0.845458 0.000000
vt 0.040000 -1.014550 0.000000
vt 0.000000 -1.014550 0.000000
vt 0.040000 -1.183641 0.000000
vt 0.000000 -1.183641 0.000000
vt 0.040000 -1.352733 0.000000
vt -0.000000 -1.352733 0.000000
vt 0.040000 -1.521824 0.000000
vt -0.000000 -1.521824 0.000000
vt 0.040000 -1.690916 0.000000
vt 0.000000 -1.690916 0.000000
vt 0.040000 -1.860008 0.000000
vt 0.000000 -1.860008 0.000000
vt 0.040000 -2.029099 0.000000
vt 0.000000 -2.029099 0.000000
vt 0.040000 -2.198191 0.000000
vt 0.000000 -2.198191 0.000000
vt 0.040000 -2.367282 0.000000
vt 0.000000 -2.367282 0.000000
vt 0.040000 -2.536374 0.000000
vt -0.000000 -2.536374 0.000000
vt 0.040000 -0.489565 0.000000
vt -0.000000 -0.489565 0.000000
vt 0.040000 -0.534071 0.000000
vt 0.000000 -0.534071 0.000000
vt 0.040000 0.534071 0.000000
vt 0.000000 0.534071 0.000000
vt 0.040000 0.489565 0.000000
vt -0.000000 0.489565 0.000000
vt 0.040000 0.445059 0.000000
vt 0.000000 0.445059 0.000000
vt 0.040000 0.400553 0.000000
vt -0.000000 0.400553 0.000000
vt 0.040000 0.356047 0.000000
vt -0.000000 0.356047 0.000000
vt 0.040000 0.311541 0.000000
vt -0.000000 0.311541 0.000000
vt 0.040000 0.267035 0.000000
vt 0.000000 0.267035 0.000000
vt 0.040000 0.222529 0.000000
vt -0.000000 0.222529 0.000000
vt 0.040000 0.178024 0.000000
vt -0.000000 0.178024 0.000000
vt 0.040000 0.133518 0.000000
vt -0.000000 0.133518 0.000000
vt 0.040000 0.089012 0.000000
vt 0.000000 0.089012 0.000000
vt 0.040000 0.044506 0.000000
vt -0.000000 0.044506 0.000000
vt 0.040000 0.000000 0.000000
vt 0.000000 0.000000 0.000000
vt 0.040000 -0.044506 0.000000
vt -0.000000 -0.044506 0.000000
vt 0.040000 -0.089012 0.000000
vt 0.000000 -0.089012 0.000000
vt 0.040000 -0.133518 0.000000
vt -0.000000 -0.133518 0.000000
vt 0.040000 -0.178024 0.000000
vt -0.000000 -0.178024 0.000000
vt 0.040000 -0.222529 0.000000
vt -0.000000 -0.222529 0.000000
vt 0.040000 -0.267035 0.000000
vt 0.000000 -0.267035 0.000000
vt 0.040000 -0.311541 0.000000
vt -0.000000 -0.311541 0.000000
vt 0.040000 -0.356047 0.000000
vt -0.000000 -0.356047 0.000000
vt 0.040000 -0.400553 0.000000
vt -0.000000 -0.400553 0.000000
vt 0.040000 -0.445059 0.000000
vt 0.000000 -0.445059 0.000000
vt 0.040000 -0.489565 0.000000
vt -0.000000 -0.489565 0.000000
vt 0.040000 -0.534071 0.000000
vt 0.000000 -0.534071 0.000000
vt 0.040000 0.534071 0.000000
vt 0.000000 0.534071 0.000000
vt 0.040000 0.489565 0.000000
vt -0.000000 0.489565 0.000000
vt 0.040000 0.445059 0.000000
vt 0.000000 0.445059 0.000000
vt 0.040000 0.400553 0.000000
vt 0.000000 0.400553 0.000000
vt 0.040000 0.356047 0.000000
vt -0.000000 0.356047 0.000000
vt 0.040000 0.311541 0.000000
vt 0.000000 0.311541 0.000000
vt 0.040000 0.267035 0.000000
vt 0.000000 0.267035 0.000000
vt 0.040000 0.222529 0.000000
vt 0.000000 0.222529 0.000000
vt 0.040000 0.178024 0.000000
vt -0.000000 0.178024 0.000000
vt 0.040000 0.133518 0.000000
vt 0.000000 0.133518 0.000000
vt 0.040000 0.089012 0.000000
vt 0.000000 0.089012 0.000000
vt 0.040000 0.044506 0.000000
vt -0.000000 0.044506 0.000000
vt 0.040000 0.000000 0.000000
vt 0.000000 0.000000 0.000000
vt 0.040000 -0.044506 0.000000
vt -0.000000 -0.044506 0.000000
vt 0.040000 -0.089012 0.000000
vt 0.000000 -0.089012 0.000000
vt 0.040000 -0.133518 0.000000
vt -0.000000 -0.133518 0.000000
vt 0.040000 -0.178024 0.000000
vt -0.000000 -0.178024 0.000000
vt 0.040000 -0.222529 0.000000
vt 0.000000 -0.222529 0.000000
vt 0.040000 -0.267035 0.000000
vt 0.000000 -0.267035 0.000000
vt 0.040000 -0.311541 0.000000
vt 0.000000 -0.311541 0.000000
vt 0.040000 -0.356047 0.000000
vt -0.000000 -0.356047 0.000000
vt 0.040000 -0.400553 0.000000
vt 0.000000 -0.400553 0.000000
vt 0.040000 -0.445059 0.000000
vt 0.000000 -0.445059 0.000000
vt 0.040000 -0.489565 0.000000
vt -0.000000 -0.489565 0.000000
vt 0.040000 -0.534071 0.000000
vt 0.000000 -0.534071 0.000000
vt 0.040000 0.534071 0.000000
vt 0.000000 0.534071 0.000000
vt 0.040000 0.489565 0.000000
vt -0.000000 0.489565 0.000000
vt 0.040000 0.445059 0.000000
vt 0.000000 0.445059 0.000000
vt 0.040000 0.400553 0.000000
vt 0.000000 0.400553 0.000000
vt 0.040000 0.356047 0.000000
vt -0.000000 0.356047 0.000000
vt 0.040000 0.311541 0.000000
vt 0.000000 0.311541 0.000000
vt 0.040000 0.267035 0.000000
vt 0.000000 0.267035 0.000000
vt 0.040000 0.222529 0.000000
vt 0.000000 0.222529 0.000000
vt 0.040000 0.178024 0.000000
vt -0.000000 0.178024 0.000000
vt 0.040000 0.133518 0.000000
vt 0.000000 0.133518 0.000000
vt 0.040000 0.089012 0.000000
vt 0.000000 0.089012 0.000000
vt 0.040000 0.044506 0.000000
vt -0.000000 0.044506 0.000000
vt 0.040000 0.000000 0.000000
vt 0.000000 0.000000 0.000000
vt 0.040000 -0.044506 0.000000
vt -0.000000 -0.044506 0.000000
vt 0.040000 -0.089012 0.000000
vt 0.000000 -0.089012 0.000000
vt 0.040000 -0.133518 0.000000
vt -0.000000 -0.133518 0.000000
vt 0.040000 -0.178024 0.000000
vt -0.000000 -0.178024 0.000000
vt 0.040000 -0.222529 0.000000
vt 0.000000 -0.222529 0.000000
vt 0.040000 -0.267035 0.000000
vt 0.000000 -0.267035 0.000000
vt 0.040000 -0.311541 0.000000
vt 0.000000 -0.311541 0.000000
vt 0.040000 -0.356047 0.000000
vt -0.000000 -0.356047 0.000000
vt 0.040000 -0.400553 0.000000
vt 0.000000 -0.400553 0.000000
vt 0.040000 -0.445059 0.000000
vt 0.000000 -0.445059 0.000000
vt 0.040000 -0.489565 0.000000
vt -0.000000 -0.489565 0.000000
vt 0.040000 -0.534071 0.000000
vt 0.000000 -0.534071 0.000000
vt 0.040000 0.534071 0.000000
vt 0.000000 0.534071 0.000000
vt 0.040000 0.489565 0.000000
vt -0.000000 0.489565 0.000000
vt 0.040000 0.445059 0.000000
vt 0.000000 0.445059 0.000000
vt 0.040000 0.400553 0.000000
vt 0.000000 0.400553 0.000000
vt 0.040000 0.356047 0.000000
vt -0.000000 0.356047 0.000000
vt 0.040000 0.311541 0.000000
vt 0.000000 0.311541 0.000000
vt 0.040000 0.267035 0.000000
vt 0.000000 0.267035 0.000000
vt 0.040000 0.222529 0.000000
vt 0.000000 0.222529 0.000000
vt 0.040000 0.178024 0.000000
vt -0.000000 0.178024 0.000000
vt 0.040000 0.133518 0.000000
vt 0.000000 0.133518 0.000000
vt 0.040000 0.089012 0.000000
vt 0.000000 0.089012 0.000000
vt 0.040000 0.044506 0.000000
vt -0.000000 0.044506 0.000000
vt 0.040000 0.000000 0.000000
vt 0.000000 0.000000 0.000000
vt 0.040000 -0.044506 0.000000
vt -0.000000 -0.044506 0.000000
vt 0.040000 -0.089012 0.000000
vt 0.000000 -0.089012 0.000000
vt 0.040000 -0.133518 0.000000
vt -0.000000 -0.133518 0.000000
vt 0.040000 -0.178024 0.000000
vt -0.000000 -0.178024 0.000000
vt 0.040000 -0.222529 0.000000
vt 0.000000 -0.222529 0.000000
vt 0.040000 -0.267035 0.000000
vt 0.000000 -0.267035 0.000000
vt 0.040000 -0.311541 0.000000
vt 0.000000 -0.311541 0.000000
vt 0.040000 -0.356047 0.000000
vt -0.000000 -0.356047 0.000000
vt 0.040000 -0.400553 0.000000
vt 0.000000 -0.400553 0.000000
vt 0.040000 -0.445059 0.000000
vt 0.000000 -0.445059 0.000000
vt 0.040000 -2.705466 0.000000
vt 0.000000 -2.705466 0.000000
vt 0.040000 -2.874557 0.000000
vt 0.000000 -2.874557 0.000000
vt 0.040000 2.874557 0.000000
vt 0.000000 2.874557 0.000000
vt 0.040000 2.705466 0.000000
vt 0.000000 2.705466 0.000000
vt 0.040000 2.536374 0.000000
vt 0.000000 2.536374 0.000000
vt 0.040000 2.367282 0.000000
vt 0.000000 2.367282 0.000000
vt 0.040000 2.198191 0.000000
vt 0.000000 2.198191 0.000000
vt 0.040000 2.029099 0.000000
vt 0.000000 2.029099 0.000000
vt 0.040000 1.860008 0.000000
vt 0.000000 1.860008 0.000000
vt 0.040000 1.690916 0.000000
vt 0.000000 1.690916 0.000000
vt 0.040000 1.521824 0.000000
vt -0.000000 1.521824 0.000000
vt 0.040000 1.352733 0.000000
vt 0.000000 1.352733 0.000000
vt 0.040000 1.183641 0.000000
vt 0.000000 1.183641 0.000000
vt 0.040000 1.014550 0.000000
vt 0.000000 1.014550 0.000000
vt 0.040000 0.845458 0.000000
vt 0.000000 0.845458 0.000000
vt 0.040000 0.676366 0.000000
vt -0.000000 0.676366 0.000000
vt 0.040000 0.507275 0.000000
vt 0.000000 0.507275 0.000000
vt 0.040000 0.338183 0.000000
vt -0.000000 0.338183 0.000000
vt 0.040000 0.169092 0.000000
vt 0.000000 0.169092 0.000000
vt 0.040000 0.000000 0.000000
vt 0.000000 0.000000 0.000000
vt 0.040000 -0.169092 0.000000
vt 0.000000 -0.169092 0.000000
vt 0.040000 -0.338183 0.000000
vt -0.000000 -0.338183 0.000000
vt 0.040000 -0.507275 0.000000
vt 0.000000 -0.507275 0.000000
vt 0.040000 -0.676366 0.000000
vt -0.000000 -0.676366 0.000000
vt 0.040000 -0.845458 0.000000
vt 0.000000 -0.845458 0.000000
vt 0.040000 -1.014550 0.000000
vt 0.000000 -1.014550 0.000000
vt 0.040000 -1.183641 0.000000
vt 0.000000 -1.183641 0.000000
vt 0.040000 -1.352733 0.000000
vt -0.000000 -1.352733 0.000000
vt 0.040000 -1.521824 0.000000
vt 0.000000 -1.521824 0.000000
vt 0.040000 -1.690916 0.000000
vt 0.000000 -1.690916 0.000000
vt 0.040000 -1.860008 0.000000
vt 0.000000 -1.860008 0.000000
vt 0.040000 -2.029099 0.000000
vt 0.000000 -2.029099 0.000000
vt 0.040000 -2.198191 0.000000
vt 0.000000 -2.198191 0.000000
vt 0.040000 -2.367282 0.000000
vt 0.000000 -2.367282 0.000000
vt 0.040000 -2.536374 0.000000
vt 0.000000 -2.536374 0.000000
vt 0.040000 -2.705466 0.000000
vt -0.000000 -2.705466 0.000000
vt 0.040000 -2.874557 0.000000
vt 0.000000 -2.874557 0.000000
vt 0.040000 2.874557 0.000000
vt 0.000000 2.874557 0.000000
vt 0.040000 2.705466 0.000000
vt -0.000000 2.705466 0.000000
vt 0.040000 2.536374 0.000000
vt -0.000000 2.536374 0.000000
vt 0.040000 2.367282 0.000000
vt -0.000000 2.367282 0.000000
vt 0.040000 2.198191 0.000000
vt -0.000000 2.198191 0.000000
vt 0.040000 2.029099 0.000000
vt 0.000000 2.029099 0.000000
vt 0.040000 1.860008 0.000000
vt 0.000000 1.860008 0.000000
vt 0.040000 1.690916 0.000000
vt -0.000000 1.690916 0.000000
vt 0.040000 1.521824 0.000000
vt 0.000000 1.521824 0.000000
vt 0.040000 1.352733 0.000000
vt 0.000000 1.352733 0.000000
vt 0.040000 1.183641 0.000000
vt -0.000000 1.183641 0.000000
vt 0.040000 1.014550 0.000000
vt 0.000000 1.014550 0.000000
vt 0.040000 0.845458 0.000000
vt 0.000000 0.845458 0.000000
vt 0.040000 0.676366 0.000000
vt -0.000000 0.676366 0.000000
vt 0.040000 0.507275 0.000000
vt -0.000000 0.507275 0.000000
vt 0.040000 0.338183 0.000000
vt -0.000000 0.338183 0.000000
vt 0.040000 0.169092 0.000000
vt -0.000000 0.169092 0.000000
vt 0.040000 0.000000 0.000000
vt 0.000000 0.000000 0.000000
vt 0.040000 -0.169092 0.000000
vt -0.000000 -0.169092 0.000000
vt 0.040000 -0.338183 0.000000
vt -0.000000 -0.338183 0.000000
vt 0.040000 -0.507275 0.000000
vt -0.000000 -0.507275 0.000000
vt 0.040000 -0.676366 0.000000
vt -0.000000 -0.676366 0.000000
vt 0.040000 -0.845458 0.000000
vt 0.000000 -0.845458 0.000000
vt 0.040000 -1.014550 0.000000
vt 0.000000 -1.014550 0.000000
vt 0.040000 -1.183641 0.000000
vt -0.000000 -1.183641 0.000000
vt 0.040000 -1.352733 0.000000
vt 0.000000 -1.352733 0.000000
vt 0.040000 -1.521824 0.000000
vt 0.000000 -1.521824 0.000000
vt 0.040000 -1.690916 0.000000
vt -0.000000 -1.690916 0.000000
vt 0.040000 -1.860008 0.000000
vt 0.000000 -1.860008 0.000000
vt 0.040000 -2.029099 0.000000
vt 0.000000 -2.029099 0.000000
vt 0.040000 -2.198191 0.000000
vt -0.000000 -2.198191 0.000000
vt 0.040000 -2.367282 0.000000
vt -0.000000 -2.367282 0.000000
vt 0.040000 -2.536374 0.000000
vt -0.000000 -2.536374 0.000000
vt 0.040000 -0.489565 0.000000
vt -0.000000 -0.489565 0.000000
vt 0.040000 -0.534071 0.000000
vt 0.000000 -0.534071 0.000000
vt 0.040000 0.534071 0.000000
vt 0.000000 0.534071 0.000000
vt 0.040000 0.489565 0.000000
vt -0.000000 0.489565 0.000000
vt 0.040000 0.445059 0.000000
vt 0.000000 0.445059 0.000000
vt 0.040000 0.400553 0.000000
vt 0.000000 0.400553 0.000000
vt 0.040000 0.356047 0.000000
vt -0.000000 0.356047 0.000000
vt 0.040000 0.311541 0.000000
vt 0.000000 0.311541 0.000000
vt 0.040000 0.267035 0.000000
vt 0.000000 0.267035 0.000000
vt 0.040000 0.222529 0.000000
vt 0.000000 0.222529 0.000000
vt 0.040000 0.178024 0.000000
vt -0.000000 0.178024 0.000000
vt 0.040000 0.133518 0.000000
vt 0.000000 0.133518 0.000000
vt 0.040000 0.089012 0.000000
vt 0.000000 0.089012 0.000000
vt 0.040000 0.044506 0.000000
vt -0.000000 0.044506 0.000000
vt 0.040000 0.000000 0.000000
vt 0.000000 0.000000 0.000000
vt 0.040000 -0.044506 0.000000
vt -0.000000 -0.044506 0.000000
vt 0.040000 -0.089012 0.000000
vt 0.000000 -0.089012 0.000000
vt 0.040000 -0.133518 0.000000
vt -0.000000 -0.133518 0.000000
vt 0.040000 -0.178024 0.000000
vt -0.000000 -0.178024 0.000000
vt 0.040000 -0.222529 0.000000
vt 0.000000 -0.222529 0.000000
vt 0.040000 -0.267035 0.000000
vt 0.000000 -0.267035 0.000000
vt 0.040000 -0.311541 0.000000
vt 0.000000 -0.311541 0.000000
vt 0.040000 -0.356047 0.000000
vt -0.000000 -0.356047 0.000000
vt 0.040000 -0.400553 0.000000
vt 0.000000 -0.400553 0.000000
vt 0.040000 -0.445059 0.000000
vt 0.000000 -0.445059 0.000000
vt 0.040000 -2.705466 0.000000
vt 0.000000 -2.705466 0.000000
vt 0.040000 -2.874557 0.000000
vt 0.000000 -2.874557 0.000000
vt 0.040000 2.874557 0.000000
vt 0.000000 2.874557 0.000000
vt 0.040000 2.705466 0.000000
vt 0.000000 2.705466 0.000000
vt 0.040000 2.536374 0.000000
vt 0.000000 2.536374 0.000000
vt 0.040000 2.367282 0.000000
vt 0.000000 2.367282 0.000000
vt 0.040000 2.198191 0.000000
vt 0.000000 2.198191 0.000000
vt 0.040000 2.029099 0.000000
vt -0.000000 2.029099 0.000000
vt 0.040000 1.860008 0.000000
vt 0.000000 1.860008 0.000000
vt 0.040000 1.690916 0.000000
vt 0.000000 1.690916 0.000000
vt 0.040000 1.521824 0.000000
vt 0.000000 1.521824 0.000000
vt 0.040000 1.352733 0.000000
vt 0.000000 1.352733 0.000000
vt 0.040000 1.183641 0.000000
vt -0.000000 1.183641 0.000000
vt 0.040000 1.014550 0.000000
vt 0.000000 1.014550 0.000000
vt 0.040000 0.845458 0.000000
vt -0.000000 0.845458 0.000000
vt 0.040000 0.676366 0.000000
vt 0.000000 0.676366 0.000000
vt 0.040000 0.507275 0.000000
vt 0.000000 0.507275 0.000000
vt 0.040000 0.338183 0.000000
vt 0.000000 0.338183 0.000000
vt 0.040000 0.169092 0.000000
vt 0.000000 0.169092 0.000000
vt 0.040000 0.000000 0.000000
vt 0.000000 0.000000 0.000000
vt 0.040000 -0.169092 0.000000
vt 0.000000 -0.169092 0.000000
vt 0.040000 -0.338183 0.000000
vt 0.000000 -0.338183 0.000000
vt 0.040000 -0.507275 0.000000
vt 0.000000 -0.507275 0.000000
vt 0.040000 -0.676366 0.000000
vt -0.000000 -0.676366 0.000000
vt 0.040000 -0.845458 0.000000
vt -0.000000 -0.845458 0.000000
vt 0.040000 -1.014550 0.000000
vt 0.000000 -1.014550 0.000000
vt 0.040000 -1.183641 0.000000
vt -0.000000 -1.183641 0.000000
vt 0.040000 -1.352733 0.000000
vt 0.000000 -1.352733 0.000000
vt 0.040000 -1.521824 0.000000
vt 0.000000 -1.521824 0.000000
vt 0.040000 -1.690916 0.000000
vt -0.000000 -1.690916 0.000000
vt 0.040000 -1.860008 0.000000
vt 0.000000 -1.860008 0.000000
vt 0.040000 -2.029099 0.000000
vt -0.000000 -2.029099 0.000000
vt 0.040000 -2.198191 0.000000
vt 0.000000 -2.198191 0.000000
vt 0.040000 -2.367282 0.000000
vt 0.000000 -2.367282 0.000000
vt 0.040000 -2.536374 0.000000
vt 0.000000 -2.536374 0.000000
vt 0.040000 -2.705466 0.000000
vt 0.000000 -2.705466 0.000000
vt 0.040000 -2.874557 0.000000
vt 0.000000 -2.874557 0.000000
vt 0.040000 2.874557 0.000000
vt 0.000000 2.874557 0.000000
vt 0.040000 2.705466 0.000000
vt 0.000000 2.705466 0.000000
vt 0.040000 2.536374 0.000000
vt 0.000000 2.536374 0.000000
vt 0.040000 2.367282 0.000000
vt 0.000000 2.367282 0.000000
vt 0.040000 2.198191 0.000000
vt -0.000000 2.198191 0.000000
vt 0.040000 2.029099 0.000000
vt 0.000000 2.029099 0.000000
vt 0.040000 1.860008 0.000000
vt -0.000000 1.860008 0.000000
vt 0.040000 1.690916 0.000000
vt -0.000000 1.690916 0.000000
vt 0.040000 1.521824 0.000000
vt 0.000000 1.521824 0.000000
vt 0.040000 1.352733 0.000000
vt 0.000000 1.352733 0.000000
vt 0.040000 1.183641 0.000000
vt -0.000000 1.183641 0.000000
vt 0.040000 1.014550 0.000000
vt -0.000000 1.014550 0.000000
vt 0.040000 0.845458 0.000000
vt 0.000000 0.845458 0.000000
vt 0.040000 0.676366 0.000000
vt -0.000000 0.676366 0.000000
vt 0.040000 0.507275 0.000000
vt 0.000000 0.507275 0.000000
vt 0.040000 0.338183 0.000000
vt 0.000000 0.338183 0.000000
vt 0.040000 0.169092 0.000000
vt 0.000000 0.169092 0.000000
vt 0.040000 0.000000 0.000000
vt 0.000000 0.000000 0.000000
vt 0.040000 -0.169092 0.000000
vt 0.000000 -0.169092 0.000000
vt 0.040000 -0.338183 0.000000
vt 0.000000 -0.338183 0.000000
vt 0.040000 -0.507275 0.000000
vt 0.000000 -0.507275 0.000000
vt 0.040000 -0.676366 0.000000
vt -0.000000 -0.676366 0.000000
vt 0.040000 -0.845458 0.000000
vt 0.000000 -0.845458 0.000000
vt 0.040000 -1.014550 0.000000
vt 0.000000 -1.014550 0.000000
vt 0.040000 -1.183641 0.000000
vt -0.000000 -1.183641 0.000000
vt 0.040000 -1.352733 0.000000
vt 0.000000 -1.352733 0.000000
vt 0.040000 -1.521824 0.000000
vt 0.000000 -1.521824 0.000000
vt 0.040000 -1.690916 0.000000
vt -0.000000 -1.690916 0.000000
vt 0.040000 -1.860008 0.000000
vt -0.000000 -1.860008 0.000000
vt 0.040000 -2.029099 0.000000
vt 0.000000 -2.029099 0.000000
vt 0.040000 -2.198191 0.000000
vt -0.000000 -2.198191 0.000000
vt 0.040000 -2.367282 0.000000
vt 0.000000 -2.367282 0.000000
vt 0.040000 -2.536374 0.000000
vt 0.000000 -2.536374 0.000000
vt 0.040000 -0.489565 0.000000
vt -0.000000 -0.489565 0.000000
vt 0.040000 -0.534071 0.000000
vt 0.000000 -0.534071 0.000000
vt 0.040000 0.534071 0.000000
vt 0.000000 0.534071 0.000000
vt 0.040000 0.489565 0.000000
vt -0.000000 0.489565 0.000000
vt 0.040000 0.445059 0.000000
vt 0.000000 0.445059 0.000000
vt 0.040000 0.400553 0.000000
vt 0.000000 0.400553 0.000000
vt 0.040000 0.356047 0.000000
vt -0.000000 0.356047 0.000000
vt 0.040000 0.311541 0.000000
vt 0.000000 0.311541 0.000000
vt 0.040000 0.267035 0.000000
vt 0.000000 0.267035 0.000000
vt 0.040000 0.222529 0.000000
vt 0.000000 0.222529 0.000000
vt 0.040000 0.178024 0.000000
vt -0.000000 0.178024 0.000000
vt 0.040000 0.133518 0.000000
vt 0.000000 0.133518 0.000000
vt 0.040000 0.089012 0.000000
vt 0.000000 0.089012 0.000000
vt 0.040000 0.044506 0.000000
vt -0.000000 0.044506 0.000000
vt 0.040000 0.000000 0.000000
vt 0.000000 0.000000 0.000000
vt 0.040000 -0.044506 0.000000
vt -0.000000 -0.044506 0.000000
vt 0.040000 -0.089012 0.000000
vt 0.000000 -0.089012 0.000000
vt 0.040000 -0.133518 0.000000
vt -0.000000 -0.133518 0.000000
vt 0.040000 -0.178024 0.000000
vt -0.000000 -0.178024 0.000000
vt 0.040000 -0.222529 0.000000
vt 0.000000 -0.222529 0.000000
vt 0.040000 -0.267035 0.000000
vt 0.000000 -0.267035 0.000000
vt 0.040000 -0.311541 0.000000
vt 0.000000 -0.311541 0.000000
vt 0.040000 -0.356047 0.000000
vt -0.000000 -0.356047 0.000000
vt 0.040000 -0.400553 0.000000
vt 0.000000 -0.400553 0.000000
vt 0.040000 -0.445059 0.000000
vt 0.000000 -0.445059 0.000000
vt 0.040000 -2.705466 0.000000
vt -0.000000 -2.705466 0.000000
vt 0.040000 -2.874557 0.000000
vt 0.000000 -2.874557 0.000000
vt 0.040000 2.874557 0.000000
vt 0.000000 2.874557 0.000000
vt 0.040000 2.705466 0.000000
vt -0.000000 2.705466 0.000000
vt 0.040000 2.536374 0.000000
vt -0.000000 2.536374 0.000000
vt 0.040000 2.367282 0.000000
vt -0.000000 2.367282 0.000000
vt 0.040000 2.198191 0.000000
vt -0.000000 2.198191 0.000000
vt 0.040000 2.029099 0.000000
vt 0.000000 2.029099 0.000000
vt 0.040000 1.860008 0.000000
vt 0.000000 1.860008 0.000000
vt 0.040000 1.690916 0.000000
vt -0.000000 1.690916 0.000000
vt 0.040000 1.521824 0.000000
vt -0.000000 1.521824 0.000000
vt 0.040000 1.352733 0.000000
vt 0.000000 1.352733 0.000000
vt 0.040000 1.183641 0.000000
vt -0.000000 1.183641 0.000000
vt 0.040000 1.014550 0.000000
vt 0.000000 1.014550 0.000000
vt 0.040000 0.845458 0.000000
vt 0.000000 0.845458 0.000000
vt 0.040000 0.676366 0.000000
vt -0.000000 0.676366 0.000000
vt 0.040000 0.507275 0.000000
vt -0.000000 0.507275 0.000000
vt 0.040000 0.338183 0.000000
vt -0.000000 0.338183 0.000000
vt 0.040000 0.169092 0.000000
vt -0.000000 0.169092 0.000000
vt 0.040000 0.000000 0.000000
vt 0.000000 0.000000 0.000000
vt 0.040000 -0.169092 0.000000
vt -0.000000 -0.169092 0.000000
vt 0.040000 -0.338183 0.000000
vt -0.000000 -0.338183 0.000000
vt 0.040000 -0.507275 0.000000
vt -0.000000 -0.507275 0.000000
vt 0.040000 -0.676366 0.000000
vt -0.000000 -0.676366 0.000000
vt 0.040000 -0.845458 0.000000
vt 0.000000 -0.845458 0.000000
vt 0.040000 -1.014550 0.000000
vt 0.000000 -1.014550 0.000000
vt 0.040000 -1.183641 0.000000
vt -0.000000 -1.183641 0.000000
vt 0.040000 -1.352733 0.000000
vt -0.000000 -1.352733 0.000000
vt 0.040000 -1.521824 0.000000
vt -0.000000 -1.521824 0.000000
vt 0.040000 -1.690916 0.000000
vt -0.000000 -1.690916 0.000000
vt 0.040000 -1.860008 0.000000
vt 0.000000 -1.860008 0.000000
vt 0.040000 -2.029099 0.000000
vt 0.000000 -2.029099 0.000000
vt 0.040000 -2.198191 0.000000
vt -0.000000 -2.198191 0.000000
vt 0.040000 -2.367282 0.000000
vt -0.000000 -2.367282 0.000000
vt 0.040000 -2.536374 0.000000
vt -0.000000 -2.536374 0.000000
vt 0.040000 -0.489565 0.000000
vt -0.000000 -0.489565 0.000000
vt 0.040000 -0.534071 0.000000
vt 0.000000 -0.534071 0.000000
vt 0.040000 0.534071 0.000000
vt 0.000000 0.534071 0.000000
vt 0.040000 0.489565 0.000000
vt -0.000000 0.489565 0.000000
vt 0.040000 0.445059 0.000000
vt 0.000000 0.445059 0.000000
vt 0.040000 0.400553 0.000000
vt -0.000000 0.400553 0.000000
vt 0.040000 0.356047 0.000000
vt -0.000000 0.356047 0.000000
vt 0.040000 0.311541 0.000000
vt 0.000000 0.311541 0.000000
vt 0.040000 0.267035 0.000000
vt 0.000000 0.267035 0.000000
vt 0.040000 0.222529 0.000000
vt 0.000000 0.222529 0.000000
vt 0.040000 0.178024 0.000000
vt -0.000000 0.178024 0.000000
vt 0.040000 0.133518 0.000000
vt -0.000000 0.133518 0.000000
vt 0.040000 0.089012 0.000000
vt 0.000000 0.089012 0.000000
vt 0.040000 0.044506 0.000000
vt -0.000000 0.044506 0.000000
vt 0.040000 0.000000 0.000000
vt 0.000000 0.000000 0.000000
vt 0.040000 -0.044506 0.000000
vt -0.000000 -0.044506 0.000000
vt 0.040000 -0.089012 0.000000
vt 0.000000 -0.089012 0.000000
vt 0.040000 -0.133518 0.000000
vt -0.000000 -0.133518 0.000000
vt 0.040000 -0.178024 0.000000
vt -0.000000 -0.178024 0.000000
vt 0.040000 -0.222529 0.000000
vt 0.000000 -0.222529 0.000000
vt 0.040000 -0.267035 0.000000
vt 0.000000 -0.267035 0.000000
vt 0.040000 -0.311541 0.000000
vt 0.000000 -0.311541 0.000000
vt 0.040000 -0.356047 0.000000
vt -0.000000 -0.356047 0.000000
vt 0.040000 -0.400553 0.000000
vt -0.000000 -0.400553 0.000000
vt 0.040000 -0.445059 0.000000
vt 0.000000 -0.445059 0.000000
vt 0.040000 -2.705466 0.000000
vt 0.000000 -2.705466 0.000000
vt 0.040000 -2.874557 0.000000
vt 0.000000 -2.874557 0.000000
vt 0.040000 2.874557 0.000000
vt 0.000000 2.874557 0.000000
vt 0.040000 2.705466 0.000000
vt 0.000000 2.705466 0.000000
vt 0.040000 2.536374 0.000000
vt 0.000000 2.536374 0.000000
vt 0.040000 2.367282 0.000000
vt 0.000000 2.367282 0.000000
vt 0.040000 2.198191 0.000000
vt -0.000000 2.198191 0.000000
vt 0.040000 2.029099 0.000000
vt 0.000000 2.029099 0.000000
vt 0.040000 1.860008 0.000000
vt -0.000000 1.860008 0.000000
vt 0.040000 1.690916 0.000000
vt -0.000000 1.690916 0.000000
vt 0.040000 1.521824 0.000000
vt 0.000000 1.521824 0.000000
vt 0.040000 1.352733 0.000000
vt 0.000000 1.352733 0.000000
vt 0.040000 1.183641 0.000000
vt -0.000000 1.183641 0.000000
vt 0.040000 1.014550 0.000000
vt -0.000000 1.014550 0.000000
vt 0.040000 0.845458 0.000000
vt 0.000000 0.845458 0.000000
vt 0.040000 0.676366 0.000000
vt -0.000000 0.676366 0.000000
vt 0.040000 0.507275 0.000000
vt 0.000000 0.507275 0.000000
vt 0.040000 0.338183 0.000000
vt 0.000000 0.338183 0.000000
vt 0.040000 0.169092 0.000000
vt 0.000000 0.169092 0.000000
vt 0.040000 0.000000 0.000000
vt 0.000000 0.000000 0.000000
vt 0.040000 -0.169092 0.000000
vt 0.000000 -0.169092 0.000000
vt 0.040000 -0.338183 0.000000
vt 0.000000 -0.338183 0.000000
vt 0.040000 -0.507275 0.000000
vt 0.000000 -0.507275 0.000000
vt 0.040000 -0.676366 0.000000
vt -0.000000 -0.676366 0.000000
vt 0.040000 -0.845458 0.000000
vt 0.000000 -0.845458 0.000000
vt 0.040000 -1.014550 0.000000
vt 0.000000 -1.014550 0.000000
vt 0.040000 -1.183641 0.000000
vt -0.000000 -1.183641 0.000000
vt 0.040000 -1.352733 0.000000
vt 0.000000 -1.352733 0.000000
vt 0.040000 -1.521824 0.000000
vt 0.000000 -1.521824 0.000000
vt 0.040000 -1.690916 0.000000
vt -0.000000 -1.690916 0.000000
vt 0.040000 -1.860008 0.000000
vt -0.000000 -1.860008 0.000000
vt 0.040000 -2.029099 0.000000
vt 0.000000 -2.029099 0.000000
vt 0.040000 -2.198191 0.000000
vt -0.000000 -2.198191 0.000000
vt 0.040000 -2.367282 0.000000
vt 0.000000 -2.367282 0.000000
vt 0.040000 -2.536374 0.000000
vt 0.000000 -2.536374 0.000000
vt 0.040000 -2.705466 0.000000
vt 0.000000 -2.705466 0.000000
vt 0.040000 -2.874557 0.000000
vt 0.000000 -2.874557 0.000000
vt 0.040000 2.874557 0.000000
vt 0.000000 2.874557 0.000000
vt 0.040000 2.705466 0.000000
vt 0.000000 2.705466 0.000000
vt 0.040000 2.536374 0.000000
vt 0.000000 2.536374 0.000000
vt 0.040000 2.367282 0.000000
vt 0.000000 2.367282 0.000000
vt 0.040000 2.198191 0.000000
vt -0.000000 2.198191 0.000000
vt 0.040000 2.029099 0.000000
vt -0.000000 2.029099 0.000000
vt 0.040000 1.860008 0.000000
vt 0.000000 1.860008 0.000000
vt 0.040000 1.690916 0.000000
vt 0.000000 1.690916 0.000000
vt 0.040000 1.521824 0.000000
vt -0.000000 1.521824 0.000000
vt 0.040000 1.352733 0.000000
vt -0.000000 1.352733 0.000000
vt 0.040000 1.183641 0.000000
vt -0.000000 1.183641 0.000000
vt 0.040000 1.014550 0.000000
vt 0.000000 1.014550 0.000000
vt 0.040000 0.845458 0.000000
vt -0.000000 0.845458 0.000000
vt 0.040000 0.676366 0.000000
vt 0.000000 0.676366 0.000000
vt 0.040000 0.507275 0.000000
vt 0.000000 0.507275 0.000000
vt 0.040000 0.338183 0.000000
vt 0.000000 0.338183 0.000000
vt 0.040000 0.169092 0.000000
vt 0.000000 0.169092 0.000000
vt 0.040000 0.000000 0.000000
vt 0.000000 0.000000 0.000000
vt 0.040000 -0.169092 0.000000
vt 0.000000 -0.169092 0.000000
vt 0.040000 -0.338183 0.000000
vt 0.000000 -0.338183 0.000000
vt 0.040000 -0.507275 0.000000
vt 0.000000 -0.507275 0.000000
vt 0.040000 -0.676366 0.000000
vt 0.000000 -0.676366 0.000000
vt 0.040000 -0.845458 0.000000
vt -0.000000 -0.845458 0.000000
vt 0.040000 -1.014550 0.000000
vt 0.000000 -1.014550 0.000000
vt 0.040000 -1.183641 0.000000
vt -0.000000 -1.183641 0.000000
vt 0.040000 -1.352733 0.000000
vt -0.000000 -1.352733 0.000000
vt 0.040000 -1.521824 0.000000
vt -0.000000 -1.521824 0.000000
vt 0.040000 -1.690916 0.000000
vt -0.000000 -1.690916 0.000000
vt 0.040000 -1.860008 0.000000
vt 0.000000 -1.860008 0.000000
vt 0.040000 -2.029099 0.000000
vt -0.000000 -2.029099 0.000000
vt 0.040000 -2.198191 0.000000
vt 0.000000 -2.198191 0.000000
vt 0.040000 -2.367282 0.000000
vt 0.000000 -2.367282 0.000000
vt 0.040000 -2.536374 0.000000
vt 0.000000 -2.536374 0.000000
vt 0.040000 -0.489565 0.000000
vt 0.000000 -0.489565 0.000000
vt 0.040000 -0.534071 0.000000
vt 0.000000 -0.534071 0.000000
vt 0.040000 0.534071 0.000000
vt 0.000000 0.534071 0.000000
vt 0.040000 0.489565 0.000000
vt 0.000000 0.489565 0.000000
vt 0.040000 0.445059 0.000000
vt 0.000000 0.445059 0.000000
vt 0.040000 0.400553 0.000000
vt 0.000000 0.400553 0.000000
vt 0.040000 0.356047 0.000000
vt 0.000000 0.356047 0.000000
vt 0.040000 0.311541 0.000000
vt 0.000000 0.311541 0.000000
vt 0.040000 0.267035 0.000000
vt 0.000000 0.267035 0.000000
vt 0.040000 0.222529 0.000000
vt 0.000000 0.222529 0.000000
vt 0.040000 0.178024 0.000000
vt -0.000000 0.178024 0.000000
vt 0.040000 0.133518 0.000000
vt 0.000000 0.133518 0.000000
vt 0.040000 0.089012 0.000000
vt 0.000000 0.089012 0.000000
vt 0.040000 0.044506 0.000000
vt 0.000000 0.044506 0.000000
vt 0.040000 0.000000 0.000000
vt 0.000000 0.000000 0.000000
vt 0.040000 -0.044506 0.000000
vt 0.000000 -0.044506 0.000000
vt 0.040000 -0.089012 0.000000
vt 0.000000 -0.089012 0.000000
vt 0.040000 -0.133518 0.000000
vt 0.000000 -0.133518 0.000000
vt 0.040000 -0.178024 0.000000
vt 0.000000 -0.178024 0.000000
vt 0.040000 -0.222529 0.000000
vt 0.000000 -0.222529 0.000000
vt 0.040000 -0.267035 0.000000
vt 0.000000 -0.267035 0.000000
vt 0.040000 -0.311541 0.000000
vt 0.000000 -0.311541 0.000000
vt 0.040000 -0.356047 0.000000
vt -0.000000 -0.356047 0.000000
vt 0.040000 -0.400553 0.000000
vt 0.000000 -0.400553 0.000000
vt 0.040000 -0.445059 0.000000
vt 0.000000 -0.445059 0.000000
vt 0.040000 -2.705466 0.000000
vt -0.000000 -2.705466 0.000000
vt 0.040000 -2.874557 0.000000
vt 0.000000 -2.874557 0.000000
vt 0.040000 2.874557 0.000000
vt 0.000000 2.874557 0.000000
vt 0.040000 2.705466 0.000000
vt 0.000000 2.705466 0.000000
vt 0.040000 2.536374 0.000000
vt 0.000000 2.536374 0.000000
vt 0.040000 2.367282 0.000000
vt 0.000000 2.367282 0.000000
vt 0.040000 2.198191 0.000000
vt -0.000000 2.198191 0.000000
vt 0.040000 2.029099 0.000000
vt 0.000000 2.029099 0.000000
vt 0.040000 1.860008 0.000000
vt 0.000000 1.860008 0.000000
vt 0.040000 1.690916 0.000000
vt 0.000000 1.690916 0.000000
vt 0.040000 1.521824 0.000000
vt -0.000000 1.521824 0.000000
vt 0.040000 1.352733 0.000000
vt -0.000000 1.352733 0.000000
vt 0.040000 1.183641 0.000000
vt 0.000000 1.183641 0.000000
vt 0.040000 1.014550 0.000000
vt 0.000000 1.014550 0.000000
vt 0.040000 0.845458 0.000000
vt -0.000000 0.845458 0.000000
vt 0.040000 0.676366 0.000000
vt -0.000000 0.676366 0.000000
vt 0.040000 0.507275 0.000000
vt 0.000000 0.507275 0.000000
vt 0.040000 0.338183 0.000000
vt 0.000000 0.338183 0.000000
vt 0.040000 0.169092 0.000000
vt 0.000000 0.169092 0.000000
vt 0.040000 0.000000 0.000000
vt 0.000000 0.000000 0.000000
vt 0.040000 -0.169092 0.000000
vt 0.000000 -0.169092 0.000000
vt 0.040000 -0.338183 0.000000
vt -0.000000 -0.338183 0.000000
vt 0.040000 -0.507275 0.000000
vt 0.000000 -0.507275 0.000000
vt 0.040000 -0.676366 0.000000
vt -0.000000 -0.676366 0.000000
vt 0.040000 -0.845458 0.000000
vt -0.000000 -0.845458 0.000000
vt 0.040000 -1.014550 0.000000
vt 0.000000 -1.014550 0.000000
vt 0.040000 -1.183641 0.000000
vt 0.000000 -1.183641 0.000000
vt 0.040000 -1.352733 0.000000
vt -0.000000 -1.352733 0.000000
vt 0.040000 -1.521824 0.000000
vt -0.000000 -1.521824 0.000000
vt 0.040000 -1.690916 0.000000
vt 0.000000 -1.690916 0.000000
vt 0.040000 -1.860008 0.000000
vt -0.000000 -1.860008 0.000000
vt 0.040000 -2.029099 0.000000
vt 0.000000 -2.029099 0.000000
vt 0.040000 -2.198191 0.000000
vt 0.000000 -2.198191 0.000000
vt 0.040000 -2.367282 0.000000
vt 0.000000 -2.367282 0.000000
vt 0.040000 -2.536374 0.000000
vt 0.000000 -2.536374 0.000000
vt 0.040000 -2.705466 0.000000
vt 0.000000 -2.705466 0.000000
vt 0.040000 -2.874557 0.000000
vt 0.000000 -2.874557 0.000000
vt 0.040000 2.874557 0.000000
vt 0.000000 2.874557 0.000000
vt 0.040000 2.705466 0.000000
vt 0.000000 2.705466 0.000000
vt 0.040000 2.536374 0.000000
vt 0.000000 2.536374 0.000000
vt 0.040000 2.367282 0.000000
vt 0.000000 2.367282 0.000000
vt 0.040000 2.198191 0.000000
vt -0.000000 2.198191 0.000000
vt 0.040000 2.029099 0.000000
vt 0.000000 2.029099 0.000000
vt 0.040000 1.860008 0.000000
vt 0.000000 1.860008 0.000000
vt 0.040000 1.690916 0.000000
vt 0.000000 1.690916 0.000000
vt 0.040000 1.521824 0.000000
vt -0.000000 1.521824 0.000000
vt 0.040000 1.352733 0.000000
vt 0.000000 1.352733 0.000000
vt 0.040000 1.183641 0.000000
vt 0.000000 1.183641 0.000000
vt 0.040000 1.014550 0.000000
vt 0.000000 1.014550 0.000000
vt 0.040000 0.845458 0.000000
vt 0.000000 0.845458 0.000000
vt 0.040000 0.676366 0.000000
vt 0.000000 0.676366 0.000000
vt 0.040000 0.507275 0.000000
vt 0.000000 0.507275 0.000000
vt 0.040000 0.338183 0.000000
vt 0.000000 0.338183 0.000000
vt 0.040000 0.169092 0.000000
vt 0.000000 0.169092 0.000000
vt 0.040000 0.000000 0.000000
vt 0.000000 0.000000 0.000000
vt 0.040000 -0.169092 0.000000
vt 0.000000 -0.169092 0.000000
vt 0.040000 -0.338183 0.000000
vt 0.000000 -0.338183 0.000000
vt 0.040000 -0.507275 0.000000
vt 0.000000 -0.507275 0.000000
vt 0.040000 -0.676366 0.000000
vt 0.000000 -0.676366 0.000000
vt 0.040000 -0.845458 0.000000
vt 0.000000 -0.845458 0.000000
vt 0.040000 -1.014550 0.000000
vt 0.000000 -1.014550 0.000000
vt 0.040000 -1.183641 0.000000
vt 0.000000 -1.183641 0.000000
vt 0.040000 -1.352733 0.000000
vt -0.000000 -1.352733 0.000000
vt 0.040000 -1.521824 0.000000
vt -0.000000 -1.521824 0.000000
vt 0.040000 -1.690916 0.000000
vt 0.000000 -1.690916 0.000000
vt 0.040000 -1.860008 0.000000
vt 0.000000 -1.860008 0.000000
vt 0.040000 -2.029099 0.000000
vt 0.000000 -2.029099 0.000000
vt 0.040000 -2.198191 0.000000
vt 0.000000 -2.198191 0.000000
vt 0.040000 -2.367282 0.000000
vt 0.000000 -2.367282 0.000000
vt 0.040000 -2.536374 0.000000
vt 0.000000 -2.536374 0.000000
vt 0.040000 -0.489565 0.000000
vt -0.000000 -0.489565 0.000000
vt 0.040000 -0.534071 0.000000
vt 0.000000 -0.534071 0.000000
vt 0.040000 0.534071 0.000000
vt 0.000000 0.534071 0.000000
vt 0.040000 0.489565 0.000000
vt -0.000000 0.489565 0.000000
vt 0.040000 0.445059 0.000000
vt 0.000000 0.445059 0.000000
vt 0.040000 0.400553 0.000000
vt 0.000000 0.400553 0.000000
vt 0.040000 0.356047 0.000000
vt -0.000000 0.356047 0.000000
vt 0.040000 0.311541 0.000000
vt 0.000000 0.311541 0.000000
vt 0.040000 0.267035 0.000000
vt 0.000000 0.267035 0.000000
vt 0.040000 0.222529 0.000000
vt 0.000000 0.222529 0.000000
vt 0.040000 0.178024 0.000000
vt -0.000000 0.178024 0.000000
vt 0.040000 0.133518 0.000000
vt 0.000000 0.133518 0.000000
vt 0.040000 0.089012 0.000000
vt 0.000000 0.089012 0.000000
vt 0.040000 0.044506 0.000000
vt -0.000000 0.044506 0.000000
vt 0.040000 0.000000 0.000000
vt 0.000000 0.000000 0.000000
vt 0.040000 -0.044506 0.000000
vt -0.000000 -0.044506 0.000000
vt 0.040000 -0.089012 0.000000
vt 0.000000 -0.089012 0.000000
vt 0.040000 -0.133518 0.000000
vt -0.000000 -0.133518 0.000000
vt 0.040000 -0.178024 0.000000
vt -0.000000 -0.178024 0.000000
vt 0.040000 -0.222529 0.000000
vt 0.000000 -0.222529 0.000000
vt 0.040000 -0.267035 0.000000
vt 0.000000 -0.267035 0.000000
vt 0.040000 -0.311541 0.000000
vt 0.000000 -0.311541 0.000000
vt 0.040000 -0.356047 0.000000
vt -0.000000 -0.356047 0.000000
vt 0.040000 -0.400553 0.000000
vt 0.000000 -0.400553 0.000000
vt 0.040000 -0.445059 0.000000
vt 0.000000 -0.445059 0.000000
vt 0.040000 -2.705466 0.000000
vt 0.000000 -2.705466 0.000000
vt 0.040000 -2.874557 0.000000
vt 0.000000 -2.874557 0.000000
vt 0.040000 2.874557 0.000000
vt 0.000000 2.874557 0.000000
vt 0.040000 2.705466 0.000000
vt -0.000000 2.705466 0.000000
vt 0.040000 2.536374 0.000000
vt 0.000000 2.536374 0.000000
vt 0.040000 2.367282 0.000000
vt -0.000000 2.367282 0.000000
vt 0.040000 2.198191 0.000000
vt 0.000000 2.198191 0.000000
vt 0.040000 2.029099 0.000000
vt -0.000000 2.029099 0.000000
vt 0.040000 1.860008 0.000000
vt -0.000000 1.860008 0.000000
vt 0.040000 1.690916 0.000000
vt 0.000000 1.690916 0.000000
vt 0.040000 1.521824 0.000000
vt 0.000000 1.521824 0.000000
vt 0.040000 1.352733 0.000000
vt 0.000000 1.352733 0.000000
vt 0.040000 1.183641 0.000000
vt -0.000000 1.183641 0.000000
vt 0.040000 1.014550 0.000000
vt -0.000000 1.014550 0.000000
vt 0.040000 0.845458 0.000000
vt -0.000000 0.845458 0.000000
vt 0.040000 0.676366 0.000000
vt 0.000000 0.676366 0.000000
vt 0.040000 0.507275 0.000000
vt 0.000000 0.507275 0.000000
vt 0.040000 0.338183 0.000000
vt 0.000000 0.338183 0.000000
vt 0.040000 0.169092 0.000000
vt 0.000000 0.169092 0.000000
vt 0.040000 0.000000 0.000000
vt 0.000000 0.000000 0.000000
vt 0.040000 -0.169092 0.000000
vt 0.000000 -0.169092 0.000000
vt 0.040000 -0.338183 0.000000
vt -0.000000 -0.338183 0.000000
vt 0.040000 -0.507275 0.000000
vt 0.000000 -0.507275 0.000000
vt 0.040000 -0.676366 0.000000
vt 0.000000 -0.676366 0.000000
vt 0.040000 -0.845458 0.000000
vt 0.000000 -0.845458 0.000000
vt 0.040000 -1.014550 0.000000
vt 0.000000 -1.014550 0.000000
vt 0.040000 -1.183641 0.000000
vt -0.000000 -1.183641 0.000000
vt 0.040000 -1.352733 0.000000
vt 0.000000 -1.352733 0.000000
vt 0.040000 -1.521824 0.000000
vt 0.000000 -1.521824 0.000000
vt 0.040000 -1.690916 0.000000
vt -0.000000 -1.690916 0.000000
vt 0.040000 -1.860008 0.000000
vt 0.000000 -1.860008 0.000000
vt 0.040000 -2.029099 0.000000
vt -0.000000 -2.029099 0.000000
vt 0.040000 -2.198191 0.000000
vt -0.000000 -2.198191 0.000000
vt 0.040000 -2.367282 0.000000
vt -0.000000 -2.367282 0.000000
vt 0.040000 -2.536374 0.000000
vt 0.000000 -2.536374 0.000000
vt 0.040000 -2.705466 0.000000
vt 0.000000 -2.705466 0.000000
vt 0.040000 -2.874557 0.000000
vt 0.000000 -2.874557 0.000000
vt 0.040000 2.874557 0.000000
vt 0.000000 2.874557 0.000000
vt 0.040000 2.705466 0.000000
vt 0.000000 2.705466 0.000000
vt 0.040000 2.536374 0.000000
vt 0.000000 2.536374 0.000000
vt 0.040000 2.367282 0.000000
vt 0.000000 2.367282 0.000000
vt 0.040000 2.198191 0.000000
vt 0.000000 2.198191 0.000000
vt 0.040000 2.029099 0.000000
vt -0.000000 2.029099 0.000000
vt 0.040000 1.860008 0.000000
vt 0.000000 1.860008 0.000000
vt 0.040000 1.690916 0.000000
vt 0.000000 1.690916 0.000000
vt 0.040000 1.521824 0.000000
vt 0.000000 1.521824 0.000000
vt 0.040000 1.352733 0.000000
vt 0.000000 1.352733 0.000000
vt 0.040000 1.183641 0.000000
vt -0.000000 1.183641 0.000000
vt 0.040000 1.014550 0.000000
vt 0.000000 1.014550 0.000000
vt 0.040000 0.845458 0.000000
vt -0.000000 0.845458 0.000000
vt 0.040000 0.676366 0.000000
vt 0.000000 0.676366 0.000000
vt 0.040000 0.507275 0.000000
vt 0.000000 0.507275 0.000000
vt 0.040000 0.338183 0.000000
vt -0.000000 0.338183 0.000000
vt 0.040000 0.169092 0.000000
vt 0.000000 0.169092 0.000000
vt 0.040000 0.000000 0.000000
vt 0.000000 0.000000 0.000000
vt 0.040000 -0.169092 0.000000
vt 0.000000 -0.169092 0.000000
vt 0.040000 -0.338183 0.000000
vt -0.000000 -0.338183 0.000000
vt 0.040000 -0.507275 0.000000
vt 0.000000 -0.507275 0.000000
vt 0.040000 -0.676366 0.000000
vt -0.000000 -0.676366 0.000000
vt 0.040000 -0.845458 0.000000
vt -0.000000 -0.845458 0.000000
vt 0.040000 -1.014550 0.000000
vt 0.000000 -1.014550 0.000000
vt 0.040000 -1.183641 0.000000
vt -0.000000 -1.183641 0.000000
vt 0.040000 -1.352733 0.000000
vt 0.000000 -1.352733 0.000000
vt 0.040000 -1.521824 0.000000
vt 0.000000 -1.521824 0.000000
vt 0.040000 -1.690916 0.000000
vt -0.000000 -1.690916 0.000000
vt 0.040000 -1.860008 0.000000
vt 0.000000 -1.860008 0.000000
vt 0.040000 -2.029099 0.000000
vt -0.000000 -2.029099 0.000000
vt 0.040000 -2.198191 0.000000
vt 0.000000 -2.198191 0.000000
vt 0.040000 -2.367282 0.000000
vt 0.000000 -2.367282 0.000000
vt 0.040000 -2.536374 0.000000
vt 0.000000 -2.536374 0.000000
vt 0.040000 -2.705466 0.000000
vt 0.000000 -2.705466 0.000000
vt 0.040000 -2.874557 0.000000
vt 0.000000 -2.874557 0.000000
vt 0.040000 2.874557 0.000000
vt 0.000000 2.874557 0.000000
vt 0.040000 2.705466 0.000000
vt 0.000000 2.705466 0.000000
vt 0.040000 2.536374 0.000000
vt 0.000000 2.536374 0.000000
vt 0.040000 2.367282 0.000000
vt 0.000000 2.367282 0.000000
vt 0.040000 2.198191 0.000000
vt -0.000000 2.198191 0.000000
vt 0.040000 2.029099 0.000000
vt -0.000000 2.029099 0.000000
vt 0.040000 1.860008 0.000000
vt 0.000000 1.860008 0.000000
vt 0.040000 1.690916 0.000000
vt 0.000000 1.690916 0.000000
vt 0.040000 1.521824 0.000000
vt -0.000000 1.521824 0.000000
vt 0.040000 1.352733 0.000000
vt 0.000000 1.352733 0.000000
vt 0.040000 1.183641 0.000000
vt -0.000000 1.183641 0.000000
vt 0.040000 1.014550 0.000000
vt 0.000000 1.014550 0.000000
vt 0.040000 0.845458 0.000000
vt -0.000000 0.845458 0.000000
vt 0.040000 0.676366 0.000000
vt 0.000000 0.676366 0.000000
vt 0.040000 0.507275 0.000000
vt 0.000000 0.507275 0.000000
vt 0.040000 0.338183 0.000000
vt -0.000000 0.338183 0.000000
vt 0.040000 0.169092 0.000000
vt 0.000000 0.169092 0.000000
vt 0.040000 0.000000 0.000000
vt 0.000000 0.000000 0.000000
vt 0.040000 -0.169092 0.000000
vt 0.000000 -0.169092 0.000000
vt 0.040000 -0.338183 0.000000
vt -0.000000 -0.338183 0.000000
vt 0.040000 -0.507275 0.000000
vt 0.000000 -0.507275 0.000000
vt 0.040000 -0.676366 0.000000
vt 0.000000 -0.676366 0.000000
vt 0.040000 -0.845458 0.000000
vt -0.000000 -0.845458 0.000000
vt 0.040000 -1.014550 0.000000
vt 0.000000 -1.014550 0.000000
vt 0.040000 -1.183641 0.000000
vt -0.000000 -1.183641 0.000000
vt 0.040000 -1.352733 0.000000
vt -0.000000 -1.352733 0.000000
vt 0.040000 -1.521824 0.000000
vt -0.000000 -1.521824 0.000000
vt 0.040000 -1.690916 0.000000
vt -0.000000 -1.690916 0.000000
vt 0.040000 -1.860008 0.000000
vt 0.000000 -1.860008 0.000000
vt 0.040000 -2.029099 0.000000
vt -0.000000 -2.029099 0.000000
vt 0.040000 -2.198191 0.000000
vt 0.000000 -2.198191 0.000000
vt 0.040000 -2.367282 0.000000
vt 0.000000 -2.367282 0.000000
vt 0.040000 -2.536374 0.000000
vt 0.000000 -2.536374 0.000000
vt 0.040000 -2.705466 0.000000
vt 0.000000 -2.705466 0.000000
vt 0.040000 -2.874557 0.000000
vt 0.000000 -2.874557 0.000000
vt 0.040000 2.874557 0.000000
vt 0.000000 2.874557 0.000000
vt 0.040000 2.705466 0.000000
vt 0.000000 2.705466 0.000000
vt 0.040000 2.536374 0.000000
vt 0.000000 2.536374 0.000000
vt 0.040000 2.367282 0.000000
vt 0.000000 2.367282 0.000000
vt 0.040000 2.198191 0.000000
vt -0.000000 2.198191 0.000000
vt 0.040000 2.029099 0.000000
vt -0.000000 2.029099 0.000000
vt 0.040000 1.860008 0.000000
vt 0.000000 1.860008 0.000000
vt 0.040000 1.690916 0.000000
vt 0.000000 1.690916 0.000000
vt 0.040000 1.521824 0.000000
vt -0.000000 1.521824 0.000000
vt 0.040000 1.352733 0.000000
vt -0.000000 1.352733 0.000000
vt 0.040000 1.183641 0.000000
vt -0.000000 1.183641 0.000000
vt 0.040000 1.014550 0.000000
vt 0.000000 1.014550 0.000000
vt 0.040000 0.845458 0.000000
vt -0.000000 0.845458 0.000000
vt 0.040000 0.676366 0.000000
vt 0.000000 0.676366 0.000000
vt 0.040000 0.507275 0.000000
vt 0.000000 0.507275 0.000000
vt 0.040000 0.338183 0.000000
vt -0.000000 0.338183 0.000000
vt 0.040000 0.169092 0.000000
vt 0.000000 0.169092 0.000000
vt 0.040000 0.000000 0.000000
vt 0.000000 0.000000 0.000000
vt 0.040000 -0.169092 0.000000
vt 0.000000 -0.169092 0.000000
vt 0.040000 -0.338183 0.000000
vt -0.000000 -0.338183 0.000000
vt 0.040000 -0.507275 0.000000
vt 0.000000 -0.507275 0.000000
vt 0.040000 -0.676366 0.000000
vt 0.000000 -0.676366 0.000000
vt 0.040000 -0.845458 0.000000
vt -0.000000 -0.845458 0.000000
vt 0.040000 -1.014550 0.000000
vt 0.000000 -1.014550 0.000000
vt 0.040000 -1.183641 0.000000
vt -0.000000 -1.183641 0.000000
vt 0.040000 -1.352733 0.000000
vt -0.000000 -1.352733 0.000000
vt 0.040000 -1.521824 0.000000
vt -0.000000 -1.521824 0.000000
vt 0.040000 -1.690916 0.000000
vt -0.000000 -1.690916 0.000000
vt 0.040000 -1.860008 0.000000
vt 0.000000 -1.860008 0.000000
vt 0.040000 -2.029099 0.000000
vt -0.000000 -2.029099 0.000000
vt 0.040000 -2.198191 0.000000
vt 0.000000 -2.198191 0.000000
vt 0.040000 -2.367282 0.000000
vt 0.000000 -2.367282 0.000000
vt 0.040000 -2.536374 0.000000
vt 0.000000 -2.536374 0.000000
vt 0.040000 -2.705466 0.000000
vt 0.000000 -2.705466 0.000000
vt 0.040000 -2.874557 0.000000
vt 0.000000 -2.874557 0.000000
vt 0.040000 2.874557 0.000000
vt 0.000000 2.874557 0.000000
vt 0.040000 2.705466 0.000000
vt 0.000000 2.705466 0.000000
vt 0.040000 2.536374 0.000000
vt -0.000000 2.536374 0.000000
vt 0.040000 2.367282 0.000000
vt 0.000000 2.367282 0.000000
vt 0.040000 2.198191 0.000000
vt -0.000000 2.198191 0.000000
vt 0.040000 2.029099 0.000000
vt 0.000000 2.029099 0.000000
vt 0.040000 1.860008 0.000000
vt 0.000000 1.860008 0.000000
vt 0.040000 1.690916 0.000000
vt 0.000000 1.690916 0.000000
vt 0.040000 1.521824 0.000000
vt -0.000000 1.521824 0.000000
vt 0.040000 1.352733 0.000000
vt -0.000000 1.352733 0.000000
vt 0.040000 1.183641 0.000000
vt 0.000000 1.183641 0.000000
vt 0.040000 1.014550 0.000000
vt 0.000000 1.014550 0.000000
vt 0.040000 0.845458 0.000000
vt 0.000000 0.845458 0.000000
vt 0.040000 0.676366 0.000000
vt -0.000000 0.676366 0.000000
vt 0.040000 0.507275 0.000000
vt 0.000000 0.507275 0.000000
vt 0.040000 0.338183 0.000000
vt 0.000000 0.338183 0.000000
vt 0.040000 0.169092 0.000000
vt 0.000000 0.169092 0.000000
vt 0.040000 0.000000 0.000000
vt 0.000000 0.000000 0.000000
vt 0.040000 -0.169092 0.000000
vt 0.000000 -0.169092 0.000000
vt 0.040000 -0.338183 0.000000
vt -0.000000 -0.338183 0.000000
vt 0.040000 -0.507275 0.000000
vt 0.000000 -0.507275 0.000000
vt 0.040000 -0.676366 0.000000
vt -0.000000 -0.676366 0.000000
vt 0.040000 -0.845458 0.000000
vt 0.000000 -0.845458 0.000000
vt 0.040000 -1.014550 0.000000
vt 0.000000 -1.014550 0.000000
vt 0.040000 -1.183641 0.000000
vt 0.000000 -1.183641 0.000000
vt 0.040000 -1.352733 0.000000
vt -0.000000 -1.352733 0.000000
vt 0.040000 -1.521824 0.000000
vt -0.000000 -1.521824 0.000000
vt 0.040000 -1.690916 0.000000
vt 0.000000 -1.690916 0.000000
vt 0.040000 -1.860008 0.000000
vt 0.000000 -1.860008 0.000000
vt 0.040000 -2.029099 0.000000
vt 0.000000 -2.029099 0.000000
vt 0.040000 -2.198191 0.000000
vt 0.000000 -2.198191 0.000000
vt 0.040000 -2.367282 0.000000
vt 0.000000 -2.367282 0.000000
vt 0.040000 -2.536374 0.000000
vt -0.000000 -2.536374 0.000000
vt 0.040000 -0.489565 0.000000
vt -0.000000 -0.489565 0.000000
vt 0.040000 -0.534071 0.000000
vt 0.000000 -0.534071 0.000000
vt 0.040000 0.534071 0.000000
vt 0.000000 0.534071 0.000000
vt 0.040000 0.489565 0.000000
vt -0.000000 0.489565 0.000000
vt 0.040000 0.445059 0.000000
vt 0.000000 0.445059 0.000000
vt 0.040000 0.400553 0.000000
vt 0.000000 0.400553 0.000000
vt 0.040000 0.356047 0.000000
vt 0.000000 0.356047 0.000000
vt 0.040000 0.311541 0.000000
vt 0.000000 0.311541 0.000000
vt 0.040000 0.267035 0.000000
vt 0.000000 0.267035 0.000000
vt 0.040000 0.222529 0.000000
vt 0.000000 0.222529 0.000000
vt 0.040000 0.178024 0.000000
vt -0.000000 0.178024 0.000000
vt 0.040000 0.133518 0.000000
vt 0.000000 0.133518 0.000000
vt 0.040000 0.089012 0.000000
vt 0.000000 0.089012 0.000000
vt 0.040000 0.044506 0.000000
vt -0.000000 0.044506 0.000000
vt 0.040000 0.000000 0.000000
vt 0.000000 0.000000 0.000000
vt 0.040000 -0.044506 0.000000
vt -0.000000 -0.044506 0.000000
vt 0.040000 -0.089012 0.000000
vt 0.000000 -0.089012 0.000000
vt 0.040000 -0.133518 0.000000
vt 0.000000 -0.133518 0.000000
vt 0.040000 -0.178024 0.000000
vt 0.000000 -0.178024 0.000000
vt 0.040000 -0.222529 0.000000
vt 0.000000 -0.222529 0.000000
vt 0.040000 -0.267035 0.000000
vt 0.000000 -0.267035 0.000000
vt 0.040000 -0.311541 0.000000
vt -0.000000 -0.311541 0.000000
vt 0.040000 -0.356047 0.000000
vt -0.000000 -0.356047 0.000000
vt 0.040000 -0.400553 0.000000
vt 0.000000 -0.400553 0.000000
vt 0.040000 -0.445059 0.000000
vt 0.000000 -0.445059 0.000000
vt 0.040000 -2.705466 0.000000
vt 0.000000 -2.705466 0.000000
vt 0.040000 -2.874557 0.000000
vt 0.000000 -2.874557 0.000000
vt 0.040000 2.874557 0.000000
vt 0.000000 2.874557 0.000000
vt 0.040000 2.705466 0.000000
vt 0.000000 2.705466 0.000000
vt 0.040000 2.536374 0.000000
vt 0.000000 2.536374 0.000000
vt 0.040000 2.367282 0.000000
vt 0.000000 2.367282 0.000000
vt 0.040000 2.198191 0.000000
vt 0.000000 2.198191 0.000000
vt 0.040000 2.029099 0.000000
vt 0.000000 2.029099 0.000000
vt 0.040000 1.860008 0.000000
vt 0.000000 1.860008 0.000000
vt 0.040000 1.690916 0.000000
vt 0.000000 1.690916 0.000000
vt 0.040000 1.521824 0.000000
vt -0.000000 1.521824 0.000000
vt 0.040000 1.352733 0.000000
vt 0.000000 1.352733 0.000000
vt 0.040000 1.183641 0.000000
vt 0.000000 1.183641 0.000000
vt 0.040000 1.014550 0.000000
vt 0.000000 1.014550 0.000000
vt 0.040000 0.845458 0.000000
vt 0.000000 0.845458 0.000000
vt 0.040000 0.676366 0.000000
vt 0.000000 0.676366 0.000000
vt 0.040000 0.507275 0.000000
vt 0.000000 0.507275 0.000000
vt 0.040000 0.338183 0.000000
vt 0.000000 0.338183 0.000000
vt 0.040000 0.169092 0.000000
vt 0.000000 0.169092 0.000000
vt 0.040000 0.000000 0.000000
vt 0.000000 0.000000 0.000000
vt 0.040000 -0.169092 0.000000
vt 0.000000 -0.169092 0.000000
vt 0.040000 -0.338183 0.000000
vt -0.000000 -0.338183 0.000000
vt 0.040000 -0.507275 0.000000
vt 0.000000 -0.507275 0.000000
vt 0.040000 -0.676366 0.000000
vt 0.000000 -0.676366 0.000000
vt 0.040000 -0.845458 0.000000
vt 0.000000 -0.845458 0.000000
vt 0.040000 -1.014550 0.000000
vt 0.000000 -1.014550 0.000000
vt 0.040000 -1.183641 0.000000
vt 0.000000 -1.183641 0.000000
vt 0.040000 -1.352733 0.000000
vt -0.000000 -1.352733 0.000000
vt 0.040000 -1.521824 0.000000
vt 0.000000 -1.521824 0.000000
vt 0.040000 -1.690916 0.000000
vt 0.000000 -1.690916 0.000000
vt 0.040000 -1.860008 0.000000
vt -0.000000 -1.860008 0.000000
vt 0.040000 -2.029099 0.000000
vt 0.000000 -2.029099 0.000000
vt 0.040000 -2.198191 0.000000
vt 0.000000 -2.198191 0.000000
vt 0.040000 -2.367282 0.000000
vt 0.000000 -2.367282 0.000000
vt 0.040000 -2.536374 0.000000
vt 0.000000 -2.536374 0.000000
vt 0.040000 -0.489565 0.000000
vt -0.000000 -0.489565 0.000000
vt 0.040000 -0.534071 0.000000
vt 0.000000 -0.534071 0.000000
vt 0.040000 0.534071 0.000000
vt 0.000000 0.534071 0.000000
vt 0.040000 0.489565 0.000000
vt -0.000000 0.489565 0.000000
vt 0.040000 0.445059 0.000000
vt 0.000000 0.445059 0.000000
vt 0.040000 0.400553 0.000000
vt 0.000000 0.400553 0.000000
vt 0.040000 0.356047 0.000000
vt 0.000000 0.356047 0.000000
vt 0.040000 0.311541 0.000000
vt 0.000000 0.311541 0.000000
vt 0.040000 0.267035 0.000000
vt 0.000000 0.267035 0.000000
vt 0.040000 0.222529 0.000000
vt 0.000000 0.222529 0.000000
vt 0.040000 0.178024 0.000000
vt -0.000000 0.178024 0.000000
vt 0.040000 0.133518 0.000000
vt 0.000000 0.133518 0.000000
vt 0.040000 0.089012 0.000000
vt 0.000000 0.089012 0.000000
vt 0.040000 0.044506 0.000000
vt -0.000000 0.044506 0.000000
vt 0.040000 0.000000 0.000000
vt 0.000000 0.000000 0.000000
vt 0.040000 -0.044506 0.000000
vt -0.000000 -0.044506 0.000000
vt 0.040000 -0.089012 0.000000
vt 0.000000 -0.089012 0.000000
vt 0.040000 -0.133518 0.000000
vt 0.000000 -0.133518 0.000000
vt 0.040000 -0.178024 0.000000
vt 0.000000 -0.178024 0.000000
vt 0.040000 -0.222529 0.000000
vt 0.000000 -0.222529 0.000000
vt 0.040000 -0.267035 0.000000
vt 0.000000 -0.267035 0.000000
vt 0.040000 -0.311541 0.000000
vt -0.000000 -0.311541 0.000000
vt 0.040000 -0.356047 0.000000
vt -0.000000 -0.356047 0.000000
vt 0.040000 -0.400553 0.000000
vt 0.000000 -0.400553 0.000000
vt 0.040000 -0.445059 0.000000
vt 0.000000 -0.445059 0.000000
vt 0.040000 -2.705466 0.000000
vt 0.000000 -2.705466 0.000000
vt 0.040000 -2.874557 0.000000
vt 0.000000 -2.874557 0.000000
vt 0.040000 2.874557 0.000000
vt 0.000000 2.874557 0.000000
vt 0.040000 2.705466 0.000000
vt -0.000000 2.705466 0.000000
vt 0.040000 2.536374 0.000000
vt -0.000000 2.536374 0.000000
vt 0.040000 2.367282 0.000000
vt 0.000000 2.367282 0.000000
vt 0.040000 2.198191 0.000000
vt -0.000000 2.198191 0.000000
vt 0.040000 2.029099 0.000000
vt -0.000000 2.029099 0.000000
vt 0.040000 1.860008 0.000000
vt -0.000000 1.860008 0.000000
vt 0.040000 1.690916 0.000000
vt 0.000000 1.690916 0.000000
vt 0.040000 1.521824 0.000000
vt 0.000000 1.521824 0.000000
vt 0.040000 1.352733 0.000000
vt 0.000000 1.352733 0.000000
vt 0.040000 1.183641 0.000000
vt 0.000000 1.183641 0.000000
vt 0.040000 1.014550 0.000000
vt -0.000000 1.014550 0.000000
vt 0.040000 0.845458 0.000000
vt -0.000000 0.845458 0.000000
vt 0.040000 0.676366 0.000000
vt -0.000000 0.676366 0.000000
vt 0.040000 0.507275 0.000000
vt 0.000000 0.507275 0.000000
vt 0.040000 0.338183 0.000000
vt -0.000000 0.338183 0.000000
vt 0.040000 0.169092 0.000000
vt 0.000000 0.169092 0.000000
vt 0.040000 0.000000 0.000000
vt 0.000000 0.000000 0.000000
vt 0.040000 -0.169092 0.000000
vt 0.000000 -0.169092 0.000000
vt 0.040000 -0.338183 0.000000
vt -0.000000 -0.338183 0.000000
vt 0.040000 -0.507275 0.000000
vt 0.000000 -0.507275 0.000000
vt 0.040000 -0.676366 0.000000
vt -0.000000 -0.676366 0.000000
vt 0.040000 -0.845458 0.000000
vt 0.000000 -0.845458 0.000000
vt 0.040000 -1.014550 0.000000
vt 0.000000 -1.014550 0.000000
vt 0.040000 -1.183641 0.000000
vt 0.000000 -1.183641 0.000000
vt 0.040000 -1.352733 0.000000
vt 0.000000 -1.352733 0.000000
vt 0.040000 -1.521824 0.000000
vt 0.000000 -1.521824 0.000000
vt 0.040000 -1.690916 0.000000
vt 0.000000 -1.690916 0.000000
vt 0.040000 -1.860008 0.000000
vt 0.000000 -1.860008 0.000000
vt 0.040000 -2.029099 0.000000
vt -0.000000 -2.029099 0.000000
vt 0.040000 -2.198191 0.000000
vt -0.000000 -2.198191 0.000000
vt 0.040000 -2.367282 0.000000
vt 0.000000 -2.367282 0.000000
vt 0.040000 -2.536374 0.000000
vt -0.000000 -2.536374 0.000000
vt 0.040000 -2.705466 0.000000
vt 0.000000 -2.705466 0.000000
vt 0.040000 -2.874557 0.000000
vt 0.000000 -2.874557 0.000000
vt 0.040000 2.874557 0.000000
vt 0.000000 2.874557 0.000000
vt 0.040000 2.705466 0.000000
vt 0.000000 2.705466 0.000000
vt 0.040000 2.536374 0.000000
vt -0.000000 2.536374 0.000000
vt 0.040000 2.367282 0.000000
vt 0.000000 2.367282 0.000000
vt 0.040000 2.198191 0.000000
vt -0.000000 2.198191 0.000000
vt 0.040000 2.029099 0.000000
vt 0.000000 2.029099 0.000000
vt 0.040000 1.860008 0.000000
vt 0.000000 1.860008 0.000000
vt 0.040000 1.690916 0.000000
vt 0.000000 1.690916 0.000000
vt 0.040000 1.521824 0.000000
vt -0.000000 1.521824 0.000000
vt 0.040000 1.352733 0.000000
vt 0.000000 1.352733 0.000000
vt 0.040000 1.183641 0.000000
vt 0.000000 1.183641 0.000000
vt 0.040000 1.014550 0.000000
vt 0.000000 1.014550 0.000000
vt 0.040000 0.845458 0.000000
vt 0.000000 0.845458 0.000000
vt 0.040000 0.676366 0.000000
vt -0.000000 0.676366 0.000000
vt 0.040000 0.507275 0.000000
vt -0.000000 0.507275 0.000000
vt 0.040000 0.338183 0.000000
vt -0.000000 0.338183 0.000000
vt 0.040000 0.169092 0.000000
vt 0.000000 0.169092 0.000000
vt 0.040000 0.000000 0.000000
vt 0.000000 0.000000 0.000000
vt 0.040000 -0.169092 0.000000
vt 0.000000 -0.169092 0.000000
vt 0.040000 -0.338183 0.000000
vt -0.000000 -0.338183 0.000000
vt 0.040000 -0.507275 0.000000
vt 0.000000 -0.507275 0.000000
vt 0.040000 -0.676366 0.000000
vt -0.000000 -0.676366 0.000000
vt 0.040000 -0.845458 0.000000
vt 0.000000 -0.845458 0.000000
vt 0.040000 -1.014550 0.000000
vt 0.000000 -1.014550 0.000000
vt 0.040000 -1.183641 0.000000
vt 0.000000 -1.183641 0.000000
vt 0.040000 -1.352733 0.000000
vt -0.000000 -1.352733 0.000000
vt 0.040000 -1.521824 0.000000
vt -0.000000 -1.521824 0.000000
vt 0.040000 -1.690916 0.000000
vt 0.000000 -1.690916 0.000000
vt 0.040000 -1.860008 0.000000
vt 0.000000 -1.860008 0.000000
vt 0.040000 -2.029099 0.000000
vt 0.000000 -2.029099 0.000000
vt 0.040000 -2.198191 0.000000
vt 0.000000 -2.198191 0.000000
vt 0.040000 -2.367282 0.000000
vt 0.000000 -2.367282 0.000000
vt 0.040000 -2.536374 0.000000
vt -0.000000 -2.536374 0.000000
vt 0.040000 -0.489565 0.000000
vt -0.000000 -0.489565 0.000000
vt 0.040000 -0.534071 0.000000
vt 0.000000 -0.534071 0.000000
vt 0.040000 0.534071 0.000000
vt 0.000000 0.534071 0.000000
vt 0.040000 0.489565 0.000000
vt -0.000000 0.489565 0.000000
vt 0.040000 0.445059 0.000000
vt 0.000000 0.445059 0.000000
vt 0.040000 0.400553 0.000000
vt -0.000000 0.400553 0.000000
vt 0.040000 0.356047 0.000000
vt -0.000000 0.356047 0.000000
vt 0.040000 0.311541 0.000000
vt -0.000000 0.311541 0.000000
vt 0.040000 0.267035 0.000000
vt 0.000000 0.267035 0.000000
vt 0.040000 0.222529 0.000000
vt -0.000000 0.222529 0.000000
vt 0.040000 0.178024 0.000000
vt -0.000000 0.178024 0.000000
vt 0.040000 0.133518 0.000000
vt -0.000000 0.133518 0.000000
vt 0.040000 0.089012 0.000000
vt 0.000000 0.089012 0.000000
vt 0.040000 0.044506 0.000000
vt -0.000000 0.044506 0.000000
vt 0.040000 0.000000 0.000000
vt 0.000000 0.000000 0.000000
vt 0.040000 -0.044506 0.000000
vt -0.000000 -0.044506 0.000000
vt 0.040000 -0.089012 0.000000
vt 0.000000 -0.089012 0.000000
vt 0.040000 -0.133518 0.000000
vt -0.000000 -0.133518 0.000000
vt 0.040000 -0.178024 0.000000
vt -0.000000 -0.178024 0.000000
vt 0.040000 -0.222529 0.000000
vt -0.000000 -0.222529 0.000000
vt 0.040000 -0.267035 0.000000
vt 0.000000 -0.267035 0.000000
vt 0.040000 -0.311541 0.000000
vt -0.000000 -0.311541 0.000000
vt 0.040000 -0.356047 0.000000
vt -0.000000 -0.356047 0.000000
vt 0.040000 -0.400553 0.000000
vt -0.000000 -0.400553 0.000000
vt 0.040000 -0.445059 0.000000
vt 0.000000 -0.445059 0.000000
vt 0.040000 -2.705466 0.000000
vt -0.000000 -2.705466 0.000000
vt 0.040000 -2.874557 0.000000
vt 0.000000 -2.874557 0.000000
vt 0.040000 2.874557 0.000000
vt 0.000000 2.874557 0.000000
vt 0.040000 2.705466 0.000000
vt -0.000000 2.705466 0.000000
vt 0.040000 2.536374 0.000000
vt -0.000000 2.536374 0.000000
vt 0.040000 2.367282 0.000000
vt -0.000000 2.367282 0.000000
vt 0.040000 2.198191 0.000000
vt -0.000000 2.198191 0.000000
vt 0.040000 2.029099 0.000000
vt 0.000000 2.029099 0.000000
vt 0.040000 1.860008 0.000000
vt 0.000000 1.860008 0.000000
vt 0.040000 1.690916 0.000000
vt -0.000000 1.690916 0.000000
vt 0.040000 1.521824 0.000000
vt -0.000000 1.521824 0.000000
vt 0.040000 1.352733 0.000000
vt -0.000000 1.352733 0.000000
vt 0.040000 1.183641 0.000000
vt -0.000000 1.183641 0.000000
vt 0.040000 1.014550 0.000000
vt 0.000000 1.014550 0.000000
vt 0.040000 0.845458 0.000000
vt 0.000000 0.845458 0.000000
vt 0.040000 0.676366 0.000000
vt -0.000000 0.676366 0.000000
vt 0.040000 0.507275 0.000000
vt -0.000000 0.507275 0.000000
vt 0.040000 0.338183 0.000000
vt -0.000000 0.338183 0.000000
vt 0.040000 0.169092 0.000000
vt -0.000000 0.169092 0.000000
vt 0.040000 0.000000 0.000000
vt 0.000000 0.000000 0.000000
vt 0.040000 -0.169092 0.000000
vt -0.000000 -0.169092 0.000000
vt 0.040000 -0.338183 0.000000
vt -0.000000 -0.338183 0.000000
vt 0.040000 -0.507275 0.000000
vt -0.000000 -0.507275 0.000000
vt 0.040000 -0.676366 0.000000
vt -0.000000 -0.676366 0.000000
vt 0.040000 -0.845458 0.000000
vt 0.000000 -0.845458 0.000000
vt 0.040000 -1.014550 0.000000
vt 0.000000 -1.014550 0.000000
vt 0.040000 -1.183641 0.000000
vt -0.000000 -1.183641 0.000000
vt 0.040000 -1.352733 0.000000
vt -0.000000 -1.352733 0.000000
vt 0.040000 -1.521824 0.000000
vt -0.000000 -1.521824 0.000000
vt 0.040000 -1.690916 0.000000
vt -0.000000 -1.690916 0.000000
vt 0.040000 -1.860008 0.000000
vt 0.000000 -1.860008 0.000000
vt 0.040000 -2.029099 0.000000
vt 0.000000 -2.029099 0.000000
vt 0.040000 -2.198191 0.000000
vt -0.000000 -2.198191 0.000000
vt 0.040000 -2.367282 0.000000
vt -0.000000 -2.367282 0.000000
vt 0.040000 -2.536374 0.000000
vt -0.000000 -2.536374 0.000000
vt 0.040000 -2.705466 0.000000
vt 0.000000 -2.705466 0.000000
vt 0.040000 -2.874557 0.000000
vt 0.000000 -2.874557 0.000000
vt 0.040000 2.874557 0.000000
vt 0.000000 2.874557 0.000000
vt 0.040000 2.705466 0.000000
vt 0.000000 2.705466 0.000000
vt 0.040000 2.536374 0.000000
vt 0.000000 2.536374 0.000000
vt 0.040000 2.367282 0.000000
vt 0.000000 2.367282 0.000000
vt 0.040000 2.198191 0.000000
vt -0.000000 2.198191 0.000000
vt 0.040000 2.029099 0.000000
vt 0.000000 2.029099 0.000000
vt 0.040000 1.860008 0.000000
vt -0.000000 1.860008 0.000000
vt 0.040000 1.690916 0.000000
vt 0.000000 1.690916 0.000000
vt 0.040000 1.521824 0.000000
vt 0.000000 1.521824 0.000000
vt 0.040000 1.352733 0.000000
vt 0.000000 1.352733 0.000000
vt 0.040000 1.183641 0.000000
vt 0.000000 1.183641 0.000000
vt 0.040000 1.014550 0.000000
vt -0.000000 1.014550 0.000000
vt 0.040000 0.845458 0.000000
vt 0.000000 0.845458 0.000000
vt 0.040000 0.676366 0.000000
vt -0.000000 0.676366 0.000000
vt 0.040000 0.507275 0.000000
vt 0.000000 0.507275 0.000000
vt 0.040000 0.338183 0.000000
vt 0.000000 0.338183 0.000000
vt 0.040000 0.169092 0.000000
vt 0.000000 0.169092 0.000000
vt 0.040000 0.000000 0.000000
vt 0.000000 0.000000 0.000000
vt 0.040000 -0.169092 0.000000
vt 0.000000 -0.169092 0.000000
vt 0.040000 -0.338183 0.000000
vt 0.000000 -0.338183 0.000000
vt 0.040000 -0.507275 0.000000
vt 0.000000 -0.507275 0.000000
vt 0.040000 -0.676366 0.000000
vt -0.000000 -0.676366 0.000000
vt 0.040000 -0.845458 0.000000
vt 0.000000 -0.845458 0.000000
vt 0.040000 -1.014550 0.000000
vt 0.000000 -1.014550 0.000000
vt 0.040000 -1.183641 0.000000
vt 0.000000 -1.183641 0.000000
vt 0.040000 -1.352733 0.000000
vt 0.000000 -1.352733 0.000000
vt 0.040000 -1.521824 0.000000
vt 0.000000 -1.521824 0.000000
vt 0.040000 -1.690916 0.000000
vt 0.000000 -1.690916 0.000000
vt 0.040000 -1.860008 0.000000
vt -0.000000 -1.860008 0.000000
vt 0.040000 -2.029099 0.000000
vt 0.000000 -2.029099 0.000000
vt 0.040000 -2.198191 0.000000
vt -0.000000 -2.198191 0.000000
vt 0.040000 -2.367282 0.000000
vt 0.000000 -2.367282 0.000000
vt 0.040000 -2.536374 0.000000
vt 0.000000 -2.536374 0.000000
vt 0.040000 -0.489565 0.000000
vt -0.000000 -0.489565 0.000000
vt 0.040000 -0.534071 0.000000
vt 0.000000 -0.534071 0.000000
vt 0.040000 0.534071 0.000000
vt 0.000000 0.534071 0.000000
vt 0.040000 0.489565 0.000000
vt -0.000000 0.489565 0.000000
vt 0.040000 0.445059 0.000000
vt 0.000000 0.445059 0.000000
vt 0.040000 0.400553 0.000000
vt 0.000000 0.400553 0.000000
vt 0.040000 0.356047 0.000000
vt -0.000000 0.356047 0.000000
vt 0.040000 0.311541 0.000000
vt 0.000000 0.311541 0.000000
vt 0.040000 0.267035 0.000000
vt 0.000000 0.267035 0.000000
vt 0.040000 0.222529 0.000000
vt 0.000000 0.222529 0.000000
vt 0.040000 0.178024 0.000000
vt -0.000000 0.178024 0.000000
vt 0.040000 0.133518 0.000000
vt 0.000000 0.133518 0.000000
vt 0.040000 0.089012 0.000000
vt 0.000000 0.089012 0.000000
vt 0.040000 0.044506 0.000000
vt -0.000000 0.044506 0.000000
vt 0.040000 0.000000 0.000000
vt 0.000000 0.000000 0.000000
vt 0.040000 -0.044506 0.000000
vt -0.000000 -0.044506 0.000000
vt 0.040000 -0.089012 0.000000
vt 0.000000 -0.089012 0.000000
vt 0.040000 -0.133518 0.000000
vt -0.000000 -0.133518 0.000000
vt 0.040000 -0.178024 0.000000
vt -0.000000 -0.178024 0.000000
vt 0.040000 -0.222529 0.000000
vt 0.000000 -0.222529 0.000000
vt 0.040000 -0.267035 0.000000
vt 0.000000 -0.267035 0.000000
vt 0.040000 -0.311541 0.000000
vt 0.000000 -0.311541 0.000000
vt 0.040000 -0.356047 0.000000
vt -0.000000 -0.356047 0.000000
vt 0.040000 -0.400553 0.000000
vt 0.000000 -0.400553 0.000000
vt 0.040000 -0.445059 0.000000
vt 0.000000 -0.445059 0.000000
vt 0.040000 -0.489565 0.000000
vt 0.000000 -0.489565 0.000000
vt 0.040000 -0.534071 0.000000
vt 0.000000 -0.534071 0.000000
vt 0.040000 0.534071 0.000000
vt 0.000000 0.534071 0.000000
vt 0.040000 0.489565 0.000000
vt 0.000000 0.489565 0.000000
vt 0.040000 0.445059 0.000000
vt 0.000000 0.445059 0.000000
vt 0.040000 0.400553 0.000000
vt -0.000000 0.400553 0.000000
vt 0.040000 0.356047 0.000000
vt -0.000000 0.356047 0.000000
vt 0.040000 0.311541 0.000000
vt 0.000000 0.311541 0.000000
vt 0.040000 0.267035 0.000000
vt 0.000000 0.267035 0.000000
vt 0.040000 0.222529 0.000000
vt 0.000000 0.222529 0.000000
vt 0.040000 0.178024 0.000000
vt -0.000000 0.178024 0.000000
vt 0.040000 0.133518 0.000000
vt -0.000000 0.133518 0.000000
vt 0.040000 0.089012 0.000000
vt 0.000000 0.089012 0.000000
vt 0.040000 0.044506 0.000000
vt 0.000000 0.044506 0.000000
vt 0.040000 0.000000 0.000000
vt 0.000000 0.000000 0.000000
vt 0.040000 -0.044506 0.000000
vt 0.000000 -0.044506 0.000000
vt 0.040000 -0.089012 0.000000
vt 0.000000 -0.089012 0.000000
vt 0.040000 -0.133518 0.000000
vt -0.000000 -0.133518 0.000000
vt 0.040000 -0.178024 0.000000
vt -0.000000 -0.178024 0.000000
vt 0.040000 -0.222529 0.000000
vt 0.000000 -0.222529 0.000000
vt 0.040000 -0.267035 0.000000
vt 0.000000 -0.267035 0.000000
vt 0.040000 -0.311541 0.000000
vt 0.000000 -0.311541 0.000000
vt 0.040000 -0.356047 0.000000
vt -0.000000 -0.356047 0.000000
vt 0.040000 -0.400553 0.000000
vt -0.000000 -0.400553 0.000000
vt 0.040000 -0.445059 0.000000
vt 0.000000 -0.445059 0.000000
vn 0.100000 -0.000000 0.000000
vn 0.100000 -0.000000 0.000000
vn 0.100000 -0.000000 0.000000
vn 0.100000 -0.000000 0.000000
vn -0.000000 -0.100000 0.000000
vn -0.000000 -0.100000 0.000000
vn -0.000000 -0.100000 0.000000
vn -0.000000 -0.100000 0.000000
vn -0.100000 0.000000 0.000000
vn -0.100000 0.000000 0.000000
vn -0.100000 0.000000 0.000000
vn -0.100000 0.000000 0.000000
vn -0.000000 0.100000 -0.000000
vn -0.000000 0.100000 -0.000000
vn -0.000000 0.100000 -0.000000
vn -0.000000 0.100000 -0.000000
vn 0.000000 0.100000 0.000000
vn 0.000000 0.100000 0.000000
vn 0.000000 0.100000 0.000000
vn 0.000000 0.100000 0.000000
vn 0.100000 0.000000 0.000000
vn 0.100000 0.000000 0.000000
vn 0.100000 0.000000 0.000000
vn 0.100000 0.000000 0.000000
vn 0.000000 -0.100000 0.000000
vn 0.000000 -0.100000 0.000000
vn 0.000000 -0.100000 0.000000
vn 0.000000 -0.100000 0.000000
vn -0.100000 0.000000 0.000000
vn -0.100000 0.000000 0.000000
vn -0.100000 0.000000 0.000000
vn -0.100000 0.000000 0.000000
vn 0.000000 0.000000 0.100000
vn 0.000000 0.000000 0.100000
vn 0.000000 0.000000 0.100000
vn 0.000000 0.000000 0.100000
vn 0.000000 0.000000 0.100000
vn 0.000000 0.000000 0.100000
vn 0.000000 0.000000 0.100000
vn 0.000000 0.000000 0.100000
vn 0.000000 0.000000 0.100000
vn 0.000000 0.000000 0.100000
vn 0.000000 0.000000 0.100000
vn 0.000000 0.000000 0.100000
vn 0.000000 0.000000 0.100000
vn 0.000000 0.000000 0.100000
vn 0.000000 0.000000 0.100000
vn 0.000000 0.000000 0.100000
vn 0.000000 0.000000 0.100000
vn 0.000000 0.000000 0.100000
vn 0.000000 0.000000 0.100000
vn 0.000000 0.000000 0.100000
vn 0.000000 0.000000 0.100000
vn 0.000000 0.000000 0.100000
vn 0.000000 0.000000 0.100000
vn 0.000000 0.000000 0.100000
vn 0.000000 0.000000 0.100000
vn 0.000000 0.000000 0.100000
vn 0.000000 0.000000 0.100000
vn 0.000000 0.000000 0.100000
vn 0.000000 0.000000 0.100000
vn 0.000000 0.000000 0.100000
vn 0.000000 0.000000 0.100000
vn 0.000000 0.000000 0.100000
vn 0.000000 0.000000 0.100000
vn 0.000000 0.000000 0.100000
vn 0.000000 0.000000 0.100000
vn 0.000000 0.000000 0.100000
vn 0.000000 0.000000 0.100000
vn 0.000000 0.000000 0.100000
vn 0.000000 0.000000 0.100000
vn 0.000000 0.000000 0.100000
vn 0.000000 0.000000 0.100000
vn 0.000000 0.000000 0.100000
vn 0.000000 0.000000 0.100000
vn 0.000000 0.000000 0.100000
vn 0.000000 0.000000 0.100000
vn 0.000000 0.000000 0.100000
vn 0.000000 0.000000 0.100000
vn 0.000000 0.000000 0.100000
vn 0.000000 0.000000 0.100000
vn 0.000000 0.000000 0.100000
vn 0.000000 0.000000 0.100000
vn 0.000000 0.000000 0.100000
vn 0.000000 0.000000 0.100000
vn 0.000000 0.000000 0.100000
vn 0.000000 0.000000 0.100000
vn 0.000000 0.000000 0.100000
vn 0.000000 0.000000 0.100000
vn 0.000000 0.000000 0.100000
vn 0.000000 0.000000 0.100000
vn 0.000000 0.000000 0.100000
vn 0.000000 0.000000 0.100000
vn 0.000000 0.000000 0.100000
vn 0.000000 0.000000 0.100000
vn 0.000000 0.000000 0.100000
vn 0.000000 0.000000 0.100000
vn 0.000000 0.000000 0.100000
vn 0.000000 0.000000 0.100000
vn 0.000000 0.000000 0.100000
vn 0.000000 0.000000 0.100000
vn 0.000000 0.000000 0.100000
vn 0.000000 0.000000 0.100000
vn 0.000000 0.000000 0.100000
vn 0.000000 0.000000 0.100000
vn 0.000000 0.000000 0.100000
vn 0.000000 0.000000 0.100000
vn 0.000000 0.000000 0.100000
vn 0.000000 0.000000 0.100000
vn 0.000000 0.000000 0.100000
vn 0.000000 0.000000 0.100000
vn 0.000000 0.000000 0.100000
vn 0.000000 0.000000 0.100000
vn 0.000000 0.000000 0.100000
vn 0.000000 0.000000 0.100000
vn 0.000000 0.000000 0.100000
vn 0.000000 0.000000 0.100000
vn 0.000000 0.000000 0.100000
vn 0.000000 0.000000 0.100000
vn 0.000000 0.000000 0.100000
vn 0.000000 0.000000 0.100000
vn 0.000000 0.000000 0.100000
vn 0.000000 0.000000 0.100000
vn 0.000000 0.000000 0.100000
vn 0.000000 0.000000 0.100000
vn 0.000000 0.000000 0.100000
vn 0.000000 0.000000 0.100000
vn 0.000000 0.000000 0.100000
vn 0.000000 0.000000 0.100000
vn 0.000000 0.000000 0.100000
vn 0.000000 0.000000 0.100000
vn 0.000000 0.000000 0.100000
vn 0.000000 0.000000 0.100000
vn 0.000000 0.000000 0.100000
vn 0.000000 0.000000 0.100000
vn 0.000000 0.000000 0.100000
vn 0.000000 0.000000 0.100000
vn 0.000000 0.000000 0.100000
vn 0.000000 0.000000 0.100000
vn 0.000000 0.000000 0.100000
vn 0.000000 0.000000 0.100000
vn 0.000000 0.000000 0.100000
vn 0.000000 0.000000 0.100000
vn 0.000000 0.000000 0.100000
vn 0.000000 0.000000 0.100000
vn 0.000000 0.000000 0.100000
vn 0.000000 0.000000 0.100000
vn 0.000000 0.000000 0.100000
vn 0.000000 0.000000 0.100000
vn 0.000000 0.000000 0.100000
vn 0.000000 0.000000 0.100000
vn 0.000000 0.000000 0.100000
vn 0.000000 0.000000 0.100000
vn 0.000000 0.000000 0.100000
vn 0.000000 0.000000 0.100000
vn 0.000000 0.000000 0.100000
vn 0.000000 0.000000 0.100000
vn 0.000000 0.000000 0.100000
vn 0.000000 0.000000 0.100000
vn 0.000000 0.000000 0.100000
vn 0.000000 0.000000 0.100000
vn 0.000000 0.000000 0.100000
vn 0.000000 0.000000 0.100000
vn 0.000000 0.000000 0.100000
vn 0.000000 0.000000 0.100000
vn 0.000000 0.000000 0.100000
vn 0.000000 0.000000 0.100000
vn 0.000000 0.000000 0.100000
vn 0.000000 0.000000 0.100000
vn 0.000000 0.000000 0.100000
vn 0.000000 0.000000 0.100000
vn 0.000000 0.000000 0.100000
vn 0.000000 0.000000 0.100000
vn 0.000000 0.000000 0.100000
vn 0.000000 0.000000 0.100000
vn 0.000000 0.000000 0.100000
vn 0.000000 0.000000 0.100000
vn 0.000000 0.000000 0.100000
vn 0.000000 0.000000 0.100000
vn 0.000000 0.000000 0.100000
vn 0.000000 0.000000 0.100000
vn 0.000000 0.000000 0.100000
vn 0.000000 0.000000 0.100000
vn 0.000000 0.000000 0.100000
vn 0.000000 0.000000 0.100000
vn 0.000000 0.000000 0.100000
vn 0.000000 0.000000 0.100000
vn 0.000000 0.000000 0.100000
vn 0.000000 0.000000 0.100000
vn 0.000000 0.000000 0.100000
vn 0.000000 0.000000 0.100000
vn 0.000000 0.000000 0.100000
vn 0.000000 0.000000 0.100000
vn 0.000000 0.000000 0.100000
vn 0.000000 0.000000 0.100000
vn 0.000000 0.000000 0.100000
vn 0.000000 0.000000 0.100000
vn 0.000000 0.000000 0.100000
vn 0.000000 0.000000 0.100000
vn 0.000000 0.000000 0.100000
vn 0.000000 0.000000 0.100000
vn 0.000000 0.000000 0.100000
vn 0.000000 0.000000 0.100000
vn 0.000000 0.000000 0.100000
vn 0.000000 0.000000 0.100000
vn 0.000000 0.000000 0.100000
vn 0.000000 0.000000 0.100000
vn 0.000000 0.000000 0.100000
vn 0.000000 0.000000 0.100000
vn 0.000000 0.000000 0.100000
vn 0.000000 0.000000 0.100000
vn 0.000000 0.000000 0.100000
vn 0.000000 0.000000 0.100000
vn 0.000000 0.000000 0.100000
vn 0.000000 0.000000 0.100000
vn 0.000000 0.000000 0.100000
vn 0.000000 0.000000 0.100000
vn 0.000000 0.000000 0.100000
vn 0.000000 0.000000 0.100000
vn 0.000000 0.000000 0.100000
vn 0.000000 0.000000 0.100000
vn 0.000000 0.000000 0.100000
vn 0.000000 0.000000 0.100000
vn 0.000000 0.000000 0.100000
vn 0.000000 0.000000 0.100000
vn 0.000000 0.000000 0.100000
vn 0.000000 0.000000 0.100000
vn 0.000000 0.000000 0.100000
vn 0.000000 0.000000 0.100000
vn 0.000000 0.000000 0.100000
vn 0.000000 0.000000 0.100000
vn 0.000000 0.000000 0.100000
vn 0.000000 0.000000 0.100000
vn 0.000000 0.000000 0.100000
vn 0.000000 0.000000 0.100000
vn 0.000000 0.000000 0.100000
vn 0.000000 0.000000 0.100000
vn 0.000000 0.000000 0.100000
vn 0.000000 0.000000 0.100000
vn 0.000000 0.000000 0.100000
vn 0.000000 0.000000 0.100000
vn 0.000000 0.000000 0.100000
vn 0.000000 0.000000 0.100000
vn 0.000000 0.000000 0.100000
vn 0.000000 0.000000 0.100000
vn 0.000000 0.000000 0.100000
vn 0.000000 0.000000 0.100000
vn 0.000000 0.000000 0.100000
vn 0.000000 0.000000 0.100000
vn 0.000000 0.000000 0.100000
vn 0.000000 0.000000 0.100000
vn 0.000000 0.000000 0.100000
vn 0.000000 0.000000 0.100000
vn 0.000000 0.000000 0.100000
vn 0.000000 0.000000 0.100000
vn 0.000000 0.000000 0.100000
vn 0.000000 0.000000 0.100000
vn 0.000000 0.000000 0.100000
vn 0.000000 0.000000 0.100000
vn 0.000000 0.000000 0.100000
vn 0.000000 0.000000 0.100000
vn 0.000000 0.000000 0.100000
vn 0.000000 0.000000 0.100000
vn 0.000000 0.000000 0.100000
vn 0.000000 0.000000 0.100000
vn 0.000000 0.000000 0.100000
vn 0.000000 0.000000 0.100000
vn 0.000000 0.000000 0.100000
vn 0.000000 0.000000 0.100000
vn 0.000000 0.000000 0.100000
vn 0.000000 0.000000 0.100000
vn 0.000000 0.000000 0.100000
vn 0.000000 0.000000 0.100000
vn 0.000000 0.000000 0.100000
vn 0.000000 0.000000 0.100000
vn 0.000000 0.000000 0.100000
vn 0.000000 0.000000 0.100000
vn 0.000000 0.000000 0.100000
vn 0.000000 0.000000 0.100000
vn 0.000000 0.000000 0.100000
vn 0.000000 0.000000 0.100000
vn 0.000000 0.000000 0.100000
vn 0.000000 0.000000 0.100000
vn 0.000000 0.000000 0.100000
vn 0.000000 0.000000 0.100000
vn 0.000000 0.000000 0.100000
vn 0.000000 0.000000 0.100000
vn 0.000000 0.000000 0.100000
vn 0.000000 0.000000 0.100000
vn 0.000000 0.000000 0.100000
vn 0.000000 0.000000 0.100000
vn 0.000000 0.000000 0.100000
vn 0.000000 0.000000 0.100000
vn 0.000000 0.000000 0.100000
vn 0.000000 0.000000 0.100000
vn 0.000000 0.000000 0.100000
vn 0.000000 0.000000 0.100000
vn 0.000000 0.000000 0.100000
vn 0.000000 0.000000 0.100000
vn 0.000000 0.000000 0.100000
vn 0.000000 0.000000 0.100000
vn 0.000000 0.000000 0.100000
vn 0.000000 0.000000 0.100000
vn 0.000000 0.000000 0.100000
vn 0.000000 0.000000 0.100000
vn 0.000000 0.000000 0.100000
vn 0.000000 0.000000 0.100000
vn 0.000000 0.000000 0.100000
vn 0.000000 0.000000 0.100000
vn 0.000000 0.000000 0.100000
vn 0.000000 0.000000 0.100000
vn 0.000000 0.000000 0.100000
vn 0.000000 0.000000 0.100000
vn 0.000000 0.000000 0.100000
vn 0.000000 0.000000 0.100000
vn 0.000000 0.000000 0.100000
vn 0.000000 0.000000 0.100000
vn 0.000000 0.000000 0.100000
vn 0.000000 0.000000 0.100000
vn 0.000000 0.000000 0.100000
vn 0.000000 0.000000 0.100000
vn 0.000000 0.000000 0.100000
vn 0.000000 0.000000 0.100000
vn 0.000000 0.000000 0.100000
vn 0.000000 0.000000 0.100000
vn 0.000000 0.000000 0.100000
vn 0.000000 0.000000 0.100000
vn 0.000000 0.000000 0.100000
vn 0.000000 0.000000 0.100000
vn 0.000000 0.000000 0.100000
vn 0.000000 0.000000 0.100000
vn 0.000000 0.000000 0.100000
vn 0.000000 0.000000 0.100000
vn 0.000000 0.000000 0.100000
vn 0.000000 0.000000 0.100000
vn 0.000000 0.000000 0.100000
vn 0.000000 0.000000 0.100000
vn 0.000000 0.000000 0.100000
vn 0.000000 0.000000 0.100000
vn 0.000000 0.000000 0.100000
vn 0.000000 0.000000 0.100000
vn 0.000000 0.000000 0.100000
vn 0.000000 0.000000 0.100000
vn 0.000000 0.000000 0.100000
vn 0.000000 0.000000 0.100000
vn 0.000000 0.000000 0.100000
vn 0.000000 0.000000 0.100000
vn 0.000000 0.000000 0.100000
vn 0.000000 0.000000 0.100000
vn 0.000000 0.000000 0.100000
vn 0.000000 0.000000 0.100000
vn 0.000000 0.000000 0.100000
vn 0.000000 0.000000 0.100000
vn 0.000000 0.000000 0.100000
vn 0.000000 0.000000 0.100000
vn 0.000000 0.000000 0.100000
vn 0.000000 0.000000 0.100000
vn 0.000000 0.000000 0.100000
vn 0.000000 0.000000 0.100000
vn 0.000000 0.000000 0.100000
vn 0.000000 0.000000 0.100000
vn 0.000000 0.000000 0.100000
vn 0.000000 0.000000 0.100000
vn 0.000000 0.000000 0.100000
vn 0.000000 0.000000 0.100000
vn 0.000000 0.000000 0.100000
vn 0.000000 0.000000 0.100000
vn 0.000000 0.000000 0.100000
vn 0.000000 0.000000 0.100000
vn 0.000000 0.000000 0.100000
vn 0.000000 0.000000 0.100000
vn 0.000000 0.000000 0.100000
vn 0.000000 0.000000 0.100000
vn 0.000000 0.000000 0.100000
vn 0.000000 0.000000 0.100000
vn 0.000000 0.000000 0.100000
vn 0.000000 0.000000 0.100000
vn 0.000000 0.000000 0.100000
vn 0.000000 0.000000 0.100000
vn 0.000000 0.000000 0.100000
vn 0.000000 0.000000 0.100000
vn 0.000000 0.000000 0.100000
vn 0.000000 0.000000 0.100000
vn 0.000000 0.000000 0.100000
vn 0.000000 0.000000 0.100000
vn 0.000000 0.000000 0.100000
vn 0.000000 0.000000 0.100000
vn 0.000000 0.000000 0.100000
vn 0.000000 0.000000 0.100000
vn 0.000000 0.000000 0.100000
vn 0.000000 0.000000 0.100000
vn 0.000000 0.000000 0.100000
vn 0.000000 0.000000 0.100000
vn 0.000000 0.000000 0.100000
vn 0.000000 0.000000 0.100000
vn 0.000000 0.000000 0.100000
vn 0.000000 0.000000 0.100000
vn 0.000000 0.000000 0.100000
vn 0.000000 0.000000 0.100000
vn 0.000000 0.000000 0.100000
vn 0.000000 0.000000 0.100000
vn 0.000000 0.000000 0.100000
vn 0.000000 0.000000 0.100000
vn 0.000000 0.000000 0.100000
vn 0.000000 0.000000 0.100000
vn 0.000000 0.000000 0.100000
vn 0.000000 0.000000 0.100000
vn 0.000000 0.000000 0.100000
vn 0.000000 0.000000 0.100000
vn 0.000000 0.000000 0.100000
vn 0.000000 0.000000 0.100000
vn 0.000000 0.000000 0.100000
vn 0.000000 0.000000 0.100000
vn 0.000000 0.000000 0.100000
vn 0.000000 0.000000 0.100000
vn 0.000000 0.000000 0.100000
vn 0.000000 0.000000 0.100000
vn 0.000000 0.000000 0.100000
vn 0.000000 0.000000 0.100000
vn 0.000000 0.000000 0.100000
vn 0.000000 0.000000 0.100000
vn 0.000000 0.000000 0.100000
vn 0.000000 0.000000 0.100000
vn 0.000000 0.000000 0.100000
vn 0.000000 0.000000 0.100000
vn 0.000000 0.000000 0.100000
vn 0.000000 0.000000 0.100000
vn 0.000000 0.000000 0.100000
vn 0.000000 0.000000 0.100000
vn 0.000000 0.000000 0.100000
vn 0.000000 0.000000 0.100000
vn 0.000000 0.000000 0.100000
vn 0.000000 0.000000 0.100000
vn 0.000000 0.000000 0.100000
vn 0.000000 0.000000 0.100000
vn 0.000000 0.000000 0.100000
vn 0.000000 0.000000 0.100000
vn 0.000000 0.000000 0.100000
vn 0.000000 0.000000 0.100000
vn 0.000000 0.000000 0.100000
vn 0.000000 0.000000 0.100000
vn 0.000000 0.000000 0.100000
vn 0.000000 0.000000 0.100000
vn 0.000000 0.000000 0.100000
vn 0.000000 0.000000 0.100000
vn 0.000000 0.000000 0.100000
vn 0.000000 0.000000 0.100000
vn 0.000000 0.000000 0.100000
vn 0.000000 0.000000 0.100000
vn 0.000000 0.000000 0.100000
vn 0.000000 0.000000 0.100000
vn 0.000000 0.000000 0.100000
vn 0.000000 0.000000 0.100000
vn 0.000000 0.000000 0.100000
vn 0.000000 0.000000 0.100000
vn 0.000000 0.000000 0.100000
vn 0.000000 0.000000 0.100000
vn 0.000000 0.000000 0.100000
vn 0.000000 0.000000 0.100000
vn 0.000000 0.000000 0.100000
vn 0.000000 0.000000 0.100000
vn 0.000000 0.000000 0.100000
vn 0.000000 0.000000 0.100000
vn 0.000000 0.000000 0.100000
vn 0.000000 0.000000 0.100000
vn 0.000000 0.000000 0.100000
vn 0.000000 0.000000 0.100000
vn 0.000000 0.000000 0.100000
vn 0.000000 0.000000 0.100000
vn 0.000000 0.000000 0.100000
vn 0.000000 0.000000 0.100000
vn 0.000000 0.000000 0.100000
vn 0.000000 0.000000 0.100000
vn 0.000000 0.000000 0.100000
vn 0.000000 0.000000 0.100000
vn 0.000000 0.000000 0.100000
vn 0.000000 0.000000 0.100000
vn 0.000000 0.000000 0.100000
vn 0.000000 0.000000 0.100000
vn 0.000000 0.000000 0.100000
vn 0.000000 0.000000 0.100000
vn 0.000000 0.000000 0.100000
vn 0.000000 0.000000 0.100000
vn 0.000000 0.000000 0.100000
vn 0.000000 0.000000 0.100000
vn 0.000000 0.000000 0.100000
vn 0.000000 0.000000 0.100000
vn 0.000000 0.000000 0.100000
vn 0.000000 0.000000 0.100000
vn 0.000000 0.000000 0.100000
vn 0.000000 0.000000 0.100000
vn 0.000000 0.000000 0.100000
vn 0.000000 0.000000 0.100000
vn 0.000000 0.000000 0.100000
vn 0.000000 0.000000 0.100000
vn 0.000000 0.000000 0.100000
vn 0.000000 0.000000 0.100000
vn 0.000000 0.000000 0.100000
vn 0.000000 0.000000 0.100000
vn 0.000000 0.000000 0.100000
vn 0.000000 0.000000 0.100000
vn 0.000000 0.000000 0.100000
vn 0.000000 0.000000 0.100000
vn 0.000000 0.000000 0.100000
vn 0.000000 0.000000 0.100000
vn 0.000000 0.000000 0.100000
vn 0.000000 0.000000 0.100000
vn 0.000000 0.000000 0.100000
vn 0.000000 0.000000 0.100000
vn 0.000000 0.000000 0.100000
vn 0.000000 0.000000 0.100000
vn 0.000000 0.000000 0.100000
vn 0.000000 0.000000 0.100000
vn 0.000000 0.000000 0.100000
vn 0.000000 0.000000 0.100000
vn 0.000000 0.000000 0.100000
vn 0.000000 0.000000 0.100000
vn 0.000000 0.000000 0.100000
vn 0.000000 0.000000 0.100000
vn 0.000000 0.000000 0.100000
vn 0.000000 0.000000 0.100000
vn 0.000000 0.000000 0.100000
vn 0.000000 0.000000 0.100000
vn 0.000000 0.000000 0.100000
vn 0.000000 0.000000 0.100000
vn 0.000000 0.000000 0.100000
vn 0.000000 0.000000 0.100000
vn 0.000000 0.000000 0.100000
vn 0.000000 0.000000 0.100000
vn 0.000000 0.000000 0.100000
vn 0.000000 0.000000 0.100000
vn 0.000000 0.000000 0.100000
vn 0.000000 0.000000 0.100000
vn 0.000000 0.000000 0.100000
vn 0.000000 0.000000 0.100000
vn 0.000000 0.000000 0.100000
vn 0.000000 0.000000 0.100000
vn 0.000000 0.000000 0.100000
vn 0.000000 0.000000 0.100000
vn 0.000000 0.000000 0.100000
vn 0.000000 0.000000 0.100000
vn 0.000000 0.000000 0.100000
vn 0.000000 0.000000 0.100000
vn 0.000000 0.000000 0.100000
vn 0.000000 0.000000 0.100000
vn 0.000000 0.000000 0.100000
vn 0.000000 0.000000 0.100000
vn 0.000000 0.000000 0.100000
vn 0.000000 0.000000 0.100000
vn 0.000000 0.000000 0.100000
vn 0.000000 0.000000 0.100000
vn 0.000000 0.000000 0.100000
vn 0.000000 0.000000 0.100000
vn 0.000000 0.000000 0.100000
vn 0.000000 0.000000 0.100000
vn 0.000000 0.000000 0.100000
vn 0.000000 0.000000 0.100000
vn 0.000000 0.000000 0.100000
vn 0.000000 0.000000 0.100000
vn 0.000000 0.000000 0.100000
vn 0.000000 0.000000 0.100000
vn 0.000000 0.000000 0.100000
vn 0.000000 0.000000 0.100000
vn 0.000000 0.000000 0.100000
vn 0.000000 0.000000 0.100000
vn 0.000000 0.000000 0.100000
vn 0.000000 0.000000 0.100000
vn 0.000000 0.000000 0.100000
vn 0.000000 0.000000 0.100000
vn 0.000000 0.000000 0.100000
vn 0.000000 0.000000 0.100000
vn 0.000000 0.000000 0.100000
vn 0.000000 0.000000 0.100000
vn 0.000000 0.000000 0.100000
vn 0.000000 0.000000 0.100000
vn 0.000000 0.000000 0.100000
vn 0.000000 0.000000 0.100000
vn 0.000000 0.000000 0.100000
vn 0.000000 0.000000 0.100000
vn 0.000000 0.000000 0.100000
vn 0.000000 0.000000 0.100000
vn 0.000000 0.000000 0.100000
vn 0.000000 0.000000 0.100000
vn 0.000000 0.000000 0.100000
vn 0.000000 0.000000 0.100000
vn 0.000000 0.000000 0.100000
vn 0.000000 0.000000 0.100000
vn 0.000000 0.000000 0.100000
vn 0.000000 0.000000 0.100000
vn 0.000000 0.000000 0.100000
vn 0.000000 0.000000 0.100000
vn 0.000000 0.000000 0.100000
vn 0.000000 0.000000 0.100000
vn 0.000000 0.000000 0.100000
vn 0.000000 0.000000 0.100000
vn 0.000000 0.000000 0.100000
vn 0.000000 0.000000 0.100000
vn 0.000000 0.000000 0.100000
vn 0.000000 0.000000 0.100000
vn 0.000000 0.000000 0.100000
vn 0.000000 0.000000 0.100000
vn 0.000000 0.000000 0.100000
vn 0.000000 0.000000 0.100000
vn 0.000000 0.000000 0.100000
vn 0.000000 0.000000 0.100000
vn 0.000000 0.000000 0.100000
vn 0.000000 0.000000 0.100000
vn 0.000000 0.000000 0.100000
vn 0.000000 0.000000 0.100000
vn 0.000000 0.000000 0.100000
vn 0.000000 0.000000 0.100000
vn 0.000000 0.000000 0.100000
vn 0.000000 0.000000 0.100000
vn 0.000000 0.000000 0.100000
vn 0.000000 0.000000 0.100000
vn 0.000000 0.000000 0.100000
vn 0.000000 0.000000 0.100000
vn 0.000000 0.000000 0.100000
vn 0.000000 0.000000 0.100000
vn 0.000000 0.000000 0.100000
vn 0.000000 0.000000 0.100000
vn 0.000000 0.000000 0.100000
vn 0.000000 0.000000 0.100000
vn 0.000000 0.000000 0.100000
vn 0.000000 0.000000 0.100000
vn 0.000000 0.000000 0.100000
vn 0.000000 0.000000 0.100000
vn 0.000000 0.000000 0.100000
vn 0.000000 0.000000 0.100000
vn 0.000000 0.000000 0.100000
vn 0.000000 0.000000 0.100000
vn 0.000000 0.000000 0.100000
vn 0.000000 0.000000 0.100000
vn 0.000000 0.000000 0.100000
vn 0.000000 0.000000 0.100000
vn 0.000000 0.000000 0.100000
vn 0.000000 0.000000 0.100000
vn 0.000000 0.000000 0.100000
vn 0.000000 0.000000 0.100000
vn 0.000000 0.000000 0.100000
vn 0.000000 0.000000 0.100000
vn 0.000000 0.000000 0.100000
vn 0.000000 0.000000 0.100000
vn 0.000000 0.000000 0.100000
vn 0.000000 0.000000 0.100000
vn 0.000000 0.000000 0.100000
vn 0.000000 0.000000 0.100000
vn 0.000000 0.000000 0.100000
vn 0.000000 0.000000 0.100000
vn 0.000000 0.000000 0.100000
vn 0.000000 0.000000 0.100000
vn 0.000000 0.000000 0.100000
vn 0.000000 0.000000 0.100000
vn 0.000000 0.000000 0.100000
vn 0.000000 0.000000 0.100000
vn 0.000000 0.000000 0.100000
vn 0.000000 0.000000 0.100000
vn 0.000000 0.000000 0.100000
vn 0.000000 0.000000 0.100000
vn 0.000000 0.000000 0.100000
vn 0.000000 0.000000 0.100000
vn 0.000000 0.000000 0.100000
vn 0.000000 0.000000 0.100000
vn 0.000000 0.000000 0.100000
vn 0.000000 0.000000 0.100000
vn 0.000000 0.000000 0.100000
vn 0.000000 0.000000 0.100000
vn 0.000000 0.000000 0.100000
vn 0.000000 0.000000 0.100000
vn 0.000000 0.000000 0.100000
vn 0.000000 0.000000 0.100000
vn 0.000000 0.000000 0.100000
vn 0.000000 0.000000 0.100000
vn 0.000000 0.000000 0.100000
vn 0.000000 0.000000 0.100000
vn 0.000000 0.000000 0.100000
vn 0.000000 0.000000 0.100000
vn 0.000000 0.000000 0.100000
vn 0.000000 0.000000 0.100000
vn 0.000000 0.000000 0.100000
vn 0.000000 0.000000 0.100000
vn 0.000000 0.000000 0.100000
vn 0.000000 0.000000 0.100000
vn 0.000000 0.000000 0.100000
vn 0.000000 0.000000 0.100000
vn 0.000000 0.000000 0.100000
vn 0.000000 0.000000 0.100000
vn 0.000000 0.000000 0.100000
vn 0.000000 0.000000 0.100000
vn 0.000000 0.000000 0.100000
vn 0.000000 0.000000 0.100000
vn 0.000000 0.000000 0.100000
vn 0.000000 0.000000 0.100000
vn 0.000000 0.000000 0.100000
vn 0.000000 0.000000 0.100000
vn 0.000000 0.000000 0.100000
vn 0.000000 0.000000 0.100000
vn 0.000000 0.000000 0.100000
vn 0.000000 0.000000 0.100000
vn 0.000000 0.000000 0.100000
vn 0.000000 0.000000 0.100000
vn 0.000000 0.000000 0.100000
vn 0.000000 0.000000 0.100000
vn 0.000000 0.000000 0.100000
vn 0.000000 0.000000 0.100000
vn 0.000000 0.000000 0.100000
vn 0.000000 0.000000 0.100000
vn 0.000000 0.000000 0.100000
vn 0.000000 0.000000 0.100000
vn 0.000000 0.000000 0.100000
vn 0.000000 0.000000 0.100000
vn 0.000000 0.000000 0.100000
vn 0.000000 0.000000 0.100000
vn 0.000000 0.000000 0.100000
vn 0.000000 0.000000 0.100000
vn 0.000000 0.000000 0.100000
vn 0.000000 0.000000 0.100000
vn 0.000000 0.000000 0.100000
vn 0.000000 0.000000 0.100000
vn 0.000000 0.000000 0.100000
vn 0.000000 0.000000 0.100000
vn 0.000000 0.000000 0.100000
vn 0.000000 0.000000 0.100000
vn 0.000000 0.000000 0.100000
vn 0.000000 0.000000 0.100000
vn 0.000000 0.000000 0.100000
vn 0.000000 0.000000 0.100000
vn 0.000000 0.000000 0.100000
vn 0.000000 0.000000 0.100000
vn 0.000000 0.000000 0.100000
vn 0.000000 0.000000 0.100000
vn 0.000000 0.000000 0.100000
vn 0.000000 0.000000 0.100000
vn 0.000000 0.000000 0.100000
vn 0.000000 0.000000 0.100000
vn 0.000000 0.000000 0.100000
vn 0.000000 0.000000 0.100000
vn 0.000000 0.000000 0.100000
vn 0.000000 0.000000 0.100000
vn 0.000000 0.000000 0.100000
vn 0.000000 0.000000 0.100000
vn 0.000000 0.000000 0.100000
vn 0.000000 0.000000 0.100000
vn 0.000000 0.000000 0.100000
vn 0.000000 0.000000 0.100000
vn 0.000000 0.000000 0.100000
vn 0.000000 0.000000 0.100000
vn 0.000000 0.000000 0.100000
vn 0.000000 0.000000 0.100000
vn 0.000000 0.000000 0.100000
vn 0.000000 0.000000 0.100000
vn 0.000000 0.000000 0.100000
vn 0.000000 0.000000 0.100000
vn 0.000000 0.000000 0.100000
vn 0.000000 0.000000 0.100000
vn 0.000000 0.000000 0.100000
vn 0.000000 0.000000 0.100000
vn 0.000000 0.000000 0.100000
vn 0.000000 0.000000 0.100000
vn 0.000000 0.000000 0.100000
vn 0.000000 0.000000 0.100000
vn 0.000000 0.000000 0.100000
vn 0.000000 0.000000 0.100000
vn 0.000000 0.000000 0.100000
vn 0.000000 0.000000 0.100000
vn 0.000000 0.000000 0.100000
vn 0.000000 0.000000 0.100000
vn 0.000000 0.000000 0.100000
vn 0.000000 0.000000 0.100000
vn 0.000000 0.000000 0.100000
vn 0.000000 0.000000 0.100000
vn 0.000000 0.000000 0.100000
vn 0.000000 0.000000 0.100000
vn 0.000000 0.000000 0.100000
vn 0.000000 0.000000 0.100000
vn 0.000000 0.000000 0.100000
vn 0.000000 0.000000 0.100000
vn 0.000000 0.000000 0.100000
vn 0.000000 0.000000 0.100000
vn 0.000000 0.000000 0.100000
vn 0.000000 0.000000 0.100000
vn 0.000000 0.000000 0.100000
vn 0.000000 0.000000 0.100000
vn 0.000000 0.000000 0.100000
vn 0.000000 0.000000 0.100000
vn 0.000000 0.000000 0.100000
vn 0.000000 0.000000 0.100000
vn 0.000000 0.000000 0.100000
vn 0.000000 0.000000 0.100000
vn 0.000000 0.000000 0.100000
vn 0.000000 0.000000 0.100000
vn 0.000000 0.000000 0.100000
vn 0.000000 0.000000 0.100000
vn 0.000000 0.000000 0.100000
vn 0.000000 0.000000 0.100000
vn 0.000000 0.000000 0.100000
vn 0.000000 0.000000 0.100000
vn 0.000000 0.000000 0.100000
vn 0.000000 0.000000 0.100000
vn 0.000000 0.000000 0.100000
vn 0.000000 0.000000 0.100000
vn 0.000000 0.000000 0.100000
vn 0.000000 0.000000 0.100000
vn 0.000000 0.000000 0.100000
vn 0.000000 0.000000 0.100000
vn 0.000000 0.000000 0.100000
vn 0.000000 0.000000 0.100000
vn 0.000000 0.000000 0.100000
vn 0.000000 0.000000 0.100000
vn 0.000000 0.000000 0.100000
vn 0.000000 0.000000 0.100000
vn 0.000000 0.000000 0.100000
vn 0.000000 0.000000 0.100000
vn 0.000000 0.000000 0.100000
vn 0.000000 0.000000 0.100000
vn 0.000000 0.000000 0.100000
vn 0.000000 0.000000 0.100000
vn 0.000000 0.000000 0.100000
vn 0.000000 0.000000 0.100000
vn 0.000000 0.000000 0.100000
vn 0.000000 0.000000 0.100000
vn 0.000000 0.000000 0.100000
vn 0.000000 0.000000 0.100000
vn 0.000000 0.000000 0.100000
vn 0.000000 0.000000 0.100000
vn 0.000000 0.000000 0.100000
vn 0.000000 0.000000 0.100000
vn 0.000000 0.000000 0.100000
vn 0.000000 0.000000 0.100000
vn 0.000000 0.000000 0.100000
vn 0.000000 0.000000 0.100000
vn 0.000000 0.000000 0.100000
vn 0.000000 0.000000 0.100000
vn 0.000000 0.000000 0.100000
vn 0.000000 0.000000 0.100000
vn 0.000000 0.000000 0.100000
vn 0.000000 0.000000 0.100000
vn 0.000000 0.000000 0.100000
vn 0.000000 0.000000 0.100000
vn 0.000000 0.000000 0.100000
vn 0.000000 0.000000 0.100000
vn 0.000000 0.000000 0.100000
vn 0.000000 0.000000 0.100000
vn 0.000000 0.000000 0.100000
vn 0.000000 0.000000 0.100000
vn 0.000000 0.000000 0.100000
vn 0.000000 0.000000 0.100000
vn 0.000000 0.000000 0.100000
vn 0.000000 0.000000 0.100000
vn 0.000000 0.000000 0.100000
vn 0.000000 0.000000 0.100000
vn 0.000000 0.000000 0.100000
vn 0.000000 0.000000 0.100000
vn 0.000000 0.000000 0.100000
vn 0.000000 0.000000 0.100000
vn 0.000000 0.000000 0.100000
vn 0.000000 0.000000 0.100000
vn 0.000000 0.000000 0.100000
vn 0.000000 0.000000 0.100000
vn 0.000000 0.000000 0.100000
vn 0.000000 0.000000 0.100000
vn 0.000000 0.000000 0.100000
vn 0.000000 0.000000 0.100000
vn 0.000000 0.000000 0.100000
vn 0.000000 0.000000 0.100000
vn 0.000000 0.000000 0.100000
vn 0.000000 0.000000 0.100000
vn 0.000000 0.000000 0.100000
vn 0.000000 0.000000 0.100000
vn 0.000000 0.000000 0.100000
vn 0.000000 0.000000 0.100000
vn 0.000000 0.000000 0.100000
vn 0.000000 0.000000 0.100000
vn 0.000000 0.000000 0.100000
vn 0.000000 0.000000 0.100000
vn 0.000000 0.000000 0.100000
vn 0.000000 0.000000 0.100000
vn 0.000000 0.000000 0.100000
vn 0.000000 0.000000 0.100000
vn 0.000000 0.000000 0.100000
vn 0.000000 0.000000 0.100000
vn 0.000000 0.000000 0.100000
vn 0.000000 0.000000 0.100000
vn 0.000000 0.000000 0.100000
vn 0.000000 0.000000 0.100000
vn 0.000000 0.000000 0.100000
vn 0.000000 0.000000 0.100000
vn 0.000000 0.000000 0.100000
vn 0.000000 0.000000 0.100000
vn 0.000000 0.000000 0.100000
vn 0.000000 0.000000 0.100000
vn 0.000000 0.000000 0.100000
vn 0.000000 0.000000 0.100000
vn 0.000000 0.000000 0.100000
vn 0.000000 0.000000 0.100000
vn 0.000000 0.000000 0.100000
vn 0.000000 0.000000 0.100000
vn 0.000000 0.000000 0.100000
vn 0.000000 0.000000 0.100000
vn 0.000000 0.000000 0.100000
vn 0.000000 0.000000 0.100000
vn 0.000000 0.000000 0.100000
vn 0.000000 0.000000 0.100000
vn 0.000000 0.000000 0.100000
vn 0.000000 0.000000 0.100000
vn 0.000000 0.000000 0.100000
vn 0.000000 0.000000 0.100000
vn 0.000000 0.000000 0.100000
vn 0.000000 0.000000 0.100000
vn 0.000000 0.000000 0.100000
vn 0.000000 0.000000 0.100000
vn 0.000000 0.000000 0.100000
vn 0.000000 0.000000 0.100000
vn 0.000000 0.000000 0.100000
vn 0.000000 0.000000 0.100000
vn 0.000000 0.000000 0.100000
vn 0.000000 0.000000 0.100000
vn 0.000000 0.000000 0.100000
vn 0.000000 0.000000 0.100000
vn 0.000000 0.000000 0.100000
vn 0.000000 0.000000 0.100000
vn 0.000000 0.000000 0.100000
vn 0.000000 0.000000 0.100000
vn 0.000000 0.000000 0.100000
vn 0.000000 0.000000 0.100000
vn 0.000000 0.000000 0.100000
vn 0.000000 0.000000 0.100000
vn 0.000000 0.000000 0.100000
vn 0.000000 0.000000 0.100000
vn 0.000000 0.000000 0.100000
vn 0.000000 0.000000 0.100000
vn 0.000000 0.000000 0.100000
vn 0.000000 0.000000 0.100000
vn 0.000000 0.000000 0.100000
vn 0.000000 0.000000 0.100000
vn 0.000000 0.000000 0.100000
vn 0.000000 0.000000 0.100000
vn 0.000000 0.000000 0.100000
vn 0.000000 0.000000 0.100000
vn 0.000000 0.000000 0.100000
vn 0.000000 0.000000 0.100000
vn 0.000000 0.000000 0.100000
vn 0.000000 0.000000 0.100000
vn 0.000000 0.000000 0.100000
vn 0.000000 0.000000 0.100000
vn 0.000000 0.000000 0.100000
vn 0.000000 0.000000 0.100000
vn 0.000000 0.000000 0.100000
vn 0.000000 0.000000 0.100000
vn 0.000000 0.000000 0.100000
vn 0.000000 0.000000 0.100000
vn 0.000000 0.000000 0.100000
vn 0.000000 0.000000 0.100000
vn 0.000000 0.000000 0.100000
vn 0.000000 0.000000 0.100000
vn 0.000000 0.000000 0.100000
vn 0.000000 0.000000 0.100000
vn 0.000000 0.000000 0.100000
vn 0.000000 0.000000 0.100000
vn 0.000000 0.000000 0.100000
vn 0.000000 0.000000 0.100000
vn 0.000000 0.000000 0.100000
vn 0.000000 0.000000 0.100000
vn 0.000000 0.000000 0.100000
vn 0.000000 0.000000 0.100000
vn 0.000000 0.000000 0.100000
vn 0.000000 0.000000 0.100000
vn 0.000000 0.000000 0.100000
vn 0.000000 0.000000 0.100000
vn 0.000000 0.000000 0.100000
vn 0.000000 0.000000 0.100000
vn 0.000000 0.000000 0.100000
vn 0.000000 0.000000 0.100000
vn 0.000000 0.000000 0.100000
vn 0.000000 0.000000 0.100000
vn 0.000000 0.000000 0.100000
vn 0.000000 0.000000 0.100000
vn 0.000000 0.000000 0.100000
vn 0.000000 0.000000 0.100000
vn 0.000000 0.000000 0.100000
vn 0.000000 0.000000 0.100000
vn 0.000000 0.000000 0.100000
vn 0.000000 0.000000 0.100000
vn 0.000000 0.000000 0.100000
vn 0.000000 0.000000 0.100000
vn 0.000000 0.000000 0.100000
vn 0.000000 0.000000 0.100000
vn 0.000000 0.000000 0.100000
vn 0.000000 0.000000 0.100000
vn 0.000000 0.000000 0.100000
vn 0.000000 0.000000 0.100000
vn 0.000000 0.000000 0.100000
vn 0.000000 0.000000 0.100000
vn 0.000000 0.000000 0.100000
vn 0.000000 0.000000 0.100000
vn 0.000000 0.000000 0.100000
vn 0.000000 0.000000 0.100000
vn 0.000000 0.000000 0.100000
vn 0.000000 0.000000 0.100000
vn 0.000000 0.000000 0.100000
vn 0.000000 0.000000 0.100000
vn 0.000000 0.000000 0.100000
vn 0.000000 0.000000 0.100000
vn 0.000000 0.000000 0.100000
vn 0.000000 0.000000 0.100000
vn 0.000000 0.000000 0.100000
vn 0.000000 0.000000 0.100000
vn 0.000000 0.000000 0.100000
vn 0.000000 0.000000 0.100000
vn 0.000000 0.000000 0.100000
vn 0.000000 0.000000 0.100000
vn 0.000000 0.000000 0.100000
vn 0.000000 0.000000 0.100000
vn 0.000000 0.000000 0.100000
vn 0.000000 0.000000 0.100000
vn 0.000000 0.000000 0.100000
vn 0.000000 0.000000 0.100000
vn 0.000000 0.000000 0.100000
vn 0.000000 0.000000 0.100000
vn 0.000000 0.000000 0.100000
vn 0.000000 0.000000 0.100000
vn 0.000000 0.000000 0.100000
vn 0.000000 0.000000 0.100000
vn 0.000000 0.000000 0.100000
vn 0.000000 0.000000 0.100000
vn 0.000000 0.000000 0.100000
vn 0.000000 0.000000 0.100000
vn 0.000000 0.000000 0.100000
vn 0.000000 0.000000 0.100000
vn 0.000000 0.000000 0.100000
vn 0.000000 0.000000 0.100000
vn 0.000000 0.000000 0.100000
vn 0.000000 0.000000 0.100000
vn 0.000000 0.000000 0.100000
vn 0.000000 0.000000 0.100000
vn 0.000000 0.000000 0.100000
vn 0.000000 0.000000 0.100000
vn 0.000000 0.000000 0.100000
vn 0.000000 0.000000 0.100000
vn 0.000000 0.000000 0.100000
vn 0.000000 0.000000 0.100000
vn 0.000000 0.000000 0.100000
vn 0.000000 0.000000 0.100000
vn 0.000000 0.000000 0.100000
vn 0.000000 0.000000 0.100000
vn 0.000000 0.000000 0.100000
vn 0.000000 0.000000 0.100000
vn 0.000000 0.000000 0.100000
vn 0.000000 0.000000 0.100000
vn 0.000000 0.000000 0.100000
vn 0.000000 0.000000 0.100000
vn 0.000000 0.000000 0.100000
vn 0.000000 0.000000 0.100000
vn 0.000000 0.000000 0.100000
vn 0.000000 0.000000 0.100000
vn 0.000000 0.000000 0.100000
vn 0.000000 0.000000 0.100000
vn 0.000000 0.000000 0.100000
vn 0.000000 0.000000 0.100000
vn 0.000000 0.000000 0.100000
vn 0.000000 0.000000 0.100000
vn 0.000000 0.000000 0.100000
vn 0.000000 0.000000 0.100000
vn 0.000000 0.000000 0.100000
vn 0.000000 0.000000 0.100000
vn 0.000000 0.000000 0.100000
vn 0.000000 0.000000 0.100000
vn 0.000000 0.000000 0.100000
vn 0.000000 0.000000 0.100000
vn 0.000000 0.000000 0.100000
vn 0.000000 0.000000 0.100000
vn 0.000000 0.000000 0.100000
vn 0.000000 0.000000 0.100000
vn 0.000000 0.000000 0.100000
vn 0.000000 0.000000 0.100000
vn 0.000000 0.000000 0.100000
vn 0.000000 0.000000 0.100000
vn 0.000000 0.000000 0.100000
vn 0.000000 0.000000 0.100000
vn 0.000000 0.000000 0.100000
vn 0.000000 0.000000 0.100000
vn 0.000000 0.000000 0.100000
vn 0.000000 0.000000 0.100000
vn 0.000000 0.000000 0.100000
vn 0.000000 0.000000 0.100000
vn 0.000000 0.000000 0.100000
vn 0.000000 0.000000 0.100000
vn 0.000000 0.000000 0.100000
vn 0.000000 0.000000 0.100000
vn 0.000000 0.000000 0.100000
vn 0.000000 0.000000 0.100000
vn 0.000000 0.000000 0.100000
vn 0.000000 0.000000 0.100000
vn 0.000000 0.000000 0.100000
vn 0.000000 0.000000 0.100000
vn 0.000000 0.000000 0.100000
vn 0.000000 0.000000 0.100000
vn 0.000000 0.000000 0.100000
vn 0.000000 0.000000 0.100000
vn 0.000000 0.000000 0.100000
vn 0.000000 0.000000 0.100000
vn 0.000000 0.000000 0.100000
vn 0.000000 0.000000 0.100000
vn 0.000000 0.000000 0.100000
vn 0.000000 0.000000 0.100000
vn 0.000000 0.000000 0.100000
vn 0.000000 0.000000 0.100000
vn 0.000000 0.000000 0.100000
vn 0.000000 0.000000 0.100000
vn 0.000000 0.000000 0.100000
vn 0.000000 0.000000 0.100000
vn 0.000000 0.000000 0.100000
vn 0.000000 0.000000 0.100000
vn 0.000000 0.000000 0.100000
vn 0.000000 0.000000 0.100000
vn 0.000000 0.000000 0.100000
vn 0.000000 0.000000 0.100000
vn 0.000000 0.000000 0.100000
vn 0.000000 0.000000 0.100000
vn 0.000000 0.000000 0.100000
vn 0.000000 0.000000 0.100000
vn 0.000000 0.000000 0.100000
vn 0.000000 0.000000 0.100000
vn 0.000000 0.000000 0.100000
vn 0.000000 0.000000 0.100000
vn 0.000000 0.000000 0.100000
vn 0.000000 0.000000 0.100000
vn 0.000000 0.000000 0.100000
vn 0.000000 0.000000 0.100000
vn 0.000000 0.000000 0.100000
vn 0.000000 0.000000 0.100000
vn 0.000000 0.000000 0.100000
vn 0.000000 0.000000 0.100000
vn 0.000000 0.000000 0.100000
vn 0.000000 0.000000 0.100000
vn 0.000000 0.000000 0.100000
vn 0.000000 0.000000 0.100000
vn 0.000000 0.000000 0.100000
vn 0.000000 0.000000 0.100000
vn 0.000000 0.000000 0.100000
vn 0.000000 0.000000 0.100000
vn 0.000000 0.000000 0.100000
vn 0.000000 0.000000 0.100000
vn 0.000000 0.000000 0.100000
vn 0.000000 0.000000 0.100000
vn 0.000000 0.000000 0.100000
vn 0.000000 0.000000 0.100000
vn 0.000000 0.000000 0.100000
vn 0.000000 0.000000 0.100000
vn 0.000000 0.000000 0.100000
vn 0.000000 0.000000 0.100000
vn 0.000000 0.000000 0.100000
vn 0.000000 0.000000 0.100000
vn 0.000000 0.000000 0.100000
vn 0.000000 0.000000 0.100000
vn 0.000000 0.000000 0.100000
vn 0.000000 0.000000 0.100000
vn 0.000000 0.000000 0.100000
vn 0.000000 0.000000 0.100000
vn 0.000000 0.000000 0.100000
vn 0.000000 0.000000 0.100000
vn 0.000000 0.000000 0.100000
vn 0.000000 0.000000 0.100000
vn 0.000000 0.000000 0.100000
vn 0.000000 0.000000 0.100000
vn 0.000000 0.000000 0.100000
vn 0.000000 0.000000 0.100000
vn 0.000000 0.000000 0.100000
vn 0.000000 0.000000 0.100000
vn 0.000000 0.000000 0.100000
vn 0.000000 0.000000 0.100000
vn 0.000000 0.000000 0.100000
vn 0.000000 0.000000 0.100000
vn 0.000000 0.000000 0.100000
vn 0.000000 0.000000 0.100000
vn 0.000000 0.000000 0.100000
vn 0.000000 0.000000 0.100000
vn 0.000000 0.000000 0.100000
vn 0.000000 0.000000 0.100000
vn 0.000000 0.000000 0.100000
vn 0.000000 0.000000 0.100000
vn 0.000000 0.000000 0.100000
vn 0.000000 0.000000 0.100000
vn 0.000000 0.000000 0.100000
vn 0.000000 0.000000 0.100000
vn 0.000000 0.000000 0.100000
vn 0.000000 0.000000 0.100000
vn 0.000000 0.000000 0.100000
vn 0.000000 0.000000 0.100000
vn 0.000000 0.000000 0.100000
vn 0.000000 0.000000 0.100000
vn 0.000000 0.000000 0.100000
vn 0.000000 0.000000 0.100000
vn 0.000000 0.000000 0.100000
vn 0.000000 0.000000 0.100000
vn 0.000000 0.000000 0.100000
vn 0.000000 0.000000 0.100000
vn 0.000000 0.000000 0.100000
vn 0.000000 0.000000 0.100000
vn 0.000000 0.000000 0.100000
vn 0.000000 0.000000 0.100000
vn 0.000000 0.000000 0.100000
vn 0.000000 0.000000 0.100000
vn 0.000000 0.000000 0.100000
vn 0.000000 0.000000 0.100000
vn 0.000000 0.000000 0.100000
vn 0.000000 0.000000 0.100000
vn 0.000000 0.000000 0.100000
vn 0.000000 0.000000 0.100000
vn 0.000000 0.000000 0.100000
vn 0.000000 0.000000 0.100000
vn 0.000000 0.000000 0.100000
vn 0.000000 0.000000 0.100000
vn 0.000000 0.000000 0.100000
vn 0.000000 0.000000 0.100000
vn 0.000000 0.000000 0.100000
vn 0.000000 0.000000 0.100000
vn 0.000000 0.000000 0.100000
vn 0.000000 0.000000 0.100000
vn 0.000000 0.000000 0.100000
vn 0.000000 0.000000 0.100000
vn 0.000000 0.000000 0.100000
vn 0.000000 0.000000 0.100000
vn 0.000000 0.000000 0.100000
vn 0.000000 0.000000 0.100000
vn 0.000000 0.000000 0.100000
vn 0.000000 0.000000 0.100000
vn 0.000000 0.000000 0.100000
vn 0.000000 0.000000 0.100000
vn 0.000000 0.000000 0.100000
vn 0.000000 0.000000 0.100000
vn 0.000000 0.000000 0.100000
vn 0.000000 0.000000 0.100000
vn 0.000000 0.000000 0.100000
vn 0.000000 0.000000 0.100000
vn 0.000000 0.000000 0.100000
vn 0.000000 0.000000 0.100000
vn 0.000000 0.000000 0.100000
vn 0.000000 0.000000 0.100000
vn 0.000000 0.000000 0.100000
vn 0.000000 0.000000 0.100000
vn 0.000000 0.000000 0.100000
vn 0.000000 0.000000 0.100000
vn 0.000000 0.000000 0.100000
vn 0.000000 0.000000 -0.100000
vn 0.000000 0.000000 -0.100000
vn 0.000000 0.000000 -0.100000
vn 0.000000 0.000000 -0.100000
vn 0.000000 0.000000 -0.100000
vn 0.000000 0.000000 -0.100000
vn 0.000000 0.000000 -0.100000
vn 0.000000 0.000000 -0.100000
vn 0.000000 0.000000 -0.100000
vn 0.000000 0.000000 -0.100000
vn 0.000000 0.000000 -0.100000
vn 0.000000 0.000000 -0.100000
vn 0.000000 0.000000 -0.100000
vn 0.000000 0.000000 -0.100000
vn 0.000000 0.000000 -0.100000
vn 0.000000 0.000000 -0.100000
vn 0.000000 0.000000 -0.100000
vn 0.000000 0.000000 -0.100000
vn 0.000000 0.000000 -0.100000
vn 0.000000 0.000000 -0.100000
vn 0.000000 0.000000 -0.100000
vn 0.000000 0.000000 -0.100000
vn 0.000000 0.000000 -0.100000
vn 0.000000 0.000000 -0.100000
vn 0.000000 0.000000 -0.100000
vn 0.000000 0.000000 -0.100000
vn 0.000000 0.000000 -0.100000
vn 0.000000 0.000000 -0.100000
vn 0.000000 0.000000 -0.100000
vn 0.000000 0.000000 -0.100000
vn 0.000000 0.000000 -0.100000
vn 0.000000 0.000000 -0.100000
vn 0.000000 0.000000 -0.100000
vn 0.000000 0.000000 -0.100000
vn 0.000000 0.000000 -0.100000
vn 0.000000 0.000000 -0.100000
vn 0.000000 0.000000 -0.100000
vn 0.000000 0.000000 -0.100000
vn 0.000000 0.000000 -0.100000
vn 0.000000 0.000000 -0.100000
vn 0.000000 0.000000 -0.100000
vn 0.000000 0.000000 -0.100000
vn 0.000000 0.000000 -0.100000
vn 0.000000 0.000000 -0.100000
vn 0.000000 0.000000 -0.100000
vn 0.000000 0.000000 -0.100000
vn 0.000000 0.000000 -0.100000
vn 0.000000 0.000000 -0.100000
vn 0.000000 0.000000 -0.100000
vn 0.000000 0.000000 -0.100000
vn 0.000000 0.000000 -0.100000
vn 0.000000 0.000000 -0.100000
vn 0.000000 0.000000 -0.100000
vn 0.000000 0.000000 -0.100000
vn 0.000000 0.000000 -0.100000
vn 0.000000 0.000000 -0.100000
vn 0.000000 0.000000 -0.100000
vn 0.000000 0.000000 -0.100000
vn 0.000000 0.000000 -0.100000
vn 0.000000 0.000000 -0.100000
vn 0.000000 0.000000 -0.100000
vn 0.000000 0.000000 -0.100000
vn 0.000000 0.000000 -0.100000
vn 0.000000 0.000000 -0.100000
vn 0.000000 0.000000 -0.100000
vn 0.000000 0.000000 -0.100000
vn 0.000000 0.000000 -0.100000
vn 0.000000 0.000000 -0.100000
vn 0.000000 0.000000 -0.100000
vn 0.000000 0.000000 -0.100000
vn 0.000000 0.000000 -0.100000
vn 0.000000 0.000000 -0.100000
vn 0.000000 0.000000 -0.100000
vn 0.000000 0.000000 -0.100000
vn 0.000000 0.000000 -0.100000
vn 0.000000 0.000000 -0.100000
vn 0.000000 0.000000 -0.100000
vn 0.000000 0.000000 -0.100000
vn 0.000000 0.000000 -0.100000
vn 0.000000 0.000000 -0.100000
vn 0.000000 0.000000 -0.100000
vn 0.000000 0.000000 -0.100000
vn 0.000000 0.000000 -0.100000
vn 0.000000 0.000000 -0.100000
vn 0.000000 0.000000 -0.100000
vn 0.000000 0.000000 -0.100000
vn 0.000000 0.000000 -0.100000
vn 0.000000 0.000000 -0.100000
vn 0.000000 0.000000 -0.100000
vn 0.000000 0.000000 -0.100000
vn 0.000000 0.000000 -0.100000
vn 0.000000 0.000000 -0.100000
vn 0.000000 0.000000 -0.100000
vn 0.000000 0.000000 -0.100000
vn 0.000000 0.000000 -0.100000
vn 0.000000 0.000000 -0.100000
vn 0.000000 0.000000 -0.100000
vn 0.000000 0.000000 -0.100000
vn 0.000000 0.000000 -0.100000
vn 0.000000 0.000000 -0.100000
vn 0.000000 0.000000 -0.100000
vn 0.000000 0.000000 -0.100000
vn 0.000000 0.000000 -0.100000
vn 0.000000 0.000000 -0.100000
vn 0.000000 0.000000 -0.100000
vn 0.000000 0.000000 -0.100000
vn 0.000000 0.000000 -0.100000
vn 0.000000 0.000000 -0.100000
vn 0.000000 0.000000 -0.100000
vn 0.000000 0.000000 -0.100000
vn 0.000000 0.000000 -0.100000
vn 0.000000 0.000000 -0.100000
vn 0.000000 0.000000 -0.100000
vn 0.000000 0.000000 -0.100000
vn 0.000000 0.000000 -0.100000
vn 0.000000 0.000000 -0.100000
vn 0.000000 0.000000 -0.100000
vn 0.000000 0.000000 -0.100000
vn 0.000000 0.000000 -0.100000
vn 0.000000 0.000000 -0.100000
vn 0.000000 0.000000 -0.100000
vn 0.000000 0.000000 -0.100000
vn 0.000000 0.000000 -0.100000
vn 0.000000 0.000000 -0.100000
vn 0.000000 0.000000 -0.100000
vn 0.000000 0.000000 -0.100000
vn 0.000000 0.000000 -0.100000
vn 0.000000 0.000000 -0.100000
vn 0.000000 0.000000 -0.100000
vn 0.000000 0.000000 -0.100000
vn 0.000000 0.000000 -0.100000
vn 0.000000 0.000000 -0.100000
vn 0.000000 0.000000 -0.100000
vn 0.000000 0.000000 -0.100000
vn 0.000000 0.000000 -0.100000
vn 0.000000 0.000000 -0.100000
vn 0.000000 0.000000 -0.100000
vn 0.000000 0.000000 -0.100000
vn 0.000000 0.000000 -0.100000
vn 0.000000 0.000000 -0.100000
vn 0.000000 0.000000 -0.100000
vn 0.000000 0.000000 -0.100000
vn 0.000000 0.000000 -0.100000
vn 0.000000 0.000000 -0.100000
vn 0.000000 0.000000 -0.100000
vn 0.000000 0.000000 -0.100000
vn 0.000000 0.000000 -0.100000
vn 0.000000 0.000000 -0.100000
vn 0.000000 0.000000 -0.100000
vn 0.000000 0.000000 -0.100000
vn 0.000000 0.000000 -0.100000
vn 0.000000 0.000000 -0.100000
vn 0.000000 0.000000 -0.100000
vn 0.000000 0.000000 -0.100000
vn 0.000000 0.000000 -0.100000
vn 0.000000 0.000000 -0.100000
vn 0.000000 0.000000 -0.100000
vn 0.000000 0.000000 -0.100000
vn 0.000000 0.000000 -0.100000
vn 0.000000 0.000000 -0.100000
vn 0.000000 0.000000 -0.100000
vn 0.000000 0.000000 -0.100000
vn 0.000000 0.000000 -0.100000
vn 0.000000 0.000000 -0.100000
vn 0.000000 0.000000 -0.100000
vn 0.000000 0.000000 -0.100000
vn 0.000000 0.000000 -0.100000
vn 0.000000 0.000000 -0.100000
vn 0.000000 0.000000 -0.100000
vn 0.000000 0.000000 -0.100000
vn 0.000000 0.000000 -0.100000
vn 0.000000 0.000000 -0.100000
vn 0.000000 0.000000 -0.100000
vn 0.000000 0.000000 -0.100000
vn 0.000000 0.000000 -0.100000
vn 0.000000 0.000000 -0.100000
vn 0.000000 0.000000 -0.100000
vn 0.000000 0.000000 -0.100000
vn 0.000000 0.000000 -0.100000
vn 0.000000 0.000000 -0.100000
vn 0.000000 0.000000 -0.100000
vn 0.000000 0.000000 -0.100000
vn 0.000000 0.000000 -0.100000
vn 0.000000 0.000000 -0.100000
vn 0.000000 0.000000 -0.100000
vn 0.000000 0.000000 -0.100000
vn 0.000000 0.000000 -0.100000
vn 0.000000 0.000000 -0.100000
vn 0.000000 0.000000 -0.100000
vn 0.000000 0.000000 -0.100000
vn 0.000000 0.000000 -0.100000
vn 0.000000 0.000000 -0.100000
vn 0.000000 0.000000 -0.100000
vn 0.000000 0.000000 -0.100000
vn 0.000000 0.000000 -0.100000
vn 0.000000 0.000000 -0.100000
vn 0.000000 0.000000 -0.100000
vn 0.000000 0.000000 -0.100000
vn 0.000000 0.000000 -0.100000
vn 0.000000 0.000000 -0.100000
vn 0.000000 0.000000 -0.100000
vn 0.000000 0.000000 -0.100000
vn 0.000000 0.000000 -0.100000
vn 0.000000 0.000000 -0.100000
vn 0.000000 0.000000 -0.100000
vn 0.000000 0.000000 -0.100000
vn 0.000000 0.000000 -0.100000
vn 0.000000 0.000000 -0.100000
vn 0.000000 0.000000 -0.100000
vn 0.000000 0.000000 -0.100000
vn 0.000000 0.000000 -0.100000
vn 0.000000 0.000000 -0.100000
vn 0.000000 0.000000 -0.100000
vn 0.000000 0.000000 -0.100000
vn 0.000000 0.000000 -0.100000
vn 0.000000 0.000000 -0.100000
vn 0.000000 0.000000 -0.100000
vn 0.000000 0.000000 -0.100000
vn 0.000000 0.000000 -0.100000
vn 0.000000 0.000000 -0.100000
vn 0.000000 0.000000 -0.100000
vn 0.000000 0.000000 -0.100000
vn 0.000000 0.000000 -0.100000
vn 0.000000 0.000000 -0.100000
vn 0.000000 0.000000 -0.100000
vn 0.000000 0.000000 -0.100000
vn 0.000000 0.000000 -0.100000
vn 0.000000 0.000000 -0.100000
vn 0.000000 0.000000 -0.100000
vn 0.000000 0.000000 -0.100000
vn 0.000000 0.000000 -0.100000
vn 0.000000 0.000000 -0.100000
vn 0.000000 0.000000 -0.100000
vn 0.000000 0.000000 -0.100000
vn 0.000000 0.000000 -0.100000
vn 0.000000 0.000000 -0.100000
vn 0.000000 0.000000 -0.100000
vn 0.000000 0.000000 -0.100000
vn 0.000000 0.000000 -0.100000
vn 0.000000 0.000000 -0.100000
vn 0.000000 0.000000 -0.100000
vn 0.000000 0.000000 -0.100000
vn 0.000000 0.000000 -0.100000
vn 0.000000 0.000000 -0.100000
vn 0.000000 0.000000 -0.100000
vn 0.000000 0.000000 -0.100000
vn 0.000000 0.000000 -0.100000
vn 0.000000 0.000000 -0.100000
vn 0.000000 0.000000 -0.100000
vn 0.000000 0.000000 -0.100000
vn 0.000000 0.000000 -0.100000
vn 0.000000 0.000000 -0.100000
vn 0.000000 0.000000 -0.100000
vn 0.000000 0.000000 -0.100000
vn 0.000000 0.000000 -0.100000
vn 0.000000 0.000000 -0.100000
vn 0.000000 0.000000 -0.100000
vn 0.000000 0.000000 -0.100000
vn 0.000000 0.000000 -0.100000
vn 0.000000 0.000000 -0.100000
vn 0.000000 0.000000 -0.100000
vn 0.000000 0.000000 -0.100000
vn 0.000000 0.000000 -0.100000
vn 0.000000 0.000000 -0.100000
vn 0.000000 0.000000 -0.100000
vn 0.000000 0.000000 -0.100000
vn 0.000000 0.000000 -0.100000
vn 0.000000 0.000000 -0.100000
vn 0.000000 0.000000 -0.100000
vn 0.000000 0.000000 -0.100000
vn 0.000000 0.000000 -0.100000
vn 0.000000 0.000000 -0.100000
vn 0.000000 0.000000 -0.100000
vn 0.000000 0.000000 -0.100000
vn 0.000000 0.000000 -0.100000
vn 0.000000 0.000000 -0.100000
vn 0.000000 0.000000 -0.100000
vn 0.000000 0.000000 -0.100000
vn 0.000000 0.000000 -0.100000
vn 0.000000 0.000000 -0.100000
vn 0.000000 0.000000 -0.100000
vn 0.000000 0.000000 -0.100000
vn 0.000000 0.000000 -0.100000
vn 0.000000 0.000000 -0.100000
vn 0.000000 0.000000 -0.100000
vn 0.000000 0.000000 -0.100000
vn 0.000000 0.000000 -0.100000
vn 0.000000 0.000000 -0.100000
vn 0.000000 0.000000 -0.100000
vn 0.000000 0.000000 -0.100000
vn 0.000000 0.000000 -0.100000
vn 0.000000 0.000000 -0.100000
vn 0.000000 0.000000 -0.100000
vn 0.000000 0.000000 -0.100000
vn 0.000000 0.000000 -0.100000
vn 0.000000 0.000000 -0.100000
vn 0.000000 0.000000 -0.100000
vn 0.000000 0.000000 -0.100000
vn 0.000000 0.000000 -0.100000
vn 0.000000 0.000000 -0.100000
vn 0.000000 0.000000 -0.100000
vn 0.000000 0.000000 -0.100000
vn 0.000000 0.000000 -0.100000
vn 0.000000 0.000000 -0.100000
vn 0.000000 0.000000 -0.100000
vn 0.000000 0.000000 -0.100000
vn 0.000000 0.000000 -0.100000
vn 0.000000 0.000000 -0.100000
vn 0.000000 0.000000 -0.100000
vn 0.000000 0.000000 -0.100000
vn 0.000000 0.000000 -0.100000
vn 0.000000 0.000000 -0.100000
vn 0.000000 0.000000 -0.100000
vn 0.000000 0.000000 -0.100000
vn 0.000000 0.000000 -0.100000
vn 0.000000 0.000000 -0.100000
vn 0.000000 0.000000 -0.100000
vn 0.000000 0.000000 -0.100000
vn 0.000000 0.000000 -0.100000
vn 0.000000 0.000000 -0.100000
vn 0.000000 0.000000 -0.100000
vn 0.000000 0.000000 -0.100000
vn 0.000000 0.000000 -0.100000
vn 0.000000 0.000000 -0.100000
vn 0.000000 0.000000 -0.100000
vn 0.000000 0.000000 -0.100000
vn 0.000000 0.000000 -0.100000
vn 0.000000 0.000000 -0.100000
vn 0.000000 0.000000 -0.100000
vn 0.000000 0.000000 -0.100000
vn 0.000000 0.000000 -0.100000
vn 0.000000 0.000000 -0.100000
vn 0.000000 0.000000 -0.100000
vn 0.000000 0.000000 -0.100000
vn 0.000000 0.000000 -0.100000
vn 0.000000 0.000000 -0.100000
vn 0.000000 0.000000 -0.100000
vn 0.000000 0.000000 -0.100000
vn 0.000000 0.000000 -0.100000
vn 0.000000 0.000000 -0.100000
vn 0.000000 0.000000 -0.100000
vn 0.000000 0.000000 -0.100000
vn 0.000000 0.000000 -0.100000
vn 0.000000 0.000000 -0.100000
vn 0.000000 0.000000 -0.100000
vn 0.000000 0.000000 -0.100000
vn 0.000000 0.000000 -0.100000
vn 0.000000 0.000000 -0.100000
vn 0.000000 0.000000 -0.100000
vn 0.000000 0.000000 -0.100000
vn 0.000000 0.000000 -0.100000
vn 0.000000 0.000000 -0.100000
vn 0.000000 0.000000 -0.100000
vn 0.000000 0.000000 -0.100000
vn 0.000000 0.000000 -0.100000
vn 0.000000 0.000000 -0.100000
vn 0.000000 0.000000 -0.100000
vn 0.000000 0.000000 -0.100000
vn 0.000000 0.000000 -0.100000
vn 0.000000 0.000000 -0.100000
vn 0.000000 0.000000 -0.100000
vn 0.000000 0.000000 -0.100000
vn 0.000000 0.000000 -0.100000
vn 0.000000 0.000000 -0.100000
vn 0.000000 0.000000 -0.100000
vn 0.000000 0.000000 -0.100000
vn 0.000000 0.000000 -0.100000
vn 0.000000 0.000000 -0.100000
vn 0.000000 0.000000 -0.100000
vn 0.000000 0.000000 -0.100000
vn 0.000000 0.000000 -0.100000
vn 0.000000 0.000000 -0.100000
vn 0.000000 0.000000 -0.100000
vn 0.000000 0.000000 -0.100000
vn 0.000000 0.000000 -0.100000
vn 0.000000 0.000000 -0.100000
vn 0.000000 0.000000 -0.100000
vn 0.000000 0.000000 -0.100000
vn 0.000000 0.000000 -0.100000
vn 0.000000 0.000000 -0.100000
vn 0.000000 0.000000 -0.100000
vn 0.000000 0.000000 -0.100000
vn 0.000000 0.000000 -0.100000
vn 0.000000 0.000000 -0.100000
vn 0.000000 0.000000 -0.100000
vn 0.000000 0.000000 -0.100000
vn 0.000000 0.000000 -0.100000
vn 0.000000 0.000000 -0.100000
vn 0.000000 0.000000 -0.100000
vn 0.000000 0.000000 -0.100000
vn 0.000000 0.000000 -0.100000
vn 0.000000 0.000000 -0.100000
vn 0.000000 0.000000 -0.100000
vn 0.000000 0.000000 -0.100000
vn 0.000000 0.000000 -0.100000
vn 0.000000 0.000000 -0.100000
vn 0.000000 0.000000 -0.100000
vn 0.000000 0.000000 -0.100000
vn 0.000000 0.000000 -0.100000
vn 0.000000 0.000000 -0.100000
vn 0.000000 0.000000 -0.100000
vn 0.000000 0.000000 -0.100000
vn 0.000000 0.000000 -0.100000
vn 0.000000 0.000000 -0.100000
vn 0.000000 0.000000 -0.100000
vn 0.000000 0.000000 -0.100000
vn 0.000000 0.000000 -0.100000
vn 0.000000 0.000000 -0.100000
vn 0.000000 0.000000 -0.100000
vn 0.000000 0.000000 -0.100000
vn 0.000000 0.000000 -0.100000
vn 0.000000 0.000000 -0.100000
vn 0.000000 0.000000 -0.100000
vn 0.000000 0.000000 -0.100000
vn 0.000000 0.000000 -0.100000
vn 0.000000 0.000000 -0.100000
vn 0.000000 0.000000 -0.100000
vn 0.000000 0.000000 -0.100000
vn 0.000000 0.000000 -0.100000
vn 0.000000 0.000000 -0.100000
vn 0.000000 0.000000 -0.100000
vn 0.000000 0.000000 -0.100000
vn 0.000000 0.000000 -0.100000
vn 0.000000 0.000000 -0.100000
vn 0.000000 0.000000 -0.100000
vn 0.000000 0.000000 -0.100000
vn 0.000000 0.000000 -0.100000
vn 0.000000 0.000000 -0.100000
vn 0.000000 0.000000 -0.100000
vn 0.000000 0.000000 -0.100000
vn 0.000000 0.000000 -0.100000
vn 0.000000 0.000000 -0.100000
vn 0.000000 0.000000 -0.100000
vn 0.000000 0.000000 -0.100000
vn 0.000000 0.000000 -0.100000
vn 0.000000 0.000000 -0.100000
vn 0.000000 0.000000 -0.100000
vn 0.000000 0.000000 -0.100000
vn 0.000000 0.000000 -0.100000
vn 0.000000 0.000000 -0.100000
vn 0.000000 0.000000 -0.100000
vn 0.000000 0.000000 -0.100000
vn 0.000000 0.000000 -0.100000
vn 0.000000 0.000000 -0.100000
vn 0.000000 0.000000 -0.100000
vn 0.000000 0.000000 -0.100000
vn 0.000000 0.000000 -0.100000
vn 0.000000 0.000000 -0.100000
vn 0.000000 0.000000 -0.100000
vn 0.000000 0.000000 -0.100000
vn 0.000000 0.000000 -0.100000
vn 0.000000 0.000000 -0.100000
vn 0.000000 0.000000 -0.100000
vn 0.000000 0.000000 -0.100000
vn 0.000000 0.000000 -0.100000
vn 0.000000 0.000000 -0.100000
vn 0.000000 0.000000 -0.100000
vn 0.000000 0.000000 -0.100000
vn 0.000000 0.000000 -0.100000
vn 0.000000 0.000000 -0.100000
vn 0.000000 0.000000 -0.100000
vn 0.000000 0.000000 -0.100000
vn 0.000000 0.000000 -0.100000
vn 0.000000 0.000000 -0.100000
vn 0.000000 0.000000 -0.100000
vn 0.000000 0.000000 -0.100000
vn 0.000000 0.000000 -0.100000
vn 0.000000 0.000000 -0.100000
vn 0.000000 0.000000 -0.100000
vn 0.000000 0.000000 -0.100000
vn 0.000000 0.000000 -0.100000
vn 0.000000 0.000000 -0.100000
vn 0.000000 0.000000 -0.100000
vn 0.000000 0.000000 -0.100000
vn 0.000000 0.000000 -0.100000
vn 0.000000 0.000000 -0.100000
vn 0.000000 0.000000 -0.100000
vn 0.000000 0.000000 -0.100000
vn 0.000000 0.000000 -0.100000
vn 0.000000 0.000000 -0.100000
vn 0.000000 0.000000 -0.100000
vn 0.000000 0.000000 -0.100000
vn 0.000000 0.000000 -0.100000
vn 0.000000 0.000000 -0.100000
vn 0.000000 0.000000 -0.100000
vn 0.000000 0.000000 -0.100000
vn 0.000000 0.000000 -0.100000
vn 0.000000 0.000000 -0.100000
vn 0.000000 0.000000 -0.100000
vn 0.000000 0.000000 -0.100000
vn 0.000000 0.000000 -0.100000
vn 0.000000 0.000000 -0.100000
vn 0.000000 0.000000 -0.100000
vn 0.000000 0.000000 -0.100000
vn 0.000000 0.000000 -0.100000
vn 0.000000 0.000000 -0.100000
vn 0.000000 0.000000 -0.100000
vn 0.000000 0.000000 -0.100000
vn 0.000000 0.000000 -0.100000
vn 0.000000 0.000000 -0.100000
vn 0.000000 0.000000 -0.100000
vn 0.000000 0.000000 -0.100000
vn 0.000000 0.000000 -0.100000
vn 0.000000 0.000000 -0.100000
vn 0.000000 0.000000 -0.100000
vn 0.000000 0.000000 -0.100000
vn 0.000000 0.000000 -0.100000
vn 0.000000 0.000000 -0.100000
vn 0.000000 0.000000 -0.100000
vn 0.000000 0.000000 -0.100000
vn 0.000000 0.000000 -0.100000
vn 0.000000 0.000000 -0.100000
vn 0.000000 0.000000 -0.100000
vn 0.000000 0.000000 -0.100000
vn 0.000000 0.000000 -0.100000
vn 0.000000 0.000000 -0.100000
vn 0.000000 0.000000 -0.100000
vn 0.000000 0.000000 -0.100000
vn 0.000000 0.000000 -0.100000
vn 0.000000 0.000000 -0.100000
vn 0.000000 0.000000 -0.100000
vn 0.000000 0.000000 -0.100000
vn 0.000000 0.000000 -0.100000
vn 0.000000 0.000000 -0.100000
vn 0.000000 0.000000 -0.100000
vn 0.000000 0.000000 -0.100000
vn 0.000000 0.000000 -0.100000
vn 0.000000 0.000000 -0.100000
vn 0.000000 0.000000 -0.100000
vn 0.000000 0.000000 -0.100000
vn 0.000000 0.000000 -0.100000
vn 0.000000 0.000000 -0.100000
vn 0.000000 0.000000 -0.100000
vn 0.000000 0.000000 -0.100000
vn 0.000000 0.000000 -0.100000
vn 0.000000 0.000000 -0.100000
vn 0.000000 0.000000 -0.100000
vn 0.000000 0.000000 -0.100000
vn 0.000000 0.000000 -0.100000
vn 0.000000 0.000000 -0.100000
vn 0.000000 0.000000 -0.100000
vn 0.000000 0.000000 -0.100000
vn 0.000000 0.000000 -0.100000
vn 0.000000 0.000000 -0.100000
vn 0.000000 0.000000 -0.100000
vn 0.000000 0.000000 -0.100000
vn 0.000000 0.000000 -0.100000
vn 0.000000 0.000000 -0.100000
vn 0.000000 0.000000 -0.100000
vn 0.000000 0.000000 -0.100000
vn 0.000000 0.000000 -0.100000
vn 0.000000 0.000000 -0.100000
vn 0.000000 0.000000 -0.100000
vn 0.000000 0.000000 -0.100000
vn 0.000000 0.000000 -0.100000
vn 0.000000 0.000000 -0.100000
vn 0.000000 0.000000 -0.100000
vn 0.000000 0.000000 -0.100000
vn 0.000000 0.000000 -0.100000
vn 0.000000 0.000000 -0.100000
vn 0.000000 0.000000 -0.100000
vn 0.000000 0.000000 -0.100000
vn 0.000000 0.000000 -0.100000
vn 0.000000 0.000000 -0.100000
vn 0.000000 0.000000 -0.100000
vn 0.000000 0.000000 -0.100000
vn 0.000000 0.000000 -0.100000
vn 0.000000 0.000000 -0.100000
vn 0.000000 0.000000 -0.100000
vn 0.000000 0.000000 -0.100000
vn 0.000000 0.000000 -0.100000
vn 0.000000 0.000000 -0.100000
vn 0.000000 0.000000 -0.100000
vn 0.000000 0.000000 -0.100000
vn 0.000000 0.000000 -0.100000
vn 0.000000 0.000000 -0.100000
vn 0.000000 0.000000 -0.100000
vn 0.000000 0.000000 -0.100000
vn 0.000000 0.000000 -0.100000
vn 0.000000 0.000000 -0.100000
vn 0.000000 0.000000 -0.100000
vn 0.000000 0.000000 -0.100000
vn 0.000000 0.000000 -0.100000
vn 0.000000 0.000000 -0.100000
vn 0.000000 0.000000 -0.100000
vn 0.000000 0.000000 -0.100000
vn 0.000000 0.000000 -0.100000
vn 0.000000 0.000000 -0.100000
vn 0.000000 0.000000 -0.100000
vn 0.000000 0.000000 -0.100000
vn 0.000000 0.000000 -0.100000
vn 0.000000 0.000000 -0.100000
vn 0.000000 0.000000 -0.100000
vn 0.000000 0.000000 -0.100000
vn 0.000000 0.000000 -0.100000
vn 0.000000 0.000000 -0.100000
vn 0.000000 0.000000 -0.100000
vn 0.000000 0.000000 -0.100000
vn 0.000000 0.000000 -0.100000
vn 0.000000 0.000000 -0.100000
vn 0.000000 0.000000 -0.100000
vn 0.000000 0.000000 -0.100000
vn 0.000000 0.000000 -0.100000
vn 0.000000 0.000000 -0.100000
vn 0.000000 0.000000 -0.100000
vn 0.000000 0.000000 -0.100000
vn 0.000000 0.000000 -0.100000
vn 0.000000 0.000000 -0.100000
vn 0.000000 0.000000 -0.100000
vn 0.000000 0.000000 -0.100000
vn 0.000000 0.000000 -0.100000
vn 0.000000 0.000000 -0.100000
vn 0.000000 0.000000 -0.100000
vn 0.000000 0.000000 -0.100000
vn 0.000000 0.000000 -0.100000
vn 0.000000 0.000000 -0.100000
vn 0.000000 0.000000 -0.100000
vn 0.000000 0.000000 -0.100000
vn 0.000000 0.000000 -0.100000
vn 0.000000 0.000000 -0.100000
vn 0.000000 0.000000 -0.100000
vn 0.000000 0.000000 -0.100000
vn 0.000000 0.000000 -0.100000
vn 0.000000 0.000000 -0.100000
vn 0.000000 0.000000 -0.100000
vn 0.000000 0.000000 -0.100000
vn 0.000000 0.000000 -0.100000
vn 0.000000 0.000000 -0.100000
vn 0.000000 0.000000 -0.100000
vn 0.000000 0.000000 -0.100000
vn 0.000000 0.000000 -0.100000
vn 0.000000 0.000000 -0.100000
vn 0.000000 0.000000 -0.100000
vn 0.000000 0.000000 -0.100000
vn 0.000000 0.000000 -0.100000
vn 0.000000 0.000000 -0.100000
vn 0.000000 0.000000 -0.100000
vn 0.000000 0.000000 -0.100000
vn 0.000000 0.000000 -0.100000
vn 0.000000 0.000000 -0.100000
vn 0.000000 0.000000 -0.100000
vn 0.000000 0.000000 -0.100000
vn 0.000000 0.000000 -0.100000
vn 0.000000 0.000000 -0.100000
vn 0.000000 0.000000 -0.100000
vn 0.000000 0.000000 -0.100000
vn 0.000000 0.000000 -0.100000
vn 0.000000 0.000000 -0.100000
vn 0.000000 0.000000 -0.100000
vn 0.000000 0.000000 -0.100000
vn 0.000000 0.000000 -0.100000
vn 0.000000 0.000000 -0.100000
vn 0.000000 0.000000 -0.100000
vn 0.000000 0.000000 -0.100000
vn 0.000000 0.000000 -0.100000
vn 0.000000 0.000000 -0.100000
vn 0.000000 0.000000 -0.100000
vn 0.000000 0.000000 -0.100000
vn 0.000000 0.000000 -0.100000
vn 0.000000 0.000000 -0.100000
vn 0.000000 0.000000 -0.100000
vn 0.000000 0.000000 -0.100000
vn 0.000000 0.000000 -0.100000
vn 0.000000 0.000000 -0.100000
vn 0.000000 0.000000 -0.100000
vn 0.000000 0.000000 -0.100000
vn 0.000000 0.000000 -0.100000
vn 0.000000 0.000000 -0.100000
vn 0.000000 0.000000 -0.100000
vn 0.000000 0.000000 -0.100000
vn 0.000000 0.000000 -0.100000
vn 0.000000 0.000000 -0.100000
vn 0.000000 0.000000 -0.100000
vn 0.000000 0.000000 -0.100000
vn 0.000000 0.000000 -0.100000
vn 0.000000 0.000000 -0.100000
vn 0.000000 0.000000 -0.100000
vn 0.000000 0.000000 -0.100000
vn 0.000000 0.000000 -0.100000
vn 0.000000 0.000000 -0.100000
vn 0.000000 0.000000 -0.100000
vn 0.000000 0.000000 -0.100000
vn 0.000000 0.000000 -0.100000
vn 0.000000 0.000000 -0.100000
vn 0.000000 0.000000 -0.100000
vn 0.000000 0.000000 -0.100000
vn 0.000000 0.000000 -0.100000
vn 0.000000 0.000000 -0.100000
vn 0.000000 0.000000 -0.100000
vn 0.000000 0.000000 -0.100000
vn 0.000000 0.000000 -0.100000
vn 0.000000 0.000000 -0.100000
vn 0.000000 0.000000 -0.100000
vn 0.000000 0.000000 -0.100000
vn 0.000000 0.000000 -0.100000
vn 0.000000 0.000000 -0.100000
vn 0.000000 0.000000 -0.100000
vn 0.000000 0.000000 -0.100000
vn 0.000000 0.000000 -0.100000
vn 0.000000 0.000000 -0.100000
vn 0.000000 0.000000 -0.100000
vn 0.000000 0.000000 -0.100000
vn 0.000000 0.000000 -0.100000
vn 0.000000 0.000000 -0.100000
vn 0.000000 0.000000 -0.100000
vn 0.000000 0.000000 -0.100000
vn 0.000000 0.000000 -0.100000
vn 0.000000 0.000000 -0.100000
vn 0.000000 0.000000 -0.100000
vn 0.000000 0.000000 -0.100000
vn 0.000000 0.000000 -0.100000
vn 0.000000 0.000000 -0.100000
vn 0.000000 0.000000 -0.100000
vn 0.000000 0.000000 -0.100000
vn 0.000000 0.000000 -0.100000
vn 0.000000 0.000000 -0.100000
vn 0.000000 0.000000 -0.100000
vn 0.000000 0.000000 -0.100000
vn 0.000000 0.000000 -0.100000
vn 0.000000 0.000000 -0.100000
vn 0.000000 0.000000 -0.100000
vn 0.000000 0.000000 -0.100000
vn 0.000000 0.000000 -0.100000
vn 0.000000 0.000000 -0.100000
vn 0.000000 0.000000 -0.100000
vn 0.000000 0.000000 -0.100000
vn 0.000000 0.000000 -0.100000
vn 0.000000 0.000000 -0.100000
vn 0.000000 0.000000 -0.100000
vn 0.000000 0.000000 -0.100000
vn 0.000000 0.000000 -0.100000
vn 0.000000 0.000000 -0.100000
vn 0.000000 0.000000 -0.100000
vn 0.000000 0.000000 -0.100000
vn 0.000000 0.000000 -0.100000
vn 0.000000 0.000000 -0.100000
vn 0.000000 0.000000 -0.100000
vn 0.000000 0.000000 -0.100000
vn 0.000000 0.000000 -0.100000
vn 0.000000 0.000000 -0.100000
vn 0.000000 0.000000 -0.100000
vn 0.000000 0.000000 -0.100000
vn 0.000000 0.000000 -0.100000
vn 0.000000 0.000000 -0.100000
vn 0.000000 0.000000 -0.100000
vn 0.000000 0.000000 -0.100000
vn 0.000000 0.000000 -0.100000
vn 0.000000 0.000000 -0.100000
vn 0.000000 0.000000 -0.100000
vn 0.000000 0.000000 -0.100000
vn 0.000000 0.000000 -0.100000
vn 0.000000 0.000000 -0.100000
vn 0.000000 0.000000 -0.100000
vn 0.000000 0.000000 -0.100000
vn 0.000000 0.000000 -0.100000
vn 0.000000 0.000000 -0.100000
vn 0.000000 0.000000 -0.100000
vn 0.000000 0.000000 -0.100000
vn 0.000000 0.000000 -0.100000
vn 0.000000 0.000000 -0.100000
vn 0.000000 0.000000 -0.100000
vn 0.000000 0.000000 -0.100000
vn 0.000000 0.000000 -0.100000
vn 0.000000 0.000000 -0.100000
vn 0.000000 0.000000 -0.100000
vn 0.000000 0.000000 -0.100000
vn 0.000000 0.000000 -0.100000
vn 0.000000 0.000000 -0.100000
vn 0.000000 0.000000 -0.100000
vn 0.000000 0.000000 -0.100000
vn 0.000000 0.000000 -0.100000
vn 0.000000 0.000000 -0.100000
vn 0.000000 0.000000 -0.100000
vn 0.000000 0.000000 -0.100000
vn 0.000000 0.000000 -0.100000
vn 0.000000 0.000000 -0.100000
vn 0.000000 0.000000 -0.100000
vn 0.000000 0.000000 -0.100000
vn 0.000000 0.000000 -0.100000
vn 0.000000 0.000000 -0.100000
vn 0.000000 0.000000 -0.100000
vn 0.000000 0.000000 -0.100000
vn 0.000000 0.000000 -0.100000
vn 0.000000 0.000000 -0.100000
vn 0.000000 0.000000 -0.100000
vn 0.000000 0.000000 -0.100000
vn 0.000000 0.000000 -0.100000
vn 0.000000 0.000000 -0.100000
vn 0.000000 0.000000 -0.100000
vn 0.000000 0.000000 -0.100000
vn 0.000000 0.000000 -0.100000
vn 0.000000 0.000000 -0.100000
vn 0.000000 0.000000 -0.100000
vn 0.000000 0.000000 -0.100000
vn 0.000000 0.000000 -0.100000
vn 0.000000 0.000000 -0.100000
vn 0.000000 0.000000 -0.100000
vn 0.000000 0.000000 -0.100000
vn 0.000000 0.000000 -0.100000
vn 0.000000 0.000000 -0.100000
vn 0.000000 0.000000 -0.100000
vn 0.000000 0.000000 -0.100000
vn 0.000000 0.000000 -0.100000
vn 0.000000 0.000000 -0.100000
vn 0.000000 0.000000 -0.100000
vn 0.000000 0.000000 -0.100000
vn 0.000000 0.000000 -0.100000
vn 0.000000 0.000000 -0.100000
vn 0.000000 0.000000 -0.100000
vn 0.000000 0.000000 -0.100000
vn 0.000000 0.000000 -0.100000
vn 0.000000 0.000000 -0.100000
vn 0.000000 0.000000 -0.100000
vn 0.000000 0.000000 -0.100000
vn 0.000000 0.000000 -0.100000
vn 0.000000 0.000000 -0.100000
vn 0.000000 0.000000 -0.100000
vn 0.000000 0.000000 -0.100000
vn 0.000000 0.000000 -0.100000
vn 0.000000 0.000000 -0.100000
vn 0.000000 0.000000 -0.100000
vn 0.000000 0.000000 -0.100000
vn 0.000000 0.000000 -0.100000
vn 0.000000 0.000000 -0.100000
vn 0.000000 0.000000 -0.100000
vn 0.000000 0.000000 -0.100000
vn 0.000000 0.000000 -0.100000
vn 0.000000 0.000000 -0.100000
vn 0.000000 0.000000 -0.100000
vn 0.000000 0.000000 -0.100000
vn 0.000000 0.000000 -0.100000
vn 0.000000 0.000000 -0.100000
vn 0.000000 0.000000 -0.100000
vn 0.000000 0.000000 -0.100000
vn 0.000000 0.000000 -0.100000
vn 0.000000 0.000000 -0.100000
vn 0.000000 0.000000 -0.100000
vn 0.000000 0.000000 -0.100000
vn 0.000000 0.000000 -0.100000
vn 0.000000 0.000000 -0.100000
vn 0.000000 0.000000 -0.100000
vn 0.000000 0.000000 -0.100000
vn 0.000000 0.000000 -0.100000
vn 0.000000 0.000000 -0.100000
vn 0.000000 0.000000 -0.100000
vn 0.000000 0.000000 -0.100000
vn 0.000000 0.000000 -0.100000
vn 0.000000 0.000000 -0.100000
vn 0.000000 0.000000 -0.100000
vn 0.000000 0.000000 -0.100000
vn 0.000000 0.000000 -0.100000
vn 0.000000 0.000000 -0.100000
vn 0.000000 0.000000 -0.100000
vn 0.000000 0.000000 -0.100000
vn 0.000000 0.000000 -0.100000
vn 0.000000 0.000000 -0.100000
vn 0.000000 0.000000 -0.100000
vn 0.000000 0.000000 -0.100000
vn 0.000000 0.000000 -0.100000
vn 0.000000 0.000000 -0.100000
vn 0.000000 0.000000 -0.100000
vn 0.000000 0.000000 -0.100000
vn 0.000000 0.000000 -0.100000
vn 0.000000 0.000000 -0.100000
vn 0.000000 0.000000 -0.100000
vn 0.000000 0.000000 -0.100000
vn 0.000000 0.000000 -0.100000
vn 0.000000 0.000000 -0.100000
vn 0.000000 0.000000 -0.100000
vn 0.000000 0.000000 -0.100000
vn 0.000000 0.000000 -0.100000
vn 0.000000 0.000000 -0.100000
vn 0.000000 0.000000 -0.100000
vn 0.000000 0.000000 -0.100000
vn 0.000000 0.000000 -0.100000
vn 0.000000 0.000000 -0.100000
vn 0.000000 0.000000 -0.100000
vn 0.000000 0.000000 -0.100000
vn 0.000000 0.000000 -0.100000
vn 0.000000 0.000000 -0.100000
vn 0.000000 0.000000 -0.100000
vn 0.000000 0.000000 -0.100000
vn 0.000000 0.000000 -0.100000
vn 0.000000 0.000000 -0.100000
vn 0.000000 0.000000 -0.100000
vn 0.000000 0.000000 -0.100000
vn 0.000000 0.000000 -0.100000
vn 0.000000 0.000000 -0.100000
vn 0.000000 0.000000 -0.100000
vn 0.000000 0.000000 -0.100000
vn 0.000000 0.000000 -0.100000
vn 0.000000 0.000000 -0.100000
vn 0.000000 0.000000 -0.100000
vn 0.000000 0.000000 -0.100000
vn 0.000000 0.000000 -0.100000
vn 0.000000 0.000000 -0.100000
vn 0.000000 0.000000 -0.100000
vn 0.000000 0.000000 -0.100000
vn 0.000000 0.000000 -0.100000
vn 0.000000 0.000000 -0.100000
vn 0.000000 0.000000 -0.100000
vn 0.000000 0.000000 -0.100000
vn 0.000000 0.000000 -0.100000
vn 0.000000 0.000000 -0.100000
vn 0.000000 0.000000 -0.100000
vn 0.000000 0.000000 -0.100000
vn 0.000000 0.000000 -0.100000
vn 0.000000 0.000000 -0.100000
vn 0.000000 0.000000 -0.100000
vn 0.000000 0.000000 -0.100000
vn 0.000000 0.000000 -0.100000
vn 0.000000 0.000000 -0.100000
vn 0.000000 0.000000 -0.100000
vn 0.000000 0.000000 -0.100000
vn 0.000000 0.000000 -0.100000
vn 0.000000 0.000000 -0.100000
vn 0.000000 0.000000 -0.100000
vn 0.000000 0.000000 -0.100000
vn 0.000000 0.000000 -0.100000
vn 0.000000 0.000000 -0.100000
vn 0.000000 0.000000 -0.100000
vn 0.000000 0.000000 -0.100000
vn 0.000000 0.000000 -0.100000
vn 0.000000 0.000000 -0.100000
vn 0.000000 0.000000 -0.100000
vn 0.000000 0.000000 -0.100000
vn 0.000000 0.000000 -0.100000
vn 0.000000 0.000000 -0.100000
vn 0.000000 0.000000 -0.100000
vn 0.000000 0.000000 -0.100000
vn 0.000000 0.000000 -0.100000
vn 0.000000 0.000000 -0.100000
vn 0.000000 0.000000 -0.100000
vn 0.000000 0.000000 -0.100000
vn 0.000000 0.000000 -0.100000
vn 0.000000 0.000000 -0.100000
vn 0.000000 0.000000 -0.100000
vn 0.000000 0.000000 -0.100000
vn 0.000000 0.000000 -0.100000
vn 0.000000 0.000000 -0.100000
vn 0.000000 0.000000 -0.100000
vn 0.000000 0.000000 -0.100000
vn 0.000000 0.000000 -0.100000
vn 0.000000 0.000000 -0.100000
vn 0.000000 0.000000 -0.100000
vn 0.000000 0.000000 -0.100000
vn 0.000000 0.000000 -0.100000
vn 0.000000 0.000000 -0.100000
vn 0.000000 0.000000 -0.100000
vn 0.000000 0.000000 -0.100000
vn 0.000000 0.000000 -0.100000
vn 0.000000 0.000000 -0.100000
vn 0.000000 0.000000 -0.100000
vn 0.000000 0.000000 -0.100000
vn 0.000000 0.000000 -0.100000
vn 0.000000 0.000000 -0.100000
vn 0.000000 0.000000 -0.100000
vn 0.000000 0.000000 -0.100000
vn 0.000000 0.000000 -0.100000
vn 0.000000 0.000000 -0.100000
vn 0.000000 0.000000 -0.100000
vn 0.000000 0.000000 -0.100000
vn 0.000000 0.000000 -0.100000
vn 0.000000 0.000000 -0.100000
vn 0.000000 0.000000 -0.100000
vn 0.000000 0.000000 -0.100000
vn 0.000000 0.000000 -0.100000
vn 0.000000 0.000000 -0.100000
vn 0.000000 0.000000 -0.100000
vn 0.000000 0.000000 -0.100000
vn 0.000000 0.000000 -0.100000
vn 0.000000 0.000000 -0.100000
vn 0.000000 0.000000 -0.100000
vn 0.000000 0.000000 -0.100000
vn 0.000000 0.000000 -0.100000
vn 0.000000 0.000000 -0.100000
vn 0.000000 0.000000 -0.100000
vn 0.000000 0.000000 -0.100000
vn 0.000000 0.000000 -0.100000
vn 0.000000 0.000000 -0.100000
vn 0.000000 0.000000 -0.100000
vn 0.000000 0.000000 -0.100000
vn 0.000000 0.000000 -0.100000
vn 0.000000 0.000000 -0.100000
vn 0.000000 0.000000 -0.100000
vn 0.000000 0.000000 -0.100000
vn 0.000000 0.000000 -0.100000
vn 0.000000 0.000000 -0.100000
vn 0.000000 0.000000 -0.100000
vn 0.000000 0.000000 -0.100000
vn 0.000000 0.000000 -0.100000
vn 0.000000 0.000000 -0.100000
vn 0.000000 0.000000 -0.100000
vn 0.000000 0.000000 -0.100000
vn 0.000000 0.000000 -0.100000
vn 0.000000 0.000000 -0.100000
vn 0.000000 0.000000 -0.100000
vn 0.000000 0.000000 -0.100000
vn 0.000000 0.000000 -0.100000
vn 0.000000 0.000000 -0.100000
vn 0.000000 0.000000 -0.100000
vn 0.000000 0.000000 -0.100000
vn 0.000000 0.000000 -0.100000
vn 0.000000 0.000000 -0.100000
vn 0.000000 0.000000 -0.100000
vn 0.000000 0.000000 -0.100000
vn 0.000000 0.000000 -0.100000
vn 0.000000 0.000000 -0.100000
vn 0.000000 0.000000 -0.100000
vn 0.000000 0.000000 -0.100000
vn 0.000000 0.000000 -0.100000
vn 0.000000 0.000000 -0.100000
vn 0.000000 0.000000 -0.100000
vn 0.000000 0.000000 -0.100000
vn 0.000000 0.000000 -0.100000
vn 0.000000 0.000000 -0.100000
vn 0.000000 0.000000 -0.100000
vn 0.000000 0.000000 -0.100000
vn 0.000000 0.000000 -0.100000
vn 0.000000 0.000000 -0.100000
vn 0.000000 0.000000 -0.100000
vn 0.000000 0.000000 -0.100000
vn 0.000000 0.000000 -0.100000
vn 0.000000 0.000000 -0.100000
vn 0.000000 0.000000 -0.100000
vn 0.000000 0.000000 -0.100000
vn 0.000000 0.000000 -0.100000
vn 0.000000 0.000000 -0.100000
vn 0.000000 0.000000 -0.100000
vn 0.000000 0.000000 -0.100000
vn 0.000000 0.000000 -0.100000
vn 0.000000 0.000000 -0.100000
vn 0.000000 0.000000 -0.100000
vn 0.000000 0.000000 -0.100000
vn 0.000000 0.000000 -0.100000
vn 0.000000 0.000000 -0.100000
vn 0.000000 0.000000 -0.100000
vn 0.000000 0.000000 -0.100000
vn 0.000000 0.000000 -0.100000
vn 0.000000 0.000000 -0.100000
vn 0.000000 0.000000 -0.100000
vn 0.000000 0.000000 -0.100000
vn 0.000000 0.000000 -0.100000
vn 0.000000 0.000000 -0.100000
vn 0.000000 0.000000 -0.100000
vn 0.000000 0.000000 -0.100000
vn 0.000000 0.000000 -0.100000
vn 0.000000 0.000000 -0.100000
vn 0.000000 0.000000 -0.100000
vn 0.000000 0.000000 -0.100000
vn 0.000000 0.000000 -0.100000
vn 0.000000 0.000000 -0.100000
vn 0.000000 0.000000 -0.100000
vn 0.000000 0.000000 -0.100000
vn 0.000000 0.000000 -0.100000
vn 0.000000 0.000000 -0.100000
vn 0.000000 0.000000 -0.100000
vn 0.000000 0.000000 -0.100000
vn 0.000000 0.000000 -0.100000
vn 0.000000 0.000000 -0.100000
vn 0.000000 0.000000 -0.100000
vn 0.000000 0.000000 -0.100000
vn 0.000000 0.000000 -0.100000
vn 0.000000 0.000000 -0.100000
vn 0.000000 0.000000 -0.100000
vn 0.000000 0.000000 -0.100000
vn 0.000000 0.000000 -0.100000
vn 0.000000 0.000000 -0.100000
vn 0.000000 0.000000 -0.100000
vn 0.000000 0.000000 -0.100000
vn 0.000000 0.000000 -0.100000
vn 0.000000 0.000000 -0.100000
vn 0.000000 0.000000 -0.100000
vn 0.000000 0.000000 -0.100000
vn 0.000000 0.000000 -0.100000
vn 0.000000 0.000000 -0.100000
vn 0.000000 0.000000 -0.100000
vn 0.000000 0.000000 -0.100000
vn 0.000000 0.000000 -0.100000
vn 0.000000 0.000000 -0.100000
vn 0.000000 0.000000 -0.100000
vn 0.000000 0.000000 -0.100000
vn 0.000000 0.000000 -0.100000
vn 0.000000 0.000000 -0.100000
vn 0.000000 0.000000 -0.100000
vn 0.000000 0.000000 -0.100000
vn 0.000000 0.000000 -0.100000
vn 0.000000 0.000000 -0.100000
vn 0.000000 0.000000 -0.100000
vn 0.000000 0.000000 -0.100000
vn 0.000000 0.000000 -0.100000
vn 0.000000 0.000000 -0.100000
vn 0.000000 0.000000 -0.100000
vn 0.000000 0.000000 -0.100000
vn 0.000000 0.000000 -0.100000
vn 0.000000 0.000000 -0.100000
vn 0.000000 0.000000 -0.100000
vn 0.000000 0.000000 -0.100000
vn 0.000000 0.000000 -0.100000
vn 0.000000 0.000000 -0.100000
vn 0.000000 0.000000 -0.100000
vn 0.000000 0.000000 -0.100000
vn 0.000000 0.000000 -0.100000
vn 0.000000 0.000000 -0.100000
vn 0.000000 0.000000 -0.100000
vn 0.000000 0.000000 -0.100000
vn 0.000000 0.000000 -0.100000
vn 0.000000 0.000000 -0.100000
vn 0.000000 0.000000 -0.100000
vn 0.000000 0.000000 -0.100000
vn 0.000000 0.000000 -0.100000
vn 0.000000 0.000000 -0.100000
vn 0.000000 0.000000 -0.100000
vn 0.000000 0.000000 -0.100000
vn 0.000000 0.000000 -0.100000
vn 0.000000 0.000000 -0.100000
vn 0.000000 0.000000 -0.100000
vn 0.000000 0.000000 -0.100000
vn 0.000000 0.000000 -0.100000
vn 0.000000 0.000000 -0.100000
vn 0.000000 0.000000 -0.100000
vn 0.000000 0.000000 -0.100000
vn 0.000000 0.000000 -0.100000
vn 0.000000 0.000000 -0.100000
vn 0.000000 0.000000 -0.100000
vn 0.000000 0.000000 -0.100000
vn 0.000000 0.000000 -0.100000
vn 0.000000 0.000000 -0.100000
vn 0.000000 0.000000 -0.100000
vn 0.000000 0.000000 -0.100000
vn 0.000000 0.000000 -0.100000
vn 0.000000 0.000000 -0.100000
vn 0.000000 0.000000 -0.100000
vn 0.000000 0.000000 -0.100000
vn 0.000000 0.000000 -0.100000
vn 0.000000 0.000000 -0.100000
vn 0.000000 0.000000 -0.100000
vn 0.000000 0.000000 -0.100000
vn 0.000000 0.000000 -0.100000
vn 0.000000 0.000000 -0.100000
vn 0.000000 0.000000 -0.100000
vn 0.000000 0.000000 -0.100000
vn 0.000000 0.000000 -0.100000
vn 0.000000 0.000000 -0.100000
vn 0.000000 0.000000 -0.100000
vn 0.000000 0.000000 -0.100000
vn 0.000000 0.000000 -0.100000
vn 0.000000 0.000000 -0.100000
vn 0.000000 0.000000 -0.100000
vn 0.000000 0.000000 -0.100000
vn 0.000000 0.000000 -0.100000
vn 0.000000 0.000000 -0.100000
vn 0.000000 0.000000 -0.100000
vn 0.000000 0.000000 -0.100000
vn 0.000000 0.000000 -0.100000
vn 0.000000 0.000000 -0.100000
vn 0.000000 0.000000 -0.100000
vn 0.000000 0.000000 -0.100000
vn 0.000000 0.000000 -0.100000
vn 0.000000 0.000000 -0.100000
vn 0.000000 0.000000 -0.100000
vn 0.000000 0.000000 -0.100000
vn 0.000000 0.000000 -0.100000
vn 0.000000 0.000000 -0.100000
vn 0.000000 0.000000 -0.100000
vn 0.000000 0.000000 -0.100000
vn 0.000000 0.000000 -0.100000
vn 0.000000 0.000000 -0.100000
vn 0.000000 0.000000 -0.100000
vn 0.000000 0.000000 -0.100000
vn 0.000000 0.000000 -0.100000
vn 0.000000 0.000000 -0.100000
vn 0.000000 0.000000 -0.100000
vn 0.000000 0.000000 -0.100000
vn 0.000000 0.000000 -0.100000
vn 0.000000 0.000000 -0.100000
vn 0.000000 0.000000 -0.100000
vn 0.000000 0.000000 -0.100000
vn 0.000000 0.000000 -0.100000
vn 0.000000 0.000000 -0.100000
vn 0.000000 0.000000 -0.100000
vn 0.000000 0.000000 -0.100000
vn 0.000000 0.000000 -0.100000
vn 0.000000 0.000000 -0.100000
vn 0.000000 0.000000 -0.100000
vn 0.000000 0.000000 -0.100000
vn 0.000000 0.000000 -0.100000
vn 0.000000 0.000000 -0.100000
vn 0.000000 0.000000 -0.100000
vn 0.000000 0.000000 -0.100000
vn 0.000000 0.000000 -0.100000
vn 0.000000 0.000000 -0.100000
vn 0.000000 0.000000 -0.100000
vn 0.000000 0.000000 -0.100000
vn 0.000000 0.000000 -0.100000
vn 0.000000 0.000000 -0.100000
vn 0.000000 0.000000 -0.100000
vn 0.000000 0.000000 -0.100000
vn 0.000000 0.000000 -0.100000
vn 0.000000 0.000000 -0.100000
vn 0.000000 0.000000 -0.100000
vn 0.000000 0.000000 -0.100000
vn 0.000000 0.000000 -0.100000
vn 0.000000 0.000000 -0.100000
vn 0.098297 0.018375 0.000000
vn 0.098297 0.018375 0.000000
vn 0.100000 0.000000 0.000000
vn 0.100000 0.000000 0.000000
vn 0.098297 -0.018375 0.000000
vn 0.098297 -0.018375 0.000000
vn 0.093247 -0.036124 0.000000
vn 0.093247 -0.036124 0.000000
vn 0.085022 -0.052643 0.000000
vn 0.085022 -0.052643 0.000000
vn 0.073901 -0.067370 0.000000
vn 0.073901 -0.067370 0.000000
vn 0.060263 -0.079802 0.000000
vn 0.060263 -0.079802 0.000000
vn 0.044574 -0.089516 0.000000
vn 0.044574 -0.089516 0.000000
vn 0.027366 -0.096183 0.000000
vn 0.027366 -0.096183 0.000000
vn 0.009227 -0.099573 0.000000
vn 0.009227 -0.099573 0.000000
vn -0.009227 -0.099573 0.000000
vn -0.009227 -0.099573 0.000000
vn -0.027366 -0.096183 0.000000
vn -0.027366 -0.096183 0.000000
vn -0.044574 -0.089516 0.000000
vn -0.044574 -0.089516 0.000000
vn -0.060263 -0.079802 0.000000
vn -0.060263 -0.079802 0.000000
vn -0.073901 -0.067370 0.000000
vn -0.073901 -0.067370 0.000000
vn -0.085022 -0.052643 0.000000
vn -0.085022 -0.052643 0.000000
vn -0.093247 -0.036124 0.000000
vn -0.093247 -0.036124 0.000000
vn -0.098297 -0.018375 0.000000
vn -0.098297 -0.018375 0.000000
vn -0.100000 0.000000 0.000000
vn -0.100000 0.000000 0.000000
vn -0.098297 0.018375 0.000000
vn -0.098297 0.018375 0.000000
vn -0.093247 0.036124 0.000000
vn -0.093247 0.036124 0.000000
vn -0.085022 0.052643 0.000000
vn -0.085022 0.052643 0.000000
vn -0.073901 0.067370 0.000000
vn -0.073901 0.067370 0.000000
vn -0.060263 0.079802 0.000000
vn -0.060263 0.079802 0.000000
vn -0.044574 0.089516 0.000000
vn -0.044574 0.089516 0.000000
vn -0.027366 0.096183 0.000000
vn -0.027366 0.096183 0.000000
vn -0.009227 0.099573 0.000000
vn -0.009227 0.099573 0.000000
vn 0.009227 0.099573 0.000000
vn 0.009227 0.099573 0.000000
vn 0.027366 0.096183 0.000000
vn 0.027366 0.096183 0.000000
vn 0.044574 0.089516 0.000000
vn 0.044574 0.089516 0.000000
vn 0.060263 0.079802 0.000000
vn 0.060263 0.079802 0.000000
vn 0.073901 0.067370 0.000000
vn 0.073901 0.067370 0.000000
vn 0.085022 0.052643 0.000000
vn 0.085022 0.052643 0.000000
vn 0.093247 0.036124 0.000000
vn 0.093247 0.036124 0.000000
vn 0.096593 0.025882 0.000000
vn 0.096593 0.025882 0.000000
vn 0.100000 0.000000 0.000000
vn 0.100000 0.000000 0.000000
vn 0.096593 -0.025882 0.000000
vn 0.096593 -0.025882 0.000000
vn 0.086603 -0.050000 0.000000
vn 0.086603 -0.050000 0.000000
vn 0.070711 -0.070711 0.000000
vn 0.070711 -0.070711 0.000000
vn 0.050000 -0.086603 0.000000
vn 0.050000 -0.086603 0.000000
vn 0.025882 -0.096593 0.000000
vn 0.025882 -0.096593 0.000000
vn -0.000000 -0.100000 0.000000
vn -0.000000 -0.100000 0.000000
vn -0.025882 -0.096593 0.000000
vn -0.025882 -0.096593 0.000000
vn -0.050000 -0.086603 0.000000
vn -0.050000 -0.086603 0.000000
vn -0.070711 -0.070711 0.000000
vn -0.070711 -0.070711 0.000000
vn -0.086603 -0.050000 0.000000
vn -0.086603 -0.050000 0.000000
vn -0.096593 -0.025882 0.000000
vn -0.096593 -0.025882 0.000000
vn -0.100000 0.000000 0.000000
vn -0.100000 0.000000 0.000000
vn -0.096593 0.025882 0.000000
vn -0.096593 0.025882 0.000000
vn -0.086603 0.050000 0.000000
vn -0.086603 0.050000 0.000000
vn -0.070711 0.070711 0.000000
vn -0.070711 0.070711 0.000000
vn -0.050000 0.086603 0.000000
vn -0.050000 0.086603 0.000000
vn -0.025882 0.096593 0.000000
vn -0.025882 0.096593 0.000000
vn -0.000000 0.100000 0.000000
vn -0.000000 0.100000 0.000000
vn 0.025882 0.096593 0.000000
vn 0.025882 0.096593 0.000000
vn 0.050000 0.086603 0.000000
vn 0.050000 0.086603 0.000000
vn 0.070711 0.070711 0.000000
vn 0.070711 0.070711 0.000000
vn 0.086603 0.050000 0.000000
vn 0.086603 0.050000 0.000000
vn 0.098297 0.018375 0.000000
vn 0.098297 0.018375 0.000000
vn 0.100000 0.000000 0.000000
vn 0.100000 0.000000 0.000000
vn 0.098297 -0.018375 0.000000
vn 0.098297 -0.018375 0.000000
vn 0.093247 -0.036124 0.000000
vn 0.093247 -0.036124 0.000000
vn 0.085022 -0.052643 0.000000
vn 0.085022 -0.052643 0.000000
vn 0.073901 -0.067370 0.000000
vn 0.073901 -0.067370 0.000000
vn 0.060263 -0.079802 0.000000
vn 0.060263 -0.079802 0.000000
vn 0.044574 -0.089516 0.000000
vn 0.044574 -0.089516 0.000000
vn 0.027366 -0.096183 0.000000
vn 0.027366 -0.096183 0.000000
vn 0.009227 -0.099573 0.000000
vn 0.009227 -0.099573 0.000000
vn -0.009227 -0.099573 0.000000
vn -0.009227 -0.099573 0.000000
vn -0.027366 -0.096183 0.000000
vn -0.027366 -0.096183 0.000000
vn -0.044574 -0.089516 0.000000
vn -0.044574 -0.089516 0.000000
vn -0.060263 -0.079802 0.000000
vn -0.060263 -0.079802 0.000000
vn -0.073901 -0.067370 0.000000
vn -0.073901 -0.067370 0.000000
vn -0.085022 -0.052643 0.000000
vn -0.085022 -0.052643 0.000000
vn -0.093247 -0.036124 0.000000
vn -0.093247 -0.036124 0.000000
vn -0.098297 -0.018375 0.000000
vn -0.098297 -0.018375 0.000000
vn -0.100000 0.000000 0.000000
vn -0.100000 0.000000 0.000000
vn -0.098297 0.018375 0.000000
vn -0.098297 0.018375 0.000000
vn -0.093247 0.036124 0.000000
vn -0.093247 0.036124 0.000000
vn -0.085022 0.052643 0.000000
vn -0.085022 0.052643 0.000000
vn -0.073901 0.067370 0.000000
vn -0.073901 0.067370 0.000000
vn -0.060263 0.079802 0.000000
vn -0.060263 0.079802 0.000000
vn -0.044574 0.089516 0.000000
vn -0.044574 0.089516 0.000000
vn -0.027366 0.096183 0.000000
vn -0.027366 0.096183 0.000000
vn -0.009227 0.099573 0.000000
vn -0.009227 0.099573 0.000000
vn 0.009227 0.099573 0.000000
vn 0.009227 0.099573 0.000000
vn 0.027366 0.096183 0.000000
vn 0.027366 0.096183 0.000000
vn 0.044574 0.089516 0.000000
vn 0.044574 0.089516 0.000000
vn 0.060263 0.079802 0.000000
vn 0.060263 0.079802 0.000000
vn 0.073901 0.067370 0.000000
vn 0.073901 0.067370 0.000000
vn 0.085022 0.052643 0.000000
vn 0.085022 0.052643 0.000000
vn 0.093247 0.036124 0.000000
vn 0.093247 0.036124 0.000000
vn 0.098297 0.018375 0.000000
vn 0.098297 0.018375 0.000000
vn 0.100000 0.000000 0.000000
vn 0.100000 0.000000 0.000000
vn 0.098297 -0.018375 0.000000
vn 0.098297 -0.018375 0.000000
vn 0.093247 -0.036124 0.000000
vn 0.093247 -0.036124 0.000000
vn 0.085022 -0.052643 0.000000
vn 0.085022 -0.052643 0.000000
vn 0.073901 -0.067370 0.000000
vn 0.073901 -0.067370 0.000000
vn 0.060263 -0.079802 0.000000
vn 0.060263 -0.079802 0.000000
vn 0.044574 -0.089516 0.000000
vn 0.044574 -0.089516 0.000000
vn 0.027366 -0.096183 0.000000
vn 0.027366 -0.096183 0.000000
vn 0.009227 -0.099573 0.000000
vn 0.009227 -0.099573 0.000000
vn -0.009227 -0.099573 0.000000
vn -0.009227 -0.099573 0.000000
vn -0.027366 -0.096183 0.000000
vn -0.027366 -0.096183 0.000000
vn -0.044574 -0.089516 0.000000
vn -0.044574 -0.089516 0.000000
vn -0.060263 -0.079802 0.000000
vn -0.060263 -0.079802 0.000000
vn -0.073901 -0.067370 0.000000
vn -0.073901 -0.067370 0.000000
vn -0.085022 -0.052643 0.000000
vn -0.085022 -0.052643 0.000000
vn -0.093247 -0.036124 0.000000
vn -0.093247 -0.036124 0.000000
vn -0.098297 -0.018375 0.000000
vn -0.098297 -0.018375 0.000000
vn -0.100000 0.000000 0.000000
vn -0.100000 0.000000 0.000000
vn -0.098297 0.018375 0.000000
vn -0.098297 0.018375 0.000000
vn -0.093247 0.036124 0.000000
vn -0.093247 0.036124 0.000000
vn -0.085022 0.052643 0.000000
vn -0.085022 0.052643 0.000000
vn -0.073901 0.067370 0.000000
vn -0.073901 0.067370 0.000000
vn -0.060263 0.079802 0.000000
vn -0.060263 0.079802 0.000000
vn -0.044574 0.089516 0.000000
vn -0.044574 0.089516 0.000000
vn -0.027366 0.096183 0.000000
vn -0.027366 0.096183 0.000000
vn -0.009227 0.099573 0.000000
vn -0.009227 0.099573 0.000000
vn 0.009227 0.099573 0.000000
vn 0.009227 0.099573 0.000000
vn 0.027366 0.096183 0.000000
vn 0.027366 0.096183 0.000000
vn 0.044574 0.089516 0.000000
vn 0.044574 0.089516 0.000000
vn 0.060263 0.079802 0.000000
vn 0.060263 0.079802 0.000000
vn 0.073901 0.067370 0.000000
vn 0.073901 0.067370 0.000000
vn 0.085022 0.052643 0.000000
vn 0.085022 0.052643 0.000000
vn 0.093247 0.036124 0.000000
vn 0.093247 0.036124 0.000000
vn 0.096593 0.025882 0.000000
vn 0.096593 0.025882 0.000000
vn 0.100000 0.000000 0.000000
vn 0.100000 0.000000 0.000000
vn 0.096593 -0.025882 0.000000
vn 0.096593 -0.025882 0.000000
vn 0.086603 -0.050000 0.000000
vn 0.086603 -0.050000 0.000000
vn 0.070711 -0.070711 0.000000
vn 0.070711 -0.070711 0.000000
vn 0.050000 -0.086603 0.000000
vn 0.050000 -0.086603 0.000000
vn 0.025882 -0.096593 0.000000
vn 0.025882 -0.096593 0.000000
vn -0.000000 -0.100000 0.000000
vn -0.000000 -0.100000 0.000000
vn -0.025882 -0.096593 0.000000
vn -0.025882 -0.096593 0.000000
vn -0.050000 -0.086603 0.000000
vn -0.050000 -0.086603 0.000000
vn -0.070711 -0.070711 0.000000
vn -0.070711 -0.070711 0.000000
vn -0.086603 -0.050000 0.000000
vn -0.086603 -0.050000 0.000000
vn -0.096593 -0.025882 0.000000
vn -0.096593 -0.025882 0.000000
vn -0.100000 0.000000 0.000000
vn -0.100000 0.000000 0.000000
vn -0.096593 0.025882 0.000000
vn -0.096593 0.025882 0.000000
vn -0.086603 0.050000 0.000000
vn -0.086603 0.050000 0.000000
vn -0.070711 0.070711 0.000000
vn -0.070711 0.070711 0.000000
vn -0.050000 0.086603 0.000000
vn -0.050000 0.086603 0.000000
vn -0.025882 0.096593 0.000000
vn -0.025882 0.096593 0.000000
vn -0.000000 0.100000 0.000000
vn -0.000000 0.100000 0.000000
vn 0.025882 0.096593 0.000000
vn 0.025882 0.096593 0.000000
vn 0.050000 0.086603 0.000000
vn 0.050000 0.086603 0.000000
vn 0.070711 0.070711 0.000000
vn 0.070711 0.070711 0.000000
vn 0.086603 0.050000 0.000000
vn 0.086603 0.050000 0.000000
vn 0.098297 0.018375 0.000000
vn 0.098297 0.018375 0.000000
vn 0.100000 0.000000 0.000000
vn 0.100000 0.000000 0.000000
vn 0.098297 -0.018375 0.000000
vn 0.098297 -0.018375 0.000000
vn 0.093247 -0.036124 0.000000
vn 0.093247 -0.036124 0.000000
vn 0.085022 -0.052643 0.000000
vn 0.085022 -0.052643 0.000000
vn 0.073901 -0.067370 0.000000
vn 0.073901 -0.067370 0.000000
vn 0.060263 -0.079802 0.000000
vn 0.060263 -0.079802 0.000000
vn 0.044574 -0.089516 0.000000
vn 0.044574 -0.089516 0.000000
vn 0.027366 -0.096183 0.000000
vn 0.027366 -0.096183 0.000000
vn 0.009227 -0.099573 0.000000
vn 0.009227 -0.099573 0.000000
vn -0.009227 -0.099573 0.000000
vn -0.009227 -0.099573 0.000000
vn -0.027366 -0.096183 0.000000
vn -0.027366 -0.096183 0.000000
vn -0.044574 -0.089516 0.000000
vn -0.044574 -0.089516 0.000000
vn -0.060263 -0.079802 0.000000
vn -0.060263 -0.079802 0.000000
vn -0.073901 -0.067370 0.000000
vn -0.073901 -0.067370 0.000000
vn -0.085022 -0.052643 0.000000
vn -0.085022 -0.052643 0.000000
vn -0.093247 -0.036124 0.000000
vn -0.093247 -0.036124 0.000000
vn -0.098297 -0.018375 0.000000
vn -0.098297 -0.018375 0.000000
vn -0.100000 0.000000 0.000000
vn -0.100000 0.000000 0.000000
vn -0.098297 0.018375 0.000000
vn -0.098297 0.018375 0.000000
vn -0.093247 0.036124 0.000000
vn -0.093247 0.036124 0.000000
vn -0.085022 0.052643 0.000000
vn -0.085022 0.052643 0.000000
vn -0.073901 0.067370 0.000000
vn -0.073901 0.067370 0.000000
vn -0.060263 0.079802 0.000000
vn -0.060263 0.079802 0.000000
vn -0.044574 0.089516 0.000000
vn -0.044574 0.089516 0.000000
vn -0.027366 0.096183 0.000000
vn -0.027366 0.096183 0.000000
vn -0.009227 0.099573 0.000000
vn -0.009227 0.099573 0.000000
vn 0.009227 0.099573 0.000000
vn 0.009227 0.099573 0.000000
vn 0.027366 0.096183 0.000000
vn 0.027366 0.096183 0.000000
vn 0.044574 0.089516 0.000000
vn 0.044574 0.089516 0.000000
vn 0.060263 0.079802 0.000000
vn 0.060263 0.079802 0.000000
vn 0.073901 0.067370 0.000000
vn 0.073901 0.067370 0.000000
vn 0.085022 0.052643 0.000000
vn 0.085022 0.052643 0.000000
vn 0.093247 0.036124 0.000000
vn 0.093247 0.036124 0.000000
vn 0.098297 0.018375 0.000000
vn 0.098297 0.018375 0.000000
vn 0.100000 0.000000 0.000000
vn 0.100000 0.000000 0.000000
vn 0.098297 -0.018375 0.000000
vn 0.098297 -0.018375 0.000000
vn 0.093247 -0.036124 0.000000
vn 0.093247 -0.036124 0.000000
vn 0.085022 -0.052643 0.000000
vn 0.085022 -0.052643 0.000000
vn 0.073901 -0.067370 0.000000
vn 0.073901 -0.067370 0.000000
vn 0.060263 -0.079802 0.000000
vn 0.060263 -0.079802 0.000000
vn 0.044574 -0.089516 0.000000
vn 0.044574 -0.089516 0.000000
vn 0.027366 -0.096183 0.000000
vn 0.027366 -0.096183 0.000000
vn 0.009227 -0.099573 0.000000
vn 0.009227 -0.099573 0.000000
vn -0.009227 -0.099573 0.000000
vn -0.009227 -0.099573 0.000000
vn -0.027366 -0.096183 0.000000
vn -0.027366 -0.096183 0.000000
vn -0.044574 -0.089516 0.000000
vn -0.044574 -0.089516 0.000000
vn -0.060263 -0.079802 0.000000
vn -0.060263 -0.079802 0.000000
vn -0.073901 -0.067370 0.000000
vn -0.073901 -0.067370 0.000000
vn -0.085022 -0.052643 0.000000
vn -0.085022 -0.052643 0.000000
vn -0.093247 -0.036124 0.000000
vn -0.093247 -0.036124 0.000000
vn -0.098297 -0.018375 0.000000
vn -0.098297 -0.018375 0.000000
vn -0.100000 0.000000 0.000000
vn -0.100000 0.000000 0.000000
vn -0.098297 0.018375 0.000000
vn -0.098297 0.018375 0.000000
vn -0.093247 0.036124 0.000000
vn -0.093247 0.036124 0.000000
vn -0.085022 0.052643 0.000000
vn -0.085022 0.052643 0.000000
vn -0.073901 0.067370 0.000000
vn -0.073901 0.067370 0.000000
vn -0.060263 0.079802 0.000000
vn -0.060263 0.079802 0.000000
vn -0.044574 0.089516 0.000000
vn -0.044574 0.089516 0.000000
vn -0.027366 0.096183 0.000000
vn -0.027366 0.096183 0.000000
vn -0.009227 0.099573 0.000000
vn -0.009227 0.099573 0.000000
vn 0.009227 0.099573 0.000000
vn 0.009227 0.099573 0.000000
vn 0.027366 0.096183 0.000000
vn 0.027366 0.096183 0.000000
vn 0.044574 0.089516 0.000000
vn 0.044574 0.089516 0.000000
vn 0.060263 0.079802 0.000000
vn 0.060263 0.079802 0.000000
vn 0.073901 0.067370 0.000000
vn 0.073901 0.067370 0.000000
vn 0.085022 0.052643 0.000000
vn 0.085022 0.052643 0.000000
vn 0.093247 0.036124 0.000000
vn 0.093247 0.036124 0.000000
vn 0.096593 0.025882 0.000000
vn 0.096593 0.025882 0.000000
vn 0.100000 0.000000 0.000000
vn 0.100000 0.000000 0.000000
vn 0.096593 -0.025882 0.000000
vn 0.096593 -0.025882 0.000000
vn 0.086603 -0.050000 0.000000
vn 0.086603 -0.050000 0.000000
vn 0.070711 -0.070711 0.000000
vn 0.070711 -0.070711 0.000000
vn 0.050000 -0.086603 0.000000
vn 0.050000 -0.086603 0.000000
vn 0.025882 -0.096593 0.000000
vn 0.025882 -0.096593 0.000000
vn -0.000000 -0.100000 0.000000
vn -0.000000 -0.100000 0.000000
vn -0.025882 -0.096593 0.000000
vn -0.025882 -0.096593 0.000000
vn -0.050000 -0.086603 0.000000
vn -0.050000 -0.086603 0.000000
vn -0.070711 -0.070711 0.000000
vn -0.070711 -0.070711 0.000000
vn -0.086603 -0.050000 0.000000
vn -0.086603 -0.050000 0.000000
vn -0.096593 -0.025882 0.000000
vn -0.096593 -0.025882 0.000000
vn -0.100000 0.000000 0.000000
vn -0.100000 0.000000 0.000000
vn -0.096593 0.025882 0.000000
vn -0.096593 0.025882 0.000000
vn -0.086603 0.050000 0.000000
vn -0.086603 0.050000 0.000000
vn -0.070711 0.070711 0.000000
vn -0.070711 0.070711 0.000000
vn -0.050000 0.086603 0.000000
vn -0.050000 0.086603 0.000000
vn -0.025882 0.096593 0.000000
vn -0.025882 0.096593 0.000000
vn -0.000000 0.100000 0.000000
vn -0.000000 0.100000 0.000000
vn 0.025882 0.096593 0.000000
vn 0.025882 0.096593 0.000000
vn 0.050000 0.086603 0.000000
vn 0.050000 0.086603 0.000000
vn 0.070711 0.070711 0.000000
vn 0.070711 0.070711 0.000000
vn 0.086603 0.050000 0.000000
vn 0.086603 0.050000 0.000000
vn 0.096593 0.025882 0.000000
vn 0.096593 0.025882 0.000000
vn 0.100000 0.000000 0.000000
vn 0.100000 0.000000 0.000000
vn 0.096593 -0.025882 0.000000
vn 0.096593 -0.025882 0.000000
vn 0.086603 -0.050000 0.000000
vn 0.086603 -0.050000 0.000000
vn 0.070711 -0.070711 0.000000
vn 0.070711 -0.070711 0.000000
vn 0.050000 -0.086603 0.000000
vn 0.050000 -0.086603 0.000000
vn 0.025882 -0.096593 0.000000
vn 0.025882 -0.096593 0.000000
vn -0.000000 -0.100000 0.000000
vn -0.000000 -0.100000 0.000000
vn -0.025882 -0.096593 0.000000
vn -0.025882 -0.096593 0.000000
vn -0.050000 -0.086603 0.000000
vn -0.050000 -0.086603 0.000000
vn -0.070711 -0.070711 0.000000
vn -0.070711 -0.070711 0.000000
vn -0.086603 -0.050000 0.000000
vn -0.086603 -0.050000 0.000000
vn -0.096593 -0.025882 0.000000
vn -0.096593 -0.025882 0.000000
vn -0.100000 0.000000 0.000000
vn -0.100000 0.000000 0.000000
vn -0.096593 0.025882 0.000000
vn -0.096593 0.025882 0.000000
vn -0.086603 0.050000 0.000000
vn -0.086603 0.050000 0.000000
vn -0.070711 0.070711 0.000000
vn -0.070711 0.070711 0.000000
vn -0.050000 0.086603 0.000000
vn -0.050000 0.086603 0.000000
vn -0.025882 0.096593 0.000000
vn -0.025882 0.096593 0.000000
vn -0.000000 0.100000 0.000000
vn -0.000000 0.100000 0.000000
vn 0.025882 0.096593 0.000000
vn 0.025882 0.096593 0.000000
vn 0.050000 0.086603 0.000000
vn 0.050000 0.086603 0.000000
vn 0.070711 0.070711 0.000000
vn 0.070711 0.070711 0.000000
vn 0.086603 0.050000 0.000000
vn 0.086603 0.050000 0.000000
vn 0.096593 0.025882 0.000000
vn 0.096593 0.025882 0.000000
vn 0.100000 0.000000 0.000000
vn 0.100000 0.000000 0.000000
vn 0.096593 -0.025882 0.000000
vn 0.096593 -0.025882 0.000000
vn 0.086603 -0.050000 0.000000
vn 0.086603 -0.050000 0.000000
vn 0.070711 -0.070711 0.000000
vn 0.070711 -0.070711 0.000000
vn 0.050000 -0.086603 0.000000
vn 0.050000 -0.086603 0.000000
vn 0.025882 -0.096593 0.000000
vn 0.025882 -0.096593 0.000000
vn -0.000000 -0.100000 0.000000
vn -0.000000 -0.100000 0.000000
vn -0.025882 -0.096593 0.000000
vn -0.025882 -0.096593 0.000000
vn -0.050000 -0.086603 0.000000
vn -0.050000 -0.086603 0.000000
vn -0.070711 -0.070711 0.000000
vn -0.070711 -0.070711 0.000000
vn -0.086603 -0.050000 0.000000
vn -0.086603 -0.050000 0.000000
vn -0.096593 -0.025882 0.000000
vn -0.096593 -0.025882 0.000000
vn -0.100000 0.000000 0.000000
vn -0.100000 0.000000 0.000000
vn -0.096593 0.025882 0.000000
vn -0.096593 0.025882 0.000000
vn -0.086603 0.050000 0.000000
vn -0.086603 0.050000 0.000000
vn -0.070711 0.070711 0.000000
vn -0.070711 0.070711 0.000000
vn -0.050000 0.086603 0.000000
vn -0.050000 0.086603 0.000000
vn -0.025882 0.096593 0.000000
vn -0.025882 0.096593 0.000000
vn -0.000000 0.100000 0.000000
vn -0.000000 0.100000 0.000000
vn 0.025882 0.096593 0.000000
vn 0.025882 0.096593 0.000000
vn 0.050000 0.086603 0.000000
vn 0.050000 0.086603 0.000000
vn 0.070711 0.070711 0.000000
vn 0.070711 0.070711 0.000000
vn 0.086603 0.050000 0.000000
vn 0.086603 0.050000 0.000000
vn 0.096593 0.025882 0.000000
vn 0.096593 0.025882 0.000000
vn 0.100000 0.000000 0.000000
vn 0.100000 0.000000 0.000000
vn 0.096593 -0.025882 0.000000
vn 0.096593 -0.025882 0.000000
vn 0.086603 -0.050000 0.000000
vn 0.086603 -0.050000 0.000000
vn 0.070711 -0.070711 0.000000
vn 0.070711 -0.070711 0.000000
vn 0.050000 -0.086603 0.000000
vn 0.050000 -0.086603 0.000000
vn 0.025882 -0.096593 0.000000
vn 0.025882 -0.096593 0.000000
vn -0.000000 -0.100000 0.000000
vn -0.000000 -0.100000 0.000000
vn -0.025882 -0.096593 0.000000
vn -0.025882 -0.096593 0.000000
vn -0.050000 -0.086603 0.000000
vn -0.050000 -0.086603 0.000000
vn -0.070711 -0.070711 0.000000
vn -0.070711 -0.070711 0.000000
vn -0.086603 -0.050000 0.000000
vn -0.086603 -0.050000 0.000000
vn -0.096593 -0.025882 0.000000
vn -0.096593 -0.025882 0.000000
vn -0.100000 0.000000 0.000000
vn -0.100000 0.000000 0.000000
vn -0.096593 0.025882 0.000000
vn -0.096593 0.025882 0.000000
vn -0.086603 0.050000 0.000000
vn -0.086603 0.050000 0.000000
vn -0.070711 0.070711 0.000000
vn -0.070711 0.070711 0.000000
vn -0.050000 0.086603 0.000000
vn -0.050000 0.086603 0.000000
vn -0.025882 0.096593 0.000000
vn -0.025882 0.096593 0.000000
vn -0.000000 0.100000 0.000000
vn -0.000000 0.100000 0.000000
vn 0.025882 0.096593 0.000000
vn 0.025882 0.096593 0.000000
vn 0.050000 0.086603 0.000000
vn 0.050000 0.086603 0.000000
vn 0.070711 0.070711 0.000000
vn 0.070711 0.070711 0.000000
vn 0.086603 0.050000 0.000000
vn 0.086603 0.050000 0.000000
vn 0.098297 0.018375 0.000000
vn 0.098297 0.018375 0.000000
vn 0.100000 0.000000 0.000000
vn 0.100000 0.000000 0.000000
vn 0.098297 -0.018375 0.000000
vn 0.098297 -0.018375 0.000000
vn 0.093247 -0.036124 0.000000
vn 0.093247 -0.036124 0.000000
vn 0.085022 -0.052643 0.000000
vn 0.085022 -0.052643 0.000000
vn 0.073901 -0.067370 0.000000
vn 0.073901 -0.067370 0.000000
vn 0.060263 -0.079802 0.000000
vn 0.060263 -0.079802 0.000000
vn 0.044574 -0.089516 0.000000
vn 0.044574 -0.089516 0.000000
vn 0.027366 -0.096183 0.000000
vn 0.027366 -0.096183 0.000000
vn 0.009227 -0.099573 0.000000
vn 0.009227 -0.099573 0.000000
vn -0.009227 -0.099573 0.000000
vn -0.009227 -0.099573 0.000000
vn -0.027366 -0.096183 0.000000
vn -0.027366 -0.096183 0.000000
vn -0.044574 -0.089516 0.000000
vn -0.044574 -0.089516 0.000000
vn -0.060263 -0.079802 0.000000
vn -0.060263 -0.079802 0.000000
vn -0.073901 -0.067370 0.000000
vn -0.073901 -0.067370 0.000000
vn -0.085022 -0.052643 0.000000
vn -0.085022 -0.052643 0.000000
vn -0.093247 -0.036124 0.000000
vn -0.093247 -0.036124 0.000000
vn -0.098297 -0.018375 0.000000
vn -0.098297 -0.018375 0.000000
vn -0.100000 0.000000 0.000000
vn -0.100000 0.000000 0.000000
vn -0.098297 0.018375 0.000000
vn -0.098297 0.018375 0.000000
vn -0.093247 0.036124 0.000000
vn -0.093247 0.036124 0.000000
vn -0.085022 0.052643 0.000000
vn -0.085022 0.052643 0.000000
vn -0.073901 0.067370 0.000000
vn -0.073901 0.067370 0.000000
vn -0.060263 0.079802 0.000000
vn -0.060263 0.079802 0.000000
vn -0.044574 0.089516 0.000000
vn -0.044574 0.089516 0.000000
vn -0.027366 0.096183 0.000000
vn -0.027366 0.096183 0.000000
vn -0.009227 0.099573 0.000000
vn -0.009227 0.099573 0.000000
vn 0.009227 0.099573 0.000000
vn 0.009227 0.099573 0.000000
vn 0.027366 0.096183 0.000000
vn 0.027366 0.096183 0.000000
vn 0.044574 0.089516 0.000000
vn 0.044574 0.089516 0.000000
vn 0.060263 0.079802 0.000000
vn 0.060263 0.079802 0.000000
vn 0.073901 0.067370 0.000000
vn 0.073901 0.067370 0.000000
vn 0.085022 0.052643 0.000000
vn 0.085022 0.052643 0.000000
vn 0.093247 0.036124 0.000000
vn 0.093247 0.036124 0.000000
vn 0.098297 0.018375 0.000000
vn 0.098297 0.018375 0.000000
vn 0.100000 0.000000 0.000000
vn 0.100000 0.000000 0.000000
vn 0.098297 -0.018375 0.000000
vn 0.098297 -0.018375 0.000000
vn 0.093247 -0.036124 0.000000
vn 0.093247 -0.036124 0.000000
vn 0.085022 -0.052643 0.000000
vn 0.085022 -0.052643 0.000000
vn 0.073901 -0.067370 0.000000
vn 0.073901 -0.067370 0.000000
vn 0.060263 -0.079802 0.000000
vn 0.060263 -0.079802 0.000000
vn 0.044574 -0.089516 0.000000
vn 0.044574 -0.089516 0.000000
vn 0.027366 -0.096183 0.000000
vn 0.027366 -0.096183 0.000000
vn 0.009227 -0.099573 0.000000
vn 0.009227 -0.099573 0.000000
vn -0.009227 -0.099573 0.000000
vn -0.009227 -0.099573 0.000000
vn -0.027366 -0.096183 0.000000
vn -0.027366 -0.096183 0.000000
vn -0.044574 -0.089516 0.000000
vn -0.044574 -0.089516 0.000000
vn -0.060263 -0.079802 0.000000
vn -0.060263 -0.079802 0.000000
vn -0.073901 -0.067370 0.000000
vn -0.073901 -0.067370 0.000000
vn -0.085022 -0.052643 0.000000
vn -0.085022 -0.052643 0.000000
vn -0.093247 -0.036124 0.000000
vn -0.093247 -0.036124 0.000000
vn -0.098297 -0.018375 0.000000
vn -0.098297 -0.018375 0.000000
vn -0.100000 0.000000 0.000000
vn -0.100000 0.000000 0.000000
vn -0.098297 0.018375 0.000000
vn -0.098297 0.018375 0.000000
vn -0.093247 0.036124 0.000000
vn -0.093247 0.036124 0.000000
vn -0.085022 0.052643 0.000000
vn -0.085022 0.052643 0.000000
vn -0.073901 0.067370 0.000000
vn -0.073901 0.067370 0.000000
vn -0.060263 0.079802 0.000000
vn -0.060263 0.079802 0.000000
vn -0.044574 0.089516 0.000000
vn -0.044574 0.089516 0.000000
vn -0.027366 0.096183 0.000000
vn -0.027366 0.096183 0.000000
vn -0.009227 0.099573 0.000000
vn -0.009227 0.099573 0.000000
vn 0.009227 0.099573 0.000000
vn 0.009227 0.099573 0.000000
vn 0.027366 0.096183 0.000000
vn 0.027366 0.096183 0.000000
vn 0.044574 0.089516 0.000000
vn 0.044574 0.089516 0.000000
vn 0.060263 0.079802 0.000000
vn 0.060263 0.079802 0.000000
vn 0.073901 0.067370 0.000000
vn 0.073901 0.067370 0.000000
vn 0.085022 0.052643 0.000000
vn 0.085022 0.052643 0.000000
vn 0.093247 0.036124 0.000000
vn 0.093247 0.036124 0.000000
vn 0.096593 0.025882 0.000000
vn 0.096593 0.025882 0.000000
vn 0.100000 0.000000 0.000000
vn 0.100000 0.000000 0.000000
vn 0.096593 -0.025882 0.000000
vn 0.096593 -0.025882 0.000000
vn 0.086603 -0.050000 0.000000
vn 0.086603 -0.050000 0.000000
vn 0.070711 -0.070711 0.000000
vn 0.070711 -0.070711 0.000000
vn 0.050000 -0.086603 0.000000
vn 0.050000 -0.086603 0.000000
vn 0.025882 -0.096593 0.000000
vn 0.025882 -0.096593 0.000000
vn -0.000000 -0.100000 0.000000
vn -0.000000 -0.100000 0.000000
vn -0.025882 -0.096593 0.000000
vn -0.025882 -0.096593 0.000000
vn -0.050000 -0.086603 0.000000
vn -0.050000 -0.086603 0.000000
vn -0.070711 -0.070711 0.000000
vn -0.070711 -0.070711 0.000000
vn -0.086603 -0.050000 0.000000
vn -0.086603 -0.050000 0.000000
vn -0.096593 -0.025882 0.000000
vn -0.096593 -0.025882 0.000000
vn -0.100000 0.000000 0.000000
vn -0.100000 0.000000 0.000000
vn -0.096593 0.025882 0.000000
vn -0.096593 0.025882 0.000000
vn -0.086603 0.050000 0.000000
vn -0.086603 0.050000 0.000000
vn -0.070711 0.070711 0.000000
vn -0.070711 0.070711 0.000000
vn -0.050000 0.086603 0.000000
vn -0.050000 0.086603 0.000000
vn -0.025882 0.096593 0.000000
vn -0.025882 0.096593 0.000000
vn -0.000000 0.100000 0.000000
vn -0.000000 0.100000 0.000000
vn 0.025882 0.096593 0.000000
vn 0.025882 0.096593 0.000000
vn 0.050000 0.086603 0.000000
vn 0.050000 0.086603 0.000000
vn 0.070711 0.070711 0.000000
vn 0.070711 0.070711 0.000000
vn 0.086603 0.050000 0.000000
vn 0.086603 0.050000 0.000000
vn 0.098297 0.018375 0.000000
vn 0.098297 0.018375 0.000000
vn 0.100000 0.000000 0.000000
vn 0.100000 0.000000 0.000000
vn 0.098297 -0.018375 0.000000
vn 0.098297 -0.018375 0.000000
vn 0.093247 -0.036124 0.000000
vn 0.093247 -0.036124 0.000000
vn 0.085022 -0.052643 0.000000
vn 0.085022 -0.052643 0.000000
vn 0.073901 -0.067370 0.000000
vn 0.073901 -0.067370 0.000000
vn 0.060263 -0.079802 0.000000
vn 0.060263 -0.079802 0.000000
vn 0.044574 -0.089516 0.000000
vn 0.044574 -0.089516 0.000000
vn 0.027366 -0.096183 0.000000
vn 0.027366 -0.096183 0.000000
vn 0.009227 -0.099573 0.000000
vn 0.009227 -0.099573 0.000000
vn -0.009227 -0.099573 0.000000
vn -0.009227 -0.099573 0.000000
vn -0.027366 -0.096183 0.000000
vn -0.027366 -0.096183 0.000000
vn -0.044574 -0.089516 0.000000
vn -0.044574 -0.089516 0.000000
vn -0.060263 -0.079802 0.000000
vn -0.060263 -0.079802 0.000000
vn -0.073901 -0.067370 0.000000
vn -0.073901 -0.067370 0.000000
vn -0.085022 -0.052643 0.000000
vn -0.085022 -0.052643 0.000000
vn -0.093247 -0.036124 0.000000
vn -0.093247 -0.036124 0.000000
vn -0.098297 -0.018375 0.000000
vn -0.098297 -0.018375 0.000000
vn -0.100000 0.000000 0.000000
vn -0.100000 0.000000 0.000000
vn -0.098297 0.018375 0.000000
vn -0.098297 0.018375 0.000000
vn -0.093247 0.036124 0.000000
vn -0.093247 0.036124 0.000000
vn -0.085022 0.052643 0.000000
vn -0.085022 0.052643 0.000000
vn -0.073901 0.067370 0.000000
vn -0.073901 0.067370 0.000000
vn -0.060263 0.079802 0.000000
vn -0.060263 0.079802 0.000000
vn -0.044574 0.089516 0.000000
vn -0.044574 0.089516 0.000000
vn -0.027366 0.096183 0.000000
vn -0.027366 0.096183 0.000000
vn -0.009227 0.099573 0.000000
vn -0.009227 0.099573 0.000000
vn 0.009227 0.099573 0.000000
vn 0.009227 0.099573 0.000000
vn 0.027366 0.096183 0.000000
vn 0.027366 0.096183 0.000000
vn 0.044574 0.089516 0.000000
vn 0.044574 0.089516 0.000000
vn 0.060263 0.079802 0.000000
vn 0.060263 0.079802 0.000000
vn 0.073901 0.067370 0.000000
vn 0.073901 0.067370 0.000000
vn 0.085022 0.052643 0.000000
vn 0.085022 0.052643 0.000000
vn 0.093247 0.036124 0.000000
vn 0.093247 0.036124 0.000000
vn 0.098297 0.018375 0.000000
vn 0.098297 0.018375 0.000000
vn 0.100000 0.000000 0.000000
vn 0.100000 0.000000 0.000000
vn 0.098297 -0.018375 0.000000
vn 0.098297 -0.018375 0.000000
vn 0.093247 -0.036124 0.000000
vn 0.093247 -0.036124 0.000000
vn 0.085022 -0.052643 0.000000
vn 0.085022 -0.052643 0.000000
vn 0.073901 -0.067370 0.000000
vn 0.073901 -0.067370 0.000000
vn 0.060263 -0.079802 0.000000
vn 0.060263 -0.079802 0.000000
vn 0.044574 -0.089516 0.000000
vn 0.044574 -0.089516 0.000000
vn 0.027366 -0.096183 0.000000
vn 0.027366 -0.096183 0.000000
vn 0.009227 -0.099573 0.000000
vn 0.009227 -0.099573 0.000000
vn -0.009227 -0.099573 0.000000
vn -0.009227 -0.099573 0.000000
vn -0.027366 -0.096183 0.000000
vn -0.027366 -0.096183 0.000000
vn -0.044574 -0.089516 0.000000
vn -0.044574 -0.089516 0.000000
vn -0.060263 -0.079802 0.000000
vn -0.060263 -0.079802 0.000000
vn -0.073901 -0.067370 0.000000
vn -0.073901 -0.067370 0.000000
vn -0.085022 -0.052643 0.000000
vn -0.085022 -0.052643 0.000000
vn -0.093247 -0.036124 0.000000
vn -0.093247 -0.036124 0.000000
vn -0.098297 -0.018375 0.000000
vn -0.098297 -0.018375 0.000000
vn -0.100000 0.000000 0.000000
vn -0.100000 0.000000 0.000000
vn -0.098297 0.018375 0.000000
vn -0.098297 0.018375 0.000000
vn -0.093247 0.036124 0.000000
vn -0.093247 0.036124 0.000000
vn -0.085022 0.052643 0.000000
vn -0.085022 0.052643 0.000000
vn -0.073901 0.067370 0.000000
vn -0.073901 0.067370 0.000000
vn -0.060263 0.079802 0.000000
vn -0.060263 0.079802 0.000000
vn -0.044574 0.089516 0.000000
vn -0.044574 0.089516 0.000000
vn -0.027366 0.096183 0.000000
vn -0.027366 0.096183 0.000000
vn -0.009227 0.099573 0.000000
vn -0.009227 0.099573 0.000000
vn 0.009227 0.099573 0.000000
vn 0.009227 0.099573 0.000000
vn 0.027366 0.096183 0.000000
vn 0.027366 0.096183 0.000000
vn 0.044574 0.089516 0.000000
vn 0.044574 0.089516 0.000000
vn 0.060263 0.079802 0.000000
vn 0.060263 0.079802 0.000000
vn 0.073901 0.067370 0.000000
vn 0.073901 0.067370 0.000000
vn 0.085022 0.052643 0.000000
vn 0.085022 0.052643 0.000000
vn 0.093247 0.036124 0.000000
vn 0.093247 0.036124 0.000000
vn 0.096593 0.025882 0.000000
vn 0.096593 0.025882 0.000000
vn 0.100000 0.000000 0.000000
vn 0.100000 0.000000 0.000000
vn 0.096593 -0.025882 0.000000
vn 0.096593 -0.025882 0.000000
vn 0.086603 -0.050000 0.000000
vn 0.086603 -0.050000 0.000000
vn 0.070711 -0.070711 0.000000
vn 0.070711 -0.070711 0.000000
vn 0.050000 -0.086603 0.000000
vn 0.050000 -0.086603 0.000000
vn 0.025882 -0.096593 0.000000
vn 0.025882 -0.096593 0.000000
vn -0.000000 -0.100000 0.000000
vn -0.000000 -0.100000 0.000000
vn -0.025882 -0.096593 0.000000
vn -0.025882 -0.096593 0.000000
vn -0.050000 -0.086603 0.000000
vn -0.050000 -0.086603 0.000000
vn -0.070711 -0.070711 0.000000
vn -0.070711 -0.070711 0.000000
vn -0.086603 -0.050000 0.000000
vn -0.086603 -0.050000 0.000000
vn -0.096593 -0.025882 0.000000
vn -0.096593 -0.025882 0.000000
vn -0.100000 0.000000 0.000000
vn -0.100000 0.000000 0.000000
vn -0.096593 0.025882 0.000000
vn -0.096593 0.025882 0.000000
vn -0.086603 0.050000 0.000000
vn -0.086603 0.050000 0.000000
vn -0.070711 0.070711 0.000000
vn -0.070711 0.070711 0.000000
vn -0.050000 0.086603 0.000000
vn -0.050000 0.086603 0.000000
vn -0.025882 0.096593 0.000000
vn -0.025882 0.096593 0.000000
vn -0.000000 0.100000 0.000000
vn -0.000000 0.100000 0.000000
vn 0.025882 0.096593 0.000000
vn 0.025882 0.096593 0.000000
vn 0.050000 0.086603 0.000000
vn 0.050000 0.086603 0.000000
vn 0.070711 0.070711 0.000000
vn 0.070711 0.070711 0.000000
vn 0.086603 0.050000 0.000000
vn 0.086603 0.050000 0.000000
vn 0.098297 0.018375 0.000000
vn 0.098297 0.018375 0.000000
vn 0.100000 0.000000 0.000000
vn 0.100000 0.000000 0.000000
vn 0.098297 -0.018375 0.000000
vn 0.098297 -0.018375 0.000000
vn 0.093247 -0.036124 0.000000
vn 0.093247 -0.036124 0.000000
vn 0.085022 -0.052643 0.000000
vn 0.085022 -0.052643 0.000000
vn 0.073901 -0.067370 0.000000
vn 0.073901 -0.067370 0.000000
vn 0.060263 -0.079802 0.000000
vn 0.060263 -0.079802 0.000000
vn 0.044574 -0.089516 0.000000
vn 0.044574 -0.089516 0.000000
vn 0.027366 -0.096183 0.000000
vn 0.027366 -0.096183 0.000000
vn 0.009227 -0.099573 0.000000
vn 0.009227 -0.099573 0.000000
vn -0.009227 -0.099573 0.000000
vn -0.009227 -0.099573 0.000000
vn -0.027366 -0.096183 0.000000
vn -0.027366 -0.096183 0.000000
vn -0.044574 -0.089516 0.000000
vn -0.044574 -0.089516 0.000000
vn -0.060263 -0.079802 0.000000
vn -0.060263 -0.079802 0.000000
vn -0.073901 -0.067370 0.000000
vn -0.073901 -0.067370 0.000000
vn -0.085022 -0.052643 0.000000
vn -0.085022 -0.052643 0.000000
vn -0.093247 -0.036124 0.000000
vn -0.093247 -0.036124 0.000000
vn -0.098297 -0.018375 0.000000
vn -0.098297 -0.018375 0.000000
vn -0.100000 0.000000 0.000000
vn -0.100000 0.000000 0.000000
vn -0.098297 0.018375 0.000000
vn -0.098297 0.018375 0.000000
vn -0.093247 0.036124 0.000000
vn -0.093247 0.036124 0.000000
vn -0.085022 0.052643 0.000000
vn -0.085022 0.052643 0.000000
vn -0.073901 0.067370 0.000000
vn -0.073901 0.067370 0.000000
vn -0.060263 0.079802 0.000000
vn -0.060263 0.079802 0.000000
vn -0.044574 0.089516 0.000000
vn -0.044574 0.089516 0.000000
vn -0.027366 0.096183 0.000000
vn -0.027366 0.096183 0.000000
vn -0.009227 0.099573 0.000000
vn -0.009227 0.099573 0.000000
vn 0.009227 0.099573 0.000000
vn 0.009227 0.099573 0.000000
vn 0.027366 0.096183 0.000000
vn 0.027366 0.096183 0.000000
vn 0.044574 0.089516 0.000000
vn 0.044574 0.089516 0.000000
vn 0.060263 0.079802 0.000000
vn 0.060263 0.079802 0.000000
vn 0.073901 0.067370 0.000000
vn 0.073901 0.067370 0.000000
vn 0.085022 0.052643 0.000000
vn 0.085022 0.052643 0.000000
vn 0.093247 0.036124 0.000000
vn 0.093247 0.036124 0.000000
vn 0.096593 0.025882 0.000000
vn 0.096593 0.025882 0.000000
vn 0.100000 0.000000 0.000000
vn 0.100000 0.000000 0.000000
vn 0.096593 -0.025882 0.000000
vn 0.096593 -0.025882 0.000000
vn 0.086603 -0.050000 0.000000
vn 0.086603 -0.050000 0.000000
vn 0.070711 -0.070711 0.000000
vn 0.070711 -0.070711 0.000000
vn 0.050000 -0.086603 0.000000
vn 0.050000 -0.086603 0.000000
vn 0.025882 -0.096593 0.000000
vn 0.025882 -0.096593 0.000000
vn -0.000000 -0.100000 0.000000
vn -0.000000 -0.100000 0.000000
vn -0.025882 -0.096593 0.000000
vn -0.025882 -0.096593 0.000000
vn -0.050000 -0.086603 0.000000
vn -0.050000 -0.086603 0.000000
vn -0.070711 -0.070711 0.000000
vn -0.070711 -0.070711 0.000000
vn -0.086603 -0.050000 0.000000
vn -0.086603 -0.050000 0.000000
vn -0.096593 -0.025882 0.000000
vn -0.096593 -0.025882 0.000000
vn -0.100000 0.000000 0.000000
vn -0.100000 0.000000 0.000000
vn -0.096593 0.025882 0.000000
vn -0.096593 0.025882 0.000000
vn -0.086603 0.050000 0.000000
vn -0.086603 0.050000 0.000000
vn -0.070711 0.070711 0.000000
vn -0.070711 0.070711 0.000000
vn -0.050000 0.086603 0.000000
vn -0.050000 0.086603 0.000000
vn -0.025882 0.096593 0.000000
vn -0.025882 0.096593 0.000000
vn -0.000000 0.100000 0.000000
vn -0.000000 0.100000 0.000000
vn 0.025882 0.096593 0.000000
vn 0.025882 0.096593 0.000000
vn 0.050000 0.086603 0.000000
vn 0.050000 0.086603 0.000000
vn 0.070711 0.070711 0.000000
vn 0.070711 0.070711 0.000000
vn 0.086603 0.050000 0.000000
vn 0.086603 0.050000 0.000000
vn 0.098297 0.018375 0.000000
vn 0.098297 0.018375 0.000000
vn 0.100000 0.000000 0.000000
vn 0.100000 0.000000 0.000000
vn 0.098297 -0.018375 0.000000
vn 0.098297 -0.018375 0.000000
vn 0.093247 -0.036124 0.000000
vn 0.093247 -0.036124 0.000000
vn 0.085022 -0.052643 0.000000
vn 0.085022 -0.052643 0.000000
vn 0.073901 -0.067370 0.000000
vn 0.073901 -0.067370 0.000000
vn 0.060263 -0.079802 0.000000
vn 0.060263 -0.079802 0.000000
vn 0.044574 -0.089516 0.000000
vn 0.044574 -0.089516 0.000000
vn 0.027366 -0.096183 0.000000
vn 0.027366 -0.096183 0.000000
vn 0.009227 -0.099573 0.000000
vn 0.009227 -0.099573 0.000000
vn -0.009227 -0.099573 0.000000
vn -0.009227 -0.099573 0.000000
vn -0.027366 -0.096183 0.000000
vn -0.027366 -0.096183 0.000000
vn -0.044574 -0.089516 0.000000
vn -0.044574 -0.089516 0.000000
vn -0.060263 -0.079802 0.000000
vn -0.060263 -0.079802 0.000000
vn -0.073901 -0.067370 0.000000
vn -0.073901 -0.067370 0.000000
vn -0.085022 -0.052643 0.000000
vn -0.085022 -0.052643 0.000000
vn -0.093247 -0.036124 0.000000
vn -0.093247 -0.036124 0.000000
vn -0.098297 -0.018375 0.000000
vn -0.098297 -0.018375 0.000000
vn -0.100000 0.000000 0.000000
vn -0.100000 0.000000 0.000000
vn -0.098297 0.018375 0.000000
vn -0.098297 0.018375 0.000000
vn -0.093247 0.036124 0.000000
vn -0.093247 0.036124 0.000000
vn -0.085022 0.052643 0.000000
vn -0.085022 0.052643 0.000000
vn -0.073901 0.067370 0.000000
vn -0.073901 0.067370 0.000000
vn -0.060263 0.079802 0.000000
vn -0.060263 0.079802 0.000000
vn -0.044574 0.089516 0.000000
vn -0.044574 0.089516 0.000000
vn -0.027366 0.096183 0.000000
vn -0.027366 0.096183 0.000000
vn -0.009227 0.099573 0.000000
vn -0.009227 0.099573 0.000000
vn 0.009227 0.099573 0.000000
vn 0.009227 0.099573 0.000000
vn 0.027366 0.096183 0.000000
vn 0.027366 0.096183 0.000000
vn 0.044574 0.089516 0.000000
vn 0.044574 0.089516 0.000000
vn 0.060263 0.079802 0.000000
vn 0.060263 0.079802 0.000000
vn 0.073901 0.067370 0.000000
vn 0.073901 0.067370 0.000000
vn 0.085022 0.052643 0.000000
vn 0.085022 0.052643 0.000000
vn 0.093247 0.036124 0.000000
vn 0.093247 0.036124 0.000000
vn 0.098297 0.018375 0.000000
vn 0.098297 0.018375 0.000000
vn 0.100000 0.000000 0.000000
vn 0.100000 0.000000 0.000000
vn 0.098297 -0.018375 0.000000
vn 0.098297 -0.018375 0.000000
vn 0.093247 -0.036124 0.000000
vn 0.093247 -0.036124 0.000000
vn 0.085022 -0.052643 0.000000
vn 0.085022 -0.052643 0.000000
vn 0.073901 -0.067370 0.000000
vn 0.073901 -0.067370 0.000000
vn 0.060263 -0.079802 0.000000
vn 0.060263 -0.079802 0.000000
vn 0.044574 -0.089516 0.000000
vn 0.044574 -0.089516 0.000000
vn 0.027366 -0.096183 0.000000
vn 0.027366 -0.096183 0.000000
vn 0.009227 -0.099573 0.000000
vn 0.009227 -0.099573 0.000000
vn -0.009227 -0.099573 0.000000
vn -0.009227 -0.099573 0.000000
vn -0.027366 -0.096183 0.000000
vn -0.027366 -0.096183 0.000000
vn -0.044574 -0.089516 0.000000
vn -0.044574 -0.089516 0.000000
vn -0.060263 -0.079802 0.000000
vn -0.060263 -0.079802 0.000000
vn -0.073901 -0.067370 0.000000
vn -0.073901 -0.067370 0.000000
vn -0.085022 -0.052643 0.000000
vn -0.085022 -0.052643 0.000000
vn -0.093247 -0.036124 0.000000
vn -0.093247 -0.036124 0.000000
vn -0.098297 -0.018375 0.000000
vn -0.098297 -0.018375 0.000000
vn -0.100000 0.000000 0.000000
vn -0.100000 0.000000 0.000000
vn -0.098297 0.018375 0.000000
vn -0.098297 0.018375 0.000000
vn -0.093247 0.036124 0.000000
vn -0.093247 0.036124 0.000000
vn -0.085022 0.052643 0.000000
vn -0.085022 0.052643 0.000000
vn -0.073901 0.067370 0.000000
vn -0.073901 0.067370 0.000000
vn -0.060263 0.079802 0.000000
vn -0.060263 0.079802 0.000000
vn -0.044574 0.089516 0.000000
vn -0.044574 0.089516 0.000000
vn -0.027366 0.096183 0.000000
vn -0.027366 0.096183 0.000000
vn -0.009227 0.099573 0.000000
vn -0.009227 0.099573 0.000000
vn 0.009227 0.099573 0.000000
vn 0.009227 0.099573 0.000000
vn 0.027366 0.096183 0.000000
vn 0.027366 0.096183 0.000000
vn 0.044574 0.089516 0.000000
vn 0.044574 0.089516 0.000000
vn 0.060263 0.079802 0.000000
vn 0.060263 0.079802 0.000000
vn 0.073901 0.067370 0.000000
vn 0.073901 0.067370 0.000000
vn 0.085022 0.052643 0.000000
vn 0.085022 0.052643 0.000000
vn 0.093247 0.036124 0.000000
vn 0.093247 0.036124 0.000000
vn 0.096593 0.025882 0.000000
vn 0.096593 0.025882 0.000000
vn 0.100000 0.000000 0.000000
vn 0.100000 0.000000 0.000000
vn 0.096593 -0.025882 0.000000
vn 0.096593 -0.025882 0.000000
vn 0.086603 -0.050000 0.000000
vn 0.086603 -0.050000 0.000000
vn 0.070711 -0.070711 0.000000
vn 0.070711 -0.070711 0.000000
vn 0.050000 -0.086603 0.000000
vn 0.050000 -0.086603 0.000000
vn 0.025882 -0.096593 0.000000
vn 0.025882 -0.096593 0.000000
vn -0.000000 -0.100000 0.000000
vn -0.000000 -0.100000 0.000000
vn -0.025882 -0.096593 0.000000
vn -0.025882 -0.096593 0.000000
vn -0.050000 -0.086603 0.000000
vn -0.050000 -0.086603 0.000000
vn -0.070711 -0.070711 0.000000
vn -0.070711 -0.070711 0.000000
vn -0.086603 -0.050000 0.000000
vn -0.086603 -0.050000 0.000000
vn -0.096593 -0.025882 0.000000
vn -0.096593 -0.025882 0.000000
vn -0.100000 0.000000 0.000000
vn -0.100000 0.000000 0.000000
vn -0.096593 0.025882 0.000000
vn -0.096593 0.025882 0.000000
vn -0.086603 0.050000 0.000000
vn -0.086603 0.050000 0.000000
vn -0.070711 0.070711 0.000000
vn -0.070711 0.070711 0.000000
vn -0.050000 0.086603 0.000000
vn -0.050000 0.086603 0.000000
vn -0.025882 0.096593 0.000000
vn -0.025882 0.096593 0.000000
vn -0.000000 0.100000 0.000000
vn -0.000000 0.100000 0.000000
vn 0.025882 0.096593 0.000000
vn 0.025882 0.096593 0.000000
vn 0.050000 0.086603 0.000000
vn 0.050000 0.086603 0.000000
vn 0.070711 0.070711 0.000000
vn 0.070711 0.070711 0.000000
vn 0.086603 0.050000 0.000000
vn 0.086603 0.050000 0.000000
vn 0.098297 0.018375 0.000000
vn 0.098297 0.018375 0.000000
vn 0.100000 0.000000 0.000000
vn 0.100000 0.000000 0.000000
vn 0.098297 -0.018375 0.000000
vn 0.098297 -0.018375 0.000000
vn 0.093247 -0.036124 0.000000
vn 0.093247 -0.036124 0.000000
vn 0.085022 -0.052643 0.000000
vn 0.085022 -0.052643 0.000000
vn 0.073901 -0.067370 0.000000
vn 0.073901 -0.067370 0.000000
vn 0.060263 -0.079802 0.000000
vn 0.060263 -0.079802 0.000000
vn 0.044574 -0.089516 0.000000
vn 0.044574 -0.089516 0.000000
vn 0.027366 -0.096183 0.000000
vn 0.027366 -0.096183 0.000000
vn 0.009227 -0.099573 0.000000
vn 0.009227 -0.099573 0.000000
vn -0.009227 -0.099573 0.000000
vn -0.009227 -0.099573 0.000000
vn -0.027366 -0.096183 0.000000
vn -0.027366 -0.096183 0.000000
vn -0.044574 -0.089516 0.000000
vn -0.044574 -0.089516 0.000000
vn -0.060263 -0.079802 0.000000
vn -0.060263 -0.079802 0.000000
vn -0.073901 -0.067370 0.000000
vn -0.073901 -0.067370 0.000000
vn -0.085022 -0.052643 0.000000
vn -0.085022 -0.052643 0.000000
vn -0.093247 -0.036124 0.000000
vn -0.093247 -0.036124 0.000000
vn -0.098297 -0.018375 0.000000
vn -0.098297 -0.018375 0.000000
vn -0.100000 0.000000 0.000000
vn -0.100000 0.000000 0.000000
vn -0.098297 0.018375 0.000000
vn -0.098297 0.018375 0.000000
vn -0.093247 0.036124 0.000000
vn -0.093247 0.036124 0.000000
vn -0.085022 0.052643 0.000000
vn -0.085022 0.052643 0.000000
vn -0.073901 0.067370 0.000000
vn -0.073901 0.067370 0.000000
vn -0.060263 0.079802 0.000000
vn -0.060263 0.079802 0.000000
vn -0.044574 0.089516 0.000000
vn -0.044574 0.089516 0.000000
vn -0.027366 0.096183 0.000000
vn -0.027366 0.096183 0.000000
vn -0.009227 0.099573 0.000000
vn -0.009227 0.099573 0.000000
vn 0.009227 0.099573 0.000000
vn 0.009227 0.099573 0.000000
vn 0.027366 0.096183 0.000000
vn 0.027366 0.096183 0.000000
vn 0.044574 0.089516 0.000000
vn 0.044574 0.089516 0.000000
vn 0.060263 0.079802 0.000000
vn 0.060263 0.079802 0.000000
vn 0.073901 0.067370 0.000000
vn 0.073901 0.067370 0.000000
vn 0.085022 0.052643 0.000000
vn 0.085022 0.052643 0.000000
vn 0.093247 0.036124 0.000000
vn 0.093247 0.036124 0.000000
vn 0.098297 0.018375 0.000000
vn 0.098297 0.018375 0.000000
vn 0.100000 0.000000 0.000000
vn 0.100000 0.000000 0.000000
vn 0.098297 -0.018375 0.000000
vn 0.098297 -0.018375 0.000000
vn 0.093247 -0.036124 0.000000
vn 0.093247 -0.036124 0.000000
vn 0.085022 -0.052643 0.000000
vn 0.085022 -0.052643 0.000000
vn 0.073901 -0.067370 0.000000
vn 0.073901 -0.067370 0.000000
vn 0.060263 -0.079802 0.000000
vn 0.060263 -0.079802 0.000000
vn 0.044574 -0.089516 0.000000
vn 0.044574 -0.089516 0.000000
vn 0.027366 -0.096183 0.000000
vn 0.027366 -0.096183 0.000000
vn 0.009227 -0.099573 0.000000
vn 0.009227 -0.099573 0.000000
vn -0.009227 -0.099573 0.000000
vn -0.009227 -0.099573 0.000000
vn -0.027366 -0.096183 0.000000
vn -0.027366 -0.096183 0.000000
vn -0.044574 -0.089516 0.000000
vn -0.044574 -0.089516 0.000000
vn -0.060263 -0.079802 0.000000
vn -0.060263 -0.079802 0.000000
vn -0.073901 -0.067370 0.000000
vn -0.073901 -0.067370 0.000000
vn -0.085022 -0.052643 0.000000
vn -0.085022 -0.052643 0.000000
vn -0.093247 -0.036124 0.000000
vn -0.093247 -0.036124 0.000000
vn -0.098297 -0.018375 0.000000
vn -0.098297 -0.018375 0.000000
vn -0.100000 0.000000 0.000000
vn -0.100000 0.000000 0.000000
vn -0.098297 0.018375 0.000000
vn -0.098297 0.018375 0.000000
vn -0.093247 0.036124 0.000000
vn -0.093247 0.036124 0.000000
vn -0.085022 0.052643 0.000000
vn -0.085022 0.052643 0.000000
vn -0.073901 0.067370 0.000000
vn -0.073901 0.067370 0.000000
vn -0.060263 0.079802 0.000000
vn -0.060263 0.079802 0.000000
vn -0.044574 0.089516 0.000000
vn -0.044574 0.089516 0.000000
vn -0.027366 0.096183 0.000000
vn -0.027366 0.096183 0.000000
vn -0.009227 0.099573 0.000000
vn -0.009227 0.099573 0.000000
vn 0.009227 0.099573 0.000000
vn 0.009227 0.099573 0.000000
vn 0.027366 0.096183 0.000000
vn 0.027366 0.096183 0.000000
vn 0.044574 0.089516 0.000000
vn 0.044574 0.089516 0.000000
vn 0.060263 0.079802 0.000000
vn 0.060263 0.079802 0.000000
vn 0.073901 0.067370 0.000000
vn 0.073901 0.067370 0.000000
vn 0.085022 0.052643 0.000000
vn 0.085022 0.052643 0.000000
vn 0.093247 0.036124 0.000000
vn 0.093247 0.036124 0.000000
vn 0.096593 0.025882 0.000000
vn 0.096593 0.025882 0.000000
vn 0.100000 0.000000 0.000000
vn 0.100000 0.000000 0.000000
vn 0.096593 -0.025882 0.000000
vn 0.096593 -0.025882 0.000000
vn 0.086603 -0.050000 0.000000
vn 0.086603 -0.050000 0.000000
vn 0.070711 -0.070711 0.000000
vn 0.070711 -0.070711 0.000000
vn 0.050000 -0.086603 0.000000
vn 0.050000 -0.086603 0.000000
vn 0.025882 -0.096593 0.000000
vn 0.025882 -0.096593 0.000000
vn -0.000000 -0.100000 0.000000
vn -0.000000 -0.100000 0.000000
vn -0.025882 -0.096593 0.000000
vn -0.025882 -0.096593 0.000000
vn -0.050000 -0.086603 0.000000
vn -0.050000 -0.086603 0.000000
vn -0.070711 -0.070711 0.000000
vn -0.070711 -0.070711 0.000000
vn -0.086603 -0.050000 0.000000
vn -0.086603 -0.050000 0.000000
vn -0.096593 -0.025882 0.000000
vn -0.096593 -0.025882 0.000000
vn -0.100000 0.000000 0.000000
vn -0.100000 0.000000 0.000000
vn -0.096593 0.025882 0.000000
vn -0.096593 0.025882 0.000000
vn -0.086603 0.050000 0.000000
vn -0.086603 0.050000 0.000000
vn -0.070711 0.070711 0.000000
vn -0.070711 0.070711 0.000000
vn -0.050000 0.086603 0.000000
vn -0.050000 0.086603 0.000000
vn -0.025882 0.096593 0.000000
vn -0.025882 0.096593 0.000000
vn -0.000000 0.100000 0.000000
vn -0.000000 0.100000 0.000000
vn 0.025882 0.096593 0.000000
vn 0.025882 0.096593 0.000000
vn 0.050000 0.086603 0.000000
vn 0.050000 0.086603 0.000000
vn 0.070711 0.070711 0.000000
vn 0.070711 0.070711 0.000000
vn 0.086603 0.050000 0.000000
vn 0.086603 0.050000 0.000000
vn 0.098297 0.018375 0.000000
vn 0.098297 0.018375 0.000000
vn 0.100000 0.000000 0.000000
vn 0.100000 0.000000 0.000000
vn 0.098297 -0.018375 0.000000
vn 0.098297 -0.018375 0.000000
vn 0.093247 -0.036124 0.000000
vn 0.093247 -0.036124 0.000000
vn 0.085022 -0.052643 0.000000
vn 0.085022 -0.052643 0.000000
vn 0.073901 -0.067370 0.000000
vn 0.073901 -0.067370 0.000000
vn 0.060263 -0.079802 0.000000
vn 0.060263 -0.079802 0.000000
vn 0.044574 -0.089516 0.000000
vn 0.044574 -0.089516 0.000000
vn 0.027366 -0.096183 0.000000
vn 0.027366 -0.096183 0.000000
vn 0.009227 -0.099573 0.000000
vn 0.009227 -0.099573 0.000000
vn -0.009227 -0.099573 0.000000
vn -0.009227 -0.099573 0.000000
vn -0.027366 -0.096183 0.000000
vn -0.027366 -0.096183 0.000000
vn -0.044574 -0.089516 0.000000
vn -0.044574 -0.089516 0.000000
vn -0.060263 -0.079802 0.000000
vn -0.060263 -0.079802 0.000000
vn -0.073901 -0.067370 0.000000
vn -0.073901 -0.067370 0.000000
vn -0.085022 -0.052643 0.000000
vn -0.085022 -0.052643 0.000000
vn -0.093247 -0.036124 0.000000
vn -0.093247 -0.036124 0.000000
vn -0.098297 -0.018375 0.000000
vn -0.098297 -0.018375 0.000000
vn -0.100000 0.000000 0.000000
vn -0.100000 0.000000 0.000000
vn -0.098297 0.018375 0.000000
vn -0.098297 0.018375 0.000000
vn -0.093247 0.036124 0.000000
vn -0.093247 0.036124 0.000000
vn -0.085022 0.052643 0.000000
vn -0.085022 0.052643 0.000000
vn -0.073901 0.067370 0.000000
vn -0.073901 0.067370 0.000000
vn -0.060263 0.079802 0.000000
vn -0.060263 0.079802 0.000000
vn -0.044574 0.089516 0.000000
vn -0.044574 0.089516 0.000000
vn -0.027366 0.096183 0.000000
vn -0.027366 0.096183 0.000000
vn -0.009227 0.099573 0.000000
vn -0.009227 0.099573 0.000000
vn 0.009227 0.099573 0.000000
vn 0.009227 0.099573 0.000000
vn 0.027366 0.096183 0.000000
vn 0.027366 0.096183 0.000000
vn 0.044574 0.089516 0.000000
vn 0.044574 0.089516 0.000000
vn 0.060263 0.079802 0.000000
vn 0.060263 0.079802 0.000000
vn 0.073901 0.067370 0.000000
vn 0.073901 0.067370 0.000000
vn 0.085022 0.052643 0.000000
vn 0.085022 0.052643 0.000000
vn 0.093247 0.036124 0.000000
vn 0.093247 0.036124 0.000000
vn 0.098297 0.018375 0.000000
vn 0.098297 0.018375 0.000000
vn 0.100000 0.000000 0.000000
vn 0.100000 0.000000 0.000000
vn 0.098297 -0.018375 0.000000
vn 0.098297 -0.018375 0.000000
vn 0.093247 -0.036124 0.000000
vn 0.093247 -0.036124 0.000000
vn 0.085022 -0.052643 0.000000
vn 0.085022 -0.052643 0.000000
vn 0.073901 -0.067370 0.000000
vn 0.073901 -0.067370 0.000000
vn 0.060263 -0.079802 0.000000
vn 0.060263 -0.079802 0.000000
vn 0.044574 -0.089516 0.000000
vn 0.044574 -0.089516 0.000000
vn 0.027366 -0.096183 0.000000
vn 0.027366 -0.096183 0.000000
vn 0.009227 -0.099573 0.000000
vn 0.009227 -0.099573 0.000000
vn -0.009227 -0.099573 0.000000
vn -0.009227 -0.099573 0.000000
vn -0.027366 -0.096183 0.000000
vn -0.027366 -0.096183 0.000000
vn -0.044574 -0.089516 0.000000
vn -0.044574 -0.089516 0.000000
vn -0.060263 -0.079802 0.000000
vn -0.060263 -0.079802 0.000000
vn -0.073901 -0.067370 0.000000
vn -0.073901 -0.067370 0.000000
vn -0.085022 -0.052643 0.000000
vn -0.085022 -0.052643 0.000000
vn -0.093247 -0.036124 0.000000
vn -0.093247 -0.036124 0.000000
vn -0.098297 -0.018375 0.000000
vn -0.098297 -0.018375 0.000000
vn -0.100000 0.000000 0.000000
vn -0.100000 0.000000 0.000000
vn -0.098297 0.018375 0.000000
vn -0.098297 0.018375 0.000000
vn -0.093247 0.036124 0.000000
vn -0.093247 0.036124 0.000000
vn -0.085022 0.052643 0.000000
vn -0.085022 0.052643 0.000000
vn -0.073901 0.067370 0.000000
vn -0.073901 0.067370 0.000000
vn -0.060263 0.079802 0.000000
vn -0.060263 0.079802 0.000000
vn -0.044574 0.089516 0.000000
vn -0.044574 0.089516 0.000000
vn -0.027366 0.096183 0.000000
vn -0.027366 0.096183 0.000000
vn -0.009227 0.099573 0.000000
vn -0.009227 0.099573 0.000000
vn 0.009227 0.099573 0.000000
vn 0.009227 0.099573 0.000000
vn 0.027366 0.096183 0.000000
vn 0.027366 0.096183 0.000000
vn 0.044574 0.089516 0.000000
vn 0.044574 0.089516 0.000000
vn 0.060263 0.079802 0.000000
vn 0.060263 0.079802 0.000000
vn 0.073901 0.067370 0.000000
vn 0.073901 0.067370 0.000000
vn 0.085022 0.052643 0.000000
vn 0.085022 0.052643 0.000000
vn 0.093247 0.036124 0.000000
vn 0.093247 0.036124 0.000000
vn 0.098297 0.018375 0.000000
vn 0.098297 0.018375 0.000000
vn 0.100000 0.000000 0.000000
vn 0.100000 0.000000 0.000000
vn 0.098297 -0.018375 0.000000
vn 0.098297 -0.018375 0.000000
vn 0.093247 -0.036124 0.000000
vn 0.093247 -0.036124 0.000000
vn 0.085022 -0.052643 0.000000
vn 0.085022 -0.052643 0.000000
vn 0.073901 -0.067370 0.000000
vn 0.073901 -0.067370 0.000000
vn 0.060263 -0.079802 0.000000
vn 0.060263 -0.079802 0.000000
vn 0.044574 -0.089516 0.000000
vn 0.044574 -0.089516 0.000000
vn 0.027366 -0.096183 0.000000
vn 0.027366 -0.096183 0.000000
vn 0.009227 -0.099573 0.000000
vn 0.009227 -0.099573 0.000000
vn -0.009227 -0.099573 0.000000
vn -0.009227 -0.099573 0.000000
vn -0.027366 -0.096183 0.000000
vn -0.027366 -0.096183 0.000000
vn -0.044574 -0.089516 0.000000
vn -0.044574 -0.089516 0.000000
vn -0.060263 -0.079802 0.000000
vn -0.060263 -0.079802 0.000000
vn -0.073901 -0.067370 0.000000
vn -0.073901 -0.067370 0.000000
vn -0.085022 -0.052643 0.000000
vn -0.085022 -0.052643 0.000000
vn -0.093247 -0.036124 0.000000
vn -0.093247 -0.036124 0.000000
vn -0.098297 -0.018375 0.000000
vn -0.098297 -0.018375 0.000000
vn -0.100000 0.000000 0.000000
vn -0.100000 0.000000 0.000000
vn -0.098297 0.018375 0.000000
vn -0.098297 0.018375 0.000000
vn -0.093247 0.036124 0.000000
vn -0.093247 0.036124 0.000000
vn -0.085022 0.052643 0.000000
vn -0.085022 0.052643 0.000000
vn -0.073901 0.067370 0.000000
vn -0.073901 0.067370 0.000000
vn -0.060263 0.079802 0.000000
vn -0.060263 0.079802 0.000000
vn -0.044574 0.089516 0.000000
vn -0.044574 0.089516 0.000000
vn -0.027366 0.096183 0.000000
vn -0.027366 0.096183 0.000000
vn -0.009227 0.099573 0.000000
vn -0.009227 0.099573 0.000000
vn 0.009227 0.099573 0.000000
vn 0.009227 0.099573 0.000000
vn 0.027366 0.096183 0.000000
vn 0.027366 0.096183 0.000000
vn 0.044574 0.089516 0.000000
vn 0.044574 0.089516 0.000000
vn 0.060263 0.079802 0.000000
vn 0.060263 0.079802 0.000000
vn 0.073901 0.067370 0.000000
vn 0.073901 0.067370 0.000000
vn 0.085022 0.052643 0.000000
vn 0.085022 0.052643 0.000000
vn 0.093247 0.036124 0.000000
vn 0.093247 0.036124 0.000000
vn 0.098297 0.018375 0.000000
vn 0.098297 0.018375 0.000000
vn 0.100000 0.000000 0.000000
vn 0.100000 0.000000 0.000000
vn 0.098297 -0.018375 0.000000
vn 0.098297 -0.018375 0.000000
vn 0.093247 -0.036124 0.000000
vn 0.093247 -0.036124 0.000000
vn 0.085022 -0.052643 0.000000
vn 0.085022 -0.052643 0.000000
vn 0.073901 -0.067370 0.000000
vn 0.073901 -0.067370 0.000000
vn 0.060263 -0.079802 0.000000
vn 0.060263 -0.079802 0.000000
vn 0.044574 -0.089516 0.000000
vn 0.044574 -0.089516 0.000000
vn 0.027366 -0.096183 0.000000
vn 0.027366 -0.096183 0.000000
vn 0.009227 -0.099573 0.000000
vn 0.009227 -0.099573 0.000000
vn -0.009227 -0.099573 0.000000
vn -0.009227 -0.099573 0.000000
vn -0.027366 -0.096183 0.000000
vn -0.027366 -0.096183 0.000000
vn -0.044574 -0.089516 0.000000
vn -0.044574 -0.089516 0.000000
vn -0.060263 -0.079802 0.000000
vn -0.060263 -0.079802 0.000000
vn -0.073901 -0.067370 0.000000
vn -0.073901 -0.067370 0.000000
vn -0.085022 -0.052643 0.000000
vn -0.085022 -0.052643 0.000000
vn -0.093247 -0.036124 0.000000
vn -0.093247 -0.036124 0.000000
vn -0.098297 -0.018375 0.000000
vn -0.098297 -0.018375 0.000000
vn -0.100000 0.000000 0.000000
vn -0.100000 0.000000 0.000000
vn -0.098297 0.018375 0.000000
vn -0.098297 0.018375 0.000000
vn -0.093247 0.036124 0.000000
vn -0.093247 0.036124 0.000000
vn -0.085022 0.052643 0.000000
vn -0.085022 0.052643 0.000000
vn -0.073901 0.067370 0.000000
vn -0.073901 0.067370 0.000000
vn -0.060263 0.079802 0.000000
vn -0.060263 0.079802 0.000000
vn -0.044574 0.089516 0.000000
vn -0.044574 0.089516 0.000000
vn -0.027366 0.096183 0.000000
vn -0.027366 0.096183 0.000000
vn -0.009227 0.099573 0.000000
vn -0.009227 0.099573 0.000000
vn 0.009227 0.099573 0.000000
vn 0.009227 0.099573 0.000000
vn 0.027366 0.096183 0.000000
vn 0.027366 0.096183 0.000000
vn 0.044574 0.089516 0.000000
vn 0.044574 0.089516 0.000000
vn 0.060263 0.079802 0.000000
vn 0.060263 0.079802 0.000000
vn 0.073901 0.067370 0.000000
vn 0.073901 0.067370 0.000000
vn 0.085022 0.052643 0.000000
vn 0.085022 0.052643 0.000000
vn 0.093247 0.036124 0.000000
vn 0.093247 0.036124 0.000000
vn 0.098297 0.018375 0.000000
vn 0.098297 0.018375 0.000000
vn 0.100000 0.000000 0.000000
vn 0.100000 0.000000 0.000000
vn 0.098297 -0.018375 0.000000
vn 0.098297 -0.018375 0.000000
vn 0.093247 -0.036124 0.000000
vn 0.093247 -0.036124 0.000000
vn 0.085022 -0.052643 0.000000
vn 0.085022 -0.052643 0.000000
vn 0.073901 -0.067370 0.000000
vn 0.073901 -0.067370 0.000000
vn 0.060263 -0.079802 0.000000
vn 0.060263 -0.079802 0.000000
vn 0.044574 -0.089516 0.000000
vn 0.044574 -0.089516 0.000000
vn 0.027366 -0.096183 0.000000
vn 0.027366 -0.096183 0.000000
vn 0.009227 -0.099573 0.000000
vn 0.009227 -0.099573 0.000000
vn -0.009227 -0.099573 0.000000
vn -0.009227 -0.099573 0.000000
vn -0.027366 -0.096183 0.000000
vn -0.027366 -0.096183 0.000000
vn -0.044574 -0.089516 0.000000
vn -0.044574 -0.089516 0.000000
vn -0.060263 -0.079802 0.000000
vn -0.060263 -0.079802 0.000000
vn -0.073901 -0.067370 0.000000
vn -0.073901 -0.067370 0.000000
vn -0.085022 -0.052643 0.000000
vn -0.085022 -0.052643 0.000000
vn -0.093247 -0.036124 0.000000
vn -0.093247 -0.036124 0.000000
vn -0.098297 -0.018375 0.000000
vn -0.098297 -0.018375 0.000000
vn -0.100000 0.000000 0.000000
vn -0.100000 0.000000 0.000000
vn -0.098297 0.018375 0.000000
vn -0.098297 0.018375 0.000000
vn -0.093247 0.036124 0.000000
vn -0.093247 0.036124 0.000000
vn -0.085022 0.052643 0.000000
vn -0.085022 0.052643 0.000000
vn -0.073901 0.067370 0.000000
vn -0.073901 0.067370 0.000000
vn -0.060263 0.079802 0.000000
vn -0.060263 0.079802 0.000000
vn -0.044574 0.089516 0.000000
vn -0.044574 0.089516 0.000000
vn -0.027366 0.096183 0.000000
vn -0.027366 0.096183 0.000000
vn -0.009227 0.099573 0.000000
vn -0.009227 0.099573 0.000000
vn 0.009227 0.099573 0.000000
vn 0.009227 0.099573 0.000000
vn 0.027366 0.096183 0.000000
vn 0.027366 0.096183 0.000000
vn 0.044574 0.089516 0.000000
vn 0.044574 0.089516 0.000000
vn 0.060263 0.079802 0.000000
vn 0.060263 0.079802 0.000000
vn 0.073901 0.067370 0.000000
vn 0.073901 0.067370 0.000000
vn 0.085022 0.052643 0.000000
vn 0.085022 0.052643 0.000000
vn 0.093247 0.036124 0.000000
vn 0.093247 0.036124 0.000000
vn 0.096593 0.025882 0.000000
vn 0.096593 0.025882 0.000000
vn 0.100000 0.000000 0.000000
vn 0.100000 0.000000 0.000000
vn 0.096593 -0.025882 0.000000
vn 0.096593 -0.025882 0.000000
vn 0.086603 -0.050000 0.000000
vn 0.086603 -0.050000 0.000000
vn 0.070711 -0.070711 0.000000
vn 0.070711 -0.070711 0.000000
vn 0.050000 -0.086603 0.000000
vn 0.050000 -0.086603 0.000000
vn 0.025882 -0.096593 0.000000
vn 0.025882 -0.096593 0.000000
vn -0.000000 -0.100000 0.000000
vn -0.000000 -0.100000 0.000000
vn -0.025882 -0.096593 0.000000
vn -0.025882 -0.096593 0.000000
vn -0.050000 -0.086603 0.000000
vn -0.050000 -0.086603 0.000000
vn -0.070711 -0.070711 0.000000
vn -0.070711 -0.070711 0.000000
vn -0.086603 -0.050000 0.000000
vn -0.086603 -0.050000 0.000000
vn -0.096593 -0.025882 0.000000
vn -0.096593 -0.025882 0.000000
vn -0.100000 0.000000 0.000000
vn -0.100000 0.000000 0.000000
vn -0.096593 0.025882 0.000000
vn -0.096593 0.025882 0.000000
vn -0.086603 0.050000 0.000000
vn -0.086603 0.050000 0.000000
vn -0.070711 0.070711 0.000000
vn -0.070711 0.070711 0.000000
vn -0.050000 0.086603 0.000000
vn -0.050000 0.086603 0.000000
vn -0.025882 0.096593 0.000000
vn -0.025882 0.096593 0.000000
vn -0.000000 0.100000 0.000000
vn -0.000000 0.100000 0.000000
vn 0.025882 0.096593 0.000000
vn 0.025882 0.096593 0.000000
vn 0.050000 0.086603 0.000000
vn 0.050000 0.086603 0.000000
vn 0.070711 0.070711 0.000000
vn 0.070711 0.070711 0.000000
vn 0.086603 0.050000 0.000000
vn 0.086603 0.050000 0.000000
vn 0.098297 0.018375 0.000000
vn 0.098297 0.018375 0.000000
vn 0.100000 0.000000 0.000000
vn 0.100000 0.000000 0.000000
vn 0.098297 -0.018375 0.000000
vn 0.098297 -0.018375 0.000000
vn 0.093247 -0.036124 0.000000
vn 0.093247 -0.036124 0.000000
vn 0.085022 -0.052643 0.000000
vn 0.085022 -0.052643 0.000000
vn 0.073901 -0.067370 0.000000
vn 0.073901 -0.067370 0.000000
vn 0.060263 -0.079802 0.000000
vn 0.060263 -0.079802 0.000000
vn 0.044574 -0.089516 0.000000
vn 0.044574 -0.089516 0.000000
vn 0.027366 -0.096183 0.000000
vn 0.027366 -0.096183 0.000000
vn 0.009227 -0.099573 0.000000
vn 0.009227 -0.099573 0.000000
vn -0.009227 -0.099573 0.000000
vn -0.009227 -0.099573 0.000000
vn -0.027366 -0.096183 0.000000
vn -0.027366 -0.096183 0.000000
vn -0.044574 -0.089516 0.000000
vn -0.044574 -0.089516 0.000000
vn -0.060263 -0.079802 0.000000
vn -0.060263 -0.079802 0.000000
vn -0.073901 -0.067370 0.000000
vn -0.073901 -0.067370 0.000000
vn -0.085022 -0.052643 0.000000
vn -0.085022 -0.052643 0.000000
vn -0.093247 -0.036124 0.000000
vn -0.093247 -0.036124 0.000000
vn -0.098297 -0.018375 0.000000
vn -0.098297 -0.018375 0.000000
vn -0.100000 0.000000 0.000000
vn -0.100000 0.000000 0.000000
vn -0.098297 0.018375 0.000000
vn -0.098297 0.018375 0.000000
vn -0.093247 0.036124 0.000000
vn -0.093247 0.036124 0.000000
vn -0.085022 0.052643 0.000000
vn -0.085022 0.052643 0.000000
vn -0.073901 0.067370 0.000000
vn -0.073901 0.067370 0.000000
vn -0.060263 0.079802 0.000000
vn -0.060263 0.079802 0.000000
vn -0.044574 0.089516 0.000000
vn -0.044574 0.089516 0.000000
vn -0.027366 0.096183 0.000000
vn -0.027366 0.096183 0.000000
vn -0.009227 0.099573 0.000000
vn -0.009227 0.099573 0.000000
vn 0.009227 0.099573 0.000000
vn 0.009227 0.099573 0.000000
vn 0.027366 0.096183 0.000000
vn 0.027366 0.096183 0.000000
vn 0.044574 0.089516 0.000000
vn 0.044574 0.089516 0.000000
vn 0.060263 0.079802 0.000000
vn 0.060263 0.079802 0.000000
vn 0.073901 0.067370 0.000000
vn 0.073901 0.067370 0.000000
vn 0.085022 0.052643 0.000000
vn 0.085022 0.052643 0.000000
vn 0.093247 0.036124 0.000000
vn 0.093247 0.036124 0.000000
vn 0.096593 0.025882 0.000000
vn 0.096593 0.025882 0.000000
vn 0.100000 0.000000 0.000000
vn 0.100000 0.000000 0.000000
vn 0.096593 -0.025882 0.000000
vn 0.096593 -0.025882 0.000000
vn 0.086603 -0.050000 0.000000
vn 0.086603 -0.050000 0.000000
vn 0.070711 -0.070711 0.000000
vn 0.070711 -0.070711 0.000000
vn 0.050000 -0.086603 0.000000
vn 0.050000 -0.086603 0.000000
vn 0.025882 -0.096593 0.000000
vn 0.025882 -0.096593 0.000000
vn -0.000000 -0.100000 0.000000
vn -0.000000 -0.100000 0.000000
vn -0.025882 -0.096593 0.000000
vn -0.025882 -0.096593 0.000000
vn -0.050000 -0.086603 0.000000
vn -0.050000 -0.086603 0.000000
vn -0.070711 -0.070711 0.000000
vn -0.070711 -0.070711 0.000000
vn -0.086603 -0.050000 0.000000
vn -0.086603 -0.050000 0.000000
vn -0.096593 -0.025882 0.000000
vn -0.096593 -0.025882 0.000000
vn -0.100000 0.000000 0.000000
vn -0.100000 0.000000 0.000000
vn -0.096593 0.025882 0.000000
vn -0.096593 0.025882 0.000000
vn -0.086603 0.050000 0.000000
vn -0.086603 0.050000 0.000000
vn -0.070711 0.070711 0.000000
vn -0.070711 0.070711 0.000000
vn -0.050000 0.086603 0.000000
vn -0.050000 0.086603 0.000000
vn -0.025882 0.096593 0.000000
vn -0.025882 0.096593 0.000000
vn -0.000000 0.100000 0.000000
vn -0.000000 0.100000 0.000000
vn 0.025882 0.096593 0.000000
vn 0.025882 0.096593 0.000000
vn 0.050000 0.086603 0.000000
vn 0.050000 0.086603 0.000000
vn 0.070711 0.070711 0.000000
vn 0.070711 0.070711 0.000000
vn 0.086603 0.050000 0.000000
vn 0.086603 0.050000 0.000000
vn 0.098297 0.018375 0.000000
vn 0.098297 0.018375 0.000000
vn 0.100000 0.000000 0.000000
vn 0.100000 0.000000 0.000000
vn 0.098297 -0.018375 0.000000
vn 0.098297 -0.018375 0.000000
vn 0.093247 -0.036124 0.000000
vn 0.093247 -0.036124 0.000000
vn 0.085022 -0.052643 0.000000
vn 0.085022 -0.052643 0.000000
vn 0.073901 -0.067370 0.000000
vn 0.073901 -0.067370 0.000000
vn 0.060263 -0.079802 0.000000
vn 0.060263 -0.079802 0.000000
vn 0.044574 -0.089516 0.000000
vn 0.044574 -0.089516 0.000000
vn 0.027366 -0.096183 0.000000
vn 0.027366 -0.096183 0.000000
vn 0.009227 -0.099573 0.000000
vn 0.009227 -0.099573 0.000000
vn -0.009227 -0.099573 0.000000
vn -0.009227 -0.099573 0.000000
vn -0.027366 -0.096183 0.000000
vn -0.027366 -0.096183 0.000000
vn -0.044574 -0.089516 0.000000
vn -0.044574 -0.089516 0.000000
vn -0.060263 -0.079802 0.000000
vn -0.060263 -0.079802 0.000000
vn -0.073901 -0.067370 0.000000
vn -0.073901 -0.067370 0.000000
vn -0.085022 -0.052643 0.000000
vn -0.085022 -0.052643 0.000000
vn -0.093247 -0.036124 0.000000
vn -0.093247 -0.036124 0.000000
vn -0.098297 -0.018375 0.000000
vn -0.098297 -0.018375 0.000000
vn -0.100000 0.000000 0.000000
vn -0.100000 0.000000 0.000000
vn -0.098297 0.018375 0.000000
vn -0.098297 0.018375 0.000000
vn -0.093247 0.036124 0.000000
vn -0.093247 0.036124 0.000000
vn -0.085022 0.052643 0.000000
vn -0.085022 0.052643 0.000000
vn -0.073901 0.067370 0.000000
vn -0.073901 0.067370 0.000000
vn -0.060263 0.079802 0.000000
vn -0.060263 0.079802 0.000000
vn -0.044574 0.089516 0.000000
vn -0.044574 0.089516 0.000000
vn -0.027366 0.096183 0.000000
vn -0.027366 0.096183 0.000000
vn -0.009227 0.099573 0.000000
vn -0.009227 0.099573 0.000000
vn 0.009227 0.099573 0.000000
vn 0.009227 0.099573 0.000000
vn 0.027366 0.096183 0.000000
vn 0.027366 0.096183 0.000000
vn 0.044574 0.089516 0.000000
vn 0.044574 0.089516 0.000000
vn 0.060263 0.079802 0.000000
vn 0.060263 0.079802 0.000000
vn 0.073901 0.067370 0.000000
vn 0.073901 0.067370 0.000000
vn 0.085022 0.052643 0.000000
vn 0.085022 0.052643 0.000000
vn 0.093247 0.036124 0.000000
vn 0.093247 0.036124 0.000000
vn 0.098297 0.018375 0.000000
vn 0.098297 0.018375 0.000000
vn 0.100000 0.000000 0.000000
vn 0.100000 0.000000 0.000000
vn 0.098297 -0.018375 0.000000
vn 0.098297 -0.018375 0.000000
vn 0.093247 -0.036124 0.000000
vn 0.093247 -0.036124 0.000000
vn 0.085022 -0.052643 0.000000
vn 0.085022 -0.052643 0.000000
vn 0.073901 -0.067370 0.000000
vn 0.073901 -0.067370 0.000000
vn 0.060263 -0.079802 0.000000
vn 0.060263 -0.079802 0.000000
vn 0.044574 -0.089516 0.000000
vn 0.044574 -0.089516 0.000000
vn 0.027366 -0.096183 0.000000
vn 0.027366 -0.096183 0.000000
vn 0.009227 -0.099573 0.000000
vn 0.009227 -0.099573 0.000000
vn -0.009227 -0.099573 0.000000
vn -0.009227 -0.099573 0.000000
vn -0.027366 -0.096183 0.000000
vn -0.027366 -0.096183 0.000000
vn -0.044574 -0.089516 0.000000
vn -0.044574 -0.089516 0.000000
vn -0.060263 -0.079802 0.000000
vn -0.060263 -0.079802 0.000000
vn -0.073901 -0.067370 0.000000
vn -0.073901 -0.067370 0.000000
vn -0.085022 -0.052643 0.000000
vn -0.085022 -0.052643 0.000000
vn -0.093247 -0.036124 0.000000
vn -0.093247 -0.036124 0.000000
vn -0.098297 -0.018375 0.000000
vn -0.098297 -0.018375 0.000000
vn -0.100000 0.000000 0.000000
vn -0.100000 0.000000 0.000000
vn -0.098297 0.018375 0.000000
vn -0.098297 0.018375 0.000000
vn -0.093247 0.036124 0.000000
vn -0.093247 0.036124 0.000000
vn -0.085022 0.052643 0.000000
vn -0.085022 0.052643 0.000000
vn -0.073901 0.067370 0.000000
vn -0.073901 0.067370 0.000000
vn -0.060263 0.079802 0.000000
vn -0.060263 0.079802 0.000000
vn -0.044574 0.089516 0.000000
vn -0.044574 0.089516 0.000000
vn -0.027366 0.096183 0.000000
vn -0.027366 0.096183 0.000000
vn -0.009227 0.099573 0.000000
vn -0.009227 0.099573 0.000000
vn 0.009227 0.099573 0.000000
vn 0.009227 0.099573 0.000000
vn 0.027366 0.096183 0.000000
vn 0.027366 0.096183 0.000000
vn 0.044574 0.089516 0.000000
vn 0.044574 0.089516 0.000000
vn 0.060263 0.079802 0.000000
vn 0.060263 0.079802 0.000000
vn 0.073901 0.067370 0.000000
vn 0.073901 0.067370 0.000000
vn 0.085022 0.052643 0.000000
vn 0.085022 0.052643 0.000000
vn 0.093247 0.036124 0.000000
vn 0.093247 0.036124 0.000000
vn 0.096593 0.025882 0.000000
vn 0.096593 0.025882 0.000000
vn 0.100000 0.000000 0.000000
vn 0.100000 0.000000 0.000000
vn 0.096593 -0.025882 0.000000
vn 0.096593 -0.025882 0.000000
vn 0.086603 -0.050000 0.000000
vn 0.086603 -0.050000 0.000000
vn 0.070711 -0.070711 0.000000
vn 0.070711 -0.070711 0.000000
vn 0.050000 -0.086603 0.000000
vn 0.050000 -0.086603 0.000000
vn 0.025882 -0.096593 0.000000
vn 0.025882 -0.096593 0.000000
vn -0.000000 -0.100000 0.000000
vn -0.000000 -0.100000 0.000000
vn -0.025882 -0.096593 0.000000
vn -0.025882 -0.096593 0.000000
vn -0.050000 -0.086603 0.000000
vn -0.050000 -0.086603 0.000000
vn -0.070711 -0.070711 0.000000
vn -0.070711 -0.070711 0.000000
vn -0.086603 -0.050000 0.000000
vn -0.086603 -0.050000 0.000000
vn -0.096593 -0.025882 0.000000
vn -0.096593 -0.025882 0.000000
vn -0.100000 0.000000 0.000000
vn -0.100000 0.000000 0.000000
vn -0.096593 0.025882 0.000000
vn -0.096593 0.025882 0.000000
vn -0.086603 0.050000 0.000000
vn -0.086603 0.050000 0.000000
vn -0.070711 0.070711 0.000000
vn -0.070711 0.070711 0.000000
vn -0.050000 0.086603 0.000000
vn -0.050000 0.086603 0.000000
vn -0.025882 0.096593 0.000000
vn -0.025882 0.096593 0.000000
vn -0.000000 0.100000 0.000000
vn -0.000000 0.100000 0.000000
vn 0.025882 0.096593 0.000000
vn 0.025882 0.096593 0.000000
vn 0.050000 0.086603 0.000000
vn 0.050000 0.086603 0.000000
vn 0.070711 0.070711 0.000000
vn 0.070711 0.070711 0.000000
vn 0.086603 0.050000 0.000000
vn 0.086603 0.050000 0.000000
vn 0.098297 0.018375 0.000000
vn 0.098297 0.018375 0.000000
vn 0.100000 0.000000 0.000000
vn 0.100000 0.000000 0.000000
vn 0.098297 -0.018375 0.000000
vn 0.098297 -0.018375 0.000000
vn 0.093247 -0.036124 0.000000
vn 0.093247 -0.036124 0.000000
vn 0.085022 -0.052643 0.000000
vn 0.085022 -0.052643 0.000000
vn 0.073901 -0.067370 0.000000
vn 0.073901 -0.067370 0.000000
vn 0.060263 -0.079802 0.000000
vn 0.060263 -0.079802 0.000000
vn 0.044574 -0.089516 0.000000
vn 0.044574 -0.089516 0.000000
vn 0.027366 -0.096183 0.000000
vn 0.027366 -0.096183 0.000000
vn 0.009227 -0.099573 0.000000
vn 0.009227 -0.099573 0.000000
vn -0.009227 -0.099573 0.000000
vn -0.009227 -0.099573 0.000000
vn -0.027366 -0.096183 0.000000
vn -0.027366 -0.096183 0.000000
vn -0.044574 -0.089516 0.000000
vn -0.044574 -0.089516 0.000000
vn -0.060263 -0.079802 0.000000
vn -0.060263 -0.079802 0.000000
vn -0.073901 -0.067370 0.000000
vn -0.073901 -0.067370 0.000000
vn -0.085022 -0.052643 0.000000
vn -0.085022 -0.052643 0.000000
vn -0.093247 -0.036124 0.000000
vn -0.093247 -0.036124 0.000000
vn -0.098297 -0.018375 0.000000
vn -0.098297 -0.018375 0.000000
vn -0.100000 0.000000 0.000000
vn -0.100000 0.000000 0.000000
vn -0.098297 0.018375 0.000000
vn -0.098297 0.018375 0.000000
vn -0.093247 0.036124 0.000000
vn -0.093247 0.036124 0.000000
vn -0.085022 0.052643 0.000000
vn -0.085022 0.052643 0.000000
vn -0.073901 0.067370 0.000000
vn -0.073901 0.067370 0.000000
vn -0.060263 0.079802 0.000000
vn -0.060263 0.079802 0.000000
vn -0.044574 0.089516 0.000000
vn -0.044574 0.089516 0.000000
vn -0.027366 0.096183 0.000000
vn -0.027366 0.096183 0.000000
vn -0.009227 0.099573 0.000000
vn -0.009227 0.099573 0.000000
vn 0.009227 0.099573 0.000000
vn 0.009227 0.099573 0.000000
vn 0.027366 0.096183 0.000000
vn 0.027366 0.096183 0.000000
vn 0.044574 0.089516 0.000000
vn 0.044574 0.089516 0.000000
vn 0.060263 0.079802 0.000000
vn 0.060263 0.079802 0.000000
vn 0.073901 0.067370 0.000000
vn 0.073901 0.067370 0.000000
vn 0.085022 0.052643 0.000000
vn 0.085022 0.052643 0.000000
vn 0.093247 0.036124 0.000000
vn 0.093247 0.036124 0.000000
vn 0.098297 0.018375 0.000000
vn 0.098297 0.018375 0.000000
vn 0.100000 0.000000 0.000000
vn 0.100000 0.000000 0.000000
vn 0.098297 -0.018375 0.000000
vn 0.098297 -0.018375 0.000000
vn 0.093247 -0.036124 0.000000
vn 0.093247 -0.036124 0.000000
vn 0.085022 -0.052643 0.000000
vn 0.085022 -0.052643 0.000000
vn 0.073901 -0.067370 0.000000
vn 0.073901 -0.067370 0.000000
vn 0.060263 -0.079802 0.000000
vn 0.060263 -0.079802 0.000000
vn 0.044574 -0.089516 0.000000
vn 0.044574 -0.089516 0.000000
vn 0.027366 -0.096183 0.000000
vn 0.027366 -0.096183 0.000000
vn 0.009227 -0.099573 0.000000
vn 0.009227 -0.099573 0.000000
vn -0.009227 -0.099573 0.000000
vn -0.009227 -0.099573 0.000000
vn -0.027366 -0.096183 0.000000
vn -0.027366 -0.096183 0.000000
vn -0.044574 -0.089516 0.000000
vn -0.044574 -0.089516 0.000000
vn -0.060263 -0.079802 0.000000
vn -0.060263 -0.079802 0.000000
vn -0.073901 -0.067370 0.000000
vn -0.073901 -0.067370 0.000000
vn -0.085022 -0.052643 0.000000
vn -0.085022 -0.052643 0.000000
vn -0.093247 -0.036124 0.000000
vn -0.093247 -0.036124 0.000000
vn -0.098297 -0.018375 0.000000
vn -0.098297 -0.018375 0.000000
vn -0.100000 0.000000 0.000000
vn -0.100000 0.000000 0.000000
vn -0.098297 0.018375 0.000000
vn -0.098297 0.018375 0.000000
vn -0.093247 0.036124 0.000000
vn -0.093247 0.036124 0.000000
vn -0.085022 0.052643 0.000000
vn -0.085022 0.052643 0.000000
vn -0.073901 0.067370 0.000000
vn -0.073901 0.067370 0.000000
vn -0.060263 0.079802 0.000000
vn -0.060263 0.079802 0.000000
vn -0.044574 0.089516 0.000000
vn -0.044574 0.089516 0.000000
vn -0.027366 0.096183 0.000000
vn -0.027366 0.096183 0.000000
vn -0.009227 0.099573 0.000000
vn -0.009227 0.099573 0.000000
vn 0.009227 0.099573 0.000000
vn 0.009227 0.099573 0.000000
vn 0.027366 0.096183 0.000000
vn 0.027366 0.096183 0.000000
vn 0.044574 0.089516 0.000000
vn 0.044574 0.089516 0.000000
vn 0.060263 0.079802 0.000000
vn 0.060263 0.079802 0.000000
vn 0.073901 0.067370 0.000000
vn 0.073901 0.067370 0.000000
vn 0.085022 0.052643 0.000000
vn 0.085022 0.052643 0.000000
vn 0.093247 0.036124 0.000000
vn 0.093247 0.036124 0.000000
vn 0.096593 0.025882 0.000000
vn 0.096593 0.025882 0.000000
vn 0.100000 0.000000 0.000000
vn 0.100000 0.000000 0.000000
vn 0.096593 -0.025882 0.000000
vn 0.096593 -0.025882 0.000000
vn 0.086603 -0.050000 0.000000
vn 0.086603 -0.050000 0.000000
vn 0.070711 -0.070711 0.000000
vn 0.070711 -0.070711 0.000000
vn 0.050000 -0.086603 0.000000
vn 0.050000 -0.086603 0.000000
vn 0.025882 -0.096593 0.000000
vn 0.025882 -0.096593 0.000000
vn -0.000000 -0.100000 0.000000
vn -0.000000 -0.100000 0.000000
vn -0.025882 -0.096593 0.000000
vn -0.025882 -0.096593 0.000000
vn -0.050000 -0.086603 0.000000
vn -0.050000 -0.086603 0.000000
vn -0.070711 -0.070711 0.000000
vn -0.070711 -0.070711 0.000000
vn -0.086603 -0.050000 0.000000
vn -0.086603 -0.050000 0.000000
vn -0.096593 -0.025882 0.000000
vn -0.096593 -0.025882 0.000000
vn -0.100000 0.000000 0.000000
vn -0.100000 0.000000 0.000000
vn -0.096593 0.025882 0.000000
vn -0.096593 0.025882 0.000000
vn -0.086603 0.050000 0.000000
vn -0.086603 0.050000 0.000000
vn -0.070711 0.070711 0.000000
vn -0.070711 0.070711 0.000000
vn -0.050000 0.086603 0.000000
vn -0.050000 0.086603 0.000000
vn -0.025882 0.096593 0.000000
vn -0.025882 0.096593 0.000000
vn -0.000000 0.100000 0.000000
vn -0.000000 0.100000 0.000000
vn 0.025882 0.096593 0.000000
vn 0.025882 0.096593 0.000000
vn 0.050000 0.086603 0.000000
vn 0.050000 0.086603 0.000000
vn 0.070711 0.070711 0.000000
vn 0.070711 0.070711 0.000000
vn 0.086603 0.050000 0.000000
vn 0.086603 0.050000 0.000000
vn 0.096593 0.025882 0.000000
vn 0.096593 0.025882 0.000000
vn 0.100000 0.000000 0.000000
vn 0.100000 0.000000 0.000000
vn 0.096593 -0.025882 0.000000
vn 0.096593 -0.025882 0.000000
vn 0.086603 -0.050000 0.000000
vn 0.086603 -0.050000 0.000000
vn 0.070711 -0.070711 0.000000
vn 0.070711 -0.070711 0.000000
vn 0.050000 -0.086603 0.000000
vn 0.050000 -0.086603 0.000000
vn 0.025882 -0.096593 0.000000
vn 0.025882 -0.096593 0.000000
vn -0.000000 -0.100000 0.000000
vn -0.000000 -0.100000 0.000000
vn -0.025882 -0.096593 0.000000
vn -0.025882 -0.096593 0.000000
vn -0.050000 -0.086603 0.000000
vn -0.050000 -0.086603 0.000000
vn -0.070711 -0.070711 0.000000
vn -0.070711 -0.070711 0.000000
vn -0.086603 -0.050000 0.000000
vn -0.086603 -0.050000 0.000000
vn -0.096593 -0.025882 0.000000
vn -0.096593 -0.025882 0.000000
vn -0.100000 0.000000 0.000000
vn -0.100000 0.000000 0.000000
vn -0.096593 0.025882 0.000000
vn -0.096593 0.025882 0.000000
vn -0.086603 0.050000 0.000000
vn -0.086603 0.050000 0.000000
vn -0.070711 0.070711 0.000000
vn -0.070711 0.070711 0.000000
vn -0.050000 0.086603 0.000000
vn -0.050000 0.086603 0.000000
vn -0.025882 0.096593 0.000000
vn -0.025882 0.096593 0.000000
vn -0.000000 0.100000 0.000000
vn -0.000000 0.100000 0.000000
vn 0.025882 0.096593 0.000000
vn 0.025882 0.096593 0.000000
vn 0.050000 0.086603 0.000000
vn 0.050000 0.086603 0.000000
vn 0.070711 0.070711 0.000000
vn 0.070711 0.070711 0.000000
vn 0.086603 0.050000 0.000000
vn 0.086603 0.050000 0.000000
usemtl Steel_-_Satin
f 1/1/1 2/2/2 4/3/3
f 4/3/3 2/2/2 3/4/4
f 2/5/5 5/6/6 3/7/7
f 3/7/7 5/6/6 6/8/8
f 5/9/9 7/10/10 6/11/11
f 6/11/11 7/10/10 8/12/12
f 7/13/13 1/14/14 8/15/15
f 8/15/15 1/14/14 4/16/16
f 9/17/17 10/18/18 12/19/19
f 12/19/19 10/18/18 11/20/20
f 13/21/21 9/22/22 14/23/23
f 14/23/23 9/22/22 12/24/24
f 15/25/25 13/26/26 16/27/27
f 16/27/27 13/26/26 14/28/28
f 10/29/29 15/30/30 11/31/31
f 11/31/31 15/30/30 16/32/32
f 6/33/33 11/34/34 3/35/35
f 3/35/35 11/34/34 16/36/36
f 3/35/35 16/36/36 4/37/37
f 4/37/37 16/36/36 14/38/38
f 4/37/37 14/38/38 8/39/39
f 8/39/39 14/38/38 6/33/33
f 6/33/33 14/38/38 12/40/40
f 6/33/33 12/40/40 11/34/34
f 2/41/41 1175/42/42 5/43/43
f 5/43/43 1175/42/42 405/44/44
f 5/43/43 405/44/44 265/45/45
f 265/45/45 405/44/44 264/46/46
f 264/46/46 405/44/44 406/47/47
f 264/46/46 406/47/47 263/48/48
f 263/48/48 406/47/47 407/49/49
f 263/48/48 407/49/49 262/50/50
f 262/50/50 407/49/49 408/51/51
f 262/50/50 408/51/51 261/52/52
f 261/52/52 408/51/51 409/53/53
f 261/52/52 409/53/53 260/54/54
f 260/54/54 409/53/53 410/55/55
f 260/54/54 410/55/55 259/56/56
f 259/56/56 410/55/55 411/57/57
f 259/56/56 411/57/57 282/58/58
f 282/58/58 411/57/57 412/59/59
f 282/58/58 412/59/59 281/60/60
f 281/60/60 412/59/59 413/61/61
f 281/60/60 413/61/61 280/62/62
f 280/62/62 413/61/61 414/63/63
f 280/62/62 414/63/63 279/64/64
f 279/64/64 414/63/63 415/65/65
f 279/64/64 415/65/65 278/66/66
f 278/66/66 415/65/65 416/67/67
f 278/66/66 416/67/67 277/68/68
f 277/68/68 416/67/67 417/69/69
f 277/68/68 417/69/69 797/70/70
f 797/70/70 417/69/69 468/71/71
f 797/70/70 468/71/71 796/72/72
f 796/72/72 468/71/71 469/73/73
f 796/72/72 469/73/73 795/74/74
f 795/74/74 469/73/73 470/75/75
f 795/74/74 470/75/75 794/76/76
f 794/76/76 470/75/75 471/77/77
f 794/76/76 471/77/77 793/78/78
f 793/78/78 471/77/77 472/79/79
f 793/78/78 472/79/79 792/80/80
f 792/80/80 472/79/79 473/81/81
f 792/80/80 473/81/81 791/82/82
f 791/82/82 473/81/81 474/83/83
f 791/82/82 474/83/83 824/84/84
f 824/84/84 474/83/83 475/85/85
f 824/84/84 475/85/85 823/86/86
f 823/86/86 475/85/85 476/87/87
f 823/86/86 476/87/87 822/88/88
f 822/88/88 476/87/87 477/89/89
f 822/88/88 477/89/89 821/90/90
f 821/90/90 477/89/89 478/91/91
f 821/90/90 478/91/91 820/92/92
f 820/92/92 478/91/91 479/93/93
f 820/92/92 479/93/93 864/94/94
f 864/94/94 479/93/93 1147/95/95
f 864/94/94 1147/95/95 863/96/96
f 863/96/96 1147/95/95 1148/97/97
f 863/96/96 1148/97/97 862/98/98
f 862/98/98 1148/97/97 1149/99/99
f 862/98/98 1149/99/99 861/100/100
f 861/100/100 1149/99/99 1150/101/101
f 861/100/100 1150/101/101 860/102/102
f 860/102/102 1150/101/101 1151/103/103
f 860/102/102 1151/103/103 859/104/104
f 859/104/104 1151/103/103 1152/105/105
f 859/104/104 1152/105/105 892/106/106
f 892/106/106 1152/105/105 1153/107/107
f 892/106/106 1153/107/107 891/108/108
f 891/108/108 1153/107/107 1154/109/109
f 891/108/108 1154/109/109 890/110/110
f 890/110/110 1154/109/109 1155/111/111
f 890/110/110 1155/111/111 889/112/112
f 889/112/112 1155/111/111 1156/113/113
f 889/112/112 1156/113/113 888/114/114
f 888/114/114 1156/113/113 1157/115/115
f 888/114/114 1157/115/115 830/116/116
f 830/116/116 1157/115/115 585/117/117
f 830/116/116 585/117/117 829/118/118
f 829/118/118 585/117/117 586/119/119
f 829/118/118 586/119/119 828/120/120
f 828/120/120 586/119/119 587/121/121
f 828/120/120 587/121/121 827/122/122
f 827/122/122 587/121/121 588/123/123
f 827/122/122 588/123/123 826/124/124
f 826/124/124 588/123/123 589/125/125
f 826/124/124 589/125/125 825/126/126
f 825/126/126 589/125/125 590/127/127
f 825/126/126 590/127/127 858/128/128
f 858/128/128 590/127/127 591/129/129
f 858/128/128 591/129/129 857/130/130
f 857/130/130 591/129/129 592/131/131
f 857/130/130 592/131/131 856/132/132
f 856/132/132 592/131/131 593/133/133
f 856/132/132 593/133/133 855/134/134
f 855/134/134 593/133/133 594/135/135
f 855/134/134 594/135/135 854/136/136
f 854/136/136 594/135/135 595/137/137
f 854/136/136 595/137/137 149/138/138
f 149/138/138 595/137/137 497/139/139
f 149/138/138 497/139/139 148/140/140
f 148/140/140 497/139/139 498/141/141
f 148/140/140 498/141/141 147/142/142
f 147/142/142 498/141/141 499/143/143
f 147/142/142 499/143/143 146/144/144
f 146/144/144 499/143/143 500/145/145
f 146/144/144 500/145/145 145/146/146
f 145/146/146 500/145/145 501/147/147
f 145/146/146 501/147/147 144/148/148
f 144/148/148 501/147/147 502/149/149
f 144/148/148 502/149/149 143/150/150
f 143/150/150 502/149/149 503/151/151
f 143/150/150 503/151/151 166/152/152
f 166/152/152 503/151/151 504/153/153
f 166/152/152 504/153/153 165/154/154
f 165/154/154 504/153/153 505/155/155
f 165/154/154 505/155/155 164/156/156
f 164/156/156 505/155/155 506/157/157
f 164/156/156 506/157/157 163/158/158
f 163/158/158 506/157/157 507/159/159
f 163/158/158 507/159/159 162/160/160
f 162/160/160 507/159/159 508/161/161
f 162/160/160 508/161/161 161/162/162
f 161/162/162 508/161/161 509/163/163
f 161/162/162 509/163/163 7/164/164
f 7/164/164 509/163/163 751/165/165
f 7/164/164 751/165/165 325/166/166
f 325/166/166 751/165/165 324/167/167
f 324/167/167 751/165/165 752/168/168
f 324/167/167 752/168/168 323/169/169
f 323/169/169 752/168/168 753/170/170
f 323/169/169 753/170/170 322/171/171
f 322/171/171 753/170/170 754/172/172
f 322/171/171 754/172/172 321/173/173
f 321/173/173 754/172/172 755/174/174
f 321/173/173 755/174/174 320/175/175
f 320/175/175 755/174/174 756/176/176
f 320/175/175 756/176/176 319/177/177
f 319/177/177 756/176/176 733/178/178
f 319/177/177 733/178/178 318/179/179
f 318/179/179 733/178/178 734/180/180
f 318/179/179 734/180/180 317/181/181
f 317/181/181 734/180/180 735/182/182
f 317/181/181 735/182/182 316/183/183
f 316/183/183 735/182/182 736/184/184
f 316/183/183 736/184/184 315/185/185
f 315/185/185 736/184/184 737/186/186
f 315/185/185 737/186/186 314/187/187
f 314/187/187 737/186/186 738/188/188
f 314/187/187 738/188/188 313/189/189
f 313/189/189 738/188/188 739/190/190
f 313/189/189 739/190/190 131/191/191
f 131/191/191 739/190/190 46/192/192
f 131/191/191 46/192/192 130/193/193
f 130/193/193 46/192/192 47/194/194
f 130/193/193 47/194/194 129/195/195
f 129/195/195 47/194/194 48/196/196
f 129/195/195 48/196/196 128/197/197
f 128/197/197 48/196/196 49/198/198
f 128/197/197 49/198/198 127/199/199
f 127/199/199 49/198/198 50/200/200
f 127/199/199 50/200/200 126/201/201
f 126/201/201 50/200/200 17/202/202
f 126/201/201 17/202/202 125/203/203
f 125/203/203 17/202/202 18/204/204
f 125/203/203 18/204/204 124/205/205
f 124/205/205 18/204/204 19/206/206
f 124/205/205 19/206/206 123/207/207
f 123/207/207 19/206/206 20/208/208
f 123/207/207 20/208/208 122/209/209
f 122/209/209 20/208/208 21/210/210
f 122/209/209 21/210/210 121/211/211
f 121/211/211 21/210/210 22/212/212
f 121/211/211 22/212/212 915/213/213
f 915/213/213 22/212/212 636/214/214
f 915/213/213 636/214/214 914/215/215
f 914/215/215 636/214/214 637/216/216
f 914/215/215 637/216/216 913/217/217
f 913/217/217 637/216/216 638/218/218
f 913/217/217 638/218/218 912/219/219
f 912/219/219 638/218/218 639/220/220
f 912/219/219 639/220/220 911/221/221
f 911/221/221 639/220/220 640/222/222
f 911/221/221 640/222/222 910/223/223
f 910/223/223 640/222/222 607/224/224
f 910/223/223 607/224/224 909/225/225
f 909/225/225 607/224/224 608/226/226
f 909/225/225 608/226/226 908/227/227
f 908/227/227 608/226/226 609/228/228
f 908/227/227 609/228/228 907/229/229
f 907/229/229 609/228/228 610/230/230
f 907/229/229 610/230/230 906/231/231
f 906/231/231 610/230/230 611/232/232
f 906/231/231 611/232/232 905/233/233
f 905/233/233 611/232/232 612/234/234
f 905/233/233 612/234/234 1031/235/235
f 1031/235/235 612/234/234 452/236/236
f 1031/235/235 452/236/236 1030/237/237
f 1030/237/237 452/236/236 453/238/238
f 1030/237/237 453/238/238 1029/239/239
f 1029/239/239 453/238/238 454/240/240
f 1029/239/239 454/240/240 1028/241/241
f 1028/241/241 454/240/240 455/242/242
f 1028/241/241 455/242/242 1027/243/243
f 1027/243/243 455/242/242 456/244/244
f 1027/243/243 456/244/244 1026/245/245
f 1026/245/245 456/244/244 423/246/246
f 1026/245/245 423/246/246 1025/247/247
f 1025/247/247 423/246/246 424/248/248
f 1025/247/247 424/248/248 1024/249/249
f 1024/249/249 424/248/248 425/250/250
f 1024/249/249 425/250/250 1023/251/251
f 1023/251/251 425/250/250 426/252/252
f 1023/251/251 426/252/252 1022/253/253
f 1022/253/253 426/252/252 427/254/254
f 1022/253/253 427/254/254 1021/255/255
f 1021/255/255 427/254/254 428/256/256
f 1021/255/255 428/256/256 1020/257/257
f 1020/257/257 428/256/256 429/258/258
f 1020/257/257 429/258/258 301/259/259
f 301/259/259 429/258/258 1187/260/260
f 301/259/259 1187/260/260 300/261/261
f 300/261/261 1187/260/260 1188/262/262
f 300/261/261 1188/262/262 299/263/263
f 299/263/263 1188/262/262 1189/264/264
f 299/263/263 1189/264/264 298/265/265
f 298/265/265 1189/264/264 1190/266/266
f 298/265/265 1190/266/266 297/267/267
f 297/267/267 1190/266/266 1191/268/268
f 297/267/267 1191/268/268 296/269/269
f 296/269/269 1191/268/268 1192/270/270
f 296/269/269 1192/270/270 295/271/271
f 295/271/271 1192/270/270 1169/272/272
f 295/271/271 1169/272/272 294/273/273
f 294/273/273 1169/272/272 1170/274/274
f 294/273/273 1170/274/274 293/275/275
f 293/275/275 1170/274/274 1171/276/276
f 293/275/275 1171/276/276 292/277/277
f 292/277/277 1171/276/276 1172/278/278
f 292/277/277 1172/278/278 291/279/279
f 291/279/279 1172/278/278 1173/280/280
f 291/279/279 1173/280/280 290/281/281
f 290/281/281 1173/280/280 1174/282/282
f 290/281/281 1174/282/282 289/283/283
f 289/283/283 1174/282/282 1175/42/42
f 289/283/283 1175/42/42 2/41/41
f 1/284/284 665/285/285 2/41/41
f 2/41/41 665/285/285 666/286/286
f 2/41/41 666/286/286 790/287/287
f 790/287/287 666/286/286 667/288/288
f 790/287/287 667/288/288 789/289/289
f 789/289/289 667/288/288 788/290/290
f 788/290/290 667/288/288 668/291/291
f 788/290/290 668/291/291 787/292/292
f 787/292/292 668/291/291 669/293/293
f 787/292/292 669/293/293 786/294/294
f 786/294/294 669/293/293 670/295/295
f 786/294/294 670/295/295 785/296/296
f 785/296/296 670/295/295 671/297/297
f 785/296/296 671/297/297 784/298/298
f 784/298/298 671/297/297 672/299/299
f 784/298/298 672/299/299 783/300/300
f 783/300/300 672/299/299 673/301/301
f 783/300/300 673/301/301 674/302/302
f 7/164/164 325/166/166 1/284/284
f 1/284/284 325/166/166 945/303/303
f 1/284/284 945/303/303 1003/304/304
f 1003/304/304 945/303/303 1002/305/305
f 1002/305/305 945/303/303 946/306/306
f 1002/305/305 946/306/306 1001/307/307
f 1001/307/307 946/306/306 947/308/308
f 1001/307/307 947/308/308 1000/309/309
f 1000/309/309 947/308/308 948/310/310
f 1000/309/309 948/310/310 999/311/311
f 999/311/311 948/310/310 949/312/312
f 999/311/311 949/312/312 998/313/313
f 998/313/313 949/312/312 950/314/314
f 998/313/313 950/314/314 997/315/315
f 997/315/315 950/314/314 927/316/316
f 997/315/315 927/316/316 996/317/317
f 996/317/317 927/316/316 928/318/318
f 996/317/317 928/318/318 995/319/319
f 995/319/319 928/318/318 929/320/320
f 995/319/319 929/320/320 994/321/321
f 994/321/321 929/320/320 930/322/322
f 994/321/321 930/322/322 993/323/323
f 993/323/323 930/322/322 931/324/324
f 993/323/323 931/324/324 992/325/325
f 992/325/325 931/324/324 932/326/326
f 992/325/325 932/326/326 991/327/327
f 991/327/327 932/326/326 933/328/328
f 991/327/327 933/328/328 353/329/329
f 353/329/329 933/328/328 1072/330/330
f 353/329/329 1072/330/330 352/331/331
f 352/331/331 1072/330/330 1073/332/332
f 352/331/331 1073/332/332 351/333/333
f 351/333/333 1073/332/332 1074/334/334
f 351/333/333 1074/334/334 350/335/335
f 350/335/335 1074/334/334 1075/336/336
f 350/335/335 1075/336/336 349/337/337
f 349/337/337 1075/336/336 1076/338/338
f 349/337/337 1076/338/338 348/339/339
f 348/339/339 1076/338/338 1043/340/340
f 348/339/339 1043/340/340 347/341/341
f 347/341/341 1043/340/340 1044/342/342
f 347/341/341 1044/342/342 346/343/343
f 346/343/343 1044/342/342 1045/344/344
f 346/343/343 1045/344/344 345/345/345
f 345/345/345 1045/344/344 1046/346/346
f 345/345/345 1046/346/346 344/347/347
f 344/347/347 1046/346/346 1047/348/348
f 344/347/347 1047/348/348 343/349/349
f 343/349/349 1047/348/348 1048/350/350
f 343/349/349 1048/350/350 189/351/351
f 189/351/351 1048/350/350 230/352/352
f 189/351/351 230/352/352 188/353/353
f 188/353/353 230/352/352 231/354/354
f 188/353/353 231/354/354 187/355/355
f 187/355/355 231/354/354 232/356/356
f 187/355/355 232/356/356 186/357/357
f 186/357/357 232/356/356 233/358/358
f 186/357/357 233/358/358 185/359/359
f 185/359/359 233/358/358 234/360/360
f 185/359/359 234/360/360 184/361/361
f 184/361/361 234/360/360 201/362/362
f 184/361/361 201/362/362 183/363/363
f 183/363/363 201/362/362 202/364/364
f 183/363/363 202/364/364 182/365/365
f 182/365/365 202/364/364 203/366/366
f 182/365/365 203/366/366 181/367/367
f 181/367/367 203/366/366 204/368/368
f 181/367/367 204/368/368 180/369/369
f 180/369/369 204/368/368 205/370/370
f 180/369/369 205/370/370 179/371/371
f 179/371/371 205/370/370 206/372/372
f 179/371/371 206/372/372 973/373/373
f 973/373/373 206/372/372 104/374/374
f 973/373/373 104/374/374 972/375/375
f 972/375/375 104/374/374 105/376/376
f 972/375/375 105/376/376 971/377/377
f 971/377/377 105/376/376 106/378/378
f 971/377/377 106/378/378 970/379/379
f 970/379/379 106/378/378 107/380/380
f 970/379/379 107/380/380 969/381/381
f 969/381/381 107/380/380 108/382/382
f 969/381/381 108/382/382 968/383/383
f 968/383/383 108/382/382 75/384/384
f 968/383/383 75/384/384 967/385/385
f 967/385/385 75/384/384 76/386/386
f 967/385/385 76/386/386 966/387/387
f 966/387/387 76/386/386 77/388/388
f 966/387/387 77/388/388 965/389/389
f 965/389/389 77/388/388 78/390/390
f 965/389/389 78/390/390 964/391/391
f 964/391/391 78/390/390 79/392/392
f 964/391/391 79/392/392 963/393/393
f 963/393/393 79/392/392 80/394/394
f 963/393/393 80/394/394 962/395/395
f 962/395/395 80/394/394 81/396/396
f 962/395/395 81/396/396 253/397/397
f 253/397/397 81/396/396 1095/398/398
f 253/397/397 1095/398/398 252/399/399
f 252/399/399 1095/398/398 1096/400/400
f 252/399/399 1096/400/400 251/401/401
f 251/401/401 1096/400/400 1097/402/402
f 251/401/401 1097/402/402 250/403/403
f 250/403/403 1097/402/402 1098/404/404
f 250/403/403 1098/404/404 249/405/405
f 249/405/405 1098/404/404 1099/406/406
f 249/405/405 1099/406/406 248/407/407
f 248/407/407 1099/406/406 1100/408/408
f 248/407/407 1100/408/408 247/409/409
f 247/409/409 1100/408/408 1077/410/410
f 247/409/409 1077/410/410 246/411/411
f 246/411/411 1077/410/410 1078/412/412
f 246/411/411 1078/412/412 245/413/413
f 245/413/413 1078/412/412 1079/414/414
f 245/413/413 1079/414/414 244/415/415
f 244/415/415 1079/414/414 1080/416/416
f 244/415/415 1080/416/416 243/417/417
f 243/417/417 1080/416/416 1081/418/418
f 243/417/417 1081/418/418 242/419/419
f 242/419/419 1081/418/418 1082/420/420
f 242/419/419 1082/420/420 241/421/421
f 241/421/421 1082/420/420 1083/422/422
f 241/421/421 1083/422/422 2/41/41
f 2/41/41 1083/422/422 289/283/283
f 5/43/43 1118/423/423 7/164/164
f 7/164/164 1118/423/423 1119/424/424
f 7/164/164 1119/424/424 531/425/425
f 531/425/425 1119/424/424 530/426/426
f 530/426/426 1119/424/424 1120/427/427
f 530/426/426 1120/427/427 529/428/428
f 529/428/428 1120/427/427 1121/429/429
f 529/428/428 1121/429/429 1122/430/430
f 22/212/212 23/431/431 636/214/214
f 636/214/214 23/431/431 635/432/432
f 635/432/432 23/431/431 634/433/433
f 634/433/433 23/431/431 24/434/434
f 634/433/433 24/434/434 633/435/435
f 633/435/435 24/434/434 25/436/436
f 633/435/435 25/436/436 26/437/437
f 633/435/435 26/437/437 632/438/438
f 632/438/438 26/437/437 27/439/439
f 632/438/438 27/439/439 631/440/440
f 631/440/440 27/439/439 28/441/441
f 631/440/440 28/441/441 630/442/442
f 630/442/442 28/441/441 579/443/443
f 630/442/442 579/443/443 1163/444/444
f 1163/444/444 579/443/443 580/445/445
f 1163/444/444 580/445/445 1162/446/446
f 1162/446/446 580/445/445 1161/447/447
f 1161/447/447 580/445/445 581/448/448
f 1161/447/447 581/448/448 582/449/449
f 579/443/443 28/441/441 578/450/450
f 578/450/450 28/441/441 29/451/451
f 578/450/450 29/451/451 577/452/452
f 577/452/452 29/451/451 30/453/453
f 577/452/452 30/453/453 576/454/454
f 576/454/454 30/453/453 31/455/455
f 576/454/454 31/455/455 575/456/456
f 575/456/456 31/455/455 32/457/457
f 575/456/456 32/457/457 574/458/458
f 574/458/458 32/457/457 33/459/459
f 574/458/458 33/459/459 573/460/460
f 573/460/460 33/459/459 34/461/461
f 573/460/460 34/461/461 606/462/462
f 606/462/462 34/461/461 35/463/463
f 606/462/462 35/463/463 605/464/464
f 605/464/464 35/463/463 36/465/465
f 605/464/464 36/465/465 604/466/466
f 604/466/466 36/465/465 37/467/467
f 604/466/466 37/467/467 603/468/468
f 603/468/468 37/467/467 38/469/469
f 603/468/468 38/469/469 602/470/470
f 602/470/470 38/469/469 39/471/471
f 602/470/470 39/471/471 601/472/472
f 601/472/472 39/471/471 40/473/473
f 601/472/472 40/473/473 600/474/474
f 600/474/474 40/473/473 41/475/475
f 600/474/474 41/475/475 514/476/476
f 514/476/476 41/475/475 42/477/477
f 514/476/476 42/477/477 746/478/478
f 746/478/478 42/477/477 745/479/479
f 745/479/479 42/477/477 744/480/480
f 744/480/480 42/477/477 743/481/481
f 743/481/481 42/477/477 43/482/482
f 743/481/481 43/482/482 742/483/483
f 742/483/483 43/482/482 741/484/484
f 741/484/484 43/482/482 44/485/485
f 741/484/484 44/485/485 740/486/486
f 740/486/486 44/485/485 45/487/487
f 740/486/486 45/487/487 739/190/190
f 739/190/190 45/487/487 46/192/192
f 74/488/488 51/489/489 541/490/490
f 541/490/490 51/489/489 52/491/491
f 541/490/490 52/491/491 53/492/492
f 541/490/490 53/492/492 540/493/493
f 540/493/493 53/492/492 54/494/494
f 540/493/493 54/494/494 55/495/495
f 540/493/493 55/495/495 539/496/496
f 539/496/496 55/495/495 56/497/497
f 539/496/496 56/497/497 538/498/498
f 538/498/498 56/497/497 57/499/499
f 538/498/498 57/499/499 537/500/500
f 537/500/500 57/499/499 58/501/501
f 537/500/500 58/501/501 536/502/502
f 536/502/502 58/501/501 535/503/503
f 535/503/503 58/501/501 59/504/504
f 535/503/503 59/504/504 534/505/505
f 534/505/505 59/504/504 60/506/506
f 534/505/505 60/506/506 533/507/507
f 533/507/507 60/506/506 532/508/508
f 532/508/508 60/506/506 61/509/509
f 532/508/508 61/509/509 7/164/164
f 7/164/164 61/509/509 62/510/510
f 7/164/164 62/510/510 63/511/511
f 63/511/511 64/512/512 7/164/164
f 7/164/164 64/512/512 65/513/513
f 7/164/164 65/513/513 66/514/514
f 66/514/514 67/515/515 7/164/164
f 7/164/164 67/515/515 68/516/516
f 7/164/164 68/516/516 69/517/517
f 69/517/517 70/518/518 7/164/164
f 7/164/164 70/518/518 160/519/519
f 7/164/164 160/519/519 161/162/162
f 160/519/519 70/518/518 159/520/520
f 159/520/520 70/518/518 71/521/521
f 159/520/520 71/521/521 158/522/522
f 158/522/522 71/521/521 72/523/523
f 158/522/522 72/523/523 157/524/524
f 157/524/524 72/523/523 73/525/525
f 157/524/524 73/525/525 156/526/526
f 156/526/526 73/525/525 74/488/488
f 156/526/526 74/488/488 850/527/527
f 850/527/527 74/488/488 849/528/528
f 849/528/528 74/488/488 542/529/529
f 849/528/528 542/529/529 848/530/530
f 848/530/530 542/529/529 543/531/531
f 848/530/530 543/531/531 847/532/532
f 847/532/532 543/531/531 544/533/533
f 847/532/532 544/533/533 846/534/534
f 846/534/534 544/533/533 545/535/535
f 846/534/534 545/535/535 845/536/536
f 845/536/536 545/535/535 546/537/537
f 845/536/536 546/537/537 844/538/538
f 844/538/538 546/537/537 547/539/539
f 844/538/538 547/539/539 843/540/540
f 843/540/540 547/539/539 548/541/541
f 843/540/540 548/541/541 842/542/542
f 842/542/542 548/541/541 515/543/543
f 842/542/542 515/543/543 841/544/544
f 841/544/544 515/543/543 516/545/545
f 841/544/544 516/545/545 840/546/546
f 840/546/546 516/545/545 517/547/547
f 840/546/546 517/547/547 839/548/548
f 839/548/548 517/547/547 518/549/549
f 839/548/548 518/549/549 838/550/550
f 838/550/550 518/549/549 519/551/551
f 838/550/550 519/551/551 837/552/552
f 837/552/552 519/551/551 520/553/553
f 837/552/552 520/553/553 836/554/554
f 836/554/554 520/553/553 521/555/555
f 836/554/554 521/555/555 882/556/556
f 882/556/556 521/555/555 1129/557/557
f 882/556/556 1129/557/557 881/558/558
f 881/558/558 1129/557/557 1130/559/559
f 881/558/558 1130/559/559 880/560/560
f 880/560/560 1130/559/559 1131/561/561
f 880/560/560 1131/561/561 879/562/562
f 879/562/562 1131/561/561 1132/563/563
f 879/562/562 1132/563/563 878/564/564
f 878/564/564 1132/563/563 1133/565/565
f 878/564/564 1133/565/565 877/566/566
f 877/566/566 1133/565/565 1134/567/567
f 877/566/566 1134/567/567 876/568/568
f 876/568/568 1134/567/567 1101/569/569
f 876/568/568 1101/569/569 875/570/570
f 875/570/570 1101/569/569 1102/571/571
f 875/570/570 1102/571/571 874/572/572
f 874/572/572 1102/571/571 1103/573/573
f 874/572/572 1103/573/573 873/574/574
f 873/574/574 1103/573/573 1104/575/575
f 873/574/574 1104/575/575 872/576/576
f 872/576/576 1104/575/575 1105/577/577
f 872/576/576 1105/577/577 871/578/578
f 871/578/578 1105/577/577 1106/579/579
f 871/578/578 1106/579/579 870/580/580
f 870/580/580 1106/579/579 1107/581/581
f 870/580/580 1107/581/581 814/582/582
f 814/582/582 1107/581/581 393/583/583
f 814/582/582 393/583/583 813/584/584
f 813/584/584 393/583/583 394/585/585
f 813/584/584 394/585/585 812/586/586
f 812/586/586 394/585/585 395/587/587
f 812/586/586 395/587/587 811/588/588
f 811/588/588 395/587/587 396/589/589
f 811/588/588 396/589/589 810/590/590
f 810/590/590 396/589/589 397/591/591
f 810/590/590 397/591/591 809/592/592
f 809/592/592 397/591/591 398/593/593
f 809/592/592 398/593/593 808/594/594
f 808/594/594 398/593/593 365/595/595
f 808/594/594 365/595/595 807/596/596
f 807/596/596 365/595/595 366/597/597
f 807/596/596 366/597/597 806/598/598
f 806/598/598 366/597/597 367/599/599
f 806/598/598 367/599/599 805/600/600
f 805/600/600 367/599/599 368/601/601
f 805/600/600 368/601/601 804/602/602
f 804/602/602 368/601/601 369/603/603
f 804/602/602 369/603/603 803/604/604
f 803/604/604 369/603/603 370/605/605
f 803/604/604 370/605/605 802/606/606
f 802/606/606 370/605/605 371/607/607
f 802/606/606 371/607/607 801/608/608
f 801/608/608 371/607/607 372/609/609
f 801/608/608 372/609/609 800/610/610
f 800/610/610 372/609/609 373/611/611
f 800/610/610 373/611/611 273/612/612
f 273/612/612 373/611/611 571/613/613
f 273/612/612 571/613/613 272/614/614
f 272/614/614 571/613/613 572/615/615
f 272/614/614 572/615/615 271/616/616
f 271/616/616 572/615/615 549/617/617
f 271/616/616 549/617/617 270/618/618
f 270/618/618 549/617/617 550/619/619
f 270/618/618 550/619/619 269/620/620
f 269/620/620 550/619/619 551/621/621
f 269/620/620 551/621/621 268/622/622
f 268/622/622 551/621/621 552/623/623
f 268/622/622 552/623/623 267/624/624
f 267/624/624 552/623/623 553/625/625
f 267/624/624 553/625/625 266/626/626
f 266/626/626 553/625/625 554/627/627
f 266/626/626 554/627/627 5/43/43
f 5/43/43 554/627/627 555/628/628
f 5/43/43 555/628/628 556/629/629
f 542/529/529 74/488/488 541/490/490
f 81/396/396 82/630/630 1095/398/398
f 1095/398/398 82/630/630 1094/631/631
f 1094/631/631 82/630/630 83/632/632
f 1094/631/631 83/632/632 1093/633/633
f 1093/633/633 83/632/632 84/634/634
f 1093/633/633 84/634/634 1092/635/635
f 1092/635/635 84/634/634 1091/636/636
f 1091/636/636 84/634/634 1017/637/637
f 1091/636/636 1017/637/637 305/638/638
f 305/638/638 1017/637/637 304/639/639
f 304/639/639 1017/637/637 303/640/640
f 303/640/640 1017/637/637 1018/641/641
f 303/640/640 1018/641/641 302/642/642
f 302/642/642 1018/641/641 1019/643/643
f 302/642/642 1019/643/643 301/259/259
f 301/259/259 1019/643/643 1020/257/257
f 1017/637/637 84/634/634 1016/644/644
f 1016/644/644 84/634/634 85/645/645
f 1016/644/644 85/645/645 1015/646/646
f 1015/646/646 85/645/645 86/647/647
f 1015/646/646 86/647/647 1014/648/648
f 1014/648/648 86/647/647 87/649/649
f 1014/648/648 87/649/649 1013/650/650
f 1013/650/650 87/649/649 88/651/651
f 1013/650/650 88/651/651 1012/652/652
f 1012/652/652 88/651/651 89/653/653
f 1012/652/652 89/653/653 1011/654/654
f 1011/654/654 89/653/653 90/655/655
f 1011/654/654 90/655/655 1010/656/656
f 1010/656/656 90/655/655 91/657/657
f 1010/656/656 91/657/657 1009/658/658
f 1009/658/658 91/657/657 92/659/659
f 1009/658/658 92/659/659 1042/660/660
f 1042/660/660 92/659/659 93/661/661
f 1042/660/660 93/661/661 1041/662/662
f 1041/662/662 93/661/661 94/663/663
f 1041/662/662 94/663/663 1040/664/664
f 1040/664/664 94/663/663 95/665/665
f 1040/664/664 95/665/665 1039/666/666
f 1039/666/666 95/665/665 96/667/667
f 1039/666/666 96/667/667 1038/668/668
f 1038/668/668 96/667/667 97/669/669
f 1038/668/668 97/669/669 1037/670/670
f 1037/670/670 97/669/669 98/671/671
f 1037/670/670 98/671/671 899/672/672
f 899/672/672 98/671/671 212/673/673
f 899/672/672 212/673/673 898/674/674
f 898/674/674 212/673/673 213/675/675
f 898/674/674 213/675/675 897/676/676
f 897/676/676 213/675/675 214/677/677
f 897/676/676 214/677/677 896/678/678
f 896/678/678 214/677/677 215/679/679
f 896/678/678 215/679/679 895/680/680
f 895/680/680 215/679/679 216/681/681
f 895/680/680 216/681/681 894/682/682
f 894/682/682 216/681/681 217/683/683
f 894/682/682 217/683/683 893/684/684
f 893/684/684 217/683/683 218/685/685
f 893/684/684 218/685/685 926/686/686
f 926/686/686 218/685/685 219/687/687
f 926/686/686 219/687/687 925/688/688
f 925/688/688 219/687/687 220/689/689
f 925/688/688 220/689/689 924/690/690
f 924/690/690 220/689/689 221/691/691
f 924/690/690 221/691/691 923/692/692
f 923/692/692 221/691/691 222/693/693
f 923/692/692 222/693/693 922/694/694
f 922/694/694 222/693/693 223/695/695
f 922/694/694 223/695/695 921/696/696
f 921/696/696 223/695/695 224/697/697
f 921/696/696 224/697/697 115/698/698
f 115/698/698 224/697/697 1054/699/699
f 115/698/698 1054/699/699 114/700/700
f 114/700/700 1054/699/699 1055/701/701
f 114/700/700 1055/701/701 113/702/702
f 113/702/702 1055/701/701 1056/703/703
f 113/702/702 1056/703/703 112/704/704
f 112/704/704 1056/703/703 1057/705/705
f 112/704/704 1057/705/705 111/706/706
f 111/706/706 1057/705/705 1058/707/707
f 111/706/706 1058/707/707 110/708/708
f 110/708/708 1058/707/707 1059/709/709
f 110/708/708 1059/709/709 109/710/710
f 109/710/710 1059/709/709 1060/711/711
f 109/710/710 1060/711/711 142/712/712
f 142/712/712 1060/711/711 1061/713/713
f 142/712/712 1061/713/713 141/714/714
f 141/714/714 1061/713/713 1062/715/715
f 141/714/714 1062/715/715 140/716/716
f 140/716/716 1062/715/715 1063/717/717
f 140/716/716 1063/717/717 139/718/718
f 139/718/718 1063/717/717 1064/719/719
f 139/718/718 1064/719/719 138/720/720
f 138/720/720 1064/719/719 1065/721/721
f 138/720/720 1065/721/721 137/722/722
f 137/722/722 1065/721/721 1066/723/723
f 137/722/722 1066/723/723 136/724/724
f 136/724/724 1066/723/723 1067/725/725
f 136/724/724 1067/725/725 330/726/726
f 330/726/726 1067/725/725 1068/727/727
f 330/726/726 1068/727/727 940/728/728
f 940/728/728 1068/727/727 939/729/729
f 939/729/729 1068/727/727 938/730/730
f 938/730/730 1068/727/727 937/731/731
f 937/731/731 1068/727/727 1069/732/732
f 937/731/731 1069/732/732 936/733/733
f 936/733/733 1069/732/732 935/734/734
f 935/734/734 1069/732/732 1070/735/735
f 935/734/734 1070/735/735 934/736/736
f 934/736/736 1070/735/735 1071/737/737
f 934/736/736 1071/737/737 933/328/328
f 933/328/328 1071/737/737 1072/330/330
f 98/671/671 99/738/738 212/673/673
f 212/673/673 99/738/738 211/739/739
f 211/739/739 99/738/738 100/740/740
f 211/739/739 100/740/740 210/741/741
f 210/741/741 100/740/740 101/742/742
f 210/741/741 101/742/742 209/743/743
f 209/743/743 101/742/742 208/744/744
f 208/744/744 101/742/742 102/745/745
f 208/744/744 102/745/745 207/746/746
f 207/746/746 102/745/745 103/747/747
f 207/746/746 103/747/747 104/374/374
f 115/698/698 116/748/748 921/696/696
f 921/696/696 116/748/748 920/749/749
f 920/749/749 116/748/748 919/750/750
f 919/750/750 116/748/748 117/751/751
f 919/750/750 117/751/751 118/752/752
f 919/750/750 118/752/752 918/753/753
f 918/753/753 118/752/752 119/754/754
f 918/753/753 119/754/754 917/755/755
f 917/755/755 119/754/754 120/756/756
f 917/755/755 120/756/756 916/757/757
f 916/757/757 120/756/756 121/211/211
f 916/757/757 121/211/211 915/213/213
f 131/191/191 132/758/758 313/189/189
f 313/189/189 132/758/758 312/759/759
f 312/759/759 132/758/758 133/760/760
f 312/759/759 133/760/760 311/761/761
f 311/761/761 133/760/760 134/762/762
f 311/761/761 134/762/762 310/763/763
f 310/763/763 134/762/762 309/764/764
f 309/764/764 134/762/762 135/765/765
f 309/764/764 135/765/765 308/766/766
f 308/766/766 135/765/765 307/767/767
f 307/767/767 135/765/765 330/726/726
f 330/726/726 135/765/765 136/724/724
f 854/136/136 149/138/138 853/768/768
f 853/768/768 149/138/138 150/769/769
f 853/768/768 150/769/769 852/770/770
f 852/770/770 150/769/769 151/771/771
f 852/770/770 151/771/771 851/772/772
f 851/772/772 151/771/771 152/773/773
f 851/772/772 152/773/773 153/774/774
f 851/772/772 153/774/774 850/527/527
f 850/527/527 153/774/774 154/775/775
f 850/527/527 154/775/775 155/776/776
f 155/776/776 156/526/526 850/527/527
f 168/777/777 681/778/778 167/779/779
f 167/779/779 681/778/778 682/780/780
f 167/779/779 682/780/780 200/781/781
f 200/781/781 682/780/780 683/782/782
f 200/781/781 683/782/782 199/783/783
f 199/783/783 683/782/782 684/784/784
f 199/783/783 684/784/784 198/785/785
f 198/785/785 684/784/784 685/786/786
f 198/785/785 685/786/786 197/787/787
f 197/787/787 685/786/786 686/788/788
f 197/787/787 686/788/788 196/789/789
f 196/789/789 686/788/788 687/790/790
f 196/789/789 687/790/790 195/791/791
f 195/791/791 687/790/790 688/792/792
f 195/791/791 688/792/792 337/793/793
f 337/793/793 688/792/792 710/794/794
f 337/793/793 710/794/794 336/795/795
f 336/795/795 710/794/794 711/796/796
f 336/795/795 711/796/796 335/797/797
f 335/797/797 711/796/796 712/798/798
f 335/797/797 712/798/798 334/799/799
f 334/799/799 712/798/798 713/800/800
f 334/799/799 713/800/800 333/801/801
f 333/801/801 713/800/800 714/802/802
f 333/801/801 714/802/802 332/803/803
f 332/803/803 714/802/802 715/804/804
f 332/803/803 715/804/804 331/805/805
f 331/805/805 715/804/804 716/806/806
f 331/805/805 716/806/806 364/807/807
f 364/807/807 716/806/806 717/808/808
f 364/807/807 717/808/808 363/809/809
f 363/809/809 717/808/808 718/810/810
f 363/809/809 718/810/810 362/811/811
f 362/811/811 718/810/810 719/812/812
f 362/811/811 719/812/812 361/813/813
f 361/813/813 719/812/812 720/814/814
f 361/813/813 720/814/814 360/815/815
f 360/815/815 720/814/814 721/816/816
f 360/815/815 721/816/816 359/817/817
f 359/817/817 721/816/816 722/818/818
f 359/817/817 722/818/818 358/819/819
f 358/819/819 722/818/818 723/820/820
f 358/819/819 723/820/820 1008/821/821
f 1008/821/821 723/820/820 724/822/822
f 1008/821/821 724/822/822 654/823/823
f 654/823/823 724/822/822 653/824/824
f 653/824/824 724/822/822 652/825/825
f 652/825/825 724/822/822 651/826/826
f 651/826/826 724/822/822 725/827/827
f 651/826/826 725/827/827 650/828/828
f 650/828/828 725/827/827 649/829/829
f 649/829/829 725/827/827 726/830/830
f 649/829/829 726/830/830 648/831/831
f 648/831/831 726/830/830 727/832/832
f 648/831/831 727/832/832 647/833/833
f 647/833/833 727/832/832 728/834/834
f 647/833/833 728/834/834 646/835/835
f 646/835/835 728/834/834 729/836/836
f 646/835/835 729/836/836 730/837/837
f 681/778/778 168/777/777 680/838/838
f 680/838/838 168/777/777 169/839/839
f 680/838/838 169/839/839 679/840/840
f 679/840/840 169/839/839 170/841/841
f 679/840/840 170/841/841 678/842/842
f 678/842/842 170/841/841 171/843/843
f 678/842/842 171/843/843 677/844/844
f 677/844/844 171/843/843 172/845/845
f 677/844/844 172/845/845 676/846/846
f 676/846/846 172/845/845 173/847/847
f 676/846/846 173/847/847 780/848/848
f 780/848/848 173/847/847 979/849/849
f 780/848/848 979/849/849 779/850/850
f 779/850/850 979/849/849 980/851/851
f 779/850/850 980/851/851 778/852/852
f 778/852/852 980/851/851 981/853/853
f 778/852/852 981/853/853 777/854/854
f 777/854/854 981/853/853 982/855/855
f 777/854/854 982/855/855 776/856/856
f 776/856/856 982/855/855 983/857/857
f 776/856/856 983/857/857 775/858/858
f 775/858/858 983/857/857 984/859/859
f 775/858/858 984/859/859 774/860/860
f 774/860/860 984/859/859 951/861/861
f 774/860/860 951/861/861 773/862/862
f 773/862/862 951/861/861 952/863/863
f 773/862/862 952/863/863 772/864/864
f 772/864/864 952/863/863 953/865/865
f 772/864/864 953/865/865 771/866/866
f 771/866/866 953/865/865 954/867/867
f 771/866/866 954/867/867 770/868/868
f 770/868/868 954/867/867 955/869/869
f 770/868/868 955/869/869 769/870/870
f 769/870/870 955/869/869 956/871/871
f 769/870/870 956/871/871 768/872/872
f 768/872/872 956/871/871 957/873/873
f 768/872/872 957/873/873 767/874/874
f 767/874/874 957/873/873 958/875/875
f 767/874/874 958/875/875 766/876/876
f 766/876/876 958/875/875 959/877/877
f 766/876/876 959/877/877 1207/878/878
f 1207/878/878 959/877/877 257/879/879
f 1207/878/878 257/879/879 1206/880/880
f 1206/880/880 257/879/879 258/881/881
f 1206/880/880 258/881/881 1205/882/882
f 1205/882/882 258/881/881 235/883/883
f 1205/882/882 235/883/883 1204/884/884
f 1204/884/884 235/883/883 236/885/885
f 1204/884/884 236/885/885 1203/886/886
f 1203/886/886 236/885/885 237/887/887
f 1203/886/886 237/887/887 1202/888/888
f 1202/888/888 237/887/887 238/889/889
f 1202/888/888 238/889/889 1201/890/890
f 1201/890/890 238/889/889 239/891/891
f 1201/890/890 239/891/891 1200/892/892
f 1200/892/892 239/891/891 240/893/893
f 1200/892/892 240/893/893 2/41/41
f 2/41/41 240/893/893 241/421/421
f 173/847/847 174/894/894 979/849/849
f 979/849/849 174/894/894 978/895/895
f 978/895/895 174/894/894 977/896/896
f 977/896/896 174/894/894 175/897/897
f 977/896/896 175/897/897 176/898/898
f 977/896/896 176/898/898 976/899/899
f 976/899/899 176/898/898 177/900/900
f 976/899/899 177/900/900 975/901/901
f 975/901/901 177/900/900 178/902/902
f 975/901/901 178/902/902 974/903/903
f 974/903/903 178/902/902 179/371/371
f 974/903/903 179/371/371 973/373/373
f 189/351/351 190/904/904 343/349/349
f 343/349/349 190/904/904 342/905/905
f 342/905/905 190/904/904 191/906/906
f 342/905/905 191/906/906 341/907/907
f 341/907/907 191/906/906 192/908/908
f 341/907/907 192/908/908 340/909/909
f 340/909/909 192/908/908 193/910/910
f 340/909/909 193/910/910 339/911/911
f 339/911/911 193/910/910 338/912/912
f 338/912/912 193/910/910 194/913/913
f 338/912/912 194/913/913 195/791/791
f 206/372/372 207/746/746 104/374/374
f 224/697/697 225/914/914 1054/699/699
f 1054/699/699 225/914/914 1053/915/915
f 1053/915/915 225/914/914 226/916/916
f 1053/915/915 226/916/916 1052/917/917
f 1052/917/917 226/916/916 227/918/918
f 1052/917/917 227/918/918 1051/919/919
f 1051/919/919 227/918/918 1050/920/920
f 1050/920/920 227/918/918 228/921/921
f 1050/920/920 228/921/921 1049/922/922
f 1049/922/922 228/921/921 229/923/923
f 1049/922/922 229/923/923 230/352/352
f 962/395/395 253/397/397 961/924/924
f 961/924/924 253/397/397 254/925/925
f 961/924/924 254/925/925 960/926/926
f 960/926/926 254/925/925 255/927/927
f 960/926/926 255/927/927 959/877/877
f 959/877/877 255/927/927 256/928/928
f 959/877/877 256/928/928 257/879/879
f 265/45/45 266/626/626 5/43/43
f 273/612/612 274/929/929 800/610/610
f 800/610/610 274/929/929 275/930/930
f 800/610/610 275/930/930 799/931/931
f 799/931/931 275/930/930 276/932/932
f 799/931/931 276/932/932 798/933/933
f 798/933/933 276/932/932 277/68/68
f 798/933/933 277/68/68 797/70/70
f 284/934/934 1088/935/935 283/936/936
f 283/936/936 1088/935/935 1089/937/937
f 283/936/936 1089/937/937 306/938/938
f 306/938/938 1089/937/937 1090/939/939
f 306/938/938 1090/939/939 305/638/638
f 305/638/638 1090/939/939 1091/636/636
f 1088/935/935 284/934/934 1087/940/940
f 1087/940/940 284/934/934 285/941/941
f 1087/940/940 285/941/941 1086/942/942
f 1086/942/942 285/941/941 286/943/943
f 1086/942/942 286/943/943 1085/944/944
f 1085/944/944 286/943/943 287/945/945
f 1085/944/944 287/945/945 1084/946/946
f 1084/946/946 287/945/945 288/947/947
f 1084/946/946 288/947/947 1083/422/422
f 1083/422/422 288/947/947 289/283/283
f 945/303/303 325/166/166 944/948/948
f 944/948/948 325/166/166 326/949/949
f 944/948/948 326/949/949 943/950/950
f 943/950/950 326/949/949 327/951/951
f 943/950/950 327/951/951 942/952/952
f 942/952/952 327/951/951 328/953/953
f 942/952/952 328/953/953 941/954/954
f 941/954/954 328/953/953 329/955/955
f 941/954/954 329/955/955 940/728/728
f 940/728/728 329/955/955 330/726/726
f 337/793/793 338/912/912 195/791/791
f 353/329/329 354/956/956 991/327/327
f 991/327/327 354/956/956 990/957/957
f 990/957/957 354/956/956 355/958/958
f 990/957/957 355/958/958 989/959/959
f 989/959/959 355/958/958 356/960/960
f 989/959/959 356/960/960 988/961/961
f 988/961/961 356/960/960 987/962/962
f 987/962/962 356/960/960 357/963/963
f 987/962/962 357/963/963 986/964/964
f 986/964/964 357/963/963 985/965/965
f 985/965/965 357/963/963 1008/821/821
f 1008/821/821 357/963/963 358/819/819
f 374/966/966 569/967/967 373/611/611
f 373/611/611 569/967/967 570/968/968
f 373/611/611 570/968/968 571/613/613
f 569/967/967 374/966/966 568/969/969
f 568/969/969 374/966/966 375/970/970
f 568/969/969 375/970/970 567/971/971
f 567/971/971 375/970/970 376/972/972
f 567/971/971 376/972/972 566/973/973
f 566/973/973 376/972/972 377/974/974
f 566/973/973 377/974/974 378/975/975
f 566/973/973 378/975/975 565/976/976
f 565/976/976 378/975/975 379/977/977
f 565/976/976 379/977/977 564/978/978
f 564/978/978 379/977/977 380/979/979
f 564/978/978 380/979/979 5/43/43
f 5/43/43 380/979/979 381/980/980
f 5/43/43 381/980/980 382/981/981
f 382/981/981 383/982/982 5/43/43
f 5/43/43 383/982/982 1117/983/983
f 5/43/43 1117/983/983 1118/423/423
f 1117/983/983 383/982/982 1116/984/984
f 1116/984/984 383/982/982 384/985/985
f 1116/984/984 384/985/985 385/986/986
f 1116/984/984 385/986/986 1115/987/987
f 1115/987/987 385/986/986 386/988/988
f 1115/987/987 386/988/988 1114/989/989
f 1114/989/989 386/988/988 387/990/990
f 1114/989/989 387/990/990 1113/991/991
f 1113/991/991 387/990/990 388/992/992
f 1113/991/991 388/992/992 1112/993/993
f 1112/993/993 388/992/992 389/994/994
f 1112/993/993 389/994/994 1111/995/995
f 1111/995/995 389/994/994 390/996/996
f 1111/995/995 390/996/996 1110/997/997
f 1110/997/997 390/996/996 391/998/998
f 1110/997/997 391/998/998 1109/999/999
f 1109/999/999 391/998/998 1108/1000/1000
f 1108/1000/1000 391/998/998 392/1001/1001
f 1108/1000/1000 392/1001/1001 393/583/583
f 400/1002/1002 1180/1003/1003 399/1004/1004
f 399/1004/1004 1180/1003/1003 1181/1005/1005
f 399/1004/1004 1181/1005/1005 422/1006/1006
f 422/1006/1006 1181/1005/1005 1182/1007/1007
f 422/1006/1006 1182/1007/1007 421/1008/1008
f 421/1008/1008 1182/1007/1007 1183/1009/1009
f 421/1008/1008 1183/1009/1009 465/1010/1010
f 465/1010/1010 1183/1009/1009 432/1011/1011
f 465/1010/1010 432/1011/1011 464/1012/1012
f 464/1012/1012 432/1011/1011 433/1013/1013
f 464/1012/1012 433/1013/1013 463/1014/1014
f 463/1014/1014 433/1013/1013 434/1015/1015
f 463/1014/1014 434/1015/1015 462/1016/1016
f 462/1016/1016 434/1015/1015 435/1017/1017
f 462/1016/1016 435/1017/1017 461/1018/1018
f 461/1018/1018 435/1017/1017 436/1019/1019
f 461/1018/1018 436/1019/1019 460/1020/1020
f 460/1020/1020 436/1019/1019 437/1021/1021
f 460/1020/1020 437/1021/1021 459/1022/1022
f 459/1022/1022 437/1021/1021 438/1023/1023
f 459/1022/1022 438/1023/1023 458/1024/1024
f 458/1024/1024 438/1023/1023 439/1025/1025
f 458/1024/1024 439/1025/1025 457/1026/1026
f 457/1026/1026 439/1025/1025 440/1027/1027
f 457/1026/1026 440/1027/1027 490/1028/1028
f 490/1028/1028 440/1027/1027 441/1029/1029
f 490/1028/1028 441/1029/1029 489/1030/1030
f 489/1030/1030 441/1029/1029 442/1031/1031
f 489/1030/1030 442/1031/1031 488/1032/1032
f 488/1032/1032 442/1031/1031 443/1033/1033
f 488/1032/1032 443/1033/1033 487/1034/1034
f 487/1034/1034 443/1033/1033 444/1035/1035
f 487/1034/1034 444/1035/1035 486/1036/1036
f 486/1036/1036 444/1035/1035 445/1037/1037
f 486/1036/1036 445/1037/1037 485/1038/1038
f 485/1038/1038 445/1037/1037 446/1039/1039
f 485/1038/1038 446/1039/1039 1141/1040/1040
f 1141/1040/1040 446/1039/1039 618/1041/1041
f 1141/1040/1040 618/1041/1041 1140/1042/1042
f 1140/1042/1042 618/1041/1041 619/1043/1043
f 1140/1042/1042 619/1043/1043 1139/1044/1044
f 1139/1044/1044 619/1043/1043 620/1045/1045
f 1139/1044/1044 620/1045/1045 1138/1046/1046
f 1138/1046/1046 620/1045/1045 621/1047/1047
f 1138/1046/1046 621/1047/1047 1137/1048/1048
f 1137/1048/1048 621/1047/1047 622/1049/1049
f 1137/1048/1048 622/1049/1049 1136/1050/1050
f 1136/1050/1050 622/1049/1049 623/1051/1051
f 1136/1050/1050 623/1051/1051 1135/1052/1052
f 1135/1052/1052 623/1051/1051 624/1053/1053
f 1135/1052/1052 624/1053/1053 1168/1054/1054
f 1168/1054/1054 624/1053/1053 625/1055/1055
f 1168/1054/1054 625/1055/1055 1167/1056/1056
f 1167/1056/1056 625/1055/1055 626/1057/1057
f 1167/1056/1056 626/1057/1057 1166/1058/1058
f 1166/1058/1058 626/1057/1057 627/1059/1059
f 1166/1058/1058 627/1059/1059 1165/1060/1060
f 1165/1060/1060 627/1059/1059 628/1061/1061
f 1165/1060/1060 628/1061/1061 1164/1062/1062
f 1164/1062/1062 628/1061/1061 629/1063/1063
f 1164/1062/1062 629/1063/1063 1163/444/444
f 1163/444/444 629/1063/1063 630/442/442
f 1180/1003/1003 400/1002/1002 1179/1064/1064
f 1179/1064/1064 400/1002/1002 401/1065/1065
f 1179/1064/1064 401/1065/1065 1178/1066/1066
f 1178/1066/1066 401/1065/1065 402/1067/1067
f 1178/1066/1066 402/1067/1067 1177/1068/1068
f 1177/1068/1068 402/1067/1067 403/1069/1069
f 1177/1068/1068 403/1069/1069 1176/1070/1070
f 1176/1070/1070 403/1069/1069 404/1071/1071
f 1176/1070/1070 404/1071/1071 1175/42/42
f 1175/42/42 404/1071/1071 405/44/44
f 468/71/71 417/69/69 467/1072/1072
f 467/1072/1072 417/69/69 418/1073/1073
f 467/1072/1072 418/1073/1073 466/1074/1074
f 466/1074/1074 418/1073/1073 419/1075/1075
f 466/1074/1074 419/1075/1075 465/1010/1010
f 465/1010/1010 419/1075/1075 420/1076/1076
f 465/1010/1010 420/1076/1076 421/1008/1008
f 429/258/258 430/1077/1077 1187/260/260
f 1187/260/260 430/1077/1077 1186/1078/1078
f 1186/1078/1078 430/1077/1077 431/1079/1079
f 1186/1078/1078 431/1079/1079 1185/1080/1080
f 1185/1080/1080 431/1079/1079 432/1011/1011
f 1185/1080/1080 432/1011/1011 1184/1081/1081
f 1184/1081/1081 432/1011/1011 1183/1009/1009
f 446/1039/1039 447/1082/1082 618/1041/1041
f 618/1041/1041 447/1082/1082 617/1083/1083
f 617/1083/1083 447/1082/1082 448/1084/1084
f 617/1083/1083 448/1084/1084 616/1085/1085
f 616/1085/1085 448/1084/1084 449/1086/1086
f 616/1085/1085 449/1086/1086 615/1087/1087
f 615/1087/1087 449/1086/1086 614/1088/1088
f 614/1088/1088 449/1086/1086 450/1089/1089
f 614/1088/1088 450/1089/1089 613/1090/1090
f 613/1090/1090 450/1089/1089 451/1091/1091
f 613/1090/1090 451/1091/1091 452/236/236
f 479/93/93 480/1092/1092 1147/95/95
f 1147/95/95 480/1092/1092 1146/1093/1093
f 1146/1093/1093 480/1092/1092 481/1094/1094
f 1146/1093/1093 481/1094/1094 1145/1095/1095
f 1145/1095/1095 481/1094/1094 482/1096/1096
f 1145/1095/1095 482/1096/1096 1144/1097/1097
f 1144/1097/1097 482/1096/1096 483/1098/1098
f 1144/1097/1097 483/1098/1098 1143/1099/1099
f 1143/1099/1099 483/1098/1098 1142/1100/1100
f 1142/1100/1100 483/1098/1098 484/1101/1101
f 1142/1100/1100 484/1101/1101 485/1038/1038
f 514/476/476 491/1102/1102 599/1103/1103
f 599/1103/1103 491/1102/1102 492/1104/1104
f 599/1103/1103 492/1104/1104 493/1105/1105
f 599/1103/1103 493/1105/1105 598/1106/1106
f 598/1106/1106 493/1105/1105 494/1107/1107
f 598/1106/1106 494/1107/1107 495/1108/1108
f 598/1106/1106 495/1108/1108 597/1109/1109
f 597/1109/1109 495/1108/1108 496/1110/1110
f 597/1109/1109 496/1110/1110 596/1111/1111
f 596/1111/1111 496/1110/1110 497/139/139
f 596/1111/1111 497/139/139 595/137/137
f 751/165/165 509/163/163 750/1112/1112
f 750/1112/1112 509/163/163 510/1113/1113
f 750/1112/1112 510/1113/1113 749/1114/1114
f 749/1114/1114 510/1113/1113 511/1115/1115
f 749/1114/1114 511/1115/1115 748/1116/1116
f 748/1116/1116 511/1115/1115 512/1117/1117
f 748/1116/1116 512/1117/1117 747/1118/1118
f 747/1118/1118 512/1117/1117 513/1119/1119
f 747/1118/1118 513/1119/1119 746/478/478
f 746/478/478 513/1119/1119 514/476/476
f 600/474/474 514/476/476 599/1103/1103
f 521/555/555 522/1120/1120 1129/557/557
f 1129/557/557 522/1120/1120 1128/1121/1121
f 1128/1121/1121 522/1120/1120 1127/1122/1122
f 1127/1122/1122 522/1120/1120 523/1123/1123
f 1127/1122/1122 523/1123/1123 524/1124/1124
f 1127/1122/1122 524/1124/1124 1126/1125/1125
f 1126/1125/1125 524/1124/1124 525/1126/1126
f 1126/1125/1125 525/1126/1126 1125/1127/1127
f 1125/1127/1127 525/1126/1126 526/1128/1128
f 1125/1127/1127 526/1128/1128 1124/1129/1129
f 1124/1129/1129 526/1128/1128 527/1130/1130
f 1124/1129/1129 527/1130/1130 1123/1131/1131
f 1123/1131/1131 527/1130/1130 528/1132/1132
f 1123/1131/1131 528/1132/1132 1122/430/430
f 1122/430/430 528/1132/1132 529/428/428
f 531/425/425 532/508/508 7/164/164
f 556/629/629 557/1133/1133 5/43/43
f 5/43/43 557/1133/1133 558/1134/1134
f 5/43/43 558/1134/1134 559/1135/1135
f 559/1135/1135 560/1136/1136 5/43/43
f 5/43/43 560/1136/1136 561/1137/1137
f 5/43/43 561/1137/1137 562/1138/1138
f 562/1138/1138 563/1139/1139 5/43/43
f 5/43/43 563/1139/1139 564/978/978
f 1161/447/447 582/449/449 1160/1140/1140
f 1160/1140/1140 582/449/449 583/1141/1141
f 1160/1140/1140 583/1141/1141 1159/1142/1142
f 1159/1142/1142 583/1141/1141 584/1143/1143
f 1159/1142/1142 584/1143/1143 1158/1144/1144
f 1158/1144/1144 584/1143/1143 585/117/117
f 1158/1144/1144 585/117/117 1157/115/115
f 612/234/234 613/1090/1090 452/236/236
f 664/1145/1145 641/1146/1146 1/284/284
f 1/284/284 641/1146/1146 642/1147/1147
f 1/284/284 642/1147/1147 643/1148/1148
f 1/284/284 643/1148/1148 699/1149/1149
f 699/1149/1149 643/1148/1148 644/1150/1150
f 699/1149/1149 644/1150/1150 732/1151/1151
f 732/1151/1151 644/1150/1150 731/1152/1152
f 731/1152/1152 644/1150/1150 645/1153/1153
f 731/1152/1152 645/1153/1153 730/837/837
f 730/837/837 645/1153/1153 646/835/835
f 1008/821/821 654/823/823 1007/1154/1154
f 1007/1154/1154 654/823/823 655/1155/1155
f 1007/1154/1154 655/1155/1155 1006/1156/1156
f 1006/1156/1156 655/1155/1155 656/1157/1157
f 1006/1156/1156 656/1157/1157 1005/1158/1158
f 1005/1158/1158 656/1157/1157 657/1159/1159
f 1005/1158/1158 657/1159/1159 1004/1160/1160
f 1004/1160/1160 657/1159/1159 658/1161/1161
f 1004/1160/1160 658/1161/1161 1/284/284
f 1/284/284 658/1161/1161 659/1162/1162
f 1/284/284 659/1162/1162 660/1163/1163
f 660/1163/1163 661/1164/1164 1/284/284
f 1/284/284 661/1164/1164 662/1165/1165
f 1/284/284 662/1165/1165 663/1166/1166
f 663/1166/1166 664/1145/1145 1/284/284
f 783/300/300 674/302/302 782/1167/1167
f 782/1167/1167 674/302/302 675/1168/1168
f 782/1167/1167 675/1168/1168 781/1169/1169
f 781/1169/1169 675/1168/1168 676/846/846
f 781/1169/1169 676/846/846 780/848/848
f 688/792/792 689/1170/1170 710/794/794
f 710/794/794 689/1170/1170 709/1171/1171
f 709/1171/1171 689/1170/1170 690/1172/1172
f 709/1171/1171 690/1172/1172 708/1173/1173
f 708/1173/1173 690/1172/1172 691/1174/1174
f 708/1173/1173 691/1174/1174 707/1175/1175
f 707/1175/1175 691/1174/1174 706/1176/1176
f 706/1176/1176 691/1174/1174 692/1177/1177
f 706/1176/1176 692/1177/1177 705/1178/1178
f 705/1178/1178 692/1177/1177 693/1179/1179
f 705/1178/1178 693/1179/1179 704/1180/1180
f 704/1180/1180 693/1179/1179 694/1181/1181
f 704/1180/1180 694/1181/1181 703/1182/1182
f 703/1182/1182 694/1181/1181 695/1183/1183
f 703/1182/1182 695/1183/1183 702/1184/1184
f 702/1184/1184 695/1183/1183 696/1185/1185
f 702/1184/1184 696/1185/1185 697/1186/1186
f 702/1184/1184 697/1186/1186 701/1187/1187
f 701/1187/1187 697/1186/1186 698/1188/1188
f 701/1187/1187 698/1188/1188 700/1189/1189
f 700/1189/1189 698/1188/1188 1/284/284
f 700/1189/1189 1/284/284 699/1149/1149
f 698/1188/1188 665/285/285 1/284/284
f 790/287/287 757/1190/1190 2/41/41
f 2/41/41 757/1190/1190 758/1191/1191
f 2/41/41 758/1191/1191 759/1192/1192
f 2/41/41 759/1192/1192 1214/1193/1193
f 1214/1193/1193 759/1192/1192 760/1194/1194
f 1214/1193/1193 760/1194/1194 1213/1195/1195
f 1213/1195/1195 760/1194/1194 761/1196/1196
f 1213/1195/1195 761/1196/1196 1212/1197/1197
f 1212/1197/1197 761/1196/1196 762/1198/1198
f 1212/1197/1197 762/1198/1198 763/1199/1199
f 1212/1197/1197 763/1199/1199 1211/1200/1200
f 1211/1200/1200 763/1199/1199 764/1201/1201
f 1211/1200/1200 764/1201/1201 1210/1202/1202
f 1210/1202/1202 764/1201/1201 765/1203/1203
f 1210/1202/1202 765/1203/1203 1209/1204/1204
f 1209/1204/1204 765/1203/1203 766/876/876
f 1209/1204/1204 766/876/876 1208/1205/1205
f 1208/1205/1205 766/876/876 1207/878/878
f 814/582/582 815/1206/1206 870/580/580
f 870/580/580 815/1206/1206 869/1207/1207
f 869/1207/1207 815/1206/1206 816/1208/1208
f 869/1207/1207 816/1208/1208 868/1209/1209
f 868/1209/1209 816/1208/1208 817/1210/1210
f 868/1209/1209 817/1210/1210 867/1211/1211
f 867/1211/1211 817/1210/1210 866/1212/1212
f 866/1212/1212 817/1210/1210 818/1213/1213
f 866/1212/1212 818/1213/1213 865/1214/1214
f 865/1214/1214 818/1213/1213 819/1215/1215
f 865/1214/1214 819/1215/1215 820/92/92
f 830/116/116 831/1216/1216 888/114/114
f 888/114/114 831/1216/1216 887/1217/1217
f 887/1217/1217 831/1216/1216 886/1218/1218
f 886/1218/1218 831/1216/1216 832/1219/1219
f 886/1218/1218 832/1219/1219 885/1220/1220
f 885/1220/1220 832/1219/1219 833/1221/1221
f 885/1220/1220 833/1221/1221 834/1222/1222
f 885/1220/1220 834/1222/1222 884/1223/1223
f 884/1223/1223 834/1222/1222 835/1224/1224
f 884/1223/1223 835/1224/1224 883/1225/1225
f 883/1225/1225 835/1224/1224 836/554/554
f 883/1225/1225 836/554/554 882/556/556
f 864/94/94 865/1214/1214 820/92/92
f 899/672/672 900/1226/1226 1037/670/670
f 1037/670/670 900/1226/1226 1036/1227/1227
f 1036/1227/1227 900/1226/1226 1035/1228/1228
f 1035/1228/1228 900/1226/1226 901/1229/1229
f 1035/1228/1228 901/1229/1229 902/1230/1230
f 1035/1228/1228 902/1230/1230 1034/1231/1231
f 1034/1231/1231 902/1230/1230 903/1232/1232
f 1034/1231/1231 903/1232/1232 1033/1233/1233
f 1033/1233/1233 903/1232/1232 904/1234/1234
f 1033/1233/1233 904/1234/1234 1032/1235/1235
f 1032/1235/1235 904/1234/1234 905/233/233
f 1032/1235/1235 905/233/233 1031/235/235
f 1003/304/304 1004/1160/1160 1/284/284
f 1048/350/350 1049/922/922 230/352/352
f 1107/581/581 1108/1000/1000 393/583/583
f 1141/1040/1040 1142/1100/1100 485/1038/1038
f 1216/1236/1236 1193/1237/1237 2/41/41
f 2/41/41 1193/1237/1237 1194/1238/1238
f 2/41/41 1194/1238/1238 1195/1239/1239
f 1195/1239/1239 1196/1240/1240 2/41/41
f 2/41/41 1196/1240/1240 1197/1241/1241
f 2/41/41 1197/1241/1241 1198/1242/1242
f 1198/1242/1242 1199/1243/1243 2/41/41
f 2/41/41 1199/1243/1243 1200/892/892
f 1214/1193/1193 1215/1244/1244 2/41/41
f 2/41/41 1215/1244/1244 1216/1236/1236
f 10/1245/1245 1865/1246/1246 15/1247/1247
f 15/1247/1247 1865/1246/1246 1866/1248/1248
f 15/1247/1247 1866/1248/1248 1932/1249/1249
f 1932/1249/1249 1866/1248/1248 1931/1250/1250
f 1931/1250/1250 1866/1248/1248 1867/1251/1251
f 1931/1250/1250 1867/1251/1251 1930/1252/1252
f 1930/1252/1252 1867/1251/1251 1868/1253/1253
f 1930/1252/1252 1868/1253/1253 1869/1254/1254
f 9/1255/1255 1501/1256/1256 10/1245/1245
f 10/1245/1245 1501/1256/1256 2295/1257/1257
f 10/1245/1245 2295/1257/1257 1453/1258/1258
f 1453/1258/1258 2295/1257/1257 1452/1259/1259
f 1452/1259/1259 2295/1257/1257 2296/1260/1260
f 1452/1259/1259 2296/1260/1260 1451/1261/1261
f 1451/1261/1261 2296/1260/1260 2297/1262/1262
f 1451/1261/1261 2297/1262/1262 1450/1263/1263
f 1450/1263/1263 2297/1262/1262 2298/1264/1264
f 1450/1263/1263 2298/1264/1264 1449/1265/1265
f 1449/1265/1265 2298/1264/1264 2299/1266/1266
f 1449/1265/1265 2299/1266/1266 1448/1267/1267
f 1448/1267/1267 2299/1266/1266 2300/1268/1268
f 1448/1267/1267 2300/1268/1268 1447/1269/1269
f 1447/1269/1269 2300/1268/1268 2277/1270/1270
f 1447/1269/1269 2277/1270/1270 1446/1271/1271
f 1446/1271/1271 2277/1270/1270 2278/1272/1272
f 1446/1271/1271 2278/1272/1272 1445/1273/1273
f 1445/1273/1273 2278/1272/1272 2279/1274/1274
f 1445/1273/1273 2279/1274/1274 1444/1275/1275
f 1444/1275/1275 2279/1274/1274 2280/1276/1276
f 1444/1275/1275 2280/1276/1276 1443/1277/1277
f 1443/1277/1277 2280/1276/1276 2281/1278/1278
f 1443/1277/1277 2281/1278/1278 1442/1279/1279
f 1442/1279/1279 2281/1278/1278 2282/1280/1280
f 1442/1279/1279 2282/1280/1280 1441/1281/1281
f 1441/1281/1281 2282/1280/1280 2283/1282/1282
f 1441/1281/1281 2283/1282/1282 2174/1283/1283
f 2174/1283/1283 2283/1282/1282 1303/1284/1284
f 2174/1283/1283 1303/1284/1284 2173/1285/1285
f 2173/1285/1285 1303/1284/1284 1304/1286/1286
f 2173/1285/1285 1304/1286/1286 2172/1287/1287
f 2172/1287/1287 1304/1286/1286 1305/1288/1288
f 2172/1287/1287 1305/1288/1288 2171/1289/1289
f 2171/1289/1289 1305/1288/1288 1306/1290/1290
f 2171/1289/1289 1306/1290/1290 2170/1291/1291
f 2170/1291/1291 1306/1290/1290 1307/1292/1292
f 2170/1291/1291 1307/1292/1292 2169/1293/1293
f 2169/1293/1293 1307/1292/1292 1308/1294/1294
f 2169/1293/1293 1308/1294/1294 2168/1295/1295
f 2168/1295/1295 1308/1294/1294 1275/1296/1296
f 2168/1295/1295 1275/1296/1296 2167/1297/1297
f 2167/1297/1297 1275/1296/1296 1276/1298/1298
f 2167/1297/1297 1276/1298/1298 2166/1299/1299
f 2166/1299/1299 1276/1298/1298 1277/1300/1300
f 2166/1299/1299 1277/1300/1300 2165/1301/1301
f 2165/1301/1301 1277/1300/1300 1278/1302/1302
f 2165/1301/1301 1278/1302/1302 2164/1303/1303
f 2164/1303/1303 1278/1302/1302 1279/1304/1304
f 2164/1303/1303 1279/1304/1304 2163/1305/1305
f 2163/1305/1305 1279/1304/1304 1280/1306/1306
f 2163/1305/1305 1280/1306/1306 1389/1307/1307
f 1389/1307/1307 1280/1306/1306 1430/1308/1308
f 1389/1307/1307 1430/1308/1308 1388/1309/1309
f 1388/1309/1309 1430/1308/1308 1431/1310/1310
f 1388/1309/1309 1431/1310/1310 1387/1311/1311
f 1387/1311/1311 1431/1310/1310 1432/1312/1312
f 1387/1311/1311 1432/1312/1312 1386/1313/1313
f 1386/1313/1313 1432/1312/1312 1433/1314/1314
f 1386/1313/1313 1433/1314/1314 1385/1315/1315
f 1385/1315/1315 1433/1314/1314 1434/1316/1316
f 1385/1315/1315 1434/1316/1316 1384/1317/1317
f 1384/1317/1317 1434/1316/1316 1401/1318/1318
f 1384/1317/1317 1401/1318/1318 1383/1319/1319
f 1383/1319/1319 1401/1318/1318 1402/1320/1320
f 1383/1319/1319 1402/1320/1320 1382/1321/1321
f 1382/1321/1321 1402/1320/1320 1403/1322/1322
f 1382/1321/1321 1403/1322/1322 1381/1323/1323
f 1381/1323/1323 1403/1322/1322 1404/1324/1324
f 1381/1323/1323 1404/1324/1324 1380/1325/1325
f 1380/1325/1325 1404/1324/1324 1405/1326/1326
f 1380/1325/1325 1405/1326/1326 1379/1327/1327
f 1379/1327/1327 1405/1326/1326 1406/1328/1328
f 1379/1327/1327 1406/1328/1328 1553/1329/1329
f 1553/1329/1329 1406/1328/1328 2272/1330/1330
f 1553/1329/1329 2272/1330/1330 1552/1331/1331
f 1552/1331/1331 2272/1330/1330 2273/1332/1332
f 1552/1331/1331 2273/1332/1332 1551/1333/1333
f 1551/1333/1333 2273/1332/1332 2274/1334/1334
f 1551/1333/1333 2274/1334/1334 1550/1335/1335
f 1550/1335/1335 2274/1334/1334 2275/1336/1336
f 1550/1335/1335 2275/1336/1336 1549/1337/1337
f 1549/1337/1337 2275/1336/1336 2276/1338/1338
f 1549/1337/1337 2276/1338/1338 1548/1339/1339
f 1548/1339/1339 2276/1338/1338 2243/1340/1340
f 1548/1339/1339 2243/1340/1340 1547/1341/1341
f 1547/1341/1341 2243/1340/1340 2244/1342/1342
f 1547/1341/1341 2244/1342/1342 1546/1343/1343
f 1546/1343/1343 2244/1342/1342 2245/1344/1344
f 1546/1343/1343 2245/1344/1344 1545/1345/1345
f 1545/1345/1345 2245/1344/1344 2246/1346/1346
f 1545/1345/1345 2246/1346/1346 1544/1347/1347
f 1544/1347/1347 2246/1346/1346 2247/1348/1348
f 1544/1347/1347 2247/1348/1348 1543/1349/1349
f 1543/1349/1349 2247/1348/1348 2248/1350/1350
f 1543/1349/1349 2248/1350/1350 2203/1351/1351
f 2203/1351/1351 2248/1350/1350 2145/1352/1352
f 2203/1351/1351 2145/1352/1352 2202/1353/1353
f 2202/1353/1353 2145/1352/1352 2146/1354/1354
f 2202/1353/1353 2146/1354/1354 2201/1355/1355
f 2201/1355/1355 2146/1354/1354 2147/1356/1356
f 2201/1355/1355 2147/1356/1356 2200/1357/1357
f 2200/1357/1357 2147/1356/1356 2148/1358/1358
f 2200/1357/1357 2148/1358/1358 2199/1359/1359
f 2199/1359/1359 2148/1358/1358 2149/1360/1360
f 2199/1359/1359 2149/1360/1360 2198/1361/1361
f 2198/1361/1361 2149/1360/1360 2150/1362/1362
f 2198/1361/1361 2150/1362/1362 2197/1363/1363
f 2197/1363/1363 2150/1362/1362 2127/1364/1364
f 2197/1363/1363 2127/1364/1364 2196/1365/1365
f 2196/1365/1365 2127/1364/1364 2128/1366/1366
f 2196/1365/1365 2128/1366/1366 2195/1367/1367
f 2195/1367/1367 2128/1366/1366 2129/1368/1368
f 2195/1367/1367 2129/1368/1368 2194/1369/1369
f 2194/1369/1369 2129/1368/1368 2130/1370/1370
f 2194/1369/1369 2130/1370/1370 2193/1371/1371
f 2193/1371/1371 2130/1370/1370 2131/1372/1372
f 2193/1371/1371 2131/1372/1372 2192/1373/1373
f 2192/1373/1373 2131/1372/1372 2132/1374/1374
f 2192/1373/1373 2132/1374/1374 2191/1375/1375
f 2191/1375/1375 2132/1374/1374 2133/1376/1376
f 2191/1375/1375 2133/1376/1376 15/1247/1247
f 15/1247/1247 2133/1376/1376 1513/1377/1377
f 15/1247/1247 1513/1377/1377 1939/1378/1378
f 1939/1378/1378 1513/1377/1377 1938/1379/1379
f 1938/1379/1379 1513/1377/1377 1514/1380/1380
f 1938/1379/1379 1514/1380/1380 1937/1381/1381
f 1937/1381/1381 1514/1380/1380 1515/1382/1382
f 1937/1381/1381 1515/1382/1382 1936/1383/1383
f 1936/1383/1383 1515/1382/1382 1516/1384/1384
f 1936/1383/1383 1516/1384/1384 1935/1385/1385
f 1935/1385/1385 1516/1384/1384 1517/1386/1386
f 1935/1385/1385 1517/1386/1386 1934/1387/1387
f 1934/1387/1387 1517/1386/1386 1518/1388/1388
f 1934/1387/1387 1518/1388/1388 1933/1389/1389
f 1933/1389/1389 1518/1388/1388 1519/1390/1390
f 1933/1389/1389 1519/1390/1390 1956/1391/1391
f 1956/1391/1391 1519/1390/1390 1520/1392/1392
f 1956/1391/1391 1520/1392/1392 1955/1393/1393
f 1955/1393/1393 1520/1392/1392 1521/1394/1394
f 1955/1393/1393 1521/1394/1394 1954/1395/1395
f 1954/1395/1395 1521/1394/1394 1522/1396/1396
f 1954/1395/1395 1522/1396/1396 1953/1397/1397
f 1953/1397/1397 1522/1396/1396 1523/1398/1398
f 1953/1397/1397 1523/1398/1398 1952/1399/1399
f 1952/1399/1399 1523/1398/1398 1524/1400/1400
f 1952/1399/1399 1524/1400/1400 1951/1401/1401
f 1951/1401/1401 1524/1400/1400 1525/1402/1402
f 1951/1401/1401 1525/1402/1402 1222/1403/1403
f 1222/1403/1403 1525/1402/1402 1321/1404/1404
f 1222/1403/1403 1321/1404/1404 1221/1405/1405
f 1221/1405/1405 1321/1404/1404 1322/1406/1406
f 1221/1405/1405 1322/1406/1406 1220/1407/1407
f 1220/1407/1407 1322/1406/1406 1323/1408/1408
f 1220/1407/1407 1323/1408/1408 1219/1409/1409
f 1219/1409/1409 1323/1408/1408 1324/1410/1410
f 1219/1409/1409 1324/1410/1410 1218/1411/1411
f 1218/1411/1411 1324/1410/1410 1325/1412/1412
f 1218/1411/1411 1325/1412/1412 1217/1413/1413
f 1217/1413/1413 1325/1412/1412 1326/1414/1414
f 1217/1413/1413 1326/1414/1414 1250/1415/1415
f 1250/1415/1415 1326/1414/1414 1327/1416/1416
f 1250/1415/1415 1327/1416/1416 1249/1417/1417
f 1249/1417/1417 1327/1416/1416 1328/1418/1418
f 1249/1417/1417 1328/1418/1418 1248/1419/1419
f 1248/1419/1419 1328/1418/1418 1329/1420/1420
f 1248/1419/1419 1329/1420/1420 1247/1421/1421
f 1247/1421/1421 1329/1420/1420 1330/1422/1422
f 1247/1421/1421 1330/1422/1422 1246/1423/1423
f 1246/1423/1423 1330/1422/1422 1331/1424/1424
f 1246/1423/1423 1331/1424/1424 1812/1425/1425
f 1812/1425/1425 1331/1424/1424 2105/1426/1426
f 1812/1425/1425 2105/1426/1426 1811/1427/1427
f 1811/1427/1427 2105/1426/1426 2106/1428/1428
f 1811/1427/1427 2106/1428/1428 1810/1429/1429
f 1810/1429/1429 2106/1428/1428 2107/1430/1430
f 1810/1429/1429 2107/1430/1430 1809/1431/1431
f 1809/1431/1431 2107/1430/1430 2108/1432/1432
f 1809/1431/1431 2108/1432/1432 1808/1433/1433
f 1808/1433/1433 2108/1432/1432 2109/1434/1434
f 1808/1433/1433 2109/1434/1434 1807/1435/1435
f 1807/1435/1435 2109/1434/1434 2110/1436/1436
f 1807/1435/1435 2110/1436/1436 1840/1437/1437
f 1840/1437/1437 2110/1436/1436 2111/1438/1438
f 1840/1437/1437 2111/1438/1438 1839/1439/1439
f 1839/1439/1439 2111/1438/1438 2112/1440/1440
f 1839/1439/1439 2112/1440/1440 1838/1441/1441
f 1838/1441/1441 2112/1440/1440 2113/1442/1442
f 1838/1441/1441 2113/1442/1442 1837/1443/1443
f 1837/1443/1443 2113/1442/1442 2114/1444/1444
f 1837/1443/1443 2114/1444/1444 1836/1445/1445
f 1836/1445/1445 2114/1444/1444 2115/1446/1446
f 1836/1445/1445 2115/1446/1446 1628/1447/1447
f 1628/1447/1447 2115/1446/1446 2221/1448/1448
f 1628/1447/1447 2221/1448/1448 1627/1449/1449
f 1627/1449/1449 2221/1448/1448 2222/1450/1450
f 1627/1449/1449 2222/1450/1450 1626/1451/1451
f 1626/1451/1451 2222/1450/1450 2223/1452/1452
f 1626/1451/1451 2223/1452/1452 1625/1453/1453
f 1625/1453/1453 2223/1452/1452 2224/1454/1454
f 1625/1453/1453 2224/1454/1454 1624/1455/1455
f 1624/1455/1455 2224/1454/1454 2225/1456/1456
f 1624/1455/1455 2225/1456/1456 1623/1457/1457
f 1623/1457/1457 2225/1456/1456 2226/1458/1458
f 1623/1457/1457 2226/1458/1458 1656/1459/1459
f 1656/1459/1459 2226/1458/1458 2227/1460/1460
f 1656/1459/1459 2227/1460/1460 1655/1461/1461
f 1655/1461/1461 2227/1460/1460 2228/1462/1462
f 1655/1461/1461 2228/1462/1462 1654/1463/1463
f 1654/1463/1463 2228/1462/1462 2229/1464/1464
f 1654/1463/1463 2229/1464/1464 1653/1465/1465
f 1653/1465/1465 2229/1464/1464 2230/1466/1466
f 1653/1465/1465 2230/1466/1466 1652/1467/1467
f 1652/1467/1467 2230/1466/1466 2231/1468/1468
f 1652/1467/1467 2231/1468/1468 1651/1469/1469
f 1651/1469/1469 2231/1468/1468 2232/1470/1470
f 1651/1469/1469 2232/1470/1470 2375/1471/1471
f 2375/1471/1471 2232/1470/1470 1489/1472/1472
f 2375/1471/1471 1489/1472/1472 2374/1473/1473
f 2374/1473/1473 1489/1472/1472 1490/1474/1474
f 2374/1473/1473 1490/1474/1474 2373/1475/1475
f 2373/1475/1475 1490/1474/1474 1491/1476/1476
f 2373/1475/1475 1491/1476/1476 2372/1477/1477
f 2372/1477/1477 1491/1476/1476 1492/1478/1478
f 2372/1477/1477 1492/1478/1478 2371/1479/1479
f 2371/1479/1479 1492/1478/1478 1493/1480/1480
f 2371/1479/1479 1493/1480/1480 2370/1481/1481
f 2370/1481/1481 1493/1480/1480 1494/1482/1482
f 2370/1481/1481 1494/1482/1482 2369/1483/1483
f 2369/1483/1483 1494/1482/1482 1495/1484/1484
f 2369/1483/1483 1495/1484/1484 2392/1485/1485
f 2392/1485/1485 1495/1484/1484 1496/1486/1486
f 2392/1485/1485 1496/1486/1486 2391/1487/1487
f 2391/1487/1487 1496/1486/1486 1497/1488/1488
f 2391/1487/1487 1497/1488/1488 2390/1489/1489
f 2390/1489/1489 1497/1488/1488 1498/1490/1490
f 2390/1489/1489 1498/1490/1490 2389/1491/1491
f 2389/1491/1491 1498/1490/1490 1499/1492/1492
f 2389/1491/1491 1499/1492/1492 2388/1493/1493
f 2388/1493/1493 1499/1492/1492 1500/1494/1494
f 2388/1493/1493 1500/1494/1494 2387/1495/1495
f 2387/1495/1495 1500/1494/1494 1501/1256/1256
f 2387/1495/1495 1501/1256/1256 9/1255/1255
f 13/1496/1496 2318/1497/1497 9/1255/1255
f 9/1255/1255 2318/1497/1497 2319/1498/1498
f 9/1255/1255 2319/1498/1498 1581/1499/1499
f 1581/1499/1499 2319/1498/1498 2320/1500/1500
f 1581/1499/1499 2320/1500/1500 1580/1501/1501
f 1580/1501/1501 2320/1500/1500 1579/1502/1502
f 1579/1502/1502 2320/1500/1500 2321/1503/1503
f 1579/1502/1502 2321/1503/1503 1578/1504/1504
f 1578/1504/1504 2321/1503/1503 2322/1505/1505
f 1578/1504/1504 2322/1505/1505 1577/1506/1506
f 1577/1506/1506 2322/1505/1505 2323/1507/1507
f 1577/1506/1506 2323/1507/1507 1576/1508/1508
f 1576/1508/1508 2323/1507/1507 2324/1509/1509
f 1576/1508/1508 2324/1509/1509 1575/1510/1510
f 1575/1510/1510 2324/1509/1509 2325/1511/1511
f 1575/1510/1510 2325/1511/1511 1574/1512/1512
f 1574/1512/1512 2325/1511/1511 2326/1513/1513
f 1574/1512/1512 2326/1513/1513 2327/1514/1514
f 15/1247/1247 1939/1378/1378 13/1496/1496
f 13/1496/1496 1939/1378/1378 1697/1515/1515
f 13/1496/1496 1697/1515/1515 1349/1516/1516
f 1349/1516/1516 1697/1515/1515 1348/1517/1517
f 1348/1517/1517 1697/1515/1515 1698/1518/1518
f 1348/1517/1517 1698/1518/1518 1347/1519/1519
f 1347/1519/1519 1698/1518/1518 1699/1520/1520
f 1347/1519/1519 1699/1520/1520 1346/1521/1521
f 1346/1521/1521 1699/1520/1520 1700/1522/1522
f 1346/1521/1521 1700/1522/1522 1345/1523/1523
f 1345/1523/1523 1700/1522/1522 1701/1524/1524
f 1345/1523/1523 1701/1524/1524 1344/1525/1525
f 1344/1525/1525 1701/1524/1524 1702/1526/1526
f 1344/1525/1525 1702/1526/1526 1343/1527/1527
f 1343/1527/1527 1702/1526/1526 1703/1528/1528
f 1343/1527/1527 1703/1528/1528 1366/1529/1529
f 1366/1529/1529 1703/1528/1528 1704/1530/1530
f 1366/1529/1529 1704/1530/1530 1365/1531/1531
f 1365/1531/1531 1704/1530/1530 1705/1532/1532
f 1365/1531/1531 1705/1532/1532 1364/1533/1533
f 1364/1533/1533 1705/1532/1532 1706/1534/1534
f 1364/1533/1533 1706/1534/1534 1363/1535/1535
f 1363/1535/1535 1706/1534/1534 1707/1536/1536
f 1363/1535/1535 1707/1536/1536 1362/1537/1537
f 1362/1537/1537 1707/1536/1536 1708/1538/1538
f 1362/1537/1537 1708/1538/1538 1361/1539/1539
f 1361/1539/1539 1708/1538/1538 1709/1540/1540
f 1361/1539/1539 1709/1540/1540 2030/1541/1541
f 2030/1541/1541 1709/1540/1540 1785/1542/1542
f 2030/1541/1541 1785/1542/1542 2029/1543/1543
f 2029/1543/1543 1785/1542/1542 1786/1544/1544
f 2029/1543/1543 1786/1544/1544 2028/1545/1545
f 2028/1545/1545 1786/1544/1544 1787/1546/1546
f 2028/1545/1545 1787/1546/1546 2027/1547/1547
f 2027/1547/1547 1787/1546/1546 1788/1548/1548
f 2027/1547/1547 1788/1548/1548 2026/1549/1549
f 2026/1549/1549 1788/1548/1548 1789/1550/1550
f 2026/1549/1549 1789/1550/1550 2025/1551/1551
f 2025/1551/1551 1789/1550/1550 1790/1552/1552
f 2025/1551/1551 1790/1552/1552 2058/1553/1553
f 2058/1553/1553 1790/1552/1552 1791/1554/1554
f 2058/1553/1553 1791/1554/1554 2057/1555/1555
f 2057/1555/1555 1791/1554/1554 1792/1556/1556
f 2057/1555/1555 1792/1556/1556 2056/1557/1557
f 2056/1557/1557 1792/1556/1556 1793/1558/1558
f 2056/1557/1557 1793/1558/1558 2055/1559/1559
f 2055/1559/1559 1793/1558/1558 1794/1560/1560
f 2055/1559/1559 1794/1560/1560 2054/1561/1561
f 2054/1561/1561 1794/1560/1560 1795/1562/1562
f 2054/1561/1561 1795/1562/1562 2064/1563/1563
f 2064/1563/1563 1795/1562/1562 2347/1564/1564
f 2064/1563/1563 2347/1564/1564 2063/1565/1565
f 2063/1565/1565 2347/1564/1564 2348/1566/1566
f 2063/1565/1565 2348/1566/1566 2062/1567/1567
f 2062/1567/1567 2348/1566/1566 2349/1568/1568
f 2062/1567/1567 2349/1568/1568 2061/1569/1569
f 2061/1569/1569 2349/1568/1568 2350/1570/1570
f 2061/1569/1569 2350/1570/1570 2060/1571/1571
f 2060/1571/1571 2350/1570/1570 2351/1572/1572
f 2060/1571/1571 2351/1572/1572 2059/1573/1573
f 2059/1573/1573 2351/1572/1572 2352/1574/1574
f 2059/1573/1573 2352/1574/1574 2092/1575/1575
f 2092/1575/1575 2352/1574/1574 2353/1576/1576
f 2092/1575/1575 2353/1576/1576 2091/1577/1577
f 2091/1577/1577 2353/1576/1576 2354/1578/1578
f 2091/1577/1577 2354/1578/1578 2090/1579/1579
f 2090/1579/1579 2354/1578/1578 2355/1580/1580
f 2090/1579/1579 2355/1580/1580 2089/1581/1581
f 2089/1581/1581 2355/1580/1580 2356/1582/1582
f 2089/1581/1581 2356/1582/1582 2088/1583/1583
f 2088/1583/1583 2356/1582/1582 2357/1584/1584
f 2088/1583/1583 2357/1584/1584 1996/1585/1585
f 1996/1585/1585 2357/1584/1584 1669/1586/1586
f 1996/1585/1585 1669/1586/1586 1995/1587/1587
f 1995/1587/1587 1669/1586/1586 1670/1588/1588
f 1995/1587/1587 1670/1588/1588 1994/1589/1589
f 1994/1589/1589 1670/1588/1588 1671/1590/1590
f 1994/1589/1589 1671/1590/1590 1993/1591/1591
f 1993/1591/1591 1671/1590/1590 1672/1592/1592
f 1993/1591/1591 1672/1592/1592 1992/1593/1593
f 1992/1593/1593 1672/1592/1592 1673/1594/1594
f 1992/1593/1593 1673/1594/1594 1991/1595/1595
f 1991/1595/1595 1673/1594/1594 1674/1596/1596
f 1991/1595/1595 1674/1596/1596 2024/1597/1597
f 2024/1597/1597 1674/1596/1596 1675/1598/1598
f 2024/1597/1597 1675/1598/1598 2023/1599/1599
f 2023/1599/1599 1675/1598/1598 1676/1600/1600
f 2023/1599/1599 1676/1600/1600 2022/1601/1601
f 2022/1601/1601 1676/1600/1600 1677/1602/1602
f 2022/1601/1601 1677/1602/1602 2021/1603/1603
f 2021/1603/1603 1677/1602/1602 1678/1604/1604
f 2021/1603/1603 1678/1604/1604 2020/1605/1605
f 2020/1605/1605 1678/1604/1604 1679/1606/1606
f 2020/1605/1605 1679/1606/1606 2019/1607/1607
f 2019/1607/1607 1679/1606/1606 1680/1608/1608
f 2019/1607/1607 1680/1608/1608 1465/1609/1609
f 1465/1609/1609 1680/1608/1608 1605/1610/1610
f 1465/1609/1609 1605/1610/1610 1464/1611/1611
f 1464/1611/1611 1605/1610/1610 1606/1612/1612
f 1464/1611/1611 1606/1612/1612 1463/1613/1613
f 1463/1613/1613 1606/1612/1612 1607/1614/1614
f 1463/1613/1613 1607/1614/1614 1462/1615/1615
f 1462/1615/1615 1607/1614/1614 1608/1616/1616
f 1462/1615/1615 1608/1616/1616 1461/1617/1617
f 1461/1617/1617 1608/1616/1616 1609/1618/1618
f 1461/1617/1617 1609/1618/1618 1460/1619/1619
f 1460/1619/1619 1609/1618/1618 1610/1620/1620
f 1460/1619/1619 1610/1620/1620 1459/1621/1621
f 1459/1621/1621 1610/1620/1620 1611/1622/1622
f 1459/1621/1621 1611/1622/1622 1482/1623/1623
f 1482/1623/1623 1611/1622/1622 1612/1624/1624
f 1482/1623/1623 1612/1624/1624 1481/1625/1625
f 1481/1625/1625 1612/1624/1624 1613/1626/1626
f 1481/1625/1625 1613/1626/1626 1480/1627/1627
f 1480/1627/1627 1613/1626/1626 1614/1628/1628
f 1480/1627/1627 1614/1628/1628 1479/1629/1629
f 1479/1629/1629 1614/1628/1628 1615/1630/1630
f 1479/1629/1629 1615/1630/1630 1478/1631/1631
f 1478/1631/1631 1615/1630/1630 1616/1632/1632
f 1478/1631/1631 1616/1632/1632 1477/1633/1633
f 1477/1633/1633 1616/1632/1632 1617/1634/1634
f 1477/1633/1633 1617/1634/1634 9/1255/1255
f 9/1255/1255 1617/1634/1634 2387/1495/1495
f 1222/1403/1403 1223/1635/1635 1951/1401/1401
f 1951/1401/1401 1223/1635/1635 1950/1636/1636
f 1950/1636/1636 1223/1635/1635 1224/1637/1637
f 1950/1636/1636 1224/1637/1637 1949/1638/1638
f 1949/1638/1638 1224/1637/1637 1225/1639/1639
f 1949/1638/1638 1225/1639/1639 1948/1640/1640
f 1948/1640/1640 1225/1639/1639 1947/1641/1641
f 1947/1641/1641 1225/1639/1639 1226/1642/1642
f 1947/1641/1641 1226/1642/1642 1946/1643/1643
f 1946/1643/1643 1226/1642/1642 1945/1644/1644
f 1945/1644/1644 1226/1642/1642 1944/1645/1645
f 1944/1645/1645 1226/1642/1642 1227/1646/1646
f 1944/1645/1645 1227/1646/1646 1780/1647/1647
f 1780/1647/1647 1227/1646/1646 1779/1648/1648
f 1779/1648/1648 1227/1646/1646 1228/1649/1649
f 1779/1648/1648 1228/1649/1649 1778/1650/1650
f 1778/1650/1650 1228/1649/1649 1229/1651/1651
f 1778/1650/1650 1229/1651/1651 1777/1652/1652
f 1777/1652/1652 1229/1651/1651 1230/1653/1653
f 1777/1652/1652 1230/1653/1653 1776/1654/1654
f 1776/1654/1654 1230/1653/1653 1231/1655/1655
f 1776/1654/1654 1231/1655/1655 1775/1656/1656
f 1775/1656/1656 1231/1655/1655 1232/1657/1657
f 1775/1656/1656 1232/1657/1657 1774/1658/1658
f 1774/1658/1658 1232/1657/1657 1233/1659/1659
f 1774/1658/1658 1233/1659/1659 1773/1660/1660
f 1773/1660/1660 1233/1659/1659 1234/1661/1661
f 1773/1660/1660 1234/1661/1661 1806/1662/1662
f 1806/1662/1662 1234/1661/1661 1235/1663/1663
f 1806/1662/1662 1235/1663/1663 1805/1664/1664
f 1805/1664/1664 1235/1663/1663 1236/1665/1665
f 1805/1664/1664 1236/1665/1665 1804/1666/1666
f 1804/1666/1666 1236/1665/1665 1237/1667/1667
f 1804/1666/1666 1237/1667/1667 1803/1668/1668
f 1803/1668/1668 1237/1667/1667 1238/1669/1669
f 1803/1668/1668 1238/1669/1669 1802/1670/1670
f 1802/1670/1670 1238/1669/1669 1239/1671/1671
f 1802/1670/1670 1239/1671/1671 1801/1672/1672
f 1801/1672/1672 1239/1671/1671 1240/1673/1673
f 1801/1672/1672 1240/1673/1673 2341/1674/1674
f 2341/1674/1674 1240/1673/1673 1818/1675/1675
f 2341/1674/1674 1818/1675/1675 2340/1676/1676
f 2340/1676/1676 1818/1675/1675 1819/1677/1677
f 2340/1676/1676 1819/1677/1677 2339/1678/1678
f 2339/1678/1678 1819/1677/1677 1820/1679/1679
f 2339/1678/1678 1820/1679/1679 2338/1680/1680
f 2338/1680/1680 1820/1679/1679 1821/1681/1681
f 2338/1680/1680 1821/1681/1681 2337/1682/1682
f 2337/1682/1682 1821/1681/1681 1822/1683/1683
f 2337/1682/1682 1822/1683/1683 2336/1684/1684
f 2336/1684/1684 1822/1683/1683 1823/1685/1685
f 2336/1684/1684 1823/1685/1685 2335/1686/1686
f 2335/1686/1686 1823/1685/1685 1824/1687/1687
f 2335/1686/1686 1824/1687/1687 2368/1688/1688
f 2368/1688/1688 1824/1687/1687 1825/1689/1689
f 2368/1688/1688 1825/1689/1689 2367/1690/1690
f 2367/1690/1690 1825/1689/1689 1826/1691/1691
f 2367/1690/1690 1826/1691/1691 2366/1692/1692
f 2366/1692/1692 1826/1691/1691 1827/1693/1693
f 2366/1692/1692 1827/1693/1693 2365/1694/1694
f 2365/1694/1694 1827/1693/1693 1828/1695/1695
f 2365/1694/1694 1828/1695/1695 2364/1696/1696
f 2364/1696/1696 1828/1695/1695 1829/1697/1697
f 2364/1696/1696 1829/1697/1697 2363/1698/1698
f 2363/1698/1698 1829/1697/1697 1830/1699/1699
f 2363/1698/1698 1830/1699/1699 1663/1700/1700
f 1663/1700/1700 1830/1699/1699 1634/1701/1701
f 1663/1700/1700 1634/1701/1701 1662/1702/1702
f 1662/1702/1702 1634/1701/1701 1635/1703/1703
f 1662/1702/1702 1635/1703/1703 1661/1704/1704
f 1661/1704/1704 1635/1703/1703 1636/1705/1705
f 1661/1704/1704 1636/1705/1705 1660/1706/1706
f 1660/1706/1706 1636/1705/1705 1637/1707/1707
f 1660/1706/1706 1637/1707/1707 1659/1708/1708
f 1659/1708/1708 1637/1707/1707 1638/1709/1709
f 1659/1708/1708 1638/1709/1709 1658/1710/1710
f 1658/1710/1710 1638/1709/1709 1639/1711/1711
f 1658/1710/1710 1639/1711/1711 1657/1712/1712
f 1657/1712/1712 1639/1711/1711 1640/1713/1713
f 1657/1712/1712 1640/1713/1713 1690/1714/1714
f 1690/1714/1714 1640/1713/1713 1641/1715/1715
f 1690/1714/1714 1641/1715/1715 1689/1716/1716
f 1689/1716/1716 1641/1715/1715 1642/1717/1717
f 1689/1716/1716 1642/1717/1717 1688/1718/1718
f 1688/1718/1718 1642/1717/1717 1643/1719/1719
f 1688/1718/1718 1643/1719/1719 1687/1720/1720
f 1687/1720/1720 1643/1719/1719 1644/1721/1721
f 1687/1720/1720 1644/1721/1721 1686/1722/1722
f 1686/1722/1722 1644/1721/1721 1645/1723/1723
f 1686/1722/1722 1645/1723/1723 1685/1724/1724
f 1685/1724/1724 1645/1723/1723 1646/1725/1725
f 1685/1724/1724 1646/1725/1725 1684/1726/1726
f 1684/1726/1726 1646/1725/1725 1647/1727/1727
f 1684/1726/1726 1647/1727/1727 1683/1728/1728
f 1683/1728/1728 1647/1727/1727 1648/1729/1729
f 1683/1728/1728 1648/1729/1729 1601/1730/1730
f 1601/1730/1730 1648/1729/1729 2379/1731/1731
f 1601/1730/1730 2379/1731/1731 1600/1732/1732
f 1600/1732/1732 2379/1731/1731 2380/1733/1733
f 1600/1732/1732 2380/1733/1733 1599/1734/1734
f 1599/1734/1734 2380/1733/1733 2381/1735/1735
f 1599/1734/1734 2381/1735/1735 1622/1736/1736
f 1622/1736/1736 2381/1735/1735 2382/1737/1737
f 1622/1736/1736 2382/1737/1737 1621/1738/1738
f 1621/1738/1738 2382/1737/1737 2383/1739/1739
f 1621/1738/1738 2383/1739/1739 1620/1740/1740
f 1620/1740/1740 2383/1739/1739 2384/1741/1741
f 1620/1740/1740 2384/1741/1741 1619/1742/1742
f 1619/1742/1742 2384/1741/1741 2385/1743/1743
f 1619/1742/1742 2385/1743/1743 1618/1744/1744
f 1618/1744/1744 2385/1743/1743 2386/1745/1745
f 1618/1744/1744 2386/1745/1745 1617/1634/1634
f 1617/1634/1634 2386/1745/1745 2387/1495/1495
f 1240/1673/1673 1241/1746/1746 1818/1675/1675
f 1818/1675/1675 1241/1746/1746 1817/1747/1747
f 1817/1747/1747 1241/1746/1746 1816/1748/1748
f 1816/1748/1748 1241/1746/1746 1242/1749/1749
f 1816/1748/1748 1242/1749/1749 1243/1750/1750
f 1816/1748/1748 1243/1750/1750 1815/1751/1751
f 1815/1751/1751 1243/1750/1750 1244/1752/1752
f 1815/1751/1751 1244/1752/1752 1814/1753/1753
f 1814/1753/1753 1244/1752/1752 1245/1754/1754
f 1814/1753/1753 1245/1754/1754 1813/1755/1755
f 1813/1755/1755 1245/1754/1754 1246/1423/1423
f 1813/1755/1755 1246/1423/1423 1812/1425/1425
f 1274/1756/1756 1251/1757/1757 1723/1758/1758
f 1723/1758/1758 1251/1757/1757 1252/1759/1759
f 1723/1758/1758 1252/1759/1759 1722/1760/1760
f 1722/1760/1760 1252/1759/1759 1354/1761/1761
f 1722/1760/1760 1354/1761/1761 2035/1762/1762
f 2035/1762/1762 1354/1761/1761 2034/1763/1763
f 2034/1763/1763 1354/1761/1761 1355/1764/1764
f 2034/1763/1763 1355/1764/1764 1356/1765/1765
f 1354/1761/1761 1252/1759/1759 1353/1766/1766
f 1353/1766/1766 1252/1759/1759 1253/1767/1767
f 1353/1766/1766 1253/1767/1767 1352/1768/1768
f 1352/1768/1768 1253/1767/1767 1254/1769/1769
f 1352/1768/1768 1254/1769/1769 1351/1770/1770
f 1351/1770/1770 1254/1769/1769 1255/1771/1771
f 1351/1770/1770 1255/1771/1771 1350/1772/1772
f 1350/1772/1772 1255/1771/1771 1256/1773/1773
f 1350/1772/1772 1256/1773/1773 13/1496/1496
f 13/1496/1496 1256/1773/1773 1257/1774/1774
f 13/1496/1496 1257/1774/1774 1258/1775/1775
f 1258/1775/1775 1259/1776/1776 13/1496/1496
f 13/1496/1496 1259/1776/1776 1260/1777/1777
f 13/1496/1496 1260/1777/1777 1261/1778/1778
f 1261/1778/1778 1262/1779/1779 13/1496/1496
f 13/1496/1496 1262/1779/1779 1263/1780/1780
f 13/1496/1496 1263/1780/1780 1264/1781/1781
f 1264/1781/1781 1265/1782/1782 13/1496/1496
f 13/1496/1496 1265/1782/1782 1732/1783/1783
f 13/1496/1496 1732/1783/1783 1733/1784/1784
f 1265/1782/1782 1266/1785/1785 1732/1783/1783
f 1732/1783/1783 1266/1785/1785 1731/1786/1786
f 1731/1786/1786 1266/1785/1785 1730/1787/1787
f 1730/1787/1787 1266/1785/1785 1267/1788/1788
f 1730/1787/1787 1267/1788/1788 1729/1789/1789
f 1729/1789/1789 1267/1788/1788 1268/1790/1790
f 1729/1789/1789 1268/1790/1790 1728/1791/1791
f 1728/1791/1791 1268/1790/1790 1727/1792/1792
f 1727/1792/1792 1268/1790/1790 1269/1793/1793
f 1727/1792/1792 1269/1793/1793 1726/1794/1794
f 1726/1794/1794 1269/1793/1793 1270/1795/1795
f 1726/1794/1794 1270/1795/1795 1725/1796/1796
f 1725/1796/1796 1270/1795/1795 1271/1797/1797
f 1725/1796/1796 1271/1797/1797 1724/1798/1798
f 1724/1798/1798 1271/1797/1797 1272/1799/1799
f 1724/1798/1798 1272/1799/1799 1273/1800/1800
f 1724/1798/1798 1273/1800/1800 1723/1758/1758
f 1723/1758/1758 1273/1800/1800 1274/1756/1756
f 1280/1306/1306 1281/1801/1801 1430/1308/1308
f 1430/1308/1308 1281/1801/1801 1429/1802/1802
f 1429/1802/1802 1281/1801/1801 1282/1803/1803
f 1429/1802/1802 1282/1803/1803 1428/1804/1804
f 1428/1804/1804 1282/1803/1803 1283/1805/1805
f 1428/1804/1804 1283/1805/1805 1427/1806/1806
f 1427/1806/1806 1283/1805/1805 1284/1807/1807
f 1427/1806/1806 1284/1807/1807 1426/1808/1808
f 1426/1808/1808 1284/1807/1807 1425/1809/1809
f 1425/1809/1809 1284/1807/1807 1285/1810/1810
f 1425/1809/1809 1285/1810/1810 1286/1811/1811
f 1287/1812/1812 2214/1813/1813 1286/1811/1811
f 1286/1811/1811 2214/1813/1813 2215/1814/1814
f 1286/1811/1811 2215/1814/1814 1424/1815/1815
f 1424/1815/1815 2215/1814/1814 2121/1816/1816
f 1424/1815/1815 2121/1816/1816 1423/1817/1817
f 1423/1817/1817 2121/1816/1816 2122/1818/1818
f 1423/1817/1817 2122/1818/1818 1422/1819/1819
f 1422/1819/1819 2122/1818/1818 2123/1820/1820
f 1422/1819/1819 2123/1820/1820 1421/1821/1821
f 1421/1821/1821 2123/1820/1820 2124/1822/1822
f 1421/1821/1821 2124/1822/1822 1420/1823/1823
f 1420/1823/1823 2124/1822/1822 2125/1824/1824
f 1420/1823/1823 2125/1824/1824 1419/1825/1825
f 1419/1825/1825 2125/1824/1824 2126/1826/1826
f 1419/1825/1825 2126/1826/1826 1418/1827/1827
f 1418/1827/1827 2126/1826/1826 2093/1828/1828
f 1418/1827/1827 2093/1828/1828 1417/1829/1829
f 1417/1829/1829 2093/1828/1828 2094/1830/1830
f 1417/1829/1829 2094/1830/1830 1416/1831/1831
f 1416/1831/1831 2094/1830/1830 2095/1832/1832
f 1416/1831/1831 2095/1832/1832 1415/1833/1833
f 1415/1833/1833 2095/1832/1832 2096/1834/1834
f 1415/1833/1833 2096/1834/1834 1414/1835/1835
f 1414/1835/1835 2096/1834/1834 2097/1836/1836
f 1414/1835/1835 2097/1836/1836 1413/1837/1837
f 1413/1837/1837 2097/1836/1836 2098/1838/1838
f 1413/1837/1837 2098/1838/1838 1412/1839/1839
f 1412/1839/1839 2098/1838/1838 2099/1840/1840
f 1412/1839/1839 2099/1840/1840 2266/1841/1841
f 2266/1841/1841 2099/1840/1840 1337/1842/1842
f 2266/1841/1841 1337/1842/1842 2265/1843/1843
f 2265/1843/1843 1337/1842/1842 1338/1844/1844
f 2265/1843/1843 1338/1844/1844 2264/1845/1845
f 2264/1845/1845 1338/1844/1844 1339/1846/1846
f 2264/1845/1845 1339/1846/1846 2263/1847/1847
f 2263/1847/1847 1339/1846/1846 1340/1848/1848
f 2263/1847/1847 1340/1848/1848 2262/1849/1849
f 2262/1849/1849 1340/1848/1848 1341/1850/1850
f 2262/1849/1849 1341/1850/1850 2261/1851/1851
f 2261/1851/1851 1341/1850/1850 1342/1852/1852
f 2261/1851/1851 1342/1852/1852 2260/1853/1853
f 2260/1853/1853 1342/1852/1852 1309/1854/1854
f 2260/1853/1853 1309/1854/1854 2259/1855/1855
f 2259/1855/1855 1309/1854/1854 1310/1856/1856
f 2259/1855/1855 1310/1856/1856 2258/1857/1857
f 2258/1857/1857 1310/1856/1856 1311/1858/1858
f 2258/1857/1857 1311/1858/1858 2257/1859/1859
f 2257/1859/1859 1311/1858/1858 1312/1860/1860
f 2257/1859/1859 1312/1860/1860 2256/1861/1861
f 2256/1861/1861 1312/1860/1860 1313/1862/1862
f 2256/1861/1861 1313/1862/1862 2255/1863/1863
f 2255/1863/1863 1313/1862/1862 1314/1864/1864
f 2255/1863/1863 1314/1864/1864 2254/1865/1865
f 2254/1865/1865 1314/1864/1864 1315/1866/1866
f 2254/1865/1865 1315/1866/1866 2253/1867/1867
f 2253/1867/1867 1315/1866/1866 1316/1868/1868
f 2253/1867/1867 1316/1868/1868 2138/1869/1869
f 2138/1869/1869 1316/1868/1868 1508/1870/1870
f 2138/1869/1869 1508/1870/1870 2137/1871/1871
f 2137/1871/1871 1508/1870/1870 1509/1872/1872
f 2137/1871/1871 1509/1872/1872 2136/1873/1873
f 2136/1873/1873 1509/1872/1872 1510/1874/1874
f 2136/1873/1873 1510/1874/1874 2135/1875/1875
f 2135/1875/1875 1510/1874/1874 1511/1876/1876
f 2135/1875/1875 1511/1876/1876 2134/1877/1877
f 2134/1877/1877 1511/1876/1876 1512/1878/1878
f 2134/1877/1877 1512/1878/1878 2133/1376/1376
f 2133/1376/1376 1512/1878/1878 1513/1377/1377
f 2214/1813/1813 1287/1812/1812 2213/1879/1879
f 2213/1879/1879 1287/1812/1812 1288/1880/1880
f 2213/1879/1879 1288/1880/1880 2212/1881/1881
f 2212/1881/1881 1288/1880/1880 1289/1882/1882
f 2212/1881/1881 1289/1882/1882 2211/1883/1883
f 2211/1883/1883 1289/1882/1882 1290/1884/1884
f 2211/1883/1883 1290/1884/1884 2210/1885/1885
f 2210/1885/1885 1290/1884/1884 1291/1886/1886
f 2210/1885/1885 1291/1886/1886 2209/1887/1887
f 2209/1887/1887 1291/1886/1886 1292/1888/1888
f 2209/1887/1887 1292/1888/1888 2242/1889/1889
f 2242/1889/1889 1292/1888/1888 1293/1890/1890
f 2242/1889/1889 1293/1890/1890 2241/1891/1891
f 2241/1891/1891 1293/1890/1890 1294/1892/1892
f 2241/1891/1891 1294/1892/1892 2240/1893/1893
f 2240/1893/1893 1294/1892/1892 1295/1894/1894
f 2240/1893/1893 1295/1894/1894 2239/1895/1895
f 2239/1895/1895 1295/1894/1894 1296/1896/1896
f 2239/1895/1895 1296/1896/1896 2238/1897/1897
f 2238/1897/1897 1296/1896/1896 1297/1898/1898
f 2238/1897/1897 1297/1898/1898 2237/1899/1899
f 2237/1899/1899 1297/1898/1898 1298/1900/1900
f 2237/1899/1899 1298/1900/1900 2236/1901/1901
f 2236/1901/1901 1298/1900/1900 1299/1902/1902
f 2236/1901/1901 1299/1902/1902 2235/1903/1903
f 2235/1903/1903 1299/1902/1902 1300/1904/1904
f 2235/1903/1903 1300/1904/1904 1485/1905/1905
f 1485/1905/1905 1300/1904/1904 2287/1906/1906
f 1485/1905/1905 2287/1906/1906 1484/1907/1907
f 1484/1907/1907 2287/1906/1906 2288/1908/1908
f 1484/1907/1907 2288/1908/1908 1483/1909/1909
f 1483/1909/1909 2288/1908/1908 2289/1910/1910
f 1483/1909/1909 2289/1910/1910 1506/1911/1911
f 1506/1911/1911 2289/1910/1910 2290/1912/1912
f 1506/1911/1911 2290/1912/1912 1505/1913/1913
f 1505/1913/1913 2290/1912/1912 2291/1914/1914
f 1505/1913/1913 2291/1914/1914 1504/1915/1915
f 1504/1915/1915 2291/1914/1914 2292/1916/1916
f 1504/1915/1915 2292/1916/1916 1503/1917/1917
f 1503/1917/1917 2292/1916/1916 2293/1918/1918
f 1503/1917/1917 2293/1918/1918 1502/1919/1919
f 1502/1919/1919 2293/1918/1918 2294/1920/1920
f 1502/1919/1919 2294/1920/1920 1501/1256/1256
f 1501/1256/1256 2294/1920/1920 2295/1257/1257
f 1301/1921/1921 2285/1922/1922 1300/1904/1904
f 1300/1904/1904 2285/1922/1922 2286/1923/1923
f 1300/1904/1904 2286/1923/1923 2287/1906/1906
f 2285/1922/1922 1301/1921/1921 2284/1924/1924
f 2284/1924/1924 1301/1921/1921 1302/1925/1925
f 2284/1924/1924 1302/1925/1925 2283/1282/1282
f 2283/1282/1282 1302/1925/1925 1303/1284/1284
f 1316/1868/1868 1317/1926/1926 1508/1870/1870
f 1508/1870/1870 1317/1926/1926 1507/1927/1927
f 1507/1927/1927 1317/1926/1926 1530/1928/1928
f 1530/1928/1928 1317/1926/1926 1529/1929/1929
f 1529/1929/1929 1317/1926/1926 1318/1930/1930
f 1529/1929/1929 1318/1930/1930 1528/1931/1931
f 1528/1931/1931 1318/1930/1930 1527/1932/1932
f 1527/1932/1932 1318/1930/1930 1319/1933/1933
f 1527/1932/1932 1319/1933/1933 1526/1934/1934
f 1526/1934/1934 1319/1933/1933 1320/1935/1935
f 1526/1934/1934 1320/1935/1935 1525/1402/1402
f 1525/1402/1402 1320/1935/1935 1321/1404/1404
f 1331/1424/1424 1332/1936/1936 2105/1426/1426
f 2105/1426/1426 1332/1936/1936 2104/1937/1937
f 2104/1937/1937 1332/1936/1936 2103/1938/1938
f 2103/1938/1938 1332/1936/1936 1333/1939/1939
f 2103/1938/1938 1333/1939/1939 2102/1940/1940
f 2102/1940/1940 1333/1939/1939 1334/1941/1941
f 2102/1940/1940 1334/1941/1941 1335/1942/1942
f 2102/1940/1940 1335/1942/1942 2101/1943/1943
f 2101/1943/1943 1335/1942/1942 1336/1944/1944
f 2101/1943/1943 1336/1944/1944 2100/1945/1945
f 2100/1945/1945 1336/1944/1944 1337/1842/1842
f 2100/1945/1945 1337/1842/1842 2099/1840/1840
f 1349/1516/1516 1350/1772/1772 13/1496/1496
f 1356/1765/1765 1357/1946/1946 2034/1763/1763
f 2034/1763/1763 1357/1946/1946 2033/1947/1947
f 2033/1947/1947 1357/1946/1946 1358/1948/1948
f 2033/1947/1947 1358/1948/1948 1359/1949/1949
f 2033/1947/1947 1359/1949/1949 2032/1950/1950
f 2032/1950/1950 1359/1949/1949 1360/1951/1951
f 2032/1950/1950 1360/1951/1951 2031/1952/1952
f 2031/1952/1952 1360/1951/1951 1361/1539/1539
f 2031/1952/1952 1361/1539/1539 2030/1541/1541
f 1368/1953/1953 1881/1954/1954 1367/1955/1955
f 1367/1955/1955 1881/1954/1954 1882/1956/1956
f 1367/1955/1955 1882/1956/1956 1400/1957/1957
f 1400/1957/1957 1882/1956/1956 1883/1958/1958
f 1400/1957/1957 1883/1958/1958 1399/1959/1959
f 1399/1959/1959 1883/1958/1958 1884/1960/1960
f 1399/1959/1959 1884/1960/1960 1398/1961/1961
f 1398/1961/1961 1884/1960/1960 1885/1962/1962
f 1398/1961/1961 1885/1962/1962 1397/1963/1963
f 1397/1963/1963 1885/1962/1962 1886/1964/1964
f 1397/1963/1963 1886/1964/1964 1396/1965/1965
f 1396/1965/1965 1886/1964/1964 1887/1966/1966
f 1396/1965/1965 1887/1966/1966 1395/1967/1967
f 1395/1967/1967 1887/1966/1966 1888/1968/1968
f 1395/1967/1967 1888/1968/1968 2157/1969/1969
f 2157/1969/1969 1888/1968/1968 1968/1970/1970
f 2157/1969/1969 1968/1970/1970 2156/1971/1971
f 2156/1971/1971 1968/1970/1970 1969/1972/1972
f 2156/1971/1971 1969/1972/1972 2155/1973/1973
f 2155/1973/1973 1969/1972/1972 1970/1974/1974
f 2155/1973/1973 1970/1974/1974 2154/1975/1975
f 2154/1975/1975 1970/1974/1974 1971/1976/1976
f 2154/1975/1975 1971/1976/1976 2153/1977/1977
f 2153/1977/1977 1971/1976/1976 1972/1978/1978
f 2153/1977/1977 1972/1978/1978 2152/1979/1979
f 2152/1979/1979 1972/1978/1978 1973/1980/1980
f 2152/1979/1979 1973/1980/1980 2151/1981/1981
f 2151/1981/1981 1973/1980/1980 1974/1982/1982
f 2151/1981/1981 1974/1982/1982 2184/1983/1983
f 2184/1983/1983 1974/1982/1982 1975/1984/1984
f 2184/1983/1983 1975/1984/1984 2183/1985/1985
f 2183/1985/1985 1975/1984/1984 1976/1986/1986
f 2183/1985/1985 1976/1986/1986 2182/1987/1987
f 2182/1987/1987 1976/1986/1986 1977/1988/1988
f 2182/1987/1987 1977/1988/1988 2181/1989/1989
f 2181/1989/1989 1977/1988/1988 1978/1990/1990
f 2181/1989/1989 1978/1990/1990 2180/1991/1991
f 2180/1991/1991 1978/1990/1990 1979/1992/1992
f 2180/1991/1991 1979/1992/1992 2179/1993/1993
f 2179/1993/1993 1979/1992/1992 1980/1994/1994
f 2179/1993/1993 1980/1994/1994 2178/1995/1995
f 2178/1995/1995 1980/1994/1994 1981/1996/1996
f 2178/1995/1995 1981/1996/1996 2177/1997/1997
f 2177/1997/1997 1981/1996/1996 1982/1998/1998
f 2177/1997/1997 1982/1998/1998 1437/1999/1999
f 1437/1999/1999 1982/1998/1998 2403/2000/2000
f 1437/1999/1999 2403/2000/2000 1436/2001/2001
f 1436/2001/2001 2403/2000/2000 2404/2002/2002
f 1436/2001/2001 2404/2002/2002 1435/2003/2003
f 1435/2003/2003 2404/2002/2002 2405/2004/2004
f 1435/2003/2003 2405/2004/2004 1458/2005/2005
f 1458/2005/2005 2405/2004/2004 2406/2006/2006
f 1458/2005/2005 2406/2006/2006 1457/2007/2007
f 1457/2007/2007 2406/2006/2006 2407/2008/2008
f 1457/2007/2007 2407/2008/2008 1456/2009/2009
f 1456/2009/2009 2407/2008/2008 2408/2010/2010
f 1456/2009/2009 2408/2010/2010 1455/2011/2011
f 1455/2011/2011 2408/2010/2010 2409/2012/2012
f 1455/2011/2011 2409/2012/2012 1454/2013/2013
f 1454/2013/2013 2409/2012/2012 2410/2014/2014
f 1454/2013/2013 2410/2014/2014 10/1245/1245
f 10/1245/1245 2410/2014/2014 2411/2015/2015
f 10/1245/1245 2411/2015/2015 2412/2016/2016
f 1881/1954/1954 1368/1953/1953 1880/2017/2017
f 1880/2017/2017 1368/1953/1953 1369/2018/2018
f 1880/2017/2017 1369/2018/2018 1879/2019/2019
f 1879/2019/2019 1369/2018/2018 1370/2020/2020
f 1879/2019/2019 1370/2020/2020 1878/2021/2021
f 1878/2021/2021 1370/2020/2020 1371/2022/2022
f 1878/2021/2021 1371/2022/2022 1877/2023/2023
f 1877/2023/2023 1371/2022/2022 1372/2024/2024
f 1877/2023/2023 1372/2024/2024 1876/2025/2025
f 1876/2025/2025 1372/2024/2024 1373/2026/2026
f 1876/2025/2025 1373/2026/2026 1922/2027/2027
f 1922/2027/2027 1373/2026/2026 1559/2028/2028
f 1922/2027/2027 1559/2028/2028 1921/2029/2029
f 1921/2029/2029 1559/2028/2028 1560/2030/2030
f 1921/2029/2029 1560/2030/2030 1920/2031/2031
f 1920/2031/2031 1560/2030/2030 1561/2032/2032
f 1920/2031/2031 1561/2032/2032 1919/2033/2033
f 1919/2033/2033 1561/2032/2032 1562/2034/2034
f 1919/2033/2033 1562/2034/2034 1918/2035/2035
f 1918/2035/2035 1562/2034/2034 1563/2036/2036
f 1918/2035/2035 1563/2036/2036 1917/2037/2037
f 1917/2037/2037 1563/2036/2036 1564/2038/2038
f 1917/2037/2037 1564/2038/2038 1916/2039/2039
f 1916/2039/2039 1564/2038/2038 1531/2040/2040
f 1916/2039/2039 1531/2040/2040 1915/2041/2041
f 1915/2041/2041 1531/2040/2040 1532/2042/2042
f 1915/2041/2041 1532/2042/2042 1914/2043/2043
f 1914/2043/2043 1532/2042/2042 1533/2044/2044
f 1914/2043/2043 1533/2044/2044 1913/2045/2045
f 1913/2045/2045 1533/2044/2044 1534/2046/2046
f 1913/2045/2045 1534/2046/2046 1912/2047/2047
f 1912/2047/2047 1534/2046/2046 1535/2048/2048
f 1912/2047/2047 1535/2048/2048 1911/2049/2049
f 1911/2049/2049 1535/2048/2048 1536/2050/2050
f 1911/2049/2049 1536/2050/2050 1910/2051/2051
f 1910/2051/2051 1536/2050/2050 1537/2052/2052
f 1910/2051/2051 1537/2052/2052 1909/2053/2053
f 1909/2053/2053 1537/2052/2052 1538/2054/2054
f 1909/2053/2053 1538/2054/2054 1852/2055/2055
f 1852/2055/2055 1538/2054/2054 2186/2056/2056
f 1852/2055/2055 2186/2056/2056 1851/2057/2057
f 1851/2057/2057 2186/2056/2056 2187/2058/2058
f 1851/2057/2057 2187/2058/2058 1850/2059/2059
f 1850/2059/2059 2187/2058/2058 2188/2060/2060
f 1850/2059/2059 2188/2060/2060 1849/2061/2061
f 1849/2061/2061 2188/2060/2060 2189/2062/2062
f 1849/2061/2061 2189/2062/2062 1848/2063/2063
f 1848/2063/2063 2189/2062/2062 2190/2064/2064
f 1848/2063/2063 2190/2064/2064 15/1247/1247
f 15/1247/1247 2190/2064/2064 2191/1375/1375
f 1373/2026/2026 1374/2065/2065 1559/2028/2028
f 1559/2028/2028 1374/2065/2065 1558/2066/2066
f 1558/2066/2066 1374/2065/2065 1375/2067/2067
f 1558/2066/2066 1375/2067/2067 1557/2068/2068
f 1557/2068/2068 1375/2067/2067 1376/2069/2069
f 1557/2068/2068 1376/2069/2069 1556/2070/2070
f 1556/2070/2070 1376/2069/2069 1555/2071/2071
f 1555/2071/2071 1376/2069/2069 1377/2072/2072
f 1555/2071/2071 1377/2072/2072 1554/2073/2073
f 1554/2073/2073 1377/2072/2072 1378/2074/2074
f 1554/2073/2073 1378/2074/2074 1379/1327/1327
f 1389/1307/1307 1390/2075/2075 2163/1305/1305
f 2163/1305/1305 1390/2075/2075 2162/2076/2076
f 2162/2076/2076 1390/2075/2075 2161/2077/2077
f 2161/2077/2077 1390/2075/2075 1391/2078/2078
f 2161/2077/2077 1391/2078/2078 2160/2079/2079
f 2160/2079/2079 1391/2078/2078 1392/2080/2080
f 2160/2079/2079 1392/2080/2080 1393/2081/2081
f 2160/2079/2079 1393/2081/2081 2159/2082/2082
f 2159/2082/2082 1393/2081/2081 1394/2083/2083
f 2159/2082/2082 1394/2083/2083 2158/2084/2084
f 2158/2084/2084 1394/2083/2083 1395/1967/1967
f 2158/2084/2084 1395/1967/1967 2157/1969/1969
f 1406/1328/1328 1407/2085/2085 2272/1330/1330
f 2272/1330/1330 1407/2085/2085 2271/2086/2086
f 2271/2086/2086 1407/2085/2085 1408/2087/2087
f 2271/2086/2086 1408/2087/2087 2270/2088/2088
f 2270/2088/2088 1408/2087/2087 1409/2089/2089
f 2270/2088/2088 1409/2089/2089 2269/2090/2090
f 2269/2090/2090 1409/2089/2089 1410/2091/2091
f 2269/2090/2090 1410/2091/2091 2268/2092/2092
f 2268/2092/2092 1410/2091/2091 2267/2093/2093
f 2267/2093/2093 1410/2091/2091 1411/2094/2094
f 2267/2093/2093 1411/2094/2094 1412/1839/1839
f 1424/1815/1815 1425/1809/1809 1286/1811/1811
f 1437/1999/1999 1438/2095/2095 2177/1997/1997
f 2177/1997/1997 1438/2095/2095 1439/2096/2096
f 2177/1997/1997 1439/2096/2096 2176/2097/2097
f 2176/2097/2097 1439/2096/2096 1440/2098/2098
f 2176/2097/2097 1440/2098/2098 2175/2099/2099
f 2175/2099/2099 1440/2098/2098 1441/1281/1281
f 2175/2099/2099 1441/1281/1281 2174/1283/1283
f 1453/1258/1258 1454/2013/2013 10/1245/1245
f 2019/1607/1607 1465/1609/1609 2018/2100/2100
f 2018/2100/2100 1465/1609/1609 1466/2101/2101
f 2018/2100/2100 1466/2101/2101 2017/2102/2102
f 2017/2102/2102 1466/2101/2101 1467/2103/2103
f 2017/2102/2102 1467/2103/2103 2016/2104/2104
f 2016/2104/2104 1467/2103/2103 1468/2105/2105
f 2016/2104/2104 1468/2105/2105 1469/2106/2106
f 1470/2107/2107 1750/2108/2108 1469/2106/2106
f 1469/2106/2106 1750/2108/2108 1751/2109/2109
f 1469/2106/2106 1751/2109/2109 2016/2104/2104
f 2016/2104/2104 1751/2109/2109 1591/2110/2110
f 2016/2104/2104 1591/2110/2110 2015/2111/2111
f 2015/2111/2111 1591/2110/2110 1592/2112/2112
f 2015/2111/2111 1592/2112/2112 2014/2113/2113
f 2014/2113/2113 1592/2112/2112 1593/2114/2114
f 2014/2113/2113 1593/2114/2114 2013/2115/2115
f 2013/2115/2115 1593/2114/2114 1594/2116/2116
f 2013/2115/2115 1594/2116/2116 2012/2117/2117
f 2012/2117/2117 1594/2116/2116 1595/2118/2118
f 2012/2117/2117 1595/2118/2118 2011/2119/2119
f 2011/2119/2119 1595/2118/2118 1596/2120/2120
f 2011/2119/2119 1596/2120/2120 2010/2121/2121
f 2010/2121/2121 1596/2120/2120 1597/2122/2122
f 2010/2121/2121 1597/2122/2122 2009/2123/2123
f 2009/2123/2123 1597/2122/2122 1598/2124/2124
f 2009/2123/2123 1598/2124/2124 2008/2125/2125
f 2008/2125/2125 1598/2124/2124 1565/2126/2126
f 2008/2125/2125 1565/2126/2126 2007/2127/2127
f 2007/2127/2127 1565/2126/2126 1566/2128/2128
f 2007/2127/2127 1566/2128/2128 2006/2129/2129
f 2006/2129/2129 1566/2128/2128 1567/2130/2130
f 2006/2129/2129 1567/2130/2130 2005/2131/2131
f 2005/2131/2131 1567/2130/2130 1568/2132/2132
f 2005/2131/2131 1568/2132/2132 2004/2133/2133
f 2004/2133/2133 1568/2132/2132 1569/2134/2134
f 2004/2133/2133 1569/2134/2134 2003/2135/2135
f 2003/2135/2135 1569/2134/2134 1570/2136/2136
f 2003/2135/2135 1570/2136/2136 2002/2137/2137
f 2002/2137/2137 1570/2136/2136 1571/2138/2138
f 2002/2137/2137 1571/2138/2138 2082/2139/2139
f 2082/2139/2139 1571/2138/2138 2329/2140/2140
f 2082/2139/2139 2329/2140/2140 2081/2141/2141
f 2081/2141/2141 2329/2140/2140 2330/2142/2142
f 2081/2141/2141 2330/2142/2142 2080/2143/2143
f 2080/2143/2143 2330/2142/2142 2331/2144/2144
f 2080/2143/2143 2331/2144/2144 2079/2145/2145
f 2079/2145/2145 2331/2144/2144 2332/2146/2146
f 2079/2145/2145 2332/2146/2146 2078/2147/2147
f 2078/2147/2147 2332/2146/2146 2333/2148/2148
f 2078/2147/2147 2333/2148/2148 2077/2149/2149
f 2077/2149/2149 2333/2148/2148 2334/2150/2150
f 2077/2149/2149 2334/2150/2150 2076/2151/2151
f 2076/2151/2151 2334/2150/2150 2301/2152/2152
f 2076/2151/2151 2301/2152/2152 2075/2153/2153
f 2075/2153/2153 2301/2152/2152 2302/2154/2154
f 2075/2153/2153 2302/2154/2154 2074/2155/2155
f 2074/2155/2155 2302/2154/2154 2303/2156/2156
f 2074/2155/2155 2303/2156/2156 2073/2157/2157
f 2073/2157/2157 2303/2156/2156 2304/2158/2158
f 2073/2157/2157 2304/2158/2158 2072/2159/2159
f 2072/2159/2159 2304/2158/2158 2305/2160/2160
f 2072/2159/2159 2305/2160/2160 2071/2161/2161
f 2071/2161/2161 2305/2160/2160 2306/2162/2162
f 2071/2161/2161 2306/2162/2162 2070/2163/2163
f 2070/2163/2163 2306/2162/2162 2307/2164/2164
f 2070/2163/2163 2307/2164/2164 2048/2165/2165
f 2048/2165/2165 2307/2164/2164 1743/2166/2166
f 2048/2165/2165 1743/2166/2166 2047/2167/2167
f 2047/2167/2167 1743/2166/2166 1744/2168/2168
f 2047/2167/2167 1744/2168/2168 2046/2169/2169
f 2046/2169/2169 1744/2168/2168 1745/2170/2170
f 2046/2169/2169 1745/2170/2170 2045/2171/2171
f 2045/2171/2171 1745/2170/2170 1746/2172/2172
f 2045/2171/2171 1746/2172/2172 2044/2173/2173
f 2044/2173/2173 1746/2172/2172 1747/2174/2174
f 2044/2173/2173 1747/2174/2174 2043/2175/2175
f 2043/2175/2175 1747/2174/2174 1748/2176/2176
f 2043/2175/2175 1748/2176/2176 2042/2177/2177
f 2042/2177/2177 1748/2176/2176 1715/2178/2178
f 2042/2177/2177 1715/2178/2178 2041/2179/2179
f 2041/2179/2179 1715/2178/2178 1716/2180/2180
f 2041/2179/2179 1716/2180/2180 2040/2181/2181
f 2040/2181/2181 1716/2180/2180 1717/2182/2182
f 2040/2181/2181 1717/2182/2182 2039/2183/2183
f 2039/2183/2183 1717/2182/2182 1718/2184/2184
f 2039/2183/2183 1718/2184/2184 2038/2185/2185
f 2038/2185/2185 1718/2184/2184 1719/2186/2186
f 2038/2185/2185 1719/2186/2186 2037/2187/2187
f 2037/2187/2187 1719/2186/2186 1720/2188/2188
f 2037/2187/2187 1720/2188/2188 2036/2189/2189
f 2036/2189/2189 1720/2188/2188 1721/2190/2190
f 2036/2189/2189 1721/2190/2190 2035/1762/1762
f 2035/1762/1762 1721/2190/2190 1722/1760/1760
f 1750/2108/2108 1470/2107/2107 1749/2191/2191
f 1749/2191/2191 1470/2107/2107 1471/2192/2192
f 1749/2191/2191 1471/2192/2192 1772/2193/2193
f 1772/2193/2193 1471/2192/2192 1472/2194/2194
f 1772/2193/2193 1472/2194/2194 1771/2195/2195
f 1771/2195/2195 1472/2194/2194 1473/2196/2196
f 1771/2195/2195 1473/2196/2196 1770/2197/2197
f 1770/2197/2197 1473/2196/2196 1474/2198/2198
f 1770/2197/2197 1474/2198/2198 1769/2199/2199
f 1769/2199/2199 1474/2198/2198 1475/2200/2200
f 1769/2199/2199 1475/2200/2200 1768/2201/2201
f 1768/2201/2201 1475/2200/2200 1476/2202/2202
f 1768/2201/2201 1476/2202/2202 9/1255/1255
f 9/1255/1255 1476/2202/2202 1477/1633/1633
f 1485/1905/1905 1486/2203/2203 2235/1903/1903
f 2235/1903/1903 1486/2203/2203 1487/2204/2204
f 2235/1903/1903 1487/2204/2204 2234/2205/2205
f 2234/2205/2205 1487/2204/2204 1488/2206/2206
f 2234/2205/2205 1488/2206/2206 2233/2207/2207
f 2233/2207/2207 1488/2206/2206 1489/1472/1472
f 2233/2207/2207 1489/1472/1472 2232/1470/1470
f 1538/2054/2054 1539/2208/2208 2186/2056/2056
f 2186/2056/2056 1539/2208/2208 2185/2209/2209
f 2185/2209/2209 1539/2208/2208 2208/2210/2210
f 2208/2210/2210 1539/2208/2208 2207/2211/2211
f 2207/2211/2211 1539/2208/2208 1540/2212/2212
f 2207/2211/2211 1540/2212/2212 2206/2213/2213
f 2206/2213/2213 1540/2212/2212 2205/2214/2214
f 2205/2214/2214 1540/2212/2212 1541/2215/2215
f 2205/2214/2214 1541/2215/2215 2204/2216/2216
f 2204/2216/2216 1541/2215/2215 1542/2217/2217
f 2204/2216/2216 1542/2217/2217 2203/1351/1351
f 2203/1351/1351 1542/2217/2217 1543/1349/1349
f 1553/1329/1329 1554/2073/2073 1379/1327/1327
f 1571/2138/2138 1572/2218/2218 2329/2140/2140
f 2329/2140/2140 1572/2218/2218 2328/2219/2219
f 2328/2219/2219 1572/2218/2218 1573/2220/2220
f 2328/2219/2219 1573/2220/2220 2327/1514/1514
f 2327/1514/1514 1573/2220/2220 1574/1512/1512
f 1581/1499/1499 1582/2221/2221 9/1255/1255
f 9/1255/1255 1582/2221/2221 1583/2222/2222
f 9/1255/1255 1583/2222/2222 1758/2223/2223
f 1758/2223/2223 1583/2222/2222 1584/2224/2224
f 1758/2223/2223 1584/2224/2224 1585/2225/2225
f 1758/2223/2223 1585/2225/2225 1757/2226/2226
f 1757/2226/2226 1585/2225/2225 1586/2227/2227
f 1757/2226/2226 1586/2227/2227 1756/2228/2228
f 1756/2228/2228 1586/2227/2227 1587/2229/2229
f 1756/2228/2228 1587/2229/2229 1588/2230/2230
f 1756/2228/2228 1588/2230/2230 1755/2231/2231
f 1755/2231/2231 1588/2230/2230 1589/2232/2232
f 1755/2231/2231 1589/2232/2232 1754/2233/2233
f 1754/2233/2233 1589/2232/2232 1590/2234/2234
f 1754/2233/2233 1590/2234/2234 1753/2235/2235
f 1753/2235/2235 1590/2234/2234 1591/2110/2110
f 1753/2235/2235 1591/2110/2110 1752/2236/2236
f 1752/2236/2236 1591/2110/2110 1751/2109/2109
f 1601/1730/1730 1602/2237/2237 1683/1728/1728
f 1683/1728/1728 1602/2237/2237 1603/2238/2238
f 1683/1728/1728 1603/2238/2238 1682/2239/2239
f 1682/2239/2239 1603/2238/2238 1604/2240/2240
f 1682/2239/2239 1604/2240/2240 1681/2241/2241
f 1681/2241/2241 1604/2240/2240 1605/1610/1610
f 1681/2241/2241 1605/1610/1610 1680/1608/1608
f 1628/1447/1447 1629/2242/2242 1836/1445/1445
f 1836/1445/1445 1629/2242/2242 1835/2243/2243
f 1835/2243/2243 1629/2242/2242 1630/2244/2244
f 1835/2243/2243 1630/2244/2244 1834/2245/2245
f 1834/2245/2245 1630/2244/2244 1631/2246/2246
f 1834/2245/2245 1631/2246/2246 1833/2247/2247
f 1833/2247/2247 1631/2246/2246 1632/2248/2248
f 1833/2247/2247 1632/2248/2248 1832/2249/2249
f 1832/2249/2249 1632/2248/2248 1831/2250/2250
f 1831/2250/2250 1632/2248/2248 1633/2251/2251
f 1831/2250/2250 1633/2251/2251 1634/1701/1701
f 1649/2252/2252 2377/2253/2253 1648/1729/1729
f 1648/1729/1729 2377/2253/2253 2378/2254/2254
f 1648/1729/1729 2378/2254/2254 2379/1731/1731
f 2377/2253/2253 1649/2252/2252 2376/2255/2255
f 2376/2255/2255 1649/2252/2252 1650/2256/2256
f 2376/2255/2255 1650/2256/2256 2375/1471/1471
f 2375/1471/1471 1650/2256/2256 1651/1469/1469
f 1663/1700/1700 1664/2257/2257 2363/1698/1698
f 2363/1698/1698 1664/2257/2257 2362/2258/2258
f 2362/2258/2258 1664/2257/2257 1665/2259/2259
f 2362/2258/2258 1665/2259/2259 2361/2260/2260
f 2361/2260/2260 1665/2259/2259 1666/2261/2261
f 2361/2260/2260 1666/2261/2261 2360/2262/2262
f 2360/2262/2262 1666/2261/2261 2359/2263/2263
f 2359/2263/2263 1666/2261/2261 1667/2264/2264
f 2359/2263/2263 1667/2264/2264 2358/2265/2265
f 2358/2265/2265 1667/2264/2264 1668/2266/2266
f 2358/2265/2265 1668/2266/2266 1669/1586/1586
f 1714/2267/2267 1691/2268/2268 1781/2269/2269
f 1781/2269/2269 1691/2268/2268 1692/2270/2270
f 1781/2269/2269 1692/2270/2270 1780/1647/1647
f 1780/1647/1647 1692/2270/2270 1944/1645/1645
f 1944/1645/1645 1692/2270/2270 1943/2271/2271
f 1943/2271/2271 1692/2270/2270 1693/2272/2272
f 1943/2271/2271 1693/2272/2272 1942/2273/2273
f 1942/2273/2273 1693/2272/2272 1694/2274/2274
f 1942/2273/2273 1694/2274/2274 1941/2275/2275
f 1941/2275/2275 1694/2274/2274 1695/2276/2276
f 1941/2275/2275 1695/2276/2276 1940/2277/2277
f 1940/2277/2277 1695/2276/2276 1696/2278/2278
f 1940/2277/2277 1696/2278/2278 1939/1378/1378
f 1939/1378/1378 1696/2278/2278 1697/1515/1515
f 1785/1542/1542 1709/1540/1540 1784/2279/2279
f 1784/2279/2279 1709/1540/1540 1710/2280/2280
f 1784/2279/2279 1710/2280/2280 1783/2281/2281
f 1783/2281/2281 1710/2280/2280 1711/2282/2282
f 1783/2281/2281 1711/2282/2282 1782/2283/2283
f 1782/2283/2283 1711/2282/2282 1712/2284/2284
f 1782/2283/2283 1712/2284/2284 1713/2285/2285
f 1782/2283/2283 1713/2285/2285 1781/2269/2269
f 1781/2269/2269 1713/2285/2285 1714/2267/2267
f 13/1496/1496 1733/1784/1784 2317/2286/2286
f 2317/2286/2286 1733/1784/1784 1734/2287/2287
f 2317/2286/2286 1734/2287/2287 2316/2288/2288
f 2316/2288/2288 1734/2287/2287 1735/2289/2289
f 2316/2288/2288 1735/2289/2289 2315/2290/2290
f 2315/2290/2290 1735/2289/2289 2314/2291/2291
f 2314/2291/2291 1735/2289/2289 1736/2292/2292
f 2314/2291/2291 1736/2292/2292 2313/2293/2293
f 2313/2293/2293 1736/2292/2292 1737/2294/2294
f 2313/2293/2293 1737/2294/2294 2312/2295/2295
f 2312/2295/2295 1737/2294/2294 1738/2296/2296
f 2312/2295/2295 1738/2296/2296 2311/2297/2297
f 2311/2297/2297 1738/2296/2296 1739/2298/2298
f 2311/2297/2297 1739/2298/2298 2310/2299/2299
f 2310/2299/2299 1739/2298/2298 1740/2300/2300
f 2310/2299/2299 1740/2300/2300 1741/2301/2301
f 2310/2299/2299 1741/2301/2301 2309/2302/2302
f 2309/2302/2302 1741/2301/2301 1742/2303/2303
f 2309/2302/2302 1742/2303/2303 2308/2304/2304
f 2308/2304/2304 1742/2303/2303 1743/2166/2166
f 2308/2304/2304 1743/2166/2166 2307/2164/2164
f 1758/2223/2223 1759/2305/2305 9/1255/1255
f 9/1255/1255 1759/2305/2305 1760/2306/2306
f 9/1255/1255 1760/2306/2306 1761/2307/2307
f 1761/2307/2307 1762/2308/2308 9/1255/1255
f 9/1255/1255 1762/2308/2308 1763/2309/2309
f 9/1255/1255 1763/2309/2309 1764/2310/2310
f 1764/2310/2310 1765/2311/2311 9/1255/1255
f 9/1255/1255 1765/2311/2311 1766/2312/2312
f 9/1255/1255 1766/2312/2312 1767/2313/2313
f 1767/2313/2313 1768/2201/2201 9/1255/1255
f 1795/1562/1562 1796/2314/2314 2347/1564/1564
f 2347/1564/1564 1796/2314/2314 2346/2315/2315
f 2346/2315/2315 1796/2314/2314 2345/2316/2316
f 2345/2316/2316 1796/2314/2314 1797/2317/2317
f 2345/2316/2316 1797/2317/2317 2344/2318/2318
f 2344/2318/2318 1797/2317/2317 1798/2319/2319
f 2344/2318/2318 1798/2319/2319 1799/2320/2320
f 2344/2318/2318 1799/2320/2320 2343/2321/2321
f 2343/2321/2321 1799/2320/2320 1800/2322/2322
f 2343/2321/2321 1800/2322/2322 2342/2323/2323
f 2342/2323/2323 1800/2322/2322 1801/1672/1672
f 2342/2323/2323 1801/1672/1672 2341/1674/1674
f 1830/1699/1699 1831/2250/2250 1634/1701/1701
f 1864/2324/2324 1841/2325/2325 15/1247/1247
f 15/1247/1247 1841/2325/2325 1842/2326/2326
f 15/1247/1247 1842/2326/2326 1843/2327/2327
f 1843/2327/2327 1844/2328/2328 15/1247/1247
f 15/1247/1247 1844/2328/2328 1845/2329/2329
f 15/1247/1247 1845/2329/2329 1846/2330/2330
f 1846/2330/2330 1847/2331/2331 15/1247/1247
f 15/1247/1247 1847/2331/2331 1848/2063/2063
f 1909/2053/2053 1852/2055/2055 1908/2332/2332
f 1908/2332/2332 1852/2055/2055 1853/2333/2333
f 1908/2332/2332 1853/2333/2333 1854/2334/2334
f 1854/2334/2334 1855/2335/2335 1908/2332/2332
f 1908/2332/2332 1855/2335/2335 1907/2336/2336
f 1907/2336/2336 1855/2335/2335 1856/2337/2337
f 1907/2336/2336 1856/2337/2337 1857/2338/2338
f 1907/2336/2336 1857/2338/2338 1906/2339/2339
f 1906/2339/2339 1857/2338/2338 1858/2340/2340
f 1906/2339/2339 1858/2340/2340 1905/2341/2341
f 1905/2341/2341 1858/2340/2340 1859/2342/2342
f 1905/2341/2341 1859/2342/2342 1904/2343/2343
f 1904/2343/2343 1859/2342/2342 1860/2344/2344
f 1904/2343/2343 1860/2344/2344 1903/2345/2345
f 1903/2345/2345 1860/2344/2344 1902/2346/2346
f 1902/2346/2346 1860/2344/2344 1861/2347/2347
f 1902/2346/2346 1861/2347/2347 1901/2348/2348
f 1901/2348/2348 1861/2347/2347 1862/2349/2349
f 1901/2348/2348 1862/2349/2349 1900/2350/2350
f 1900/2350/2350 1862/2349/2349 1899/2351/2351
f 1899/2351/2351 1862/2349/2349 1863/2352/2352
f 1899/2351/2351 1863/2352/2352 15/1247/1247
f 15/1247/1247 1863/2352/2352 1864/2324/2324
f 1930/1252/1252 1869/1254/1254 1929/2353/2353
f 1929/2353/2353 1869/1254/1254 1870/2354/2354
f 1929/2353/2353 1870/2354/2354 1928/2355/2355
f 1928/2355/2355 1870/2354/2354 1871/2356/2356
f 1928/2355/2355 1871/2356/2356 1927/2357/2357
f 1927/2357/2357 1871/2356/2356 1872/2358/2358
f 1927/2357/2357 1872/2358/2358 1926/2359/2359
f 1926/2359/2359 1872/2358/2358 1873/2360/2360
f 1926/2359/2359 1873/2360/2360 1925/2361/2361
f 1925/2361/2361 1873/2360/2360 1874/2362/2362
f 1925/2361/2361 1874/2362/2362 1924/2363/2363
f 1924/2363/2363 1874/2362/2362 1923/2364/2364
f 1923/2364/2364 1874/2362/2362 1875/2365/2365
f 1923/2364/2364 1875/2365/2365 1876/2025/2025
f 1888/1968/1968 1889/2366/2366 1968/1970/1970
f 1968/1970/1970 1889/2366/2366 1967/2367/2367
f 1967/2367/2367 1889/2366/2366 1966/2368/2368
f 1966/2368/2368 1889/2366/2366 1890/2369/2369
f 1966/2368/2368 1890/2369/2369 1891/2370/2370
f 1966/2368/2368 1891/2370/2370 1965/2371/2371
f 1965/2371/2371 1891/2370/2370 1892/2372/2372
f 1965/2371/2371 1892/2372/2372 1964/2373/2373
f 1964/2373/2373 1892/2372/2372 1893/2374/2374
f 1964/2373/2373 1893/2374/2374 1963/2375/2375
f 1963/2375/2375 1893/2374/2374 1894/2376/2376
f 1963/2375/2375 1894/2376/2376 1962/2377/2377
f 1962/2377/2377 1894/2376/2376 1895/2378/2378
f 1962/2377/2377 1895/2378/2378 1961/2379/2379
f 1961/2379/2379 1895/2378/2378 1896/2380/2380
f 1961/2379/2379 1896/2380/2380 1960/2381/2381
f 1960/2381/2381 1896/2380/2380 1897/2382/2382
f 1960/2381/2381 1897/2382/2382 1959/2383/2383
f 1959/2383/2383 1897/2382/2382 1958/2384/2384
f 1958/2384/2384 1897/2382/2382 1898/2385/2385
f 1958/2384/2384 1898/2385/2385 10/1245/1245
f 10/1245/1245 1898/2385/2385 1865/1246/1246
f 1922/2027/2027 1923/2364/2364 1876/2025/2025
f 1932/1249/1249 1899/2351/2351 15/1247/1247
f 1990/2386/2386 1957/2387/2387 10/1245/1245
f 10/1245/1245 1957/2387/2387 1958/2384/2384
f 1983/2388/2388 2401/2389/2389 1982/1998/1998
f 1982/1998/1998 2401/2389/2389 2402/2390/2390
f 1982/1998/1998 2402/2390/2390 2403/2000/2000
f 2401/2389/2389 1983/2388/2388 2400/2391/2391
f 2400/2391/2391 1983/2388/2388 1984/2392/2392
f 2400/2391/2391 1984/2392/2392 2399/2393/2393
f 2399/2393/2393 1984/2392/2392 1985/2394/2394
f 2399/2393/2393 1985/2394/2394 2398/2395/2395
f 2398/2395/2395 1985/2394/2394 1986/2396/2396
f 2398/2395/2395 1986/2396/2396 1987/2397/2397
f 2398/2395/2395 1987/2397/2397 2397/2398/2398
f 2397/2398/2398 1987/2397/2397 1988/2399/2399
f 2397/2398/2398 1988/2399/2399 2396/2400/2400
f 2396/2400/2400 1988/2399/2399 1989/2401/2401
f 2396/2400/2400 1989/2401/2401 1990/2386/2386
f 2396/2400/2400 1990/2386/2386 10/1245/1245
f 1996/1585/1585 1997/2402/2402 2088/1583/1583
f 2088/1583/1583 1997/2402/2402 2087/2403/2403
f 2087/2403/2403 1997/2402/2402 1998/2404/2404
f 2087/2403/2403 1998/2404/2404 2086/2405/2405
f 2086/2405/2405 1998/2404/2404 1999/2406/2406
f 2086/2405/2405 1999/2406/2406 2085/2407/2407
f 2085/2407/2407 1999/2406/2406 2000/2408/2408
f 2085/2407/2407 2000/2408/2408 2084/2409/2409
f 2084/2409/2409 2000/2408/2408 2083/2410/2410
f 2083/2410/2410 2000/2408/2408 2001/2411/2411
f 2083/2410/2410 2001/2411/2411 2002/2137/2137
f 2048/2165/2165 2049/2412/2412 2070/2163/2163
f 2070/2163/2163 2049/2412/2412 2069/2413/2413
f 2069/2413/2413 2049/2412/2412 2068/2414/2414
f 2068/2414/2414 2049/2412/2412 2050/2415/2415
f 2068/2414/2414 2050/2415/2415 2051/2416/2416
f 2068/2414/2414 2051/2416/2416 2067/2417/2417
f 2067/2417/2417 2051/2416/2416 2052/2418/2418
f 2067/2417/2417 2052/2418/2418 2066/2419/2419
f 2066/2419/2419 2052/2418/2418 2053/2420/2420
f 2066/2419/2419 2053/2420/2420 2065/2421/2421
f 2065/2421/2421 2053/2420/2420 2054/1561/1561
f 2065/2421/2421 2054/1561/1561 2064/1563/1563
f 2082/2139/2139 2083/2410/2410 2002/2137/2137
f 2115/1446/1446 2116/2422/2422 2221/1448/1448
f 2221/1448/1448 2116/2422/2422 2220/2423/2423
f 2220/2423/2423 2116/2422/2422 2219/2424/2424
f 2219/2424/2424 2116/2422/2422 2117/2425/2425
f 2219/2424/2424 2117/2425/2425 2218/2426/2426
f 2218/2426/2426 2117/2425/2425 2118/2427/2427
f 2218/2426/2426 2118/2427/2427 2119/2428/2428
f 2218/2426/2426 2119/2428/2428 2217/2429/2429
f 2217/2429/2429 2119/2428/2428 2120/2430/2430
f 2217/2429/2429 2120/2430/2430 2216/2431/2431
f 2216/2431/2431 2120/2430/2430 2121/1816/1816
f 2216/2431/2431 2121/1816/1816 2215/1814/1814
f 2253/1867/1867 2138/1869/1869 2252/2432/2432
f 2252/2432/2432 2138/1869/1869 2139/2433/2433
f 2252/2432/2432 2139/2433/2433 2140/2434/2434
f 2140/2434/2434 2141/2435/2435 2252/2432/2432
f 2252/2432/2432 2141/2435/2435 2251/2436/2436
f 2251/2436/2436 2141/2435/2435 2142/2437/2437
f 2251/2436/2436 2142/2437/2437 2143/2438/2438
f 2251/2436/2436 2143/2438/2438 2250/2439/2439
f 2250/2439/2439 2143/2438/2438 2144/2440/2440
f 2250/2439/2439 2144/2440/2440 2249/2441/2441
f 2249/2441/2441 2144/2440/2440 2145/1352/1352
f 2249/2441/2441 2145/1352/1352 2248/1350/1350
f 2266/1841/1841 2267/2093/2093 1412/1839/1839
f 2317/2286/2286 2318/1497/1497 13/1496/1496
f 2357/1584/1584 2358/2265/2265 1669/1586/1586
f 2416/2442/2442 2393/2443/2443 10/1245/1245
f 10/1245/1245 2393/2443/2443 2394/2444/2444
f 10/1245/1245 2394/2444/2444 2395/2445/2445
f 2395/2445/2445 2396/2400/2400 10/1245/1245
f 2412/2016/2016 2413/2446/2446 10/1245/1245
f 10/1245/1245 2413/2446/2446 2414/2447/2447
f 10/1245/1245 2414/2447/2447 2415/2448/2448
f 2415/2448/2448 2416/2442/2442 10/1245/1245
f 50/2449/2449 1218/2450/2450 17/2451/2451
f 17/2451/2451 1218/2450/2450 1217/2452/2452
f 17/2453/2451 1217/2454/2452 18/2455/2453
f 18/2455/2453 1217/2454/2452 1250/2456/2454
f 18/2455/2453 1250/2456/2454 19/2457/2455
f 19/2457/2455 1250/2456/2454 1249/2458/2456
f 19/2457/2455 1249/2458/2456 20/2459/2457
f 20/2459/2457 1249/2458/2456 1248/2460/2458
f 20/2459/2457 1248/2460/2458 21/2461/2459
f 21/2461/2459 1248/2460/2458 1247/2462/2460
f 21/2461/2459 1247/2462/2460 22/2463/2461
f 22/2463/2461 1247/2462/2460 1246/2464/2462
f 22/2463/2461 1246/2464/2462 23/2465/2463
f 23/2465/2463 1246/2464/2462 1245/2466/2464
f 23/2465/2463 1245/2466/2464 24/2467/2465
f 24/2467/2465 1245/2466/2464 1244/2468/2466
f 24/2467/2465 1244/2468/2466 25/2469/2467
f 25/2469/2467 1244/2468/2466 1243/2470/2468
f 25/2469/2467 1243/2470/2468 26/2471/2469
f 26/2471/2469 1243/2470/2468 1242/2472/2470
f 26/2471/2469 1242/2472/2470 27/2473/2471
f 27/2473/2471 1242/2472/2470 1241/2474/2472
f 27/2473/2471 1241/2474/2472 28/2475/2473
f 28/2475/2473 1241/2474/2472 1240/2476/2474
f 28/2475/2473 1240/2476/2474 29/2477/2475
f 29/2477/2475 1240/2476/2474 1239/2478/2476
f 29/2477/2475 1239/2478/2476 30/2479/2477
f 30/2479/2477 1239/2478/2476 1238/2480/2478
f 30/2479/2477 1238/2480/2478 31/2481/2479
f 31/2481/2479 1238/2480/2478 1237/2482/2480
f 31/2481/2479 1237/2482/2480 32/2483/2481
f 32/2483/2481 1237/2482/2480 1236/2484/2482
f 32/2483/2481 1236/2484/2482 33/2485/2483
f 33/2485/2483 1236/2484/2482 1235/2486/2484
f 33/2485/2483 1235/2486/2484 34/2487/2485
f 34/2487/2485 1235/2486/2484 1234/2488/2486
f 34/2487/2485 1234/2488/2486 35/2489/2487
f 35/2489/2487 1234/2488/2486 1233/2490/2488
f 35/2489/2487 1233/2490/2488 36/2491/2489
f 36/2491/2489 1233/2490/2488 1232/2492/2490
f 36/2491/2489 1232/2492/2490 37/2493/2491
f 37/2493/2491 1232/2492/2490 1231/2494/2492
f 37/2493/2491 1231/2494/2492 38/2495/2493
f 38/2495/2493 1231/2494/2492 1230/2496/2494
f 38/2495/2493 1230/2496/2494 39/2497/2495
f 39/2497/2495 1230/2496/2494 1229/2498/2496
f 39/2497/2495 1229/2498/2496 40/2499/2497
f 40/2499/2497 1229/2498/2496 1228/2500/2498
f 40/2499/2497 1228/2500/2498 41/2501/2499
f 41/2501/2499 1228/2500/2498 1227/2502/2500
f 41/2501/2499 1227/2502/2500 42/2503/2501
f 42/2503/2501 1227/2502/2500 1226/2504/2502
f 42/2503/2501 1226/2504/2502 43/2505/2503
f 43/2505/2503 1226/2504/2502 1225/2506/2504
f 43/2505/2503 1225/2506/2504 44/2507/2505
f 44/2507/2505 1225/2506/2504 1224/2508/2506
f 44/2507/2505 1224/2508/2506 45/2509/2507
f 45/2509/2507 1224/2508/2506 1223/2510/2508
f 45/2509/2507 1223/2510/2508 46/2511/2509
f 46/2511/2509 1223/2510/2508 1222/2512/2510
f 46/2511/2509 1222/2512/2510 47/2513/2511
f 47/2513/2511 1222/2512/2510 1221/2514/2512
f 47/2513/2511 1221/2514/2512 48/2515/2513
f 48/2515/2513 1221/2514/2512 1220/2516/2514
f 48/2515/2513 1220/2516/2514 49/2517/2515
f 49/2517/2515 1220/2516/2514 1219/2518/2516
f 49/2517/2515 1219/2518/2516 50/2449/2449
f 50/2449/2449 1219/2518/2516 1218/2450/2450
f 74/2519/2517 1252/2520/2518 51/2521/2519
f 51/2521/2519 1252/2520/2518 1251/2522/2520
f 51/2523/2519 1251/2524/2520 52/2525/2521
f 52/2525/2521 1251/2524/2520 1274/2526/2522
f 52/2525/2521 1274/2526/2522 53/2527/2523
f 53/2527/2523 1274/2526/2522 1273/2528/2524
f 53/2527/2523 1273/2528/2524 54/2529/2525
f 54/2529/2525 1273/2528/2524 1272/2530/2526
f 54/2529/2525 1272/2530/2526 55/2531/2527
f 55/2531/2527 1272/2530/2526 1271/2532/2528
f 55/2531/2527 1271/2532/2528 56/2533/2529
f 56/2533/2529 1271/2532/2528 1270/2534/2530
f 56/2533/2529 1270/2534/2530 57/2535/2531
f 57/2535/2531 1270/2534/2530 1269/2536/2532
f 57/2535/2531 1269/2536/2532 58/2537/2533
f 58/2537/2533 1269/2536/2532 1268/2538/2534
f 58/2537/2533 1268/2538/2534 59/2539/2535
f 59/2539/2535 1268/2538/2534 1267/2540/2536
f 59/2539/2535 1267/2540/2536 60/2541/2537
f 60/2541/2537 1267/2540/2536 1266/2542/2538
f 60/2541/2537 1266/2542/2538 61/2543/2539
f 61/2543/2539 1266/2542/2538 1265/2544/2540
f 61/2543/2539 1265/2544/2540 62/2545/2541
f 62/2545/2541 1265/2544/2540 1264/2546/2542
f 62/2545/2541 1264/2546/2542 63/2547/2543
f 63/2547/2543 1264/2546/2542 1263/2548/2544
f 63/2547/2543 1263/2548/2544 64/2549/2545
f 64/2549/2545 1263/2548/2544 1262/2550/2546
f 64/2549/2545 1262/2550/2546 65/2551/2547
f 65/2551/2547 1262/2550/2546 1261/2552/2548
f 65/2551/2547 1261/2552/2548 66/2553/2549
f 66/2553/2549 1261/2552/2548 1260/2554/2550
f 66/2553/2549 1260/2554/2550 67/2555/2551
f 67/2555/2551 1260/2554/2550 1259/2556/2552
f 67/2555/2551 1259/2556/2552 68/2557/2553
f 68/2557/2553 1259/2556/2552 1258/2558/2554
f 68/2557/2553 1258/2558/2554 69/2559/2555
f 69/2559/2555 1258/2558/2554 1257/2560/2556
f 69/2559/2555 1257/2560/2556 70/2561/2557
f 70/2561/2557 1257/2560/2556 1256/2562/2558
f 70/2561/2557 1256/2562/2558 71/2563/2559
f 71/2563/2559 1256/2562/2558 1255/2564/2560
f 71/2563/2559 1255/2564/2560 72/2565/2561
f 72/2565/2561 1255/2564/2560 1254/2566/2562
f 72/2565/2561 1254/2566/2562 73/2567/2563
f 73/2567/2563 1254/2566/2562 1253/2568/2564
f 73/2567/2563 1253/2568/2564 74/2519/2517
f 74/2519/2517 1253/2568/2564 1252/2520/2518
f 108/2569/2565 1276/2570/2566 75/2571/2567
f 75/2571/2567 1276/2570/2566 1275/2572/2568
f 75/2573/2567 1275/2574/2568 76/2575/2569
f 76/2575/2569 1275/2574/2568 1308/2576/2570
f 76/2575/2569 1308/2576/2570 77/2577/2571
f 77/2577/2571 1308/2576/2570 1307/2578/2572
f 77/2577/2571 1307/2578/2572 78/2579/2573
f 78/2579/2573 1307/2578/2572 1306/2580/2574
f 78/2579/2573 1306/2580/2574 79/2581/2575
f 79/2581/2575 1306/2580/2574 1305/2582/2576
f 79/2581/2575 1305/2582/2576 80/2583/2577
f 80/2583/2577 1305/2582/2576 1304/2584/2578
f 80/2583/2577 1304/2584/2578 81/2585/2579
f 81/2585/2579 1304/2584/2578 1303/2586/2580
f 81/2585/2579 1303/2586/2580 82/2587/2581
f 82/2587/2581 1303/2586/2580 1302/2588/2582
f 82/2587/2581 1302/2588/2582 83/2589/2583
f 83/2589/2583 1302/2588/2582 1301/2590/2584
f 83/2589/2583 1301/2590/2584 84/2591/2585
f 84/2591/2585 1301/2590/2584 1300/2592/2586
f 84/2591/2585 1300/2592/2586 85/2593/2587
f 85/2593/2587 1300/2592/2586 1299/2594/2588
f 85/2593/2587 1299/2594/2588 86/2595/2589
f 86/2595/2589 1299/2594/2588 1298/2596/2590
f 86/2595/2589 1298/2596/2590 87/2597/2591
f 87/2597/2591 1298/2596/2590 1297/2598/2592
f 87/2597/2591 1297/2598/2592 88/2599/2593
f 88/2599/2593 1297/2598/2592 1296/2600/2594
f 88/2599/2593 1296/2600/2594 89/2601/2595
f 89/2601/2595 1296/2600/2594 1295/2602/2596
f 89/2601/2595 1295/2602/2596 90/2603/2597
f 90/2603/2597 1295/2602/2596 1294/2604/2598
f 90/2603/2597 1294/2604/2598 91/2605/2599
f 91/2605/2599 1294/2604/2598 1293/2606/2600
f 91/2605/2599 1293/2606/2600 92/2607/2601
f 92/2607/2601 1293/2606/2600 1292/2608/2602
f 92/2607/2601 1292/2608/2602 93/2609/2603
f 93/2609/2603 1292/2608/2602 1291/2610/2604
f 93/2609/2603 1291/2610/2604 94/2611/2605
f 94/2611/2605 1291/2610/2604 1290/2612/2606
f 94/2611/2605 1290/2612/2606 95/2613/2607
f 95/2613/2607 1290/2612/2606 1289/2614/2608
f 95/2613/2607 1289/2614/2608 96/2615/2609
f 96/2615/2609 1289/2614/2608 1288/2616/2610
f 96/2615/2609 1288/2616/2610 97/2617/2611
f 97/2617/2611 1288/2616/2610 1287/2618/2612
f 97/2617/2611 1287/2618/2612 98/2619/2613
f 98/2619/2613 1287/2618/2612 1286/2620/2614
f 98/2619/2613 1286/2620/2614 99/2621/2615
f 99/2621/2615 1286/2620/2614 1285/2622/2616
f 99/2621/2615 1285/2622/2616 100/2623/2617
f 100/2623/2617 1285/2622/2616 1284/2624/2618
f 100/2623/2617 1284/2624/2618 101/2625/2619
f 101/2625/2619 1284/2624/2618 1283/2626/2620
f 101/2625/2619 1283/2626/2620 102/2627/2621
f 102/2627/2621 1283/2626/2620 1282/2628/2622
f 102/2627/2621 1282/2628/2622 103/2629/2623
f 103/2629/2623 1282/2628/2622 1281/2630/2624
f 103/2629/2623 1281/2630/2624 104/2631/2625
f 104/2631/2625 1281/2630/2624 1280/2632/2626
f 104/2631/2625 1280/2632/2626 105/2633/2627
f 105/2633/2627 1280/2632/2626 1279/2634/2628
f 105/2633/2627 1279/2634/2628 106/2635/2629
f 106/2635/2629 1279/2634/2628 1278/2636/2630
f 106/2635/2629 1278/2636/2630 107/2637/2631
f 107/2637/2631 1278/2636/2630 1277/2638/2632
f 107/2637/2631 1277/2638/2632 108/2569/2565
f 108/2569/2565 1277/2638/2632 1276/2570/2566
f 142/2639/2633 1310/2640/2634 109/2641/2635
f 109/2641/2635 1310/2640/2634 1309/2642/2636
f 109/2643/2635 1309/2644/2636 110/2645/2637
f 110/2645/2637 1309/2644/2636 1342/2646/2638
f 110/2645/2637 1342/2646/2638 111/2647/2639
f 111/2647/2639 1342/2646/2638 1341/2648/2640
f 111/2647/2639 1341/2648/2640 112/2649/2641
f 112/2649/2641 1341/2648/2640 1340/2650/2642
f 112/2649/2641 1340/2650/2642 113/2651/2643
f 113/2651/2643 1340/2650/2642 1339/2652/2644
f 113/2651/2643 1339/2652/2644 114/2653/2645
f 114/2653/2645 1339/2652/2644 1338/2654/2646
f 114/2653/2645 1338/2654/2646 115/2655/2647
f 115/2655/2647 1338/2654/2646 1337/2656/2648
f 115/2655/2647 1337/2656/2648 116/2657/2649
f 116/2657/2649 1337/2656/2648 1336/2658/2650
f 116/2657/2649 1336/2658/2650 117/2659/2651
f 117/2659/2651 1336/2658/2650 1335/2660/2652
f 117/2659/2651 1335/2660/2652 118/2661/2653
f 118/2661/2653 1335/2660/2652 1334/2662/2654
f 118/2661/2653 1334/2662/2654 119/2663/2655
f 119/2663/2655 1334/2662/2654 1333/2664/2656
f 119/2663/2655 1333/2664/2656 120/2665/2657
f 120/2665/2657 1333/2664/2656 1332/2666/2658
f 120/2665/2657 1332/2666/2658 121/2667/2659
f 121/2667/2659 1332/2666/2658 1331/2668/2660
f 121/2667/2659 1331/2668/2660 122/2669/2661
f 122/2669/2661 1331/2668/2660 1330/2670/2662
f 122/2669/2661 1330/2670/2662 123/2671/2663
f 123/2671/2663 1330/2670/2662 1329/2672/2664
f 123/2671/2663 1329/2672/2664 124/2673/2665
f 124/2673/2665 1329/2672/2664 1328/2674/2666
f 124/2673/2665 1328/2674/2666 125/2675/2667
f 125/2675/2667 1328/2674/2666 1327/2676/2668
f 125/2675/2667 1327/2676/2668 126/2677/2669
f 126/2677/2669 1327/2676/2668 1326/2678/2670
f 126/2677/2669 1326/2678/2670 127/2679/2671
f 127/2679/2671 1326/2678/2670 1325/2680/2672
f 127/2679/2671 1325/2680/2672 128/2681/2673
f 128/2681/2673 1325/2680/2672 1324/2682/2674
f 128/2681/2673 1324/2682/2674 129/2683/2675
f 129/2683/2675 1324/2682/2674 1323/2684/2676
f 129/2683/2675 1323/2684/2676 130/2685/2677
f 130/2685/2677 1323/2684/2676 1322/2686/2678
f 130/2685/2677 1322/2686/2678 131/2687/2679
f 131/2687/2679 1322/2686/2678 1321/2688/2680
f 131/2687/2679 1321/2688/2680 132/2689/2681
f 132/2689/2681 1321/2688/2680 1320/2690/2682
f 132/2689/2681 1320/2690/2682 133/2691/2683
f 133/2691/2683 1320/2690/2682 1319/2692/2684
f 133/2691/2683 1319/2692/2684 134/2693/2685
f 134/2693/2685 1319/2692/2684 1318/2694/2686
f 134/2693/2685 1318/2694/2686 135/2695/2687
f 135/2695/2687 1318/2694/2686 1317/2696/2688
f 135/2695/2687 1317/2696/2688 136/2697/2689
f 136/2697/2689 1317/2696/2688 1316/2698/2690
f 136/2697/2689 1316/2698/2690 137/2699/2691
f 137/2699/2691 1316/2698/2690 1315/2700/2692
f 137/2699/2691 1315/2700/2692 138/2701/2693
f 138/2701/2693 1315/2700/2692 1314/2702/2694
f 138/2701/2693 1314/2702/2694 139/2703/2695
f 139/2703/2695 1314/2702/2694 1313/2704/2696
f 139/2703/2695 1313/2704/2696 140/2705/2697
f 140/2705/2697 1313/2704/2696 1312/2706/2698
f 140/2705/2697 1312/2706/2698 141/2707/2699
f 141/2707/2699 1312/2706/2698 1311/2708/2700
f 141/2707/2699 1311/2708/2700 142/2639/2633
f 142/2639/2633 1311/2708/2700 1310/2640/2634
f 166/2709/2701 1344/2710/2702 143/2711/2703
f 143/2711/2703 1344/2710/2702 1343/2712/2704
f 143/2713/2703 1343/2714/2704 144/2715/2705
f 144/2715/2705 1343/2714/2704 1366/2716/2706
f 144/2715/2705 1366/2716/2706 145/2717/2707
f 145/2717/2707 1366/2716/2706 1365/2718/2708
f 145/2717/2707 1365/2718/2708 146/2719/2709
f 146/2719/2709 1365/2718/2708 1364/2720/2710
f 146/2719/2709 1364/2720/2710 147/2721/2711
f 147/2721/2711 1364/2720/2710 1363/2722/2712
f 147/2721/2711 1363/2722/2712 148/2723/2713
f 148/2723/2713 1363/2722/2712 1362/2724/2714
f 148/2723/2713 1362/2724/2714 149/2725/2715
f 149/2725/2715 1362/2724/2714 1361/2726/2716
f 149/2725/2715 1361/2726/2716 150/2727/2717
f 150/2727/2717 1361/2726/2716 1360/2728/2718
f 150/2727/2717 1360/2728/2718 151/2729/2719
f 151/2729/2719 1360/2728/2718 1359/2730/2720
f 151/2729/2719 1359/2730/2720 152/2731/2721
f 152/2731/2721 1359/2730/2720 1358/2732/2722
f 152/2731/2721 1358/2732/2722 153/2733/2723
f 153/2733/2723 1358/2732/2722 1357/2734/2724
f 153/2733/2723 1357/2734/2724 154/2735/2725
f 154/2735/2725 1357/2734/2724 1356/2736/2726
f 154/2735/2725 1356/2736/2726 155/2737/2727
f 155/2737/2727 1356/2736/2726 1355/2738/2728
f 155/2737/2727 1355/2738/2728 156/2739/2729
f 156/2739/2729 1355/2738/2728 1354/2740/2730
f 156/2739/2729 1354/2740/2730 157/2741/2731
f 157/2741/2731 1354/2740/2730 1353/2742/2732
f 157/2741/2731 1353/2742/2732 158/2743/2733
f 158/2743/2733 1353/2742/2732 1352/2744/2734
f 158/2743/2733 1352/2744/2734 159/2745/2735
f 159/2745/2735 1352/2744/2734 1351/2746/2736
f 159/2745/2735 1351/2746/2736 160/2747/2737
f 160/2747/2737 1351/2746/2736 1350/2748/2738
f 160/2747/2737 1350/2748/2738 161/2749/2739
f 161/2749/2739 1350/2748/2738 1349/2750/2740
f 161/2749/2739 1349/2750/2740 162/2751/2741
f 162/2751/2741 1349/2750/2740 1348/2752/2742
f 162/2751/2741 1348/2752/2742 163/2753/2743
f 163/2753/2743 1348/2752/2742 1347/2754/2744
f 163/2753/2743 1347/2754/2744 164/2755/2745
f 164/2755/2745 1347/2754/2744 1346/2756/2746
f 164/2755/2745 1346/2756/2746 165/2757/2747
f 165/2757/2747 1346/2756/2746 1345/2758/2748
f 165/2757/2747 1345/2758/2748 166/2709/2701
f 166/2709/2701 1345/2758/2748 1344/2710/2702
f 200/2759/2749 1368/2760/2750 167/2761/2751
f 167/2761/2751 1368/2760/2750 1367/2762/2752
f 167/2763/2751 1367/2764/2752 168/2765/2753
f 168/2765/2753 1367/2764/2752 1400/2766/2754
f 168/2765/2753 1400/2766/2754 169/2767/2755
f 169/2767/2755 1400/2766/2754 1399/2768/2756
f 169/2767/2755 1399/2768/2756 170/2769/2757
f 170/2769/2757 1399/2768/2756 1398/2770/2758
f 170/2769/2757 1398/2770/2758 171/2771/2759
f 171/2771/2759 1398/2770/2758 1397/2772/2760
f 171/2771/2759 1397/2772/2760 172/2773/2761
f 172/2773/2761 1397/2772/2760 1396/2774/2762
f 172/2773/2761 1396/2774/2762 173/2775/2763
f 173/2775/2763 1396/2774/2762 1395/2776/2764
f 173/2775/2763 1395/2776/2764 174/2777/2765
f 174/2777/2765 1395/2776/2764 1394/2778/2766
f 174/2777/2765 1394/2778/2766 175/2779/2767
f 175/2779/2767 1394/2778/2766 1393/2780/2768
f 175/2779/2767 1393/2780/2768 176/2781/2769
f 176/2781/2769 1393/2780/2768 1392/2782/2770
f 176/2781/2769 1392/2782/2770 177/2783/2771
f 177/2783/2771 1392/2782/2770 1391/2784/2772
f 177/2783/2771 1391/2784/2772 178/2785/2773
f 178/2785/2773 1391/2784/2772 1390/2786/2774
f 178/2785/2773 1390/2786/2774 179/2787/2775
f 179/2787/2775 1390/2786/2774 1389/2788/2776
f 179/2787/2775 1389/2788/2776 180/2789/2777
f 180/2789/2777 1389/2788/2776 1388/2790/2778
f 180/2789/2777 1388/2790/2778 181/2791/2779
f 181/2791/2779 1388/2790/2778 1387/2792/2780
f 181/2791/2779 1387/2792/2780 182/2793/2781
f 182/2793/2781 1387/2792/2780 1386/2794/2782
f 182/2793/2781 1386/2794/2782 183/2795/2783
f 183/2795/2783 1386/2794/2782 1385/2796/2784
f 183/2795/2783 1385/2796/2784 184/2797/2785
f 184/2797/2785 1385/2796/2784 1384/2798/2786
f 184/2797/2785 1384/2798/2786 185/2799/2787
f 185/2799/2787 1384/2798/2786 1383/2800/2788
f 185/2799/2787 1383/2800/2788 186/2801/2789
f 186/2801/2789 1383/2800/2788 1382/2802/2790
f 186/2801/2789 1382/2802/2790 187/2803/2791
f 187/2803/2791 1382/2802/2790 1381/2804/2792
f 187/2803/2791 1381/2804/2792 188/2805/2793
f 188/2805/2793 1381/2804/2792 1380/2806/2794
f 188/2805/2793 1380/2806/2794 189/2807/2795
f 189/2807/2795 1380/2806/2794 1379/2808/2796
f 189/2807/2795 1379/2808/2796 190/2809/2797
f 190/2809/2797 1379/2808/2796 1378/2810/2798
f 190/2809/2797 1378/2810/2798 191/2811/2799
f 191/2811/2799 1378/2810/2798 1377/2812/2800
f 191/2811/2799 1377/2812/2800 192/2813/2801
f 192/2813/2801 1377/2812/2800 1376/2814/2802
f 192/2813/2801 1376/2814/2802 193/2815/2803
f 193/2815/2803 1376/2814/2802 1375/2816/2804
f 193/2815/2803 1375/2816/2804 194/2817/2805
f 194/2817/2805 1375/2816/2804 1374/2818/2806
f 194/2817/2805 1374/2818/2806 195/2819/2807
f 195/2819/2807 1374/2818/2806 1373/2820/2808
f 195/2819/2807 1373/2820/2808 196/2821/2809
f 196/2821/2809 1373/2820/2808 1372/2822/2810
f 196/2821/2809 1372/2822/2810 197/2823/2811
f 197/2823/2811 1372/2822/2810 1371/2824/2812
f 197/2823/2811 1371/2824/2812 198/2825/2813
f 198/2825/2813 1371/2824/2812 1370/2826/2814
f 198/2825/2813 1370/2826/2814 199/2827/2815
f 199/2827/2815 1370/2826/2814 1369/2828/2816
f 199/2827/2815 1369/2828/2816 200/2759/2749
f 200/2759/2749 1369/2828/2816 1368/2760/2750
f 234/2829/2817 1402/2830/2818 201/2831/2819
f 201/2831/2819 1402/2830/2818 1401/2832/2820
f 201/2833/2819 1401/2834/2820 202/2835/2821
f 202/2835/2821 1401/2834/2820 1434/2836/2822
f 202/2835/2821 1434/2836/2822 203/2837/2823
f 203/2837/2823 1434/2836/2822 1433/2838/2824
f 203/2837/2823 1433/2838/2824 204/2839/2825
f 204/2839/2825 1433/2838/2824 1432/2840/2826
f 204/2839/2825 1432/2840/2826 205/2841/2827
f 205/2841/2827 1432/2840/2826 1431/2842/2828
f 205/2841/2827 1431/2842/2828 206/2843/2829
f 206/2843/2829 1431/2842/2828 1430/2844/2830
f 206/2843/2829 1430/2844/2830 207/2845/2831
f 207/2845/2831 1430/2844/2830 1429/2846/2832
f 207/2845/2831 1429/2846/2832 208/2847/2833
f 208/2847/2833 1429/2846/2832 1428/2848/2834
f 208/2847/2833 1428/2848/2834 209/2849/2835
f 209/2849/2835 1428/2848/2834 1427/2850/2836
f 209/2849/2835 1427/2850/2836 210/2851/2837
f 210/2851/2837 1427/2850/2836 1426/2852/2838
f 210/2851/2837 1426/2852/2838 211/2853/2839
f 211/2853/2839 1426/2852/2838 1425/2854/2840
f 211/2853/2839 1425/2854/2840 212/2855/2841
f 212/2855/2841 1425/2854/2840 1424/2856/2842
f 212/2855/2841 1424/2856/2842 213/2857/2843
f 213/2857/2843 1424/2856/2842 1423/2858/2844
f 213/2857/2843 1423/2858/2844 214/2859/2845
f 214/2859/2845 1423/2858/2844 1422/2860/2846
f 214/2859/2845 1422/2860/2846 215/2861/2847
f 215/2861/2847 1422/2860/2846 1421/2862/2848
f 215/2861/2847 1421/2862/2848 216/2863/2849
f 216/2863/2849 1421/2862/2848 1420/2864/2850
f 216/2863/2849 1420/2864/2850 217/2865/2851
f 217/2865/2851 1420/2864/2850 1419/2866/2852
f 217/2865/2851 1419/2866/2852 218/2867/2853
f 218/2867/2853 1419/2866/2852 1418/2868/2854
f 218/2867/2853 1418/2868/2854 219/2869/2855
f 219/2869/2855 1418/2868/2854 1417/2870/2856
f 219/2869/2855 1417/2870/2856 220/2871/2857
f 220/2871/2857 1417/2870/2856 1416/2872/2858
f 220/2871/2857 1416/2872/2858 221/2873/2859
f 221/2873/2859 1416/2872/2858 1415/2874/2860
f 221/2873/2859 1415/2874/2860 222/2875/2861
f 222/2875/2861 1415/2874/2860 1414/2876/2862
f 222/2875/2861 1414/2876/2862 223/2877/2863
f 223/2877/2863 1414/2876/2862 1413/2878/2864
f 223/2877/2863 1413/2878/2864 224/2879/2865
f 224/2879/2865 1413/2878/2864 1412/2880/2866
f 224/2879/2865 1412/2880/2866 225/2881/2867
f 225/2881/2867 1412/2880/2866 1411/2882/2868
f 225/2881/2867 1411/2882/2868 226/2883/2869
f 226/2883/2869 1411/2882/2868 1410/2884/2870
f 226/2883/2869 1410/2884/2870 227/2885/2871
f 227/2885/2871 1410/2884/2870 1409/2886/2872
f 227/2885/2871 1409/2886/2872 228/2887/2873
f 228/2887/2873 1409/2886/2872 1408/2888/2874
f 228/2887/2873 1408/2888/2874 229/2889/2875
f 229/2889/2875 1408/2888/2874 1407/2890/2876
f 229/2889/2875 1407/2890/2876 230/2891/2877
f 230/2891/2877 1407/2890/2876 1406/2892/2878
f 230/2891/2877 1406/2892/2878 231/2893/2879
f 231/2893/2879 1406/2892/2878 1405/2894/2880
f 231/2893/2879 1405/2894/2880 232/2895/2881
f 232/2895/2881 1405/2894/2880 1404/2896/2882
f 232/2895/2881 1404/2896/2882 233/2897/2883
f 233/2897/2883 1404/2896/2882 1403/2898/2884
f 233/2897/2883 1403/2898/2884 234/2829/2817
f 234/2829/2817 1403/2898/2884 1402/2830/2818
f 258/2899/2885 1436/2900/2886 235/2901/2887
f 235/2901/2887 1436/2900/2886 1435/2902/2888
f 235/2903/2887 1435/2904/2888 236/2905/2889
f 236/2905/2889 1435/2904/2888 1458/2906/2890
f 236/2905/2889 1458/2906/2890 237/2907/2891
f 237/2907/2891 1458/2906/2890 1457/2908/2892
f 237/2907/2891 1457/2908/2892 238/2909/2893
f 238/2909/2893 1457/2908/2892 1456/2910/2894
f 238/2909/2893 1456/2910/2894 239/2911/2895
f 239/2911/2895 1456/2910/2894 1455/2912/2896
f 239/2911/2895 1455/2912/2896 240/2913/2897
f 240/2913/2897 1455/2912/2896 1454/2914/2898
f 240/2913/2897 1454/2914/2898 241/2915/2899
f 241/2915/2899 1454/2914/2898 1453/2916/2900
f 241/2915/2899 1453/2916/2900 242/2917/2901
f 242/2917/2901 1453/2916/2900 1452/2918/2902
f 242/2917/2901 1452/2918/2902 243/2919/2903
f 243/2919/2903 1452/2918/2902 1451/2920/2904
f 243/2919/2903 1451/2920/2904 244/2921/2905
f 244/2921/2905 1451/2920/2904 1450/2922/2906
f 244/2921/2905 1450/2922/2906 245/2923/2907
f 245/2923/2907 1450/2922/2906 1449/2924/2908
f 245/2923/2907 1449/2924/2908 246/2925/2909
f 246/2925/2909 1449/2924/2908 1448/2926/2910
f 246/2925/2909 1448/2926/2910 247/2927/2911
f 247/2927/2911 1448/2926/2910 1447/2928/2912
f 247/2927/2911 1447/2928/2912 248/2929/2913
f 248/2929/2913 1447/2928/2912 1446/2930/2914
f 248/2929/2913 1446/2930/2914 249/2931/2915
f 249/2931/2915 1446/2930/2914 1445/2932/2916
f 249/2931/2915 1445/2932/2916 250/2933/2917
f 250/2933/2917 1445/2932/2916 1444/2934/2918
f 250/2933/2917 1444/2934/2918 251/2935/2919
f 251/2935/2919 1444/2934/2918 1443/2936/2920
f 251/2935/2919 1443/2936/2920 252/2937/2921
f 252/2937/2921 1443/2936/2920 1442/2938/2922
f 252/2937/2921 1442/2938/2922 253/2939/2923
f 253/2939/2923 1442/2938/2922 1441/2940/2924
f 253/2939/2923 1441/2940/2924 254/2941/2925
f 254/2941/2925 1441/2940/2924 1440/2942/2926
f 254/2941/2925 1440/2942/2926 255/2943/2927
f 255/2943/2927 1440/2942/2926 1439/2944/2928
f 255/2943/2927 1439/2944/2928 256/2945/2929
f 256/2945/2929 1439/2944/2928 1438/2946/2930
f 256/2945/2929 1438/2946/2930 257/2947/2931
f 257/2947/2931 1438/2946/2930 1437/2948/2932
f 257/2947/2931 1437/2948/2932 258/2899/2885
f 258/2899/2885 1437/2948/2932 1436/2900/2886
f 282/2949/2933 1460/2950/2934 259/2951/2935
f 259/2951/2935 1460/2950/2934 1459/2952/2936
f 259/2953/2935 1459/2954/2936 260/2955/2937
f 260/2955/2937 1459/2954/2936 1482/2956/2938
f 260/2955/2937 1482/2956/2938 261/2957/2939
f 261/2957/2939 1482/2956/2938 1481/2958/2940
f 261/2957/2939 1481/2958/2940 262/2959/2941
f 262/2959/2941 1481/2958/2940 1480/2960/2942
f 262/2959/2941 1480/2960/2942 263/2961/2943
f 263/2961/2943 1480/2960/2942 1479/2962/2944
f 263/2961/2943 1479/2962/2944 264/2963/2945
f 264/2963/2945 1479/2962/2944 1478/2964/2946
f 264/2963/2945 1478/2964/2946 265/2965/2947
f 265/2965/2947 1478/2964/2946 1477/2966/2948
f 265/2965/2947 1477/2966/2948 266/2967/2949
f 266/2967/2949 1477/2966/2948 1476/2968/2950
f 266/2967/2949 1476/2968/2950 267/2969/2951
f 267/2969/2951 1476/2968/2950 1475/2970/2952
f 267/2969/2951 1475/2970/2952 268/2971/2953
f 268/2971/2953 1475/2970/2952 1474/2972/2954
f 268/2971/2953 1474/2972/2954 269/2973/2955
f 269/2973/2955 1474/2972/2954 1473/2974/2956
f 269/2973/2955 1473/2974/2956 270/2975/2957
f 270/2975/2957 1473/2974/2956 1472/2976/2958
f 270/2975/2957 1472/2976/2958 271/2977/2959
f 271/2977/2959 1472/2976/2958 1471/2978/2960
f 271/2977/2959 1471/2978/2960 272/2979/2961
f 272/2979/2961 1471/2978/2960 1470/2980/2962
f 272/2979/2961 1470/2980/2962 273/2981/2963
f 273/2981/2963 1470/2980/2962 1469/2982/2964
f 273/2981/2963 1469/2982/2964 274/2983/2965
f 274/2983/2965 1469/2982/2964 1468/2984/2966
f 274/2983/2965 1468/2984/2966 275/2985/2967
f 275/2985/2967 1468/2984/2966 1467/2986/2968
f 275/2985/2967 1467/2986/2968 276/2987/2969
f 276/2987/2969 1467/2986/2968 1466/2988/2970
f 276/2987/2969 1466/2988/2970 277/2989/2971
f 277/2989/2971 1466/2988/2970 1465/2990/2972
f 277/2989/2971 1465/2990/2972 278/2991/2973
f 278/2991/2973 1465/2990/2972 1464/2992/2974
f 278/2991/2973 1464/2992/2974 279/2993/2975
f 279/2993/2975 1464/2992/2974 1463/2994/2976
f 279/2993/2975 1463/2994/2976 280/2995/2977
f 280/2995/2977 1463/2994/2976 1462/2996/2978
f 280/2995/2977 1462/2996/2978 281/2997/2979
f 281/2997/2979 1462/2996/2978 1461/2998/2980
f 281/2997/2979 1461/2998/2980 282/2949/2933
f 282/2949/2933 1461/2998/2980 1460/2950/2934
f 306/2999/2981 1484/3000/2982 283/3001/2983
f 283/3001/2983 1484/3000/2982 1483/3002/2984
f 283/3003/2983 1483/3004/2984 284/3005/2985
f 284/3005/2985 1483/3004/2984 1506/3006/2986
f 284/3005/2985 1506/3006/2986 285/3007/2987
f 285/3007/2987 1506/3006/2986 1505/3008/2988
f 285/3007/2987 1505/3008/2988 286/3009/2989
f 286/3009/2989 1505/3008/2988 1504/3010/2990
f 286/3009/2989 1504/3010/2990 287/3011/2991
f 287/3011/2991 1504/3010/2990 1503/3012/2992
f 287/3011/2991 1503/3012/2992 288/3013/2993
f 288/3013/2993 1503/3012/2992 1502/3014/2994
f 288/3013/2993 1502/3014/2994 289/3015/2995
f 289/3015/2995 1502/3014/2994 1501/3016/2996
f 289/3015/2995 1501/3016/2996 290/3017/2997
f 290/3017/2997 1501/3016/2996 1500/3018/2998
f 290/3017/2997 1500/3018/2998 291/3019/2999
f 291/3019/2999 1500/3018/2998 1499/3020/3000
f 291/3019/2999 1499/3020/3000 292/3021/3001
f 292/3021/3001 1499/3020/3000 1498/3022/3002
f 292/3021/3001 1498/3022/3002 293/3023/3003
f 293/3023/3003 1498/3022/3002 1497/3024/3004
f 293/3023/3003 1497/3024/3004 294/3025/3005
f 294/3025/3005 1497/3024/3004 1496/3026/3006
f 294/3025/3005 1496/3026/3006 295/3027/3007
f 295/3027/3007 1496/3026/3006 1495/3028/3008
f 295/3027/3007 1495/3028/3008 296/3029/3009
f 296/3029/3009 1495/3028/3008 1494/3030/3010
f 296/3029/3009 1494/3030/3010 297/3031/3011
f 297/3031/3011 1494/3030/3010 1493/3032/3012
f 297/3031/3011 1493/3032/3012 298/3033/3013
f 298/3033/3013 1493/3032/3012 1492/3034/3014
f 298/3033/3013 1492/3034/3014 299/3035/3015
f 299/3035/3015 1492/3034/3014 1491/3036/3016
f 299/3035/3015 1491/3036/3016 300/3037/3017
f 300/3037/3017 1491/3036/3016 1490/3038/3018
f 300/3037/3017 1490/3038/3018 301/3039/3019
f 301/3039/3019 1490/3038/3018 1489/3040/3020
f 301/3039/3019 1489/3040/3020 302/3041/3021
f 302/3041/3021 1489/3040/3020 1488/3042/3022
f 302/3041/3021 1488/3042/3022 303/3043/3023
f 303/3043/3023 1488/3042/3022 1487/3044/3024
f 303/3043/3023 1487/3044/3024 304/3045/3025
f 304/3045/3025 1487/3044/3024 1486/3046/3026
f 304/3045/3025 1486/3046/3026 305/3047/3027
f 305/3047/3027 1486/3046/3026 1485/3048/3028
f 305/3047/3027 1485/3048/3028 306/2999/2981
f 306/2999/2981 1485/3048/3028 1484/3000/2982
f 330/3049/3029 1508/3050/3030 307/3051/3031
f 307/3051/3031 1508/3050/3030 1507/3052/3032
f 307/3053/3031 1507/3054/3032 308/3055/3033
f 308/3055/3033 1507/3054/3032 1530/3056/3034
f 308/3055/3033 1530/3056/3034 309/3057/3035
f 309/3057/3035 1530/3056/3034 1529/3058/3036
f 309/3057/3035 1529/3058/3036 310/3059/3037
f 310/3059/3037 1529/3058/3036 1528/3060/3038
f 310/3059/3037 1528/3060/3038 311/3061/3039
f 311/3061/3039 1528/3060/3038 1527/3062/3040
f 311/3061/3039 1527/3062/3040 312/3063/3041
f 312/3063/3041 1527/3062/3040 1526/3064/3042
f 312/3063/3041 1526/3064/3042 313/3065/3043
f 313/3065/3043 1526/3064/3042 1525/3066/3044
f 313/3065/3043 1525/3066/3044 314/3067/3045
f 314/3067/3045 1525/3066/3044 1524/3068/3046
f 314/3067/3045 1524/3068/3046 315/3069/3047
f 315/3069/3047 1524/3068/3046 1523/3070/3048
f 315/3069/3047 1523/3070/3048 316/3071/3049
f 316/3071/3049 1523/3070/3048 1522/3072/3050
f 316/3071/3049 1522/3072/3050 317/3073/3051
f 317/3073/3051 1522/3072/3050 1521/3074/3052
f 317/3073/3051 1521/3074/3052 318/3075/3053
f 318/3075/3053 1521/3074/3052 1520/3076/3054
f 318/3075/3053 1520/3076/3054 319/3077/3055
f 319/3077/3055 1520/3076/3054 1519/3078/3056
f 319/3077/3055 1519/3078/3056 320/3079/3057
f 320/3079/3057 1519/3078/3056 1518/3080/3058
f 320/3079/3057 1518/3080/3058 321/3081/3059
f 321/3081/3059 1518/3080/3058 1517/3082/3060
f 321/3081/3059 1517/3082/3060 322/3083/3061
f 322/3083/3061 1517/3082/3060 1516/3084/3062
f 322/3083/3061 1516/3084/3062 323/3085/3063
f 323/3085/3063 1516/3084/3062 1515/3086/3064
f 323/3085/3063 1515/3086/3064 324/3087/3065
f 324/3087/3065 1515/3086/3064 1514/3088/3066
f 324/3087/3065 1514/3088/3066 325/3089/3067
f 325/3089/3067 1514/3088/3066 1513/3090/3068
f 325/3089/3067 1513/3090/3068 326/3091/3069
f 326/3091/3069 1513/3090/3068 1512/3092/3070
f 326/3091/3069 1512/3092/3070 327/3093/3071
f 327/3093/3071 1512/3092/3070 1511/3094/3072
f 327/3093/3071 1511/3094/3072 328/3095/3073
f 328/3095/3073 1511/3094/3072 1510/3096/3074
f 328/3095/3073 1510/3096/3074 329/3097/3075
f 329/3097/3075 1510/3096/3074 1509/3098/3076
f 329/3097/3075 1509/3098/3076 330/3049/3029
f 330/3049/3029 1509/3098/3076 1508/3050/3030
f 364/3099/3077 1532/3100/3078 331/3101/3079
f 331/3101/3079 1532/3100/3078 1531/3102/3080
f 331/3103/3079 1531/3104/3080 332/3105/3081
f 332/3105/3081 1531/3104/3080 1564/3106/3082
f 332/3105/3081 1564/3106/3082 333/3107/3083
f 333/3107/3083 1564/3106/3082 1563/3108/3084
f 333/3107/3083 1563/3108/3084 334/3109/3085
f 334/3109/3085 1563/3108/3084 1562/3110/3086
f 334/3109/3085 1562/3110/3086 335/3111/3087
f 335/3111/3087 1562/3110/3086 1561/3112/3088
f 335/3111/3087 1561/3112/3088 336/3113/3089
f 336/3113/3089 1561/3112/3088 1560/3114/3090
f 336/3113/3089 1560/3114/3090 337/3115/3091
f 337/3115/3091 1560/3114/3090 1559/3116/3092
f 337/3115/3091 1559/3116/3092 338/3117/3093
f 338/3117/3093 1559/3116/3092 1558/3118/3094
f 338/3117/3093 1558/3118/3094 339/3119/3095
f 339/3119/3095 1558/3118/3094 1557/3120/3096
f 339/3119/3095 1557/3120/3096 340/3121/3097
f 340/3121/3097 1557/3120/3096 1556/3122/3098
f 340/3121/3097 1556/3122/3098 341/3123/3099
f 341/3123/3099 1556/3122/3098 1555/3124/3100
f 341/3123/3099 1555/3124/3100 342/3125/3101
f 342/3125/3101 1555/3124/3100 1554/3126/3102
f 342/3125/3101 1554/3126/3102 343/3127/3103
f 343/3127/3103 1554/3126/3102 1553/3128/3104
f 343/3127/3103 1553/3128/3104 344/3129/3105
f 344/3129/3105 1553/3128/3104 1552/3130/3106
f 344/3129/3105 1552/3130/3106 345/3131/3107
f 345/3131/3107 1552/3130/3106 1551/3132/3108
f 345/3131/3107 1551/3132/3108 346/3133/3109
f 346/3133/3109 1551/3132/3108 1550/3134/3110
f 346/3133/3109 1550/3134/3110 347/3135/3111
f 347/3135/3111 1550/3134/3110 1549/3136/3112
f 347/3135/3111 1549/3136/3112 348/3137/3113
f 348/3137/3113 1549/3136/3112 1548/3138/3114
f 348/3137/3113 1548/3138/3114 349/3139/3115
f 349/3139/3115 1548/3138/3114 1547/3140/3116
f 349/3139/3115 1547/3140/3116 350/3141/3117
f 350/3141/3117 1547/3140/3116 1546/3142/3118
f 350/3141/3117 1546/3142/3118 351/3143/3119
f 351/3143/3119 1546/3142/3118 1545/3144/3120
f 351/3143/3119 1545/3144/3120 352/3145/3121
f 352/3145/3121 1545/3144/3120 1544/3146/3122
f 352/3145/3121 1544/3146/3122 353/3147/3123
f 353/3147/3123 1544/3146/3122 1543/3148/3124
f 353/3147/3123 1543/3148/3124 354/3149/3125
f 354/3149/3125 1543/3148/3124 1542/3150/3126
f 354/3149/3125 1542/3150/3126 355/3151/3127
f 355/3151/3127 1542/3150/3126 1541/3152/3128
f 355/3151/3127 1541/3152/3128 356/3153/3129
f 356/3153/3129 1541/3152/3128 1540/3154/3130
f 356/3153/3129 1540/3154/3130 357/3155/3131
f 357/3155/3131 1540/3154/3130 1539/3156/3132
f 357/3155/3131 1539/3156/3132 358/3157/3133
f 358/3157/3133 1539/3156/3132 1538/3158/3134
f 358/3157/3133 1538/3158/3134 359/3159/3135
f 359/3159/3135 1538/3158/3134 1537/3160/3136
f 359/3159/3135 1537/3160/3136 360/3161/3137
f 360/3161/3137 1537/3160/3136 1536/3162/3138
f 360/3161/3137 1536/3162/3138 361/3163/3139
f 361/3163/3139 1536/3162/3138 1535/3164/3140
f 361/3163/3139 1535/3164/3140 362/3165/3141
f 362/3165/3141 1535/3164/3140 1534/3166/3142
f 362/3165/3141 1534/3166/3142 363/3167/3143
f 363/3167/3143 1534/3166/3142 1533/3168/3144
f 363/3167/3143 1533/3168/3144 364/3099/3077
f 364/3099/3077 1533/3168/3144 1532/3100/3078
f 398/3169/3145 1566/3170/3146 365/3171/3147
f 365/3171/3147 1566/3170/3146 1565/3172/3148
f 365/3173/3147 1565/3174/3148 366/3175/3149
f 366/3175/3149 1565/3174/3148 1598/3176/3150
f 366/3175/3149 1598/3176/3150 367/3177/3151
f 367/3177/3151 1598/3176/3150 1597/3178/3152
f 367/3177/3151 1597/3178/3152 368/3179/3153
f 368/3179/3153 1597/3178/3152 1596/3180/3154
f 368/3179/3153 1596/3180/3154 369/3181/3155
f 369/3181/3155 1596/3180/3154 1595/3182/3156
f 369/3181/3155 1595/3182/3156 370/3183/3157
f 370/3183/3157 1595/3182/3156 1594/3184/3158
f 370/3183/3157 1594/3184/3158 371/3185/3159
f 371/3185/3159 1594/3184/3158 1593/3186/3160
f 371/3185/3159 1593/3186/3160 372/3187/3161
f 372/3187/3161 1593/3186/3160 1592/3188/3162
f 372/3187/3161 1592/3188/3162 373/3189/3163
f 373/3189/3163 1592/3188/3162 1591/3190/3164
f 373/3189/3163 1591/3190/3164 374/3191/3165
f 374/3191/3165 1591/3190/3164 1590/3192/3166
f 374/3191/3165 1590/3192/3166 375/3193/3167
f 375/3193/3167 1590/3192/3166 1589/3194/3168
f 375/3193/3167 1589/3194/3168 376/3195/3169
f 376/3195/3169 1589/3194/3168 1588/3196/3170
f 376/3195/3169 1588/3196/3170 377/3197/3171
f 377/3197/3171 1588/3196/3170 1587/3198/3172
f 377/3197/3171 1587/3198/3172 378/3199/3173
f 378/3199/3173 1587/3198/3172 1586/3200/3174
f 378/3199/3173 1586/3200/3174 379/3201/3175
f 379/3201/3175 1586/3200/3174 1585/3202/3176
f 379/3201/3175 1585/3202/3176 380/3203/3177
f 380/3203/3177 1585/3202/3176 1584/3204/3178
f 380/3203/3177 1584/3204/3178 381/3205/3179
f 381/3205/3179 1584/3204/3178 1583/3206/3180
f 381/3205/3179 1583/3206/3180 382/3207/3181
f 382/3207/3181 1583/3206/3180 1582/3208/3182
f 382/3207/3181 1582/3208/3182 383/3209/3183
f 383/3209/3183 1582/3208/3182 1581/3210/3184
f 383/3209/3183 1581/3210/3184 384/3211/3185
f 384/3211/3185 1581/3210/3184 1580/3212/3186
f 384/3211/3185 1580/3212/3186 385/3213/3187
f 385/3213/3187 1580/3212/3186 1579/3214/3188
f 385/3213/3187 1579/3214/3188 386/3215/3189
f 386/3215/3189 1579/3214/3188 1578/3216/3190
f 386/3215/3189 1578/3216/3190 387/3217/3191
f 387/3217/3191 1578/3216/3190 1577/3218/3192
f 387/3217/3191 1577/3218/3192 388/3219/3193
f 388/3219/3193 1577/3218/3192 1576/3220/3194
f 388/3219/3193 1576/3220/3194 389/3221/3195
f 389/3221/3195 1576/3220/3194 1575/3222/3196
f 389/3221/3195 1575/3222/3196 390/3223/3197
f 390/3223/3197 1575/3222/3196 1574/3224/3198
f 390/3223/3197 1574/3224/3198 391/3225/3199
f 391/3225/3199 1574/3224/3198 1573/3226/3200
f 391/3225/3199 1573/3226/3200 392/3227/3201
f 392/3227/3201 1573/3226/3200 1572/3228/3202
f 392/3227/3201 1572/3228/3202 393/3229/3203
f 393/3229/3203 1572/3228/3202 1571/3230/3204
f 393/3229/3203 1571/3230/3204 394/3231/3205
f 394/3231/3205 1571/3230/3204 1570/3232/3206
f 394/3231/3205 1570/3232/3206 395/3233/3207
f 395/3233/3207 1570/3232/3206 1569/3234/3208
f 395/3233/3207 1569/3234/3208 396/3235/3209
f 396/3235/3209 1569/3234/3208 1568/3236/3210
f 396/3235/3209 1568/3236/3210 397/3237/3211
f 397/3237/3211 1568/3236/3210 1567/3238/3212
f 397/3237/3211 1567/3238/3212 398/3169/3145
f 398/3169/3145 1567/3238/3212 1566/3170/3146
f 422/3239/3213 1600/3240/3214 399/3241/3215
f 399/3241/3215 1600/3240/3214 1599/3242/3216
f 399/3243/3215 1599/3244/3216 400/3245/3217
f 400/3245/3217 1599/3244/3216 1622/3246/3218
f 400/3245/3217 1622/3246/3218 401/3247/3219
f 401/3247/3219 1622/3246/3218 1621/3248/3220
f 401/3247/3219 1621/3248/3220 402/3249/3221
f 402/3249/3221 1621/3248/3220 1620/3250/3222
f 402/3249/3221 1620/3250/3222 403/3251/3223
f 403/3251/3223 1620/3250/3222 1619/3252/3224
f 403/3251/3223 1619/3252/3224 404/3253/3225
f 404/3253/3225 1619/3252/3224 1618/3254/3226
f 404/3253/3225 1618/3254/3226 405/3255/3227
f 405/3255/3227 1618/3254/3226 1617/3256/3228
f 405/3255/3227 1617/3256/3228 406/3257/3229
f 406/3257/3229 1617/3256/3228 1616/3258/3230
f 406/3257/3229 1616/3258/3230 407/3259/3231
f 407/3259/3231 1616/3258/3230 1615/3260/3232
f 407/3259/3231 1615/3260/3232 408/3261/3233
f 408/3261/3233 1615/3260/3232 1614/3262/3234
f 408/3261/3233 1614/3262/3234 409/3263/3235
f 409/3263/3235 1614/3262/3234 1613/3264/3236
f 409/3263/3235 1613/3264/3236 410/3265/3237
f 410/3265/3237 1613/3264/3236 1612/3266/3238
f 410/3265/3237 1612/3266/3238 411/3267/3239
f 411/3267/3239 1612/3266/3238 1611/3268/3240
f 411/3267/3239 1611/3268/3240 412/3269/3241
f 412/3269/3241 1611/3268/3240 1610/3270/3242
f 412/3269/3241 1610/3270/3242 413/3271/3243
f 413/3271/3243 1610/3270/3242 1609/3272/3244
f 413/3271/3243 1609/3272/3244 414/3273/3245
f 414/3273/3245 1609/3272/3244 1608/3274/3246
f 414/3273/3245 1608/3274/3246 415/3275/3247
f 415/3275/3247 1608/3274/3246 1607/3276/3248
f 415/3275/3247 1607/3276/3248 416/3277/3249
f 416/3277/3249 1607/3276/3248 1606/3278/3250
f 416/3277/3249 1606/3278/3250 417/3279/3251
f 417/3279/3251 1606/3278/3250 1605/3280/3252
f 417/3279/3251 1605/3280/3252 418/3281/3253
f 418/3281/3253 1605/3280/3252 1604/3282/3254
f 418/3281/3253 1604/3282/3254 419/3283/3255
f 419/3283/3255 1604/3282/3254 1603/3284/3256
f 419/3283/3255 1603/3284/3256 420/3285/3257
f 420/3285/3257 1603/3284/3256 1602/3286/3258
f 420/3285/3257 1602/3286/3258 421/3287/3259
f 421/3287/3259 1602/3286/3258 1601/3288/3260
f 421/3287/3259 1601/3288/3260 422/3239/3213
f 422/3239/3213 1601/3288/3260 1600/3240/3214
f 456/3289/3261 1624/3290/3262 423/3291/3263
f 423/3291/3263 1624/3290/3262 1623/3292/3264
f 423/3293/3263 1623/3294/3264 424/3295/3265
f 424/3295/3265 1623/3294/3264 1656/3296/3266
f 424/3295/3265 1656/3296/3266 425/3297/3267
f 425/3297/3267 1656/3296/3266 1655/3298/3268
f 425/3297/3267 1655/3298/3268 426/3299/3269
f 426/3299/3269 1655/3298/3268 1654/3300/3270
f 426/3299/3269 1654/3300/3270 427/3301/3271
f 427/3301/3271 1654/3300/3270 1653/3302/3272
f 427/3301/3271 1653/3302/3272 428/3303/3273
f 428/3303/3273 1653/3302/3272 1652/3304/3274
f 428/3303/3273 1652/3304/3274 429/3305/3275
f 429/3305/3275 1652/3304/3274 1651/3306/3276
f 429/3305/3275 1651/3306/3276 430/3307/3277
f 430/3307/3277 1651/3306/3276 1650/3308/3278
f 430/3307/3277 1650/3308/3278 431/3309/3279
f 431/3309/3279 1650/3308/3278 1649/3310/3280
f 431/3309/3279 1649/3310/3280 432/3311/3281
f 432/3311/3281 1649/3310/3280 1648/3312/3282
f 432/3311/3281 1648/3312/3282 433/3313/3283
f 433/3313/3283 1648/3312/3282 1647/3314/3284
f 433/3313/3283 1647/3314/3284 434/3315/3285
f 434/3315/3285 1647/3314/3284 1646/3316/3286
f 434/3315/3285 1646/3316/3286 435/3317/3287
f 435/3317/3287 1646/3316/3286 1645/3318/3288
f 435/3317/3287 1645/3318/3288 436/3319/3289
f 436/3319/3289 1645/3318/3288 1644/3320/3290
f 436/3319/3289 1644/3320/3290 437/3321/3291
f 437/3321/3291 1644/3320/3290 1643/3322/3292
f 437/3321/3291 1643/3322/3292 438/3323/3293
f 438/3323/3293 1643/3322/3292 1642/3324/3294
f 438/3323/3293 1642/3324/3294 439/3325/3295
f 439/3325/3295 1642/3324/3294 1641/3326/3296
f 439/3325/3295 1641/3326/3296 440/3327/3297
f 440/3327/3297 1641/3326/3296 1640/3328/3298
f 440/3327/3297 1640/3328/3298 441/3329/3299
f 441/3329/3299 1640/3328/3298 1639/3330/3300
f 441/3329/3299 1639/3330/3300 442/3331/3301
f 442/3331/3301 1639/3330/3300 1638/3332/3302
f 442/3331/3301 1638/3332/3302 443/3333/3303
f 443/3333/3303 1638/3332/3302 1637/3334/3304
f 443/3333/3303 1637/3334/3304 444/3335/3305
f 444/3335/3305 1637/3334/3304 1636/3336/3306
f 444/3335/3305 1636/3336/3306 445/3337/3307
f 445/3337/3307 1636/3336/3306 1635/3338/3308
f 445/3337/3307 1635/3338/3308 446/3339/3309
f 446/3339/3309 1635/3338/3308 1634/3340/3310
f 446/3339/3309 1634/3340/3310 447/3341/3311
f 447/3341/3311 1634/3340/3310 1633/3342/3312
f 447/3341/3311 1633/3342/3312 448/3343/3313
f 448/3343/3313 1633/3342/3312 1632/3344/3314
f 448/3343/3313 1632/3344/3314 449/3345/3315
f 449/3345/3315 1632/3344/3314 1631/3346/3316
f 449/3345/3315 1631/3346/3316 450/3347/3317
f 450/3347/3317 1631/3346/3316 1630/3348/3318
f 450/3347/3317 1630/3348/3318 451/3349/3319
f 451/3349/3319 1630/3348/3318 1629/3350/3320
f 451/3349/3319 1629/3350/3320 452/3351/3321
f 452/3351/3321 1629/3350/3320 1628/3352/3322
f 452/3351/3321 1628/3352/3322 453/3353/3323
f 453/3353/3323 1628/3352/3322 1627/3354/3324
f 453/3353/3323 1627/3354/3324 454/3355/3325
f 454/3355/3325 1627/3354/3324 1626/3356/3326
f 454/3355/3325 1626/3356/3326 455/3357/3327
f 455/3357/3327 1626/3356/3326 1625/3358/3328
f 455/3357/3327 1625/3358/3328 456/3289/3261
f 456/3289/3261 1625/3358/3328 1624/3290/3262
f 490/3359/3329 1658/3360/3330 457/3361/3331
f 457/3361/3331 1658/3360/3330 1657/3362/3332
f 457/3363/3331 1657/3364/3332 458/3365/3333
f 458/3365/3333 1657/3364/3332 1690/3366/3334
f 458/3365/3333 1690/3366/3334 459/3367/3335
f 459/3367/3335 1690/3366/3334 1689/3368/3336
f 459/3367/3335 1689/3368/3336 460/3369/3337
f 460/3369/3337 1689/3368/3336 1688/3370/3338
f 460/3369/3337 1688/3370/3338 461/3371/3339
f 461/3371/3339 1688/3370/3338 1687/3372/3340
f 461/3371/3339 1687/3372/3340 462/3373/3341
f 462/3373/3341 1687/3372/3340 1686/3374/3342
f 462/3373/3341 1686/3374/3342 463/3375/3343
f 463/3375/3343 1686/3374/3342 1685/3376/3344
f 463/3375/3343 1685/3376/3344 464/3377/3345
f 464/3377/3345 1685/3376/3344 1684/3378/3346
f 464/3377/3345 1684/3378/3346 465/3379/3347
f 465/3379/3347 1684/3378/3346 1683/3380/3348
f 465/3379/3347 1683/3380/3348 466/3381/3349
f 466/3381/3349 1683/3380/3348 1682/3382/3350
f 466/3381/3349 1682/3382/3350 467/3383/3351
f 467/3383/3351 1682/3382/3350 1681/3384/3352
f 467/3383/3351 1681/3384/3352 468/3385/3353
f 468/3385/3353 1681/3384/3352 1680/3386/3354
f 468/3385/3353 1680/3386/3354 469/3387/3355
f 469/3387/3355 1680/3386/3354 1679/3388/3356
f 469/3387/3355 1679/3388/3356 470/3389/3357
f 470/3389/3357 1679/3388/3356 1678/3390/3358
f 470/3389/3357 1678/3390/3358 471/3391/3359
f 471/3391/3359 1678/3390/3358 1677/3392/3360
f 471/3391/3359 1677/3392/3360 472/3393/3361
f 472/3393/3361 1677/3392/3360 1676/3394/3362
f 472/3393/3361 1676/3394/3362 473/3395/3363
f 473/3395/3363 1676/3394/3362 1675/3396/3364
f 473/3395/3363 1675/3396/3364 474/3397/3365
f 474/3397/3365 1675/3396/3364 1674/3398/3366
f 474/3397/3365 1674/3398/3366 475/3399/3367
f 475/3399/3367 1674/3398/3366 1673/3400/3368
f 475/3399/3367 1673/3400/3368 476/3401/3369
f 476/3401/3369 1673/3400/3368 1672/3402/3370
f 476/3401/3369 1672/3402/3370 477/3403/3371
f 477/3403/3371 1672/3402/3370 1671/3404/3372
f 477/3403/3371 1671/3404/3372 478/3405/3373
f 478/3405/3373 1671/3404/3372 1670/3406/3374
f 478/3405/3373 1670/3406/3374 479/3407/3375
f 479/3407/3375 1670/3406/3374 1669/3408/3376
f 479/3407/3375 1669/3408/3376 480/3409/3377
f 480/3409/3377 1669/3408/3376 1668/3410/3378
f 480/3409/3377 1668/3410/3378 481/3411/3379
f 481/3411/3379 1668/3410/3378 1667/3412/3380
f 481/3411/3379 1667/3412/3380 482/3413/3381
f 482/3413/3381 1667/3412/3380 1666/3414/3382
f 482/3413/3381 1666/3414/3382 483/3415/3383
f 483/3415/3383 1666/3414/3382 1665/3416/3384
f 483/3415/3383 1665/3416/3384 484/3417/3385
f 484/3417/3385 1665/3416/3384 1664/3418/3386
f 484/3417/3385 1664/3418/3386 485/3419/3387
f 485/3419/3387 1664/3418/3386 1663/3420/3388
f 485/3419/3387 1663/3420/3388 486/3421/3389
f 486/3421/3389 1663/3420/3388 1662/3422/3390
f 486/3421/3389 1662/3422/3390 487/3423/3391
f 487/3423/3391 1662/3422/3390 1661/3424/3392
f 487/3423/3391 1661/3424/3392 488/3425/3393
f 488/3425/3393 1661/3424/3392 1660/3426/3394
f 488/3425/3393 1660/3426/3394 489/3427/3395
f 489/3427/3395 1660/3426/3394 1659/3428/3396
f 489/3427/3395 1659/3428/3396 490/3359/3329
f 490/3359/3329 1659/3428/3396 1658/3360/3330
f 514/3429/3397 1692/3430/3398 491/3431/3399
f 491/3431/3399 1692/3430/3398 1691/3432/3400
f 491/3433/3399 1691/3434/3400 492/3435/3401
f 492/3435/3401 1691/3434/3400 1714/3436/3402
f 492/3435/3401 1714/3436/3402 493/3437/3403
f 493/3437/3403 1714/3436/3402 1713/3438/3404
f 493/3437/3403 1713/3438/3404 494/3439/3405
f 494/3439/3405 1713/3438/3404 1712/3440/3406
f 494/3439/3405 1712/3440/3406 495/3441/3407
f 495/3441/3407 1712/3440/3406 1711/3442/3408
f 495/3441/3407 1711/3442/3408 496/3443/3409
f 496/3443/3409 1711/3442/3408 1710/3444/3410
f 496/3443/3409 1710/3444/3410 497/3445/3411
f 497/3445/3411 1710/3444/3410 1709/3446/3412
f 497/3445/3411 1709/3446/3412 498/3447/3413
f 498/3447/3413 1709/3446/3412 1708/3448/3414
f 498/3447/3413 1708/3448/3414 499/3449/3415
f 499/3449/3415 1708/3448/3414 1707/3450/3416
f 499/3449/3415 1707/3450/3416 500/3451/3417
f 500/3451/3417 1707/3450/3416 1706/3452/3418
f 500/3451/3417 1706/3452/3418 501/3453/3419
f 501/3453/3419 1706/3452/3418 1705/3454/3420
f 501/3453/3419 1705/3454/3420 502/3455/3421
f 502/3455/3421 1705/3454/3420 1704/3456/3422
f 502/3455/3421 1704/3456/3422 503/3457/3423
f 503/3457/3423 1704/3456/3422 1703/3458/3424
f 503/3457/3423 1703/3458/3424 504/3459/3425
f 504/3459/3425 1703/3458/3424 1702/3460/3426
f 504/3459/3425 1702/3460/3426 505/3461/3427
f 505/3461/3427 1702/3460/3426 1701/3462/3428
f 505/3461/3427 1701/3462/3428 506/3463/3429
f 506/3463/3429 1701/3462/3428 1700/3464/3430
f 506/3463/3429 1700/3464/3430 507/3465/3431
f 507/3465/3431 1700/3464/3430 1699/3466/3432
f 507/3465/3431 1699/3466/3432 508/3467/3433
f 508/3467/3433 1699/3466/3432 1698/3468/3434
f 508/3467/3433 1698/3468/3434 509/3469/3435
f 509/3469/3435 1698/3468/3434 1697/3470/3436
f 509/3469/3435 1697/3470/3436 510/3471/3437
f 510/3471/3437 1697/3470/3436 1696/3472/3438
f 510/3471/3437 1696/3472/3438 511/3473/3439
f 511/3473/3439 1696/3472/3438 1695/3474/3440
f 511/3473/3439 1695/3474/3440 512/3475/3441
f 512/3475/3441 1695/3474/3440 1694/3476/3442
f 512/3475/3441 1694/3476/3442 513/3477/3443
f 513/3477/3443 1694/3476/3442 1693/3478/3444
f 513/3477/3443 1693/3478/3444 514/3429/3397
f 514/3429/3397 1693/3478/3444 1692/3430/3398
f 548/3479/3445 1716/3480/3446 515/3481/3447
f 515/3481/3447 1716/3480/3446 1715/3482/3448
f 515/3483/3447 1715/3484/3448 516/3485/3449
f 516/3485/3449 1715/3484/3448 1748/3486/3450
f 516/3485/3449 1748/3486/3450 517/3487/3451
f 517/3487/3451 1748/3486/3450 1747/3488/3452
f 517/3487/3451 1747/3488/3452 518/3489/3453
f 518/3489/3453 1747/3488/3452 1746/3490/3454
f 518/3489/3453 1746/3490/3454 519/3491/3455
f 519/3491/3455 1746/3490/3454 1745/3492/3456
f 519/3491/3455 1745/3492/3456 520/3493/3457
f 520/3493/3457 1745/3492/3456 1744/3494/3458
f 520/3493/3457 1744/3494/3458 521/3495/3459
f 521/3495/3459 1744/3494/3458 1743/3496/3460
f 521/3495/3459 1743/3496/3460 522/3497/3461
f 522/3497/3461 1743/3496/3460 1742/3498/3462
f 522/3497/3461 1742/3498/3462 523/3499/3463
f 523/3499/3463 1742/3498/3462 1741/3500/3464
f 523/3499/3463 1741/3500/3464 524/3501/3465
f 524/3501/3465 1741/3500/3464 1740/3502/3466
f 524/3501/3465 1740/3502/3466 525/3503/3467
f 525/3503/3467 1740/3502/3466 1739/3504/3468
f 525/3503/3467 1739/3504/3468 526/3505/3469
f 526/3505/3469 1739/3504/3468 1738/3506/3470
f 526/3505/3469 1738/3506/3470 527/3507/3471
f 527/3507/3471 1738/3506/3470 1737/3508/3472
f 527/3507/3471 1737/3508/3472 528/3509/3473
f 528/3509/3473 1737/3508/3472 1736/3510/3474
f 528/3509/3473 1736/3510/3474 529/3511/3475
f 529/3511/3475 1736/3510/3474 1735/3512/3476
f 529/3511/3475 1735/3512/3476 530/3513/3477
f 530/3513/3477 1735/3512/3476 1734/3514/3478
f 530/3513/3477 1734/3514/3478 531/3515/3479
f 531/3515/3479 1734/3514/3478 1733/3516/3480
f 531/3515/3479 1733/3516/3480 532/3517/3481
f 532/3517/3481 1733/3516/3480 1732/3518/3482
f 532/3517/3481 1732/3518/3482 533/3519/3483
f 533/3519/3483 1732/3518/3482 1731/3520/3484
f 533/3519/3483 1731/3520/3484 534/3521/3485
f 534/3521/3485 1731/3520/3484 1730/3522/3486
f 534/3521/3485 1730/3522/3486 535/3523/3487
f 535/3523/3487 1730/3522/3486 1729/3524/3488
f 535/3523/3487 1729/3524/3488 536/3525/3489
f 536/3525/3489 1729/3524/3488 1728/3526/3490
f 536/3525/3489 1728/3526/3490 537/3527/3491
f 537/3527/3491 1728/3526/3490 1727/3528/3492
f 537/3527/3491 1727/3528/3492 538/3529/3493
f 538/3529/3493 1727/3528/3492 1726/3530/3494
f 538/3529/3493 1726/3530/3494 539/3531/3495
f 539/3531/3495 1726/3530/3494 1725/3532/3496
f 539/3531/3495 1725/3532/3496 540/3533/3497
f 540/3533/3497 1725/3532/3496 1724/3534/3498
f 540/3533/3497 1724/3534/3498 541/3535/3499
f 541/3535/3499 1724/3534/3498 1723/3536/3500
f 541/3535/3499 1723/3536/3500 542/3537/3501
f 542/3537/3501 1723/3536/3500 1722/3538/3502
f 542/3537/3501 1722/3538/3502 543/3539/3503
f 543/3539/3503 1722/3538/3502 1721/3540/3504
f 543/3539/3503 1721/3540/3504 544/3541/3505
f 544/3541/3505 1721/3540/3504 1720/3542/3506
f 544/3541/3505 1720/3542/3506 545/3543/3507
f 545/3543/3507 1720/3542/3506 1719/3544/3508
f 545/3543/3507 1719/3544/3508 546/3545/3509
f 546/3545/3509 1719/3544/3508 1718/3546/3510
f 546/3545/3509 1718/3546/3510 547/3547/3511
f 547/3547/3511 1718/3546/3510 1717/3548/3512
f 547/3547/3511 1717/3548/3512 548/3479/3445
f 548/3479/3445 1717/3548/3512 1716/3480/3446
f 572/3549/3513 1750/3550/3514 549/3551/3515
f 549/3551/3515 1750/3550/3514 1749/3552/3516
f 549/3553/3515 1749/3554/3516 550/3555/3517
f 550/3555/3517 1749/3554/3516 1772/3556/3518
f 550/3555/3517 1772/3556/3518 551/3557/3519
f 551/3557/3519 1772/3556/3518 1771/3558/3520
f 551/3557/3519 1771/3558/3520 552/3559/3521
f 552/3559/3521 1771/3558/3520 1770/3560/3522
f 552/3559/3521 1770/3560/3522 553/3561/3523
f 553/3561/3523 1770/3560/3522 1769/3562/3524
f 553/3561/3523 1769/3562/3524 554/3563/3525
f 554/3563/3525 1769/3562/3524 1768/3564/3526
f 554/3563/3525 1768/3564/3526 555/3565/3527
f 555/3565/3527 1768/3564/3526 1767/3566/3528
f 555/3565/3527 1767/3566/3528 556/3567/3529
f 556/3567/3529 1767/3566/3528 1766/3568/3530
f 556/3567/3529 1766/3568/3530 557/3569/3531
f 557/3569/3531 1766/3568/3530 1765/3570/3532
f 557/3569/3531 1765/3570/3532 558/3571/3533
f 558/3571/3533 1765/3570/3532 1764/3572/3534
f 558/3571/3533 1764/3572/3534 559/3573/3535
f 559/3573/3535 1764/3572/3534 1763/3574/3536
f 559/3573/3535 1763/3574/3536 560/3575/3537
f 560/3575/3537 1763/3574/3536 1762/3576/3538
f 560/3575/3537 1762/3576/3538 561/3577/3539
f 561/3577/3539 1762/3576/3538 1761/3578/3540
f 561/3577/3539 1761/3578/3540 562/3579/3541
f 562/3579/3541 1761/3578/3540 1760/3580/3542
f 562/3579/3541 1760/3580/3542 563/3581/3543
f 563/3581/3543 1760/3580/3542 1759/3582/3544
f 563/3581/3543 1759/3582/3544 564/3583/3545
f 564/3583/3545 1759/3582/3544 1758/3584/3546
f 564/3583/3545 1758/3584/3546 565/3585/3547
f 565/3585/3547 1758/3584/3546 1757/3586/3548
f 565/3585/3547 1757/3586/3548 566/3587/3549
f 566/3587/3549 1757/3586/3548 1756/3588/3550
f 566/3587/3549 1756/3588/3550 567/3589/3551
f 567/3589/3551 1756/3588/3550 1755/3590/3552
f 567/3589/3551 1755/3590/3552 568/3591/3553
f 568/3591/3553 1755/3590/3552 1754/3592/3554
f 568/3591/3553 1754/3592/3554 569/3593/3555
f 569/3593/3555 1754/3592/3554 1753/3594/3556
f 569/3593/3555 1753/3594/3556 570/3595/3557
f 570/3595/3557 1753/3594/3556 1752/3596/3558
f 570/3595/3557 1752/3596/3558 571/3597/3559
f 571/3597/3559 1752/3596/3558 1751/3598/3560
f 571/3597/3559 1751/3598/3560 572/3549/3513
f 572/3549/3513 1751/3598/3560 1750/3550/3514
f 606/3599/3561 1774/3600/3562 573/3601/3563
f 573/3601/3563 1774/3600/3562 1773/3602/3564
f 573/3603/3563 1773/3604/3564 574/3605/3565
f 574/3605/3565 1773/3604/3564 1806/3606/3566
f 574/3605/3565 1806/3606/3566 575/3607/3567
f 575/3607/3567 1806/3606/3566 1805/3608/3568
f 575/3607/3567 1805/3608/3568 576/3609/3569
f 576/3609/3569 1805/3608/3568 1804/3610/3570
f 576/3609/3569 1804/3610/3570 577/3611/3571
f 577/3611/3571 1804/3610/3570 1803/3612/3572
f 577/3611/3571 1803/3612/3572 578/3613/3573
f 578/3613/3573 1803/3612/3572 1802/3614/3574
f 578/3613/3573 1802/3614/3574 579/3615/3575
f 579/3615/3575 1802/3614/3574 1801/3616/3576
f 579/3615/3575 1801/3616/3576 580/3617/3577
f 580/3617/3577 1801/3616/3576 1800/3618/3578
f 580/3617/3577 1800/3618/3578 581/3619/3579
f 581/3619/3579 1800/3618/3578 1799/3620/3580
f 581/3619/3579 1799/3620/3580 582/3621/3581
f 582/3621/3581 1799/3620/3580 1798/3622/3582
f 582/3621/3581 1798/3622/3582 583/3623/3583
f 583/3623/3583 1798/3622/3582 1797/3624/3584
f 583/3623/3583 1797/3624/3584 584/3625/3585
f 584/3625/3585 1797/3624/3584 1796/3626/3586
f 584/3625/3585 1796/3626/3586 585/3627/3587
f 585/3627/3587 1796/3626/3586 1795/3628/3588
f 585/3627/3587 1795/3628/3588 586/3629/3589
f 586/3629/3589 1795/3628/3588 1794/3630/3590
f 586/3629/3589 1794/3630/3590 587/3631/3591
f 587/3631/3591 1794/3630/3590 1793/3632/3592
f 587/3631/3591 1793/3632/3592 588/3633/3593
f 588/3633/3593 1793/3632/3592 1792/3634/3594
f 588/3633/3593 1792/3634/3594 589/3635/3595
f 589/3635/3595 1792/3634/3594 1791/3636/3596
f 589/3635/3595 1791/3636/3596 590/3637/3597
f 590/3637/3597 1791/3636/3596 1790/3638/3598
f 590/3637/3597 1790/3638/3598 591/3639/3599
f 591/3639/3599 1790/3638/3598 1789/3640/3600
f 591/3639/3599 1789/3640/3600 592/3641/3601
f 592/3641/3601 1789/3640/3600 1788/3642/3602
f 592/3641/3601 1788/3642/3602 593/3643/3603
f 593/3643/3603 1788/3642/3602 1787/3644/3604
f 593/3643/3603 1787/3644/3604 594/3645/3605
f 594/3645/3605 1787/3644/3604 1786/3646/3606
f 594/3645/3605 1786/3646/3606 595/3647/3607
f 595/3647/3607 1786/3646/3606 1785/3648/3608
f 595/3647/3607 1785/3648/3608 596/3649/3609
f 596/3649/3609 1785/3648/3608 1784/3650/3610
f 596/3649/3609 1784/3650/3610 597/3651/3611
f 597/3651/3611 1784/3650/3610 1783/3652/3612
f 597/3651/3611 1783/3652/3612 598/3653/3613
f 598/3653/3613 1783/3652/3612 1782/3654/3614
f 598/3653/3613 1782/3654/3614 599/3655/3615
f 599/3655/3615 1782/3654/3614 1781/3656/3616
f 599/3655/3615 1781/3656/3616 600/3657/3617
f 600/3657/3617 1781/3656/3616 1780/3658/3618
f 600/3657/3617 1780/3658/3618 601/3659/3619
f 601/3659/3619 1780/3658/3618 1779/3660/3620
f 601/3659/3619 1779/3660/3620 602/3661/3621
f 602/3661/3621 1779/3660/3620 1778/3662/3622
f 602/3661/3621 1778/3662/3622 603/3663/3623
f 603/3663/3623 1778/3662/3622 1777/3664/3624
f 603/3663/3623 1777/3664/3624 604/3665/3625
f 604/3665/3625 1777/3664/3624 1776/3666/3626
f 604/3665/3625 1776/3666/3626 605/3667/3627
f 605/3667/3627 1776/3666/3626 1775/3668/3628
f 605/3667/3627 1775/3668/3628 606/3599/3561
f 606/3599/3561 1775/3668/3628 1774/3600/3562
f 640/3669/3629 1808/3670/3630 607/3671/3631
f 607/3671/3631 1808/3670/3630 1807/3672/3632
f 607/3673/3631 1807/3674/3632 608/3675/3633
f 608/3675/3633 1807/3674/3632 1840/3676/3634
f 608/3675/3633 1840/3676/3634 609/3677/3635
f 609/3677/3635 1840/3676/3634 1839/3678/3636
f 609/3677/3635 1839/3678/3636 610/3679/3637
f 610/3679/3637 1839/3678/3636 1838/3680/3638
f 610/3679/3637 1838/3680/3638 611/3681/3639
f 611/3681/3639 1838/3680/3638 1837/3682/3640
f 611/3681/3639 1837/3682/3640 612/3683/3641
f 612/3683/3641 1837/3682/3640 1836/3684/3642
f 612/3683/3641 1836/3684/3642 613/3685/3643
f 613/3685/3643 1836/3684/3642 1835/3686/3644
f 613/3685/3643 1835/3686/3644 614/3687/3645
f 614/3687/3645 1835/3686/3644 1834/3688/3646
f 614/3687/3645 1834/3688/3646 615/3689/3647
f 615/3689/3647 1834/3688/3646 1833/3690/3648
f 615/3689/3647 1833/3690/3648 616/3691/3649
f 616/3691/3649 1833/3690/3648 1832/3692/3650
f 616/3691/3649 1832/3692/3650 617/3693/3651
f 617/3693/3651 1832/3692/3650 1831/3694/3652
f 617/3693/3651 1831/3694/3652 618/3695/3653
f 618/3695/3653 1831/3694/3652 1830/3696/3654
f 618/3695/3653 1830/3696/3654 619/3697/3655
f 619/3697/3655 1830/3696/3654 1829/3698/3656
f 619/3697/3655 1829/3698/3656 620/3699/3657
f 620/3699/3657 1829/3698/3656 1828/3700/3658
f 620/3699/3657 1828/3700/3658 621/3701/3659
f 621/3701/3659 1828/3700/3658 1827/3702/3660
f 621/3701/3659 1827/3702/3660 622/3703/3661
f 622/3703/3661 1827/3702/3660 1826/3704/3662
f 622/3703/3661 1826/3704/3662 623/3705/3663
f 623/3705/3663 1826/3704/3662 1825/3706/3664
f 623/3705/3663 1825/3706/3664 624/3707/3665
f 624/3707/3665 1825/3706/3664 1824/3708/3666
f 624/3707/3665 1824/3708/3666 625/3709/3667
f 625/3709/3667 1824/3708/3666 1823/3710/3668
f 625/3709/3667 1823/3710/3668 626/3711/3669
f 626/3711/3669 1823/3710/3668 1822/3712/3670
f 626/3711/3669 1822/3712/3670 627/3713/3671
f 627/3713/3671 1822/3712/3670 1821/3714/3672
f 627/3713/3671 1821/3714/3672 628/3715/3673
f 628/3715/3673 1821/3714/3672 1820/3716/3674
f 628/3715/3673 1820/3716/3674 629/3717/3675
f 629/3717/3675 1820/3716/3674 1819/3718/3676
f 629/3717/3675 1819/3718/3676 630/3719/3677
f 630/3719/3677 1819/3718/3676 1818/3720/3678
f 630/3719/3677 1818/3720/3678 631/3721/3679
f 631/3721/3679 1818/3720/3678 1817/3722/3680
f 631/3721/3679 1817/3722/3680 632/3723/3681
f 632/3723/3681 1817/3722/3680 1816/3724/3682
f 632/3723/3681 1816/3724/3682 633/3725/3683
f 633/3725/3683 1816/3724/3682 1815/3726/3684
f 633/3725/3683 1815/3726/3684 634/3727/3685
f 634/3727/3685 1815/3726/3684 1814/3728/3686
f 634/3727/3685 1814/3728/3686 635/3729/3687
f 635/3729/3687 1814/3728/3686 1813/3730/3688
f 635/3729/3687 1813/3730/3688 636/3731/3689
f 636/3731/3689 1813/3730/3688 1812/3732/3690
f 636/3731/3689 1812/3732/3690 637/3733/3691
f 637/3733/3691 1812/3732/3690 1811/3734/3692
f 637/3733/3691 1811/3734/3692 638/3735/3693
f 638/3735/3693 1811/3734/3692 1810/3736/3694
f 638/3735/3693 1810/3736/3694 639/3737/3695
f 639/3737/3695 1810/3736/3694 1809/3738/3696
f 639/3737/3695 1809/3738/3696 640/3669/3629
f 640/3669/3629 1809/3738/3696 1808/3670/3630
f 664/3739/3697 1842/3740/3698 641/3741/3699
f 641/3741/3699 1842/3740/3698 1841/3742/3700
f 641/3743/3699 1841/3744/3700 642/3745/3701
f 642/3745/3701 1841/3744/3700 1864/3746/3702
f 642/3745/3701 1864/3746/3702 643/3747/3703
f 643/3747/3703 1864/3746/3702 1863/3748/3704
f 643/3747/3703 1863/3748/3704 644/3749/3705
f 644/3749/3705 1863/3748/3704 1862/3750/3706
f 644/3749/3705 1862/3750/3706 645/3751/3707
f 645/3751/3707 1862/3750/3706 1861/3752/3708
f 645/3751/3707 1861/3752/3708 646/3753/3709
f 646/3753/3709 1861/3752/3708 1860/3754/3710
f 646/3753/3709 1860/3754/3710 647/3755/3711
f 647/3755/3711 1860/3754/3710 1859/3756/3712
f 647/3755/3711 1859/3756/3712 648/3757/3713
f 648/3757/3713 1859/3756/3712 1858/3758/3714
f 648/3757/3713 1858/3758/3714 649/3759/3715
f 649/3759/3715 1858/3758/3714 1857/3760/3716
f 649/3759/3715 1857/3760/3716 650/3761/3717
f 650/3761/3717 1857/3760/3716 1856/3762/3718
f 650/3761/3717 1856/3762/3718 651/3763/3719
f 651/3763/3719 1856/3762/3718 1855/3764/3720
f 651/3763/3719 1855/3764/3720 652/3765/3721
f 652/3765/3721 1855/3764/3720 1854/3766/3722
f 652/3765/3721 1854/3766/3722 653/3767/3723
f 653/3767/3723 1854/3766/3722 1853/3768/3724
f 653/3767/3723 1853/3768/3724 654/3769/3725
f 654/3769/3725 1853/3768/3724 1852/3770/3726
f 654/3769/3725 1852/3770/3726 655/3771/3727
f 655/3771/3727 1852/3770/3726 1851/3772/3728
f 655/3771/3727 1851/3772/3728 656/3773/3729
f 656/3773/3729 1851/3772/3728 1850/3774/3730
f 656/3773/3729 1850/3774/3730 657/3775/3731
f 657/3775/3731 1850/3774/3730 1849/3776/3732
f 657/3775/3731 1849/3776/3732 658/3777/3733
f 658/3777/3733 1849/3776/3732 1848/3778/3734
f 658/3777/3733 1848/3778/3734 659/3779/3735
f 659/3779/3735 1848/3778/3734 1847/3780/3736
f 659/3779/3735 1847/3780/3736 660/3781/3737
f 660/3781/3737 1847/3780/3736 1846/3782/3738
f 660/3781/3737 1846/3782/3738 661/3783/3739
f 661/3783/3739 1846/3782/3738 1845/3784/3740
f 661/3783/3739 1845/3784/3740 662/3785/3741
f 662/3785/3741 1845/3784/3740 1844/3786/3742
f 662/3785/3741 1844/3786/3742 663/3787/3743
f 663/3787/3743 1844/3786/3742 1843/3788/3744
f 663/3787/3743 1843/3788/3744 664/3739/3697
f 664/3739/3697 1843/3788/3744 1842/3740/3698
f 698/3789/3745 1866/3790/3746 665/3791/3747
f 665/3791/3747 1866/3790/3746 1865/3792/3748
f 665/3793/3747 1865/3794/3748 666/3795/3749
f 666/3795/3749 1865/3794/3748 1898/3796/3750
f 666/3795/3749 1898/3796/3750 667/3797/3751
f 667/3797/3751 1898/3796/3750 1897/3798/3752
f 667/3797/3751 1897/3798/3752 668/3799/3753
f 668/3799/3753 1897/3798/3752 1896/3800/3754
f 668/3799/3753 1896/3800/3754 669/3801/3755
f 669/3801/3755 1896/3800/3754 1895/3802/3756
f 669/3801/3755 1895/3802/3756 670/3803/3757
f 670/3803/3757 1895/3802/3756 1894/3804/3758
f 670/3803/3757 1894/3804/3758 671/3805/3759
f 671/3805/3759 1894/3804/3758 1893/3806/3760
f 671/3805/3759 1893/3806/3760 672/3807/3761
f 672/3807/3761 1893/3806/3760 1892/3808/3762
f 672/3807/3761 1892/3808/3762 673/3809/3763
f 673/3809/3763 1892/3808/3762 1891/3810/3764
f 673/3809/3763 1891/3810/3764 674/3811/3765
f 674/3811/3765 1891/3810/3764 1890/3812/3766
f 674/3811/3765 1890/3812/3766 675/3813/3767
f 675/3813/3767 1890/3812/3766 1889/3814/3768
f 675/3813/3767 1889/3814/3768 676/3815/3769
f 676/3815/3769 1889/3814/3768 1888/3816/3770
f 676/3815/3769 1888/3816/3770 677/3817/3771
f 677/3817/3771 1888/3816/3770 1887/3818/3772
f 677/3817/3771 1887/3818/3772 678/3819/3773
f 678/3819/3773 1887/3818/3772 1886/3820/3774
f 678/3819/3773 1886/3820/3774 679/3821/3775
f 679/3821/3775 1886/3820/3774 1885/3822/3776
f 679/3821/3775 1885/3822/3776 680/3823/3777
f 680/3823/3777 1885/3822/3776 1884/3824/3778
f 680/3823/3777 1884/3824/3778 681/3825/3779
f 681/3825/3779 1884/3824/3778 1883/3826/3780
f 681/3825/3779 1883/3826/3780 682/3827/3781
f 682/3827/3781 1883/3826/3780 1882/3828/3782
f 682/3827/3781 1882/3828/3782 683/3829/3783
f 683/3829/3783 1882/3828/3782 1881/3830/3784
f 683/3829/3783 1881/3830/3784 684/3831/3785
f 684/3831/3785 1881/3830/3784 1880/3832/3786
f 684/3831/3785 1880/3832/3786 685/3833/3787
f 685/3833/3787 1880/3832/3786 1879/3834/3788
f 685/3833/3787 1879/3834/3788 686/3835/3789
f 686/3835/3789 1879/3834/3788 1878/3836/3790
f 686/3835/3789 1878/3836/3790 687/3837/3791
f 687/3837/3791 1878/3836/3790 1877/3838/3792
f 687/3837/3791 1877/3838/3792 688/3839/3793
f 688/3839/3793 1877/3838/3792 1876/3840/3794
f 688/3839/3793 1876/3840/3794 689/3841/3795
f 689/3841/3795 1876/3840/3794 1875/3842/3796
f 689/3841/3795 1875/3842/3796 690/3843/3797
f 690/3843/3797 1875/3842/3796 1874/3844/3798
f 690/3843/3797 1874/3844/3798 691/3845/3799
f 691/3845/3799 1874/3844/3798 1873/3846/3800
f 691/3845/3799 1873/3846/3800 692/3847/3801
f 692/3847/3801 1873/3846/3800 1872/3848/3802
f 692/3847/3801 1872/3848/3802 693/3849/3803
f 693/3849/3803 1872/3848/3802 1871/3850/3804
f 693/3849/3803 1871/3850/3804 694/3851/3805
f 694/3851/3805 1871/3850/3804 1870/3852/3806
f 694/3851/3805 1870/3852/3806 695/3853/3807
f 695/3853/3807 1870/3852/3806 1869/3854/3808
f 695/3853/3807 1869/3854/3808 696/3855/3809
f 696/3855/3809 1869/3854/3808 1868/3856/3810
f 696/3855/3809 1868/3856/3810 697/3857/3811
f 697/3857/3811 1868/3856/3810 1867/3858/3812
f 697/3857/3811 1867/3858/3812 698/3789/3745
f 698/3789/3745 1867/3858/3812 1866/3790/3746
f 732/3859/3813 1900/3860/3814 699/3861/3815
f 699/3861/3815 1900/3860/3814 1899/3862/3816
f 699/3863/3815 1899/3864/3816 700/3865/3817
f 700/3865/3817 1899/3864/3816 1932/3866/3818
f 700/3865/3817 1932/3866/3818 701/3867/3819
f 701/3867/3819 1932/3866/3818 1931/3868/3820
f 701/3867/3819 1931/3868/3820 702/3869/3821
f 702/3869/3821 1931/3868/3820 1930/3870/3822
f 702/3869/3821 1930/3870/3822 703/3871/3823
f 703/3871/3823 1930/3870/3822 1929/3872/3824
f 703/3871/3823 1929/3872/3824 704/3873/3825
f 704/3873/3825 1929/3872/3824 1928/3874/3826
f 704/3873/3825 1928/3874/3826 705/3875/3827
f 705/3875/3827 1928/3874/3826 1927/3876/3828
f 705/3875/3827 1927/3876/3828 706/3877/3829
f 706/3877/3829 1927/3876/3828 1926/3878/3830
f 706/3877/3829 1926/3878/3830 707/3879/3831
f 707/3879/3831 1926/3878/3830 1925/3880/3832
f 707/3879/3831 1925/3880/3832 708/3881/3833
f 708/3881/3833 1925/3880/3832 1924/3882/3834
f 708/3881/3833 1924/3882/3834 709/3883/3835
f 709/3883/3835 1924/3882/3834 1923/3884/3836
f 709/3883/3835 1923/3884/3836 710/3885/3837
f 710/3885/3837 1923/3884/3836 1922/3886/3838
f 710/3885/3837 1922/3886/3838 711/3887/3839
f 711/3887/3839 1922/3886/3838 1921/3888/3840
f 711/3887/3839 1921/3888/3840 712/3889/3841
f 712/3889/3841 1921/3888/3840 1920/3890/3842
f 712/3889/3841 1920/3890/3842 713/3891/3843
f 713/3891/3843 1920/3890/3842 1919/3892/3844
f 713/3891/3843 1919/3892/3844 714/3893/3845
f 714/3893/3845 1919/3892/3844 1918/3894/3846
f 714/3893/3845 1918/3894/3846 715/3895/3847
f 715/3895/3847 1918/3894/3846 1917/3896/3848
f 715/3895/3847 1917/3896/3848 716/3897/3849
f 716/3897/3849 1917/3896/3848 1916/3898/3850
f 716/3897/3849 1916/3898/3850 717/3899/3851
f 717/3899/3851 1916/3898/3850 1915/3900/3852
f 717/3899/3851 1915/3900/3852 718/3901/3853
f 718/3901/3853 1915/3900/3852 1914/3902/3854
f 718/3901/3853 1914/3902/3854 719/3903/3855
f 719/3903/3855 1914/3902/3854 1913/3904/3856
f 719/3903/3855 1913/3904/3856 720/3905/3857
f 720/3905/3857 1913/3904/3856 1912/3906/3858
f 720/3905/3857 1912/3906/3858 721/3907/3859
f 721/3907/3859 1912/3906/3858 1911/3908/3860
f 721/3907/3859 1911/3908/3860 722/3909/3861
f 722/3909/3861 1911/3908/3860 1910/3910/3862
f 722/3909/3861 1910/3910/3862 723/3911/3863
f 723/3911/3863 1910/3910/3862 1909/3912/3864
f 723/3911/3863 1909/3912/3864 724/3913/3865
f 724/3913/3865 1909/3912/3864 1908/3914/3866
f 724/3913/3865 1908/3914/3866 725/3915/3867
f 725/3915/3867 1908/3914/3866 1907/3916/3868
f 725/3915/3867 1907/3916/3868 726/3917/3869
f 726/3917/3869 1907/3916/3868 1906/3918/3870
f 726/3917/3869 1906/3918/3870 727/3919/3871
f 727/3919/3871 1906/3918/3870 1905/3920/3872
f 727/3919/3871 1905/3920/3872 728/3921/3873
f 728/3921/3873 1905/3920/3872 1904/3922/3874
f 728/3921/3873 1904/3922/3874 729/3923/3875
f 729/3923/3875 1904/3922/3874 1903/3924/3876
f 729/3923/3875 1903/3924/3876 730/3925/3877
f 730/3925/3877 1903/3924/3876 1902/3926/3878
f 730/3925/3877 1902/3926/3878 731/3927/3879
f 731/3927/3879 1902/3926/3878 1901/3928/3880
f 731/3927/3879 1901/3928/3880 732/3859/3813
f 732/3859/3813 1901/3928/3880 1900/3860/3814
f 756/3929/3881 1934/3930/3882 733/3931/3883
f 733/3931/3883 1934/3930/3882 1933/3932/3884
f 733/3933/3883 1933/3934/3884 734/3935/3885
f 734/3935/3885 1933/3934/3884 1956/3936/3886
f 734/3935/3885 1956/3936/3886 735/3937/3887
f 735/3937/3887 1956/3936/3886 1955/3938/3888
f 735/3937/3887 1955/3938/3888 736/3939/3889
f 736/3939/3889 1955/3938/3888 1954/3940/3890
f 736/3939/3889 1954/3940/3890 737/3941/3891
f 737/3941/3891 1954/3940/3890 1953/3942/3892
f 737/3941/3891 1953/3942/3892 738/3943/3893
f 738/3943/3893 1953/3942/3892 1952/3944/3894
f 738/3943/3893 1952/3944/3894 739/3945/3895
f 739/3945/3895 1952/3944/3894 1951/3946/3896
f 739/3945/3895 1951/3946/3896 740/3947/3897
f 740/3947/3897 1951/3946/3896 1950/3948/3898
f 740/3947/3897 1950/3948/3898 741/3949/3899
f 741/3949/3899 1950/3948/3898 1949/3950/3900
f 741/3949/3899 1949/3950/3900 742/3951/3901
f 742/3951/3901 1949/3950/3900 1948/3952/3902
f 742/3951/3901 1948/3952/3902 743/3953/3903
f 743/3953/3903 1948/3952/3902 1947/3954/3904
f 743/3953/3903 1947/3954/3904 744/3955/3905
f 744/3955/3905 1947/3954/3904 1946/3956/3906
f 744/3955/3905 1946/3956/3906 745/3957/3907
f 745/3957/3907 1946/3956/3906 1945/3958/3908
f 745/3957/3907 1945/3958/3908 746/3959/3909
f 746/3959/3909 1945/3958/3908 1944/3960/3910
f 746/3959/3909 1944/3960/3910 747/3961/3911
f 747/3961/3911 1944/3960/3910 1943/3962/3912
f 747/3961/3911 1943/3962/3912 748/3963/3913
f 748/3963/3913 1943/3962/3912 1942/3964/3914
f 748/3963/3913 1942/3964/3914 749/3965/3915
f 749/3965/3915 1942/3964/3914 1941/3966/3916
f 749/3965/3915 1941/3966/3916 750/3967/3917
f 750/3967/3917 1941/3966/3916 1940/3968/3918
f 750/3967/3917 1940/3968/3918 751/3969/3919
f 751/3969/3919 1940/3968/3918 1939/3970/3920
f 751/3969/3919 1939/3970/3920 752/3971/3921
f 752/3971/3921 1939/3970/3920 1938/3972/3922
f 752/3971/3921 1938/3972/3922 753/3973/3923
f 753/3973/3923 1938/3972/3922 1937/3974/3924
f 753/3973/3923 1937/3974/3924 754/3975/3925
f 754/3975/3925 1937/3974/3924 1936/3976/3926
f 754/3975/3925 1936/3976/3926 755/3977/3927
f 755/3977/3927 1936/3976/3926 1935/3978/3928
f 755/3977/3927 1935/3978/3928 756/3929/3881
f 756/3929/3881 1935/3978/3928 1934/3930/3882
f 790/3979/3929 1958/3980/3930 757/3981/3931
f 757/3981/3931 1958/3980/3930 1957/3982/3932
f 757/3983/3931 1957/3984/3932 758/3985/3933
f 758/3985/3933 1957/3984/3932 1990/3986/3934
f 758/3985/3933 1990/3986/3934 759/3987/3935
f 759/3987/3935 1990/3986/3934 1989/3988/3936
f 759/3987/3935 1989/3988/3936 760/3989/3937
f 760/3989/3937 1989/3988/3936 1988/3990/3938
f 760/3989/3937 1988/3990/3938 761/3991/3939
f 761/3991/3939 1988/3990/3938 1987/3992/3940
f 761/3991/3939 1987/3992/3940 762/3993/3941
f 762/3993/3941 1987/3992/3940 1986/3994/3942
f 762/3993/3941 1986/3994/3942 763/3995/3943
f 763/3995/3943 1986/3994/3942 1985/3996/3944
f 763/3995/3943 1985/3996/3944 764/3997/3945
f 764/3997/3945 1985/3996/3944 1984/3998/3946
f 764/3997/3945 1984/3998/3946 765/3999/3947
f 765/3999/3947 1984/3998/3946 1983/4000/3948
f 765/3999/3947 1983/4000/3948 766/4001/3949
f 766/4001/3949 1983/4000/3948 1982/4002/3950
f 766/4001/3949 1982/4002/3950 767/4003/3951
f 767/4003/3951 1982/4002/3950 1981/4004/3952
f 767/4003/3951 1981/4004/3952 768/4005/3953
f 768/4005/3953 1981/4004/3952 1980/4006/3954
f 768/4005/3953 1980/4006/3954 769/4007/3955
f 769/4007/3955 1980/4006/3954 1979/4008/3956
f 769/4007/3955 1979/4008/3956 770/4009/3957
f 770/4009/3957 1979/4008/3956 1978/4010/3958
f 770/4009/3957 1978/4010/3958 771/4011/3959
f 771/4011/3959 1978/4010/3958 1977/4012/3960
f 771/4011/3959 1977/4012/3960 772/4013/3961
f 772/4013/3961 1977/4012/3960 1976/4014/3962
f 772/4013/3961 1976/4014/3962 773/4015/3963
f 773/4015/3963 1976/4014/3962 1975/4016/3964
f 773/4015/3963 1975/4016/3964 774/4017/3965
f 774/4017/3965 1975/4016/3964 1974/4018/3966
f 774/4017/3965 1974/4018/3966 775/4019/3967
f 775/4019/3967 1974/4018/3966 1973/4020/3968
f 775/4019/3967 1973/4020/3968 776/4021/3969
f 776/4021/3969 1973/4020/3968 1972/4022/3970
f 776/4021/3969 1972/4022/3970 777/4023/3971
f 777/4023/3971 1972/4022/3970 1971/4024/3972
f 777/4023/3971 1971/4024/3972 778/4025/3973
f 778/4025/3973 1971/4024/3972 1970/4026/3974
f 778/4025/3973 1970/4026/3974 779/4027/3975
f 779/4027/3975 1970/4026/3974 1969/4028/3976
f 779/4027/3975 1969/4028/3976 780/4029/3977
f 780/4029/3977 1969/4028/3976 1968/4030/3978
f 780/4029/3977 1968/4030/3978 781/4031/3979
f 781/4031/3979 1968/4030/3978 1967/4032/3980
f 781/4031/3979 1967/4032/3980 782/4033/3981
f 782/4033/3981 1967/4032/3980 1966/4034/3982
f 782/4033/3981 1966/4034/3982 783/4035/3983
f 783/4035/3983 1966/4034/3982 1965/4036/3984
f 783/4035/3983 1965/4036/3984 784/4037/3985
f 784/4037/3985 1965/4036/3984 1964/4038/3986
f 784/4037/3985 1964/4038/3986 785/4039/3987
f 785/4039/3987 1964/4038/3986 1963/4040/3988
f 785/4039/3987 1963/4040/3988 786/4041/3989
f 786/4041/3989 1963/4040/3988 1962/4042/3990
f 786/4041/3989 1962/4042/3990 787/4043/3991
f 787/4043/3991 1962/4042/3990 1961/4044/3992
f 787/4043/3991 1961/4044/3992 788/4045/3993
f 788/4045/3993 1961/4044/3992 1960/4046/3994
f 788/4045/3993 1960/4046/3994 789/4047/3995
f 789/4047/3995 1960/4046/3994 1959/4048/3996
f 789/4047/3995 1959/4048/3996 790/3979/3929
f 790/3979/3929 1959/4048/3996 1958/3980/3930
f 824/4049/3997 1992/4050/3998 791/4051/3999
f 791/4051/3999 1992/4050/3998 1991/4052/4000
f 791/4053/3999 1991/4054/4000 792/4055/4001
f 792/4055/4001 1991/4054/4000 2024/4056/4002
f 792/4055/4001 2024/4056/4002 793/4057/4003
f 793/4057/4003 2024/4056/4002 2023/4058/4004
f 793/4057/4003 2023/4058/4004 794/4059/4005
f 794/4059/4005 2023/4058/4004 2022/4060/4006
f 794/4059/4005 2022/4060/4006 795/4061/4007
f 795/4061/4007 2022/4060/4006 2021/4062/4008
f 795/4061/4007 2021/4062/4008 796/4063/4009
f 796/4063/4009 2021/4062/4008 2020/4064/4010
f 796/4063/4009 2020/4064/4010 797/4065/4011
f 797/4065/4011 2020/4064/4010 2019/4066/4012
f 797/4065/4011 2019/4066/4012 798/4067/4013
f 798/4067/4013 2019/4066/4012 2018/4068/4014
f 798/4067/4013 2018/4068/4014 799/4069/4015
f 799/4069/4015 2018/4068/4014 2017/4070/4016
f 799/4069/4015 2017/4070/4016 800/4071/4017
f 800/4071/4017 2017/4070/4016 2016/4072/4018
f 800/4071/4017 2016/4072/4018 801/4073/4019
f 801/4073/4019 2016/4072/4018 2015/4074/4020
f 801/4073/4019 2015/4074/4020 802/4075/4021
f 802/4075/4021 2015/4074/4020 2014/4076/4022
f 802/4075/4021 2014/4076/4022 803/4077/4023
f 803/4077/4023 2014/4076/4022 2013/4078/4024
f 803/4077/4023 2013/4078/4024 804/4079/4025
f 804/4079/4025 2013/4078/4024 2012/4080/4026
f 804/4079/4025 2012/4080/4026 805/4081/4027
f 805/4081/4027 2012/4080/4026 2011/4082/4028
f 805/4081/4027 2011/4082/4028 806/4083/4029
f 806/4083/4029 2011/4082/4028 2010/4084/4030
f 806/4083/4029 2010/4084/4030 807/4085/4031
f 807/4085/4031 2010/4084/4030 2009/4086/4032
f 807/4085/4031 2009/4086/4032 808/4087/4033
f 808/4087/4033 2009/4086/4032 2008/4088/4034
f 808/4087/4033 2008/4088/4034 809/4089/4035
f 809/4089/4035 2008/4088/4034 2007/4090/4036
f 809/4089/4035 2007/4090/4036 810/4091/4037
f 810/4091/4037 2007/4090/4036 2006/4092/4038
f 810/4091/4037 2006/4092/4038 811/4093/4039
f 811/4093/4039 2006/4092/4038 2005/4094/4040
f 811/4093/4039 2005/4094/4040 812/4095/4041
f 812/4095/4041 2005/4094/4040 2004/4096/4042
f 812/4095/4041 2004/4096/4042 813/4097/4043
f 813/4097/4043 2004/4096/4042 2003/4098/4044
f 813/4097/4043 2003/4098/4044 814/4099/4045
f 814/4099/4045 2003/4098/4044 2002/4100/4046
f 814/4099/4045 2002/4100/4046 815/4101/4047
f 815/4101/4047 2002/4100/4046 2001/4102/4048
f 815/4101/4047 2001/4102/4048 816/4103/4049
f 816/4103/4049 2001/4102/4048 2000/4104/4050
f 816/4103/4049 2000/4104/4050 817/4105/4051
f 817/4105/4051 2000/4104/4050 1999/4106/4052
f 817/4105/4051 1999/4106/4052 818/4107/4053
f 818/4107/4053 1999/4106/4052 1998/4108/4054
f 818/4107/4053 1998/4108/4054 819/4109/4055
f 819/4109/4055 1998/4108/4054 1997/4110/4056
f 819/4109/4055 1997/4110/4056 820/4111/4057
f 820/4111/4057 1997/4110/4056 1996/4112/4058
f 820/4111/4057 1996/4112/4058 821/4113/4059
f 821/4113/4059 1996/4112/4058 1995/4114/4060
f 821/4113/4059 1995/4114/4060 822/4115/4061
f 822/4115/4061 1995/4114/4060 1994/4116/4062
f 822/4115/4061 1994/4116/4062 823/4117/4063
f 823/4117/4063 1994/4116/4062 1993/4118/4064
f 823/4117/4063 1993/4118/4064 824/4049/3997
f 824/4049/3997 1993/4118/4064 1992/4050/3998
f 858/4119/4065 2026/4120/4066 825/4121/4067
f 825/4121/4067 2026/4120/4066 2025/4122/4068
f 825/4123/4067 2025/4124/4068 826/4125/4069
f 826/4125/4069 2025/4124/4068 2058/4126/4070
f 826/4125/4069 2058/4126/4070 827/4127/4071
f 827/4127/4071 2058/4126/4070 2057/4128/4072
f 827/4127/4071 2057/4128/4072 828/4129/4073
f 828/4129/4073 2057/4128/4072 2056/4130/4074
f 828/4129/4073 2056/4130/4074 829/4131/4075
f 829/4131/4075 2056/4130/4074 2055/4132/4076
f 829/4131/4075 2055/4132/4076 830/4133/4077
f 830/4133/4077 2055/4132/4076 2054/4134/4078
f 830/4133/4077 2054/4134/4078 831/4135/4079
f 831/4135/4079 2054/4134/4078 2053/4136/4080
f 831/4135/4079 2053/4136/4080 832/4137/4081
f 832/4137/4081 2053/4136/4080 2052/4138/4082
f 832/4137/4081 2052/4138/4082 833/4139/4083
f 833/4139/4083 2052/4138/4082 2051/4140/4084
f 833/4139/4083 2051/4140/4084 834/4141/4085
f 834/4141/4085 2051/4140/4084 2050/4142/4086
f 834/4141/4085 2050/4142/4086 835/4143/4087
f 835/4143/4087 2050/4142/4086 2049/4144/4088
f 835/4143/4087 2049/4144/4088 836/4145/4089
f 836/4145/4089 2049/4144/4088 2048/4146/4090
f 836/4145/4089 2048/4146/4090 837/4147/4091
f 837/4147/4091 2048/4146/4090 2047/4148/4092
f 837/4147/4091 2047/4148/4092 838/4149/4093
f 838/4149/4093 2047/4148/4092 2046/4150/4094
f 838/4149/4093 2046/4150/4094 839/4151/4095
f 839/4151/4095 2046/4150/4094 2045/4152/4096
f 839/4151/4095 2045/4152/4096 840/4153/4097
f 840/4153/4097 2045/4152/4096 2044/4154/4098
f 840/4153/4097 2044/4154/4098 841/4155/4099
f 841/4155/4099 2044/4154/4098 2043/4156/4100
f 841/4155/4099 2043/4156/4100 842/4157/4101
f 842/4157/4101 2043/4156/4100 2042/4158/4102
f 842/4157/4101 2042/4158/4102 843/4159/4103
f 843/4159/4103 2042/4158/4102 2041/4160/4104
f 843/4159/4103 2041/4160/4104 844/4161/4105
f 844/4161/4105 2041/4160/4104 2040/4162/4106
f 844/4161/4105 2040/4162/4106 845/4163/4107
f 845/4163/4107 2040/4162/4106 2039/4164/4108
f 845/4163/4107 2039/4164/4108 846/4165/4109
f 846/4165/4109 2039/4164/4108 2038/4166/4110
f 846/4165/4109 2038/4166/4110 847/4167/4111
f 847/4167/4111 2038/4166/4110 2037/4168/4112
f 847/4167/4111 2037/4168/4112 848/4169/4113
f 848/4169/4113 2037/4168/4112 2036/4170/4114
f 848/4169/4113 2036/4170/4114 849/4171/4115
f 849/4171/4115 2036/4170/4114 2035/4172/4116
f 849/4171/4115 2035/4172/4116 850/4173/4117
f 850/4173/4117 2035/4172/4116 2034/4174/4118
f 850/4173/4117 2034/4174/4118 851/4175/4119
f 851/4175/4119 2034/4174/4118 2033/4176/4120
f 851/4175/4119 2033/4176/4120 852/4177/4121
f 852/4177/4121 2033/4176/4120 2032/4178/4122
f 852/4177/4121 2032/4178/4122 853/4179/4123
f 853/4179/4123 2032/4178/4122 2031/4180/4124
f 853/4179/4123 2031/4180/4124 854/4181/4125
f 854/4181/4125 2031/4180/4124 2030/4182/4126
f 854/4181/4125 2030/4182/4126 855/4183/4127
f 855/4183/4127 2030/4182/4126 2029/4184/4128
f 855/4183/4127 2029/4184/4128 856/4185/4129
f 856/4185/4129 2029/4184/4128 2028/4186/4130
f 856/4185/4129 2028/4186/4130 857/4187/4131
f 857/4187/4131 2028/4186/4130 2027/4188/4132
f 857/4187/4131 2027/4188/4132 858/4119/4065
f 858/4119/4065 2027/4188/4132 2026/4120/4066
f 892/4189/4133 2060/4190/4134 859/4191/4135
f 859/4191/4135 2060/4190/4134 2059/4192/4136
f 859/4193/4135 2059/4194/4136 860/4195/4137
f 860/4195/4137 2059/4194/4136 2092/4196/4138
f 860/4195/4137 2092/4196/4138 861/4197/4139
f 861/4197/4139 2092/4196/4138 2091/4198/4140
f 861/4197/4139 2091/4198/4140 862/4199/4141
f 862/4199/4141 2091/4198/4140 2090/4200/4142
f 862/4199/4141 2090/4200/4142 863/4201/4143
f 863/4201/4143 2090/4200/4142 2089/4202/4144
f 863/4201/4143 2089/4202/4144 864/4203/4145
f 864/4203/4145 2089/4202/4144 2088/4204/4146
f 864/4203/4145 2088/4204/4146 865/4205/4147
f 865/4205/4147 2088/4204/4146 2087/4206/4148
f 865/4205/4147 2087/4206/4148 866/4207/4149
f 866/4207/4149 2087/4206/4148 2086/4208/4150
f 866/4207/4149 2086/4208/4150 867/4209/4151
f 867/4209/4151 2086/4208/4150 2085/4210/4152
f 867/4209/4151 2085/4210/4152 868/4211/4153
f 868/4211/4153 2085/4210/4152 2084/4212/4154
f 868/4211/4153 2084/4212/4154 869/4213/4155
f 869/4213/4155 2084/4212/4154 2083/4214/4156
f 869/4213/4155 2083/4214/4156 870/4215/4157
f 870/4215/4157 2083/4214/4156 2082/4216/4158
f 870/4215/4157 2082/4216/4158 871/4217/4159
f 871/4217/4159 2082/4216/4158 2081/4218/4160
f 871/4217/4159 2081/4218/4160 872/4219/4161
f 872/4219/4161 2081/4218/4160 2080/4220/4162
f 872/4219/4161 2080/4220/4162 873/4221/4163
f 873/4221/4163 2080/4220/4162 2079/4222/4164
f 873/4221/4163 2079/4222/4164 874/4223/4165
f 874/4223/4165 2079/4222/4164 2078/4224/4166
f 874/4223/4165 2078/4224/4166 875/4225/4167
f 875/4225/4167 2078/4224/4166 2077/4226/4168
f 875/4225/4167 2077/4226/4168 876/4227/4169
f 876/4227/4169 2077/4226/4168 2076/4228/4170
f 876/4227/4169 2076/4228/4170 877/4229/4171
f 877/4229/4171 2076/4228/4170 2075/4230/4172
f 877/4229/4171 2075/4230/4172 878/4231/4173
f 878/4231/4173 2075/4230/4172 2074/4232/4174
f 878/4231/4173 2074/4232/4174 879/4233/4175
f 879/4233/4175 2074/4232/4174 2073/4234/4176
f 879/4233/4175 2073/4234/4176 880/4235/4177
f 880/4235/4177 2073/4234/4176 2072/4236/4178
f 880/4235/4177 2072/4236/4178 881/4237/4179
f 881/4237/4179 2072/4236/4178 2071/4238/4180
f 881/4237/4179 2071/4238/4180 882/4239/4181
f 882/4239/4181 2071/4238/4180 2070/4240/4182
f 882/4239/4181 2070/4240/4182 883/4241/4183
f 883/4241/4183 2070/4240/4182 2069/4242/4184
f 883/4241/4183 2069/4242/4184 884/4243/4185
f 884/4243/4185 2069/4242/4184 2068/4244/4186
f 884/4243/4185 2068/4244/4186 885/4245/4187
f 885/4245/4187 2068/4244/4186 2067/4246/4188
f 885/4245/4187 2067/4246/4188 886/4247/4189
f 886/4247/4189 2067/4246/4188 2066/4248/4190
f 886/4247/4189 2066/4248/4190 887/4249/4191
f 887/4249/4191 2066/4248/4190 2065/4250/4192
f 887/4249/4191 2065/4250/4192 888/4251/4193
f 888/4251/4193 2065/4250/4192 2064/4252/4194
f 888/4251/4193 2064/4252/4194 889/4253/4195
f 889/4253/4195 2064/4252/4194 2063/4254/4196
f 889/4253/4195 2063/4254/4196 890/4255/4197
f 890/4255/4197 2063/4254/4196 2062/4256/4198
f 890/4255/4197 2062/4256/4198 891/4257/4199
f 891/4257/4199 2062/4256/4198 2061/4258/4200
f 891/4257/4199 2061/4258/4200 892/4189/4133
f 892/4189/4133 2061/4258/4200 2060/4190/4134
f 926/4259/4201 2094/4260/4202 893/4261/4203
f 893/4261/4203 2094/4260/4202 2093/4262/4204
f 893/4263/4203 2093/4264/4204 894/4265/4205
f 894/4265/4205 2093/4264/4204 2126/4266/4206
f 894/4265/4205 2126/4266/4206 895/4267/4207
f 895/4267/4207 2126/4266/4206 2125/4268/4208
f 895/4267/4207 2125/4268/4208 896/4269/4209
f 896/4269/4209 2125/4268/4208 2124/4270/4210
f 896/4269/4209 2124/4270/4210 897/4271/4211
f 897/4271/4211 2124/4270/4210 2123/4272/4212
f 897/4271/4211 2123/4272/4212 898/4273/4213
f 898/4273/4213 2123/4272/4212 2122/4274/4214
f 898/4273/4213 2122/4274/4214 899/4275/4215
f 899/4275/4215 2122/4274/4214 2121/4276/4216
f 899/4275/4215 2121/4276/4216 900/4277/4217
f 900/4277/4217 2121/4276/4216 2120/4278/4218
f 900/4277/4217 2120/4278/4218 901/4279/4219
f 901/4279/4219 2120/4278/4218 2119/4280/4220
f 901/4279/4219 2119/4280/4220 902/4281/4221
f 902/4281/4221 2119/4280/4220 2118/4282/4222
f 902/4281/4221 2118/4282/4222 903/4283/4223
f 903/4283/4223 2118/4282/4222 2117/4284/4224
f 903/4283/4223 2117/4284/4224 904/4285/4225
f 904/4285/4225 2117/4284/4224 2116/4286/4226
f 904/4285/4225 2116/4286/4226 905/4287/4227
f 905/4287/4227 2116/4286/4226 2115/4288/4228
f 905/4287/4227 2115/4288/4228 906/4289/4229
f 906/4289/4229 2115/4288/4228 2114/4290/4230
f 906/4289/4229 2114/4290/4230 907/4291/4231
f 907/4291/4231 2114/4290/4230 2113/4292/4232
f 907/4291/4231 2113/4292/4232 908/4293/4233
f 908/4293/4233 2113/4292/4232 2112/4294/4234
f 908/4293/4233 2112/4294/4234 909/4295/4235
f 909/4295/4235 2112/4294/4234 2111/4296/4236
f 909/4295/4235 2111/4296/4236 910/4297/4237
f 910/4297/4237 2111/4296/4236 2110/4298/4238
f 910/4297/4237 2110/4298/4238 911/4299/4239
f 911/4299/4239 2110/4298/4238 2109/4300/4240
f 911/4299/4239 2109/4300/4240 912/4301/4241
f 912/4301/4241 2109/4300/4240 2108/4302/4242
f 912/4301/4241 2108/4302/4242 913/4303/4243
f 913/4303/4243 2108/4302/4242 2107/4304/4244
f 913/4303/4243 2107/4304/4244 914/4305/4245
f 914/4305/4245 2107/4304/4244 2106/4306/4246
f 914/4305/4245 2106/4306/4246 915/4307/4247
f 915/4307/4247 2106/4306/4246 2105/4308/4248
f 915/4307/4247 2105/4308/4248 916/4309/4249
f 916/4309/4249 2105/4308/4248 2104/4310/4250
f 916/4309/4249 2104/4310/4250 917/4311/4251
f 917/4311/4251 2104/4310/4250 2103/4312/4252
f 917/4311/4251 2103/4312/4252 918/4313/4253
f 918/4313/4253 2103/4312/4252 2102/4314/4254
f 918/4313/4253 2102/4314/4254 919/4315/4255
f 919/4315/4255 2102/4314/4254 2101/4316/4256
f 919/4315/4255 2101/4316/4256 920/4317/4257
f 920/4317/4257 2101/4316/4256 2100/4318/4258
f 920/4317/4257 2100/4318/4258 921/4319/4259
f 921/4319/4259 2100/4318/4258 2099/4320/4260
f 921/4319/4259 2099/4320/4260 922/4321/4261
f 922/4321/4261 2099/4320/4260 2098/4322/4262
f 922/4321/4261 2098/4322/4262 923/4323/4263
f 923/4323/4263 2098/4322/4262 2097/4324/4264
f 923/4323/4263 2097/4324/4264 924/4325/4265
f 924/4325/4265 2097/4324/4264 2096/4326/4266
f 924/4325/4265 2096/4326/4266 925/4327/4267
f 925/4327/4267 2096/4326/4266 2095/4328/4268
f 925/4327/4267 2095/4328/4268 926/4259/4201
f 926/4259/4201 2095/4328/4268 2094/4260/4202
f 950/4329/4269 2128/4330/4270 927/4331/4271
f 927/4331/4271 2128/4330/4270 2127/4332/4272
f 927/4333/4271 2127/4334/4272 928/4335/4273
f 928/4335/4273 2127/4334/4272 2150/4336/4274
f 928/4335/4273 2150/4336/4274 929/4337/4275
f 929/4337/4275 2150/4336/4274 2149/4338/4276
f 929/4337/4275 2149/4338/4276 930/4339/4277
f 930/4339/4277 2149/4338/4276 2148/4340/4278
f 930/4339/4277 2148/4340/4278 931/4341/4279
f 931/4341/4279 2148/4340/4278 2147/4342/4280
f 931/4341/4279 2147/4342/4280 932/4343/4281
f 932/4343/4281 2147/4342/4280 2146/4344/4282
f 932/4343/4281 2146/4344/4282 933/4345/4283
f 933/4345/4283 2146/4344/4282 2145/4346/4284
f 933/4345/4283 2145/4346/4284 934/4347/4285
f 934/4347/4285 2145/4346/4284 2144/4348/4286
f 934/4347/4285 2144/4348/4286 935/4349/4287
f 935/4349/4287 2144/4348/4286 2143/4350/4288
f 935/4349/4287 2143/4350/4288 936/4351/4289
f 936/4351/4289 2143/4350/4288 2142/4352/4290
f 936/4351/4289 2142/4352/4290 937/4353/4291
f 937/4353/4291 2142/4352/4290 2141/4354/4292
f 937/4353/4291 2141/4354/4292 938/4355/4293
f 938/4355/4293 2141/4354/4292 2140/4356/4294
f 938/4355/4293 2140/4356/4294 939/4357/4295
f 939/4357/4295 2140/4356/4294 2139/4358/4296
f 939/4357/4295 2139/4358/4296 940/4359/4297
f 940/4359/4297 2139/4358/4296 2138/4360/4298
f 940/4359/4297 2138/4360/4298 941/4361/4299
f 941/4361/4299 2138/4360/4298 2137/4362/4300
f 941/4361/4299 2137/4362/4300 942/4363/4301
f 942/4363/4301 2137/4362/4300 2136/4364/4302
f 942/4363/4301 2136/4364/4302 943/4365/4303
f 943/4365/4303 2136/4364/4302 2135/4366/4304
f 943/4365/4303 2135/4366/4304 944/4367/4305
f 944/4367/4305 2135/4366/4304 2134/4368/4306
f 944/4367/4305 2134/4368/4306 945/4369/4307
f 945/4369/4307 2134/4368/4306 2133/4370/4308
f 945/4369/4307 2133/4370/4308 946/4371/4309
f 946/4371/4309 2133/4370/4308 2132/4372/4310
f 946/4371/4309 2132/4372/4310 947/4373/4311
f 947/4373/4311 2132/4372/4310 2131/4374/4312
f 947/4373/4311 2131/4374/4312 948/4375/4313
f 948/4375/4313 2131/4374/4312 2130/4376/4314
f 948/4375/4313 2130/4376/4314 949/4377/4315
f 949/4377/4315 2130/4376/4314 2129/4378/4316
f 949/4377/4315 2129/4378/4316 950/4329/4269
f 950/4329/4269 2129/4378/4316 2128/4330/4270
f 984/4379/4317 2152/4380/4318 951/4381/4319
f 951/4381/4319 2152/4380/4318 2151/4382/4320
f 951/4383/4319 2151/4384/4320 952/4385/4321
f 952/4385/4321 2151/4384/4320 2184/4386/4322
f 952/4385/4321 2184/4386/4322 953/4387/4323
f 953/4387/4323 2184/4386/4322 2183/4388/4324
f 953/4387/4323 2183/4388/4324 954/4389/4325
f 954/4389/4325 2183/4388/4324 2182/4390/4326
f 954/4389/4325 2182/4390/4326 955/4391/4327
f 955/4391/4327 2182/4390/4326 2181/4392/4328
f 955/4391/4327 2181/4392/4328 956/4393/4329
f 956/4393/4329 2181/4392/4328 2180/4394/4330
f 956/4393/4329 2180/4394/4330 957/4395/4331
f 957/4395/4331 2180/4394/4330 2179/4396/4332
f 957/4395/4331 2179/4396/4332 958/4397/4333
f 958/4397/4333 2179/4396/4332 2178/4398/4334
f 958/4397/4333 2178/4398/4334 959/4399/4335
f 959/4399/4335 2178/4398/4334 2177/4400/4336
f 959/4399/4335 2177/4400/4336 960/4401/4337
f 960/4401/4337 2177/4400/4336 2176/4402/4338
f 960/4401/4337 2176/4402/4338 961/4403/4339
f 961/4403/4339 2176/4402/4338 2175/4404/4340
f 961/4403/4339 2175/4404/4340 962/4405/4341
f 962/4405/4341 2175/4404/4340 2174/4406/4342
f 962/4405/4341 2174/4406/4342 963/4407/4343
f 963/4407/4343 2174/4406/4342 2173/4408/4344
f 963/4407/4343 2173/4408/4344 964/4409/4345
f 964/4409/4345 2173/4408/4344 2172/4410/4346
f 964/4409/4345 2172/4410/4346 965/4411/4347
f 965/4411/4347 2172/4410/4346 2171/4412/4348
f 965/4411/4347 2171/4412/4348 966/4413/4349
f 966/4413/4349 2171/4412/4348 2170/4414/4350
f 966/4413/4349 2170/4414/4350 967/4415/4351
f 967/4415/4351 2170/4414/4350 2169/4416/4352
f 967/4415/4351 2169/4416/4352 968/4417/4353
f 968/4417/4353 2169/4416/4352 2168/4418/4354
f 968/4417/4353 2168/4418/4354 969/4419/4355
f 969/4419/4355 2168/4418/4354 2167/4420/4356
f 969/4419/4355 2167/4420/4356 970/4421/4357
f 970/4421/4357 2167/4420/4356 2166/4422/4358
f 970/4421/4357 2166/4422/4358 971/4423/4359
f 971/4423/4359 2166/4422/4358 2165/4424/4360
f 971/4423/4359 2165/4424/4360 972/4425/4361
f 972/4425/4361 2165/4424/4360 2164/4426/4362
f 972/4425/4361 2164/4426/4362 973/4427/4363
f 973/4427/4363 2164/4426/4362 2163/4428/4364
f 973/4427/4363 2163/4428/4364 974/4429/4365
f 974/4429/4365 2163/4428/4364 2162/4430/4366
f 974/4429/4365 2162/4430/4366 975/4431/4367
f 975/4431/4367 2162/4430/4366 2161/4432/4368
f 975/4431/4367 2161/4432/4368 976/4433/4369
f 976/4433/4369 2161/4432/4368 2160/4434/4370
f 976/4433/4369 2160/4434/4370 977/4435/4371
f 977/4435/4371 2160/4434/4370 2159/4436/4372
f 977/4435/4371 2159/4436/4372 978/4437/4373
f 978/4437/4373 2159/4436/4372 2158/4438/4374
f 978/4437/4373 2158/4438/4374 979/4439/4375
f 979/4439/4375 2158/4438/4374 2157/4440/4376
f 979/4439/4375 2157/4440/4376 980/4441/4377
f 980/4441/4377 2157/4440/4376 2156/4442/4378
f 980/4441/4377 2156/4442/4378 981/4443/4379
f 981/4443/4379 2156/4442/4378 2155/4444/4380
f 981/4443/4379 2155/4444/4380 982/4445/4381
f 982/4445/4381 2155/4444/4380 2154/4446/4382
f 982/4445/4381 2154/4446/4382 983/4447/4383
f 983/4447/4383 2154/4446/4382 2153/4448/4384
f 983/4447/4383 2153/4448/4384 984/4379/4317
f 984/4379/4317 2153/4448/4384 2152/4380/4318
f 1008/4449/4385 2186/4450/4386 985/4451/4387
f 985/4451/4387 2186/4450/4386 2185/4452/4388
f 985/4453/4387 2185/4454/4388 986/4455/4389
f 986/4455/4389 2185/4454/4388 2208/4456/4390
f 986/4455/4389 2208/4456/4390 987/4457/4391
f 987/4457/4391 2208/4456/4390 2207/4458/4392
f 987/4457/4391 2207/4458/4392 988/4459/4393
f 988/4459/4393 2207/4458/4392 2206/4460/4394
f 988/4459/4393 2206/4460/4394 989/4461/4395
f 989/4461/4395 2206/4460/4394 2205/4462/4396
f 989/4461/4395 2205/4462/4396 990/4463/4397
f 990/4463/4397 2205/4462/4396 2204/4464/4398
f 990/4463/4397 2204/4464/4398 991/4465/4399
f 991/4465/4399 2204/4464/4398 2203/4466/4400
f 991/4465/4399 2203/4466/4400 992/4467/4401
f 992/4467/4401 2203/4466/4400 2202/4468/4402
f 992/4467/4401 2202/4468/4402 993/4469/4403
f 993/4469/4403 2202/4468/4402 2201/4470/4404
f 993/4469/4403 2201/4470/4404 994/4471/4405
f 994/4471/4405 2201/4470/4404 2200/4472/4406
f 994/4471/4405 2200/4472/4406 995/4473/4407
f 995/4473/4407 2200/4472/4406 2199/4474/4408
f 995/4473/4407 2199/4474/4408 996/4475/4409
f 996/4475/4409 2199/4474/4408 2198/4476/4410
f 996/4475/4409 2198/4476/4410 997/4477/4411
f 997/4477/4411 2198/4476/4410 2197/4478/4412
f 997/4477/4411 2197/4478/4412 998/4479/4413
f 998/4479/4413 2197/4478/4412 2196/4480/4414
f 998/4479/4413 2196/4480/4414 999/4481/4415
f 999/4481/4415 2196/4480/4414 2195/4482/4416
f 999/4481/4415 2195/4482/4416 1000/4483/4417
f 1000/4483/4417 2195/4482/4416 2194/4484/4418
f 1000/4483/4417 2194/4484/4418 1001/4485/4419
f 1001/4485/4419 2194/4484/4418 2193/4486/4420
f 1001/4485/4419 2193/4486/4420 1002/4487/4421
f 1002/4487/4421 2193/4486/4420 2192/4488/4422
f 1002/4487/4421 2192/4488/4422 1003/4489/4423
f 1003/4489/4423 2192/4488/4422 2191/4490/4424
f 1003/4489/4423 2191/4490/4424 1004/4491/4425
f 1004/4491/4425 2191/4490/4424 2190/4492/4426
f 1004/4491/4425 2190/4492/4426 1005/4493/4427
f 1005/4493/4427 2190/4492/4426 2189/4494/4428
f 1005/4493/4427 2189/4494/4428 1006/4495/4429
f 1006/4495/4429 2189/4494/4428 2188/4496/4430
f 1006/4495/4429 2188/4496/4430 1007/4497/4431
f 1007/4497/4431 2188/4496/4430 2187/4498/4432
f 1007/4497/4431 2187/4498/4432 1008/4449/4385
f 1008/4449/4385 2187/4498/4432 2186/4450/4386
f 1042/4499/4433 2210/4500/4434 1009/4501/4435
f 1009/4501/4435 2210/4500/4434 2209/4502/4436
f 1009/4503/4435 2209/4504/4436 1010/4505/4437
f 1010/4505/4437 2209/4504/4436 2242/4506/4438
f 1010/4505/4437 2242/4506/4438 1011/4507/4439
f 1011/4507/4439 2242/4506/4438 2241/4508/4440
f 1011/4507/4439 2241/4508/4440 1012/4509/4441
f 1012/4509/4441 2241/4508/4440 2240/4510/4442
f 1012/4509/4441 2240/4510/4442 1013/4511/4443
f 1013/4511/4443 2240/4510/4442 2239/4512/4444
f 1013/4511/4443 2239/4512/4444 1014/4513/4445
f 1014/4513/4445 2239/4512/4444 2238/4514/4446
f 1014/4513/4445 2238/4514/4446 1015/4515/4447
f 1015/4515/4447 2238/4514/4446 2237/4516/4448
f 1015/4515/4447 2237/4516/4448 1016/4517/4449
f 1016/4517/4449 2237/4516/4448 2236/4518/4450
f 1016/4517/4449 2236/4518/4450 1017/4519/4451
f 1017/4519/4451 2236/4518/4450 2235/4520/4452
f 1017/4519/4451 2235/4520/4452 1018/4521/4453
f 1018/4521/4453 2235/4520/4452 2234/4522/4454
f 1018/4521/4453 2234/4522/4454 1019/4523/4455
f 1019/4523/4455 2234/4522/4454 2233/4524/4456
f 1019/4523/4455 2233/4524/4456 1020/4525/4457
f 1020/4525/4457 2233/4524/4456 2232/4526/4458
f 1020/4525/4457 2232/4526/4458 1021/4527/4459
f 1021/4527/4459 2232/4526/4458 2231/4528/4460
f 1021/4527/4459 2231/4528/4460 1022/4529/4461
f 1022/4529/4461 2231/4528/4460 2230/4530/4462
f 1022/4529/4461 2230/4530/4462 1023/4531/4463
f 1023/4531/4463 2230/4530/4462 2229/4532/4464
f 1023/4531/4463 2229/4532/4464 1024/4533/4465
f 1024/4533/4465 2229/4532/4464 2228/4534/4466
f 1024/4533/4465 2228/4534/4466 1025/4535/4467
f 1025/4535/4467 2228/4534/4466 2227/4536/4468
f 1025/4535/4467 2227/4536/4468 1026/4537/4469
f 1026/4537/4469 2227/4536/4468 2226/4538/4470
f 1026/4537/4469 2226/4538/4470 1027/4539/4471
f 1027/4539/4471 2226/4538/4470 2225/4540/4472
f 1027/4539/4471 2225/4540/4472 1028/4541/4473
f 1028/4541/4473 2225/4540/4472 2224/4542/4474
f 1028/4541/4473 2224/4542/4474 1029/4543/4475
f 1029/4543/4475 2224/4542/4474 2223/4544/4476
f 1029/4543/4475 2223/4544/4476 1030/4545/4477
f 1030/4545/4477 2223/4544/4476 2222/4546/4478
f 1030/4545/4477 2222/4546/4478 1031/4547/4479
f 1031/4547/4479 2222/4546/4478 2221/4548/4480
f 1031/4547/4479 2221/4548/4480 1032/4549/4481
f 1032/4549/4481 2221/4548/4480 2220/4550/4482
f 1032/4549/4481 2220/4550/4482 1033/4551/4483
f 1033/4551/4483 2220/4550/4482 2219/4552/4484
f 1033/4551/4483 2219/4552/4484 1034/4553/4485
f 1034/4553/4485 2219/4552/4484 2218/4554/4486
f 1034/4553/4485 2218/4554/4486 1035/4555/4487
f 1035/4555/4487 2218/4554/4486 2217/4556/4488
f 1035/4555/4487 2217/4556/4488 1036/4557/4489
f 1036/4557/4489 2217/4556/4488 2216/4558/4490
f 1036/4557/4489 2216/4558/4490 1037/4559/4491
f 1037/4559/4491 2216/4558/4490 2215/4560/4492
f 1037/4559/4491 2215/4560/4492 1038/4561/4493
f 1038/4561/4493 2215/4560/4492 2214/4562/4494
f 1038/4561/4493 2214/4562/4494 1039/4563/4495
f 1039/4563/4495 2214/4562/4494 2213/4564/4496
f 1039/4563/4495 2213/4564/4496 1040/4565/4497
f 1040/4565/4497 2213/4564/4496 2212/4566/4498
f 1040/4565/4497 2212/4566/4498 1041/4567/4499
f 1041/4567/4499 2212/4566/4498 2211/4568/4500
f 1041/4567/4499 2211/4568/4500 1042/4499/4433
f 1042/4499/4433 2211/4568/4500 2210/4500/4434
f 1076/4569/4501 2244/4570/4502 1043/4571/4503
f 1043/4571/4503 2244/4570/4502 2243/4572/4504
f 1043/4573/4503 2243/4574/4504 1044/4575/4505
f 1044/4575/4505 2243/4574/4504 2276/4576/4506
f 1044/4575/4505 2276/4576/4506 1045/4577/4507
f 1045/4577/4507 2276/4576/4506 2275/4578/4508
f 1045/4577/4507 2275/4578/4508 1046/4579/4509
f 1046/4579/4509 2275/4578/4508 2274/4580/4510
f 1046/4579/4509 2274/4580/4510 1047/4581/4511
f 1047/4581/4511 2274/4580/4510 2273/4582/4512
f 1047/4581/4511 2273/4582/4512 1048/4583/4513
f 1048/4583/4513 2273/4582/4512 2272/4584/4514
f 1048/4583/4513 2272/4584/4514 1049/4585/4515
f 1049/4585/4515 2272/4584/4514 2271/4586/4516
f 1049/4585/4515 2271/4586/4516 1050/4587/4517
f 1050/4587/4517 2271/4586/4516 2270/4588/4518
f 1050/4587/4517 2270/4588/4518 1051/4589/4519
f 1051/4589/4519 2270/4588/4518 2269/4590/4520
f 1051/4589/4519 2269/4590/4520 1052/4591/4521
f 1052/4591/4521 2269/4590/4520 2268/4592/4522
f 1052/4591/4521 2268/4592/4522 1053/4593/4523
f 1053/4593/4523 2268/4592/4522 2267/4594/4524
f 1053/4593/4523 2267/4594/4524 1054/4595/4525
f 1054/4595/4525 2267/4594/4524 2266/4596/4526
f 1054/4595/4525 2266/4596/4526 1055/4597/4527
f 1055/4597/4527 2266/4596/4526 2265/4598/4528
f 1055/4597/4527 2265/4598/4528 1056/4599/4529
f 1056/4599/4529 2265/4598/4528 2264/4600/4530
f 1056/4599/4529 2264/4600/4530 1057/4601/4531
f 1057/4601/4531 2264/4600/4530 2263/4602/4532
f 1057/4601/4531 2263/4602/4532 1058/4603/4533
f 1058/4603/4533 2263/4602/4532 2262/4604/4534
f 1058/4603/4533 2262/4604/4534 1059/4605/4535
f 1059/4605/4535 2262/4604/4534 2261/4606/4536
f 1059/4605/4535 2261/4606/4536 1060/4607/4537
f 1060/4607/4537 2261/4606/4536 2260/4608/4538
f 1060/4607/4537 2260/4608/4538 1061/4609/4539
f 1061/4609/4539 2260/4608/4538 2259/4610/4540
f 1061/4609/4539 2259/4610/4540 1062/4611/4541
f 1062/4611/4541 2259/4610/4540 2258/4612/4542
f 1062/4611/4541 2258/4612/4542 1063/4613/4543
f 1063/4613/4543 2258/4612/4542 2257/4614/4544
f 1063/4613/4543 2257/4614/4544 1064/4615/4545
f 1064/4615/4545 2257/4614/4544 2256/4616/4546
f 1064/4615/4545 2256/4616/4546 1065/4617/4547
f 1065/4617/4547 2256/4616/4546 2255/4618/4548
f 1065/4617/4547 2255/4618/4548 1066/4619/4549
f 1066/4619/4549 2255/4618/4548 2254/4620/4550
f 1066/4619/4549 2254/4620/4550 1067/4621/4551
f 1067/4621/4551 2254/4620/4550 2253/4622/4552
f 1067/4621/4551 2253/4622/4552 1068/4623/4553
f 1068/4623/4553 2253/4622/4552 2252/4624/4554
f 1068/4623/4553 2252/4624/4554 1069/4625/4555
f 1069/4625/4555 2252/4624/4554 2251/4626/4556
f 1069/4625/4555 2251/4626/4556 1070/4627/4557
f 1070/4627/4557 2251/4626/4556 2250/4628/4558
f 1070/4627/4557 2250/4628/4558 1071/4629/4559
f 1071/4629/4559 2250/4628/4558 2249/4630/4560
f 1071/4629/4559 2249/4630/4560 1072/4631/4561
f 1072/4631/4561 2249/4630/4560 2248/4632/4562
f 1072/4631/4561 2248/4632/4562 1073/4633/4563
f 1073/4633/4563 2248/4632/4562 2247/4634/4564
f 1073/4633/4563 2247/4634/4564 1074/4635/4565
f 1074/4635/4565 2247/4634/4564 2246/4636/4566
f 1074/4635/4565 2246/4636/4566 1075/4637/4567
f 1075/4637/4567 2246/4636/4566 2245/4638/4568
f 1075/4637/4567 2245/4638/4568 1076/4569/4501
f 1076/4569/4501 2245/4638/4568 2244/4570/4502
f 1100/4639/4569 2278/4640/4570 1077/4641/4571
f 1077/4641/4571 2278/4640/4570 2277/4642/4572
f 1077/4643/4571 2277/4644/4572 1078/4645/4573
f 1078/4645/4573 2277/4644/4572 2300/4646/4574
f 1078/4645/4573 2300/4646/4574 1079/4647/4575
f 1079/4647/4575 2300/4646/4574 2299/4648/4576
f 1079/4647/4575 2299/4648/4576 1080/4649/4577
f 1080/4649/4577 2299/4648/4576 2298/4650/4578
f 1080/4649/4577 2298/4650/4578 1081/4651/4579
f 1081/4651/4579 2298/4650/4578 2297/4652/4580
f 1081/4651/4579 2297/4652/4580 1082/4653/4581
f 1082/4653/4581 2297/4652/4580 2296/4654/4582
f 1082/4653/4581 2296/4654/4582 1083/4655/4583
f 1083/4655/4583 2296/4654/4582 2295/4656/4584
f 1083/4655/4583 2295/4656/4584 1084/4657/4585
f 1084/4657/4585 2295/4656/4584 2294/4658/4586
f 1084/4657/4585 2294/4658/4586 1085/4659/4587
f 1085/4659/4587 2294/4658/4586 2293/4660/4588
f 1085/4659/4587 2293/4660/4588 1086/4661/4589
f 1086/4661/4589 2293/4660/4588 2292/4662/4590
f 1086/4661/4589 2292/4662/4590 1087/4663/4591
f 1087/4663/4591 2292/4662/4590 2291/4664/4592
f 1087/4663/4591 2291/4664/4592 1088/4665/4593
f 1088/4665/4593 2291/4664/4592 2290/4666/4594
f 1088/4665/4593 2290/4666/4594 1089/4667/4595
f 1089/4667/4595 2290/4666/4594 2289/4668/4596
f 1089/4667/4595 2289/4668/4596 1090/4669/4597
f 1090/4669/4597 2289/4668/4596 2288/4670/4598
f 1090/4669/4597 2288/4670/4598 1091/4671/4599
f 1091/4671/4599 2288/4670/4598 2287/4672/4600
f 1091/4671/4599 2287/4672/4600 1092/4673/4601
f 1092/4673/4601 2287/4672/4600 2286/4674/4602
f 1092/4673/4601 2286/4674/4602 1093/4675/4603
f 1093/4675/4603 2286/4674/4602 2285/4676/4604
f 1093/4675/4603 2285/4676/4604 1094/4677/4605
f 1094/4677/4605 2285/4676/4604 2284/4678/4606
f 1094/4677/4605 2284/4678/4606 1095/4679/4607
f 1095/4679/4607 2284/4678/4606 2283/4680/4608
f 1095/4679/4607 2283/4680/4608 1096/4681/4609
f 1096/4681/4609 2283/4680/4608 2282/4682/4610
f 1096/4681/4609 2282/4682/4610 1097/4683/4611
f 1097/4683/4611 2282/4682/4610 2281/4684/4612
f 1097/4683/4611 2281/4684/4612 1098/4685/4613
f 1098/4685/4613 2281/4684/4612 2280/4686/4614
f 1098/4685/4613 2280/4686/4614 1099/4687/4615
f 1099/4687/4615 2280/4686/4614 2279/4688/4616
f 1099/4687/4615 2279/4688/4616 1100/4639/4569
f 1100/4639/4569 2279/4688/4616 2278/4640/4570
f 1134/4689/4617 2302/4690/4618 1101/4691/4619
f 1101/4691/4619 2302/4690/4618 2301/4692/4620
f 1101/4693/4619 2301/4694/4620 1102/4695/4621
f 1102/4695/4621 2301/4694/4620 2334/4696/4622
f 1102/4695/4621 2334/4696/4622 1103/4697/4623
f 1103/4697/4623 2334/4696/4622 2333/4698/4624
f 1103/4697/4623 2333/4698/4624 1104/4699/4625
f 1104/4699/4625 2333/4698/4624 2332/4700/4626
f 1104/4699/4625 2332/4700/4626 1105/4701/4627
f 1105/4701/4627 2332/4700/4626 2331/4702/4628
f 1105/4701/4627 2331/4702/4628 1106/4703/4629
f 1106/4703/4629 2331/4702/4628 2330/4704/4630
f 1106/4703/4629 2330/4704/4630 1107/4705/4631
f 1107/4705/4631 2330/4704/4630 2329/4706/4632
f 1107/4705/4631 2329/4706/4632 1108/4707/4633
f 1108/4707/4633 2329/4706/4632 2328/4708/4634
f 1108/4707/4633 2328/4708/4634 1109/4709/4635
f 1109/4709/4635 2328/4708/4634 2327/4710/4636
f 1109/4709/4635 2327/4710/4636 1110/4711/4637
f 1110/4711/4637 2327/4710/4636 2326/4712/4638
f 1110/4711/4637 2326/4712/4638 1111/4713/4639
f 1111/4713/4639 2326/4712/4638 2325/4714/4640
f 1111/4713/4639 2325/4714/4640 1112/4715/4641
f 1112/4715/4641 2325/4714/4640 2324/4716/4642
f 1112/4715/4641 2324/4716/4642 1113/4717/4643
f 1113/4717/4643 2324/4716/4642 2323/4718/4644
f 1113/4717/4643 2323/4718/4644 1114/4719/4645
f 1114/4719/4645 2323/4718/4644 2322/4720/4646
f 1114/4719/4645 2322/4720/4646 1115/4721/4647
f 1115/4721/4647 2322/4720/4646 2321/4722/4648
f 1115/4721/4647 2321/4722/4648 1116/4723/4649
f 1116/4723/4649 2321/4722/4648 2320/4724/4650
f 1116/4723/4649 2320/4724/4650 1117/4725/4651
f 1117/4725/4651 2320/4724/4650 2319/4726/4652
f 1117/4725/4651 2319/4726/4652 1118/4727/4653
f 1118/4727/4653 2319/4726/4652 2318/4728/4654
f 1118/4727/4653 2318/4728/4654 1119/4729/4655
f 1119/4729/4655 2318/4728/4654 2317/4730/4656
f 1119/4729/4655 2317/4730/4656 1120/4731/4657
f 1120/4731/4657 2317/4730/4656 2316/4732/4658
f 1120/4731/4657 2316/4732/4658 1121/4733/4659
f 1121/4733/4659 2316/4732/4658 2315/4734/4660
f 1121/4733/4659 2315/4734/4660 1122/4735/4661
f 1122/4735/4661 2315/4734/4660 2314/4736/4662
f 1122/4735/4661 2314/4736/4662 1123/4737/4663
f 1123/4737/4663 2314/4736/4662 2313/4738/4664
f 1123/4737/4663 2313/4738/4664 1124/4739/4665
f 1124/4739/4665 2313/4738/4664 2312/4740/4666
f 1124/4739/4665 2312/4740/4666 1125/4741/4667
f 1125/4741/4667 2312/4740/4666 2311/4742/4668
f 1125/4741/4667 2311/4742/4668 1126/4743/4669
f 1126/4743/4669 2311/4742/4668 2310/4744/4670
f 1126/4743/4669 2310/4744/4670 1127/4745/4671
f 1127/4745/4671 2310/4744/4670 2309/4746/4672
f 1127/4745/4671 2309/4746/4672 1128/4747/4673
f 1128/4747/4673 2309/4746/4672 2308/4748/4674
f 1128/4747/4673 2308/4748/4674 1129/4749/4675
f 1129/4749/4675 2308/4748/4674 2307/4750/4676
f 1129/4749/4675 2307/4750/4676 1130/4751/4677
f 1130/4751/4677 2307/4750/4676 2306/4752/4678
f 1130/4751/4677 2306/4752/4678 1131/4753/4679
f 1131/4753/4679 2306/4752/4678 2305/4754/4680
f 1131/4753/4679 2305/4754/4680 1132/4755/4681
f 1132/4755/4681 2305/4754/4680 2304/4756/4682
f 1132/4755/4681 2304/4756/4682 1133/4757/4683
f 1133/4757/4683 2304/4756/4682 2303/4758/4684
f 1133/4757/4683 2303/4758/4684 1134/4689/4617
f 1134/4689/4617 2303/4758/4684 2302/4690/4618
f 1168/4759/4685 2336/4760/4686 1135/4761/4687
f 1135/4761/4687 2336/4760/4686 2335/4762/4688
f 1135/4763/4687 2335/4764/4688 1136/4765/4689
f 1136/4765/4689 2335/4764/4688 2368/4766/4690
f 1136/4765/4689 2368/4766/4690 1137/4767/4691
f 1137/4767/4691 2368/4766/4690 2367/4768/4692
f 1137/4767/4691 2367/4768/4692 1138/4769/4693
f 1138/4769/4693 2367/4768/4692 2366/4770/4694
f 1138/4769/4693 2366/4770/4694 1139/4771/4695
f 1139/4771/4695 2366/4770/4694 2365/4772/4696
f 1139/4771/4695 2365/4772/4696 1140/4773/4697
f 1140/4773/4697 2365/4772/4696 2364/4774/4698
f 1140/4773/4697 2364/4774/4698 1141/4775/4699
f 1141/4775/4699 2364/4774/4698 2363/4776/4700
f 1141/4775/4699 2363/4776/4700 1142/4777/4701
f 1142/4777/4701 2363/4776/4700 2362/4778/4702
f 1142/4777/4701 2362/4778/4702 1143/4779/4703
f 1143/4779/4703 2362/4778/4702 2361/4780/4704
f 1143/4779/4703 2361/4780/4704 1144/4781/4705
f 1144/4781/4705 2361/4780/4704 2360/4782/4706
f 1144/4781/4705 2360/4782/4706 1145/4783/4707
f 1145/4783/4707 2360/4782/4706 2359/4784/4708
f 1145/4783/4707 2359/4784/4708 1146/4785/4709
f 1146/4785/4709 2359/4784/4708 2358/4786/4710
f 1146/4785/4709 2358/4786/4710 1147/4787/4711
f 1147/4787/4711 2358/4786/4710 2357/4788/4712
f 1147/4787/4711 2357/4788/4712 1148/4789/4713
f 1148/4789/4713 2357/4788/4712 2356/4790/4714
f 1148/4789/4713 2356/4790/4714 1149/4791/4715
f 1149/4791/4715 2356/4790/4714 2355/4792/4716
f 1149/4791/4715 2355/4792/4716 1150/4793/4717
f 1150/4793/4717 2355/4792/4716 2354/4794/4718
f 1150/4793/4717 2354/4794/4718 1151/4795/4719
f 1151/4795/4719 2354/4794/4718 2353/4796/4720
f 1151/4795/4719 2353/4796/4720 1152/4797/4721
f 1152/4797/4721 2353/4796/4720 2352/4798/4722
f 1152/4797/4721 2352/4798/4722 1153/4799/4723
f 1153/4799/4723 2352/4798/4722 2351/4800/4724
f 1153/4799/4723 2351/4800/4724 1154/4801/4725
f 1154/4801/4725 2351/4800/4724 2350/4802/4726
f 1154/4801/4725 2350/4802/4726 1155/4803/4727
f 1155/4803/4727 2350/4802/4726 2349/4804/4728
f 1155/4803/4727 2349/4804/4728 1156/4805/4729
f 1156/4805/4729 2349/4804/4728 2348/4806/4730
f 1156/4805/4729 2348/4806/4730 1157/4807/4731
f 1157/4807/4731 2348/4806/4730 2347/4808/4732
f 1157/4807/4731 2347/4808/4732 1158/4809/4733
f 1158/4809/4733 2347/4808/4732 2346/4810/4734
f 1158/4809/4733 2346/4810/4734 1159/4811/4735
f 1159/4811/4735 2346/4810/4734 2345/4812/4736
f 1159/4811/4735 2345/4812/4736 1160/4813/4737
f 1160/4813/4737 2345/4812/4736 2344/4814/4738
f 1160/4813/4737 2344/4814/4738 1161/4815/4739
f 1161/4815/4739 2344/4814/4738 2343/4816/4740
f 1161/4815/4739 2343/4816/4740 1162/4817/4741
f 1162/4817/4741 2343/4816/4740 2342/4818/4742
f 1162/4817/4741 2342/4818/4742 1163/4819/4743
f 1163/4819/4743 2342/4818/4742 2341/4820/4744
f 1163/4819/4743 2341/4820/4744 1164/4821/4745
f 1164/4821/4745 2341/4820/4744 2340/4822/4746
f 1164/4821/4745 2340/4822/4746 1165/4823/4747
f 1165/4823/4747 2340/4822/4746 2339/4824/4748
f 1165/4823/4747 2339/4824/4748 1166/4825/4749
f 1166/4825/4749 2339/4824/4748 2338/4826/4750
f 1166/4825/4749 2338/4826/4750 1167/4827/4751
f 1167/4827/4751 2338/4826/4750 2337/4828/4752
f 1167/4827/4751 2337/4828/4752 1168/4759/4685
f 1168/4759/4685 2337/4828/4752 2336/4760/4686
f 1192/4829/4753 2370/4830/4754 1169/4831/4755
f 1169/4831/4755 2370/4830/4754 2369/4832/4756
f 1169/4833/4755 2369/4834/4756 1170/4835/4757
f 1170/4835/4757 2369/4834/4756 2392/4836/4758
f 1170/4835/4757 2392/4836/4758 1171/4837/4759
f 1171/4837/4759 2392/4836/4758 2391/4838/4760
f 1171/4837/4759 2391/4838/4760 1172/4839/4761
f 1172/4839/4761 2391/4838/4760 2390/4840/4762
f 1172/4839/4761 2390/4840/4762 1173/4841/4763
f 1173/4841/4763 2390/4840/4762 2389/4842/4764
f 1173/4841/4763 2389/4842/4764 1174/4843/4765
f 1174/4843/4765 2389/4842/4764 2388/4844/4766
f 1174/4843/4765 2388/4844/4766 1175/4845/4767
f 1175/4845/4767 2388/4844/4766 2387/4846/4768
f 1175/4845/4767 2387/4846/4768 1176/4847/4769
f 1176/4847/4769 2387/4846/4768 2386/4848/4770
f 1176/4847/4769 2386/4848/4770 1177/4849/4771
f 1177/4849/4771 2386/4848/4770 2385/4850/4772
f 1177/4849/4771 2385/4850/4772 1178/4851/4773
f 1178/4851/4773 2385/4850/4772 2384/4852/4774
f 1178/4851/4773 2384/4852/4774 1179/4853/4775
f 1179/4853/4775 2384/4852/4774 2383/4854/4776
f 1179/4853/4775 2383/4854/4776 1180/4855/4777
f 1180/4855/4777 2383/4854/4776 2382/4856/4778
f 1180/4855/4777 2382/4856/4778 1181/4857/4779
f 1181/4857/4779 2382/4856/4778 2381/4858/4780
f 1181/4857/4779 2381/4858/4780 1182/4859/4781
f 1182/4859/4781 2381/4858/4780 2380/4860/4782
f 1182/4859/4781 2380/4860/4782 1183/4861/4783
f 1183/4861/4783 2380/4860/4782 2379/4862/4784
f 1183/4861/4783 2379/4862/4784 1184/4863/4785
f 1184/4863/4785 2379/4862/4784 2378/4864/4786
f 1184/4863/4785 2378/4864/4786 1185/4865/4787
f 1185/4865/4787 2378/4864/4786 2377/4866/4788
f 1185/4865/4787 2377/4866/4788 1186/4867/4789
f 1186/4867/4789 2377/4866/4788 2376/4868/4790
f 1186/4867/4789 2376/4868/4790 1187/4869/4791
f 1187/4869/4791 2376/4868/4790 2375/4870/4792
f 1187/4869/4791 2375/4870/4792 1188/4871/4793
f 1188/4871/4793 2375/4870/4792 2374/4872/4794
f 1188/4871/4793 2374/4872/4794 1189/4873/4795
f 1189/4873/4795 2374/4872/4794 2373/4874/4796
f 1189/4873/4795 2373/4874/4796 1190/4875/4797
f 1190/4875/4797 2373/4874/4796 2372/4876/4798
f 1190/4875/4797 2372/4876/4798 1191/4877/4799
f 1191/4877/4799 2372/4876/4798 2371/4878/4800
f 1191/4877/4799 2371/4878/4800 1192/4829/4753
f 1192/4829/4753 2371/4878/4800 2370/4830/4754
f 1216/4879/4801 2394/4880/4802 1193/4881/4803
f 1193/4881/4803 2394/4880/4802 2393/4882/4804
f 1193/4883/4803 2393/4884/4804 1194/4885/4805
f 1194/4885/4805 2393/4884/4804 2416/4886/4806
f 1194/4885/4805 2416/4886/4806 1195/4887/4807
f 1195/4887/4807 2416/4886/4806 2415/4888/4808
f 1195/4887/4807 2415/4888/4808 1196/4889/4809
f 1196/4889/4809 2415/4888/4808 2414/4890/4810
f 1196/4889/4809 2414/4890/4810 1197/4891/4811
f 1197/4891/4811 2414/4890/4810 2413/4892/4812
f 1197/4891/4811 2413/4892/4812 1198/4893/4813
f 1198/4893/4813 2413/4892/4812 2412/4894/4814
f 1198/4893/4813 2412/4894/4814 1199/4895/4815
f 1199/4895/4815 2412/4894/4814 2411/4896/4816
f 1199/4895/4815 2411/4896/4816 1200/4897/4817
f 1200/4897/4817 2411/4896/4816 2410/4898/4818
f 1200/4897/4817 2410/4898/4818 1201/4899/4819
f 1201/4899/4819 2410/4898/4818 2409/4900/4820
f 1201/4899/4819 2409/4900/4820 1202/4901/4821
f 1202/4901/4821 2409/4900/4820 2408/4902/4822
f 1202/4901/4821 2408/4902/4822 1203/4903/4823
f 1203/4903/4823 2408/4902/4822 2407/4904/4824
f 1203/4903/4823 2407/4904/4824 1204/4905/4825
f 1204/4905/4825 2407/4904/4824 2406/4906/4826
f 1204/4905/4825 2406/4906/4826 1205/4907/4827
f 1205/4907/4827 2406/4906/4826 2405/4908/4828
f 1205/4907/4827 2405/4908/4828 1206/4909/4829
f 1206/4909/4829 2405/4908/4828 2404/4910/4830
f 1206/4909/4829 2404/4910/4830 1207/4911/4831
f 1207/4911/4831 2404/4910/4830 2403/4912/4832
f 1207/4911/4831 2403/4912/4832 1208/4913/4833
f 1208/4913/4833 2403/4912/4832 2402/4914/4834
f 1208/4913/4833 2402/4914/4834 1209/4915/4835
f 1209/4915/4835 2402/4914/4834 2401/4916/4836
f 1209/4915/4835 2401/4916/4836 1210/4917/4837
f 1210/4917/4837 2401/4916/4836 2400/4918/4838
f 1210/4917/4837 2400/4918/4838 1211/4919/4839
f 1211/4919/4839 2400/4918/4838 2399/4920/4840
f 1211/4919/4839 2399/4920/4840 1212/4921/4841
f 1212/4921/4841 2399/4920/4840 2398/4922/4842
f 1212/4921/4841 2398/4922/4842 1213/4923/4843
f 1213/4923/4843 2398/4922/4842 2397/4924/4844
f 1213/4923/4843 2397/4924/4844 1214/4925/4845
f 1214/4925/4845 2397/4924/4844 2396/4926/4846
f 1214/4925/4845 2396/4926/4846 1215/4927/4847
f 1215/4927/4847 2396/4926/4846 2395/4928/4848
f 1215/4927/4847 2395/4928/4848 1216/4879/4801
f 1216/4879/4801 2395/4928/4848 2394/4880/4802
# 2416 vertices
# 4928 texture params
# 4848 normals
# 4988 facets

# 1 groups
