# WaveFront *.obj file (generated by Autodesk ATF)

mtllib ClockClock24Body.mtl

g ClockClock24Body

v -25.000000 -35.500000 30.000000
v -25.000000 -32.500000 30.000000
v -25.000000 -32.500000 23.000000
v -25.000000 -35.500000 23.000000
v -30.500000 -27.000000 30.000000
v -33.500000 -27.000000 30.000000
v -33.500000 -27.000000 23.000000
v -30.500000 -27.000000 23.000000
v -33.500000 -35.500000 23.000000
v -30.500000 -32.500000 23.000000
v -33.500000 74.300000 30.000000
v -33.500000 74.300000 -3.000000
v -33.500000 -35.500000 -3.000000
v -30.500000 71.300000 30.000000
v 201.400000 71.300000 30.000000
v 201.400000 -32.500000 30.000000
v 204.400000 -35.500000 30.000000
v 204.400000 74.300000 30.000000
v -30.500000 -32.500000 0.000000
v -30.500000 71.300000 0.000000
v 201.400000 71.300000 0.000000
v 201.400000 -32.500000 0.000000
v -13.900000 60.050000 0.000000
v -13.848889 60.438229 0.000000
v -13.699038 60.800000 0.000000
v -13.460660 61.110660 0.000000
v -13.150000 61.349038 0.000000
v -12.788229 61.498889 0.000000
v -12.400000 61.550000 0.000000
v -12.011771 61.498889 0.000000
v -11.650000 61.349038 0.000000
v -11.339340 61.110660 0.000000
v -11.100962 60.800000 0.000000
v -10.951111 60.438229 0.000000
v -10.900000 60.050000 0.000000
v -10.951111 59.661771 0.000000
v -11.100962 59.300000 0.000000
v -11.339340 58.989340 0.000000
v -11.650000 58.750962 0.000000
v -12.011771 58.601111 0.000000
v -12.400000 58.550000 0.000000
v -12.788229 58.601111 0.000000
v -13.150000 58.750962 0.000000
v -13.460660 58.989340 0.000000
v -13.699038 59.300000 0.000000
v -13.848889 59.661771 0.000000
v 137.600000 -15.940000 0.000000
v 137.651111 -15.551771 0.000000
v 137.800962 -15.190000 0.000000
v 138.039340 -14.879340 0.000000
v 138.350000 -14.640962 0.000000
v 138.711771 -14.491111 0.000000
v 139.100000 -14.440000 0.000000
v 139.488229 -14.491111 0.000000
v 139.850000 -14.640962 0.000000
v 140.160660 -14.879340 0.000000
v 140.399038 -15.190000 0.000000
v 140.548889 -15.551771 0.000000
v 140.600000 -15.940000 0.000000
v 140.548889 -16.328229 0.000000
v 140.399038 -16.690000 0.000000
v 140.160660 -17.000660 0.000000
v 139.850000 -17.239038 0.000000
v 139.488229 -17.388889 0.000000
v 139.100000 -17.440000 0.000000
v 138.711771 -17.388889 0.000000
v 138.350000 -17.239038 0.000000
v 138.039340 -17.000660 0.000000
v 137.800962 -16.690000 0.000000
v 137.651111 -16.328229 0.000000
v 36.600000 60.050000 0.000000
v 36.651111 60.438229 0.000000
v 36.800962 60.800000 0.000000
v 37.039340 61.110660 0.000000
v 37.350000 61.349038 0.000000
v 37.711771 61.498889 0.000000
v 38.100000 61.550000 0.000000
v 38.488229 61.498889 0.000000
v 38.850000 61.349038 0.000000
v 39.160660 61.110660 0.000000
v 39.399038 60.800000 0.000000
v 39.548889 60.438229 0.000000
v 39.600000 60.050000 0.000000
v 39.548889 59.661771 0.000000
v 39.399038 59.300000 0.000000
v 39.160660 58.989340 0.000000
v 38.850000 58.750962 0.000000
v 38.488229 58.601111 0.000000
v 38.100000 58.550000 0.000000
v 37.711771 58.601111 0.000000
v 37.350000 58.750962 0.000000
v 37.039340 58.989340 0.000000
v 36.800962 59.300000 0.000000
v 36.651111 59.661771 0.000000
v 137.600000 60.050000 0.000000
v 137.651111 60.438229 0.000000
v 137.800962 60.800000 0.000000
v 138.039340 61.110660 0.000000
v 138.350000 61.349038 0.000000
v 138.711771 61.498889 0.000000
v 139.100000 61.550000 0.000000
v 139.488229 61.498889 0.000000
v 139.850000 61.349038 0.000000
v 140.160660 61.110660 0.000000
v 140.399038 60.800000 0.000000
v 140.548889 60.438229 0.000000
v 140.600000 60.050000 0.000000
v 140.548889 59.661771 0.000000
v 140.399038 59.300000 0.000000
v 140.160660 58.989340 0.000000
v 139.850000 58.750962 0.000000
v 139.488229 58.601111 0.000000
v 139.100000 58.550000 0.000000
v 138.711771 58.601111 0.000000
v 138.350000 58.750962 0.000000
v 138.039340 58.989340 0.000000
v 137.800962 59.300000 0.000000
v 137.651111 59.661771 0.000000
v -13.900000 -15.940000 0.000000
v -13.848889 -15.551771 0.000000
v -13.699038 -15.190000 0.000000
v -13.460660 -14.879340 0.000000
v -13.150000 -14.640962 0.000000
v -12.788229 -14.491111 0.000000
v -12.400000 -14.440000 0.000000
v -12.011771 -14.491111 0.000000
v -11.650000 -14.640962 0.000000
v -11.339340 -14.879340 0.000000
v -11.100962 -15.190000 0.000000
v -10.951111 -15.551771 0.000000
v -10.900000 -15.940000 0.000000
v -10.951111 -16.328229 0.000000
v -11.100962 -16.690000 0.000000
v -11.339340 -17.000660 0.000000
v -11.650000 -17.239038 0.000000
v -12.011771 -17.388889 0.000000
v -12.400000 -17.440000 0.000000
v -12.788229 -17.388889 0.000000
v -13.150000 -17.239038 0.000000
v -13.460660 -17.000660 0.000000
v -13.699038 -16.690000 0.000000
v -13.848889 -16.328229 0.000000
v 131.300000 -15.940000 0.000000
v 131.351111 -15.551771 0.000000
v 131.500962 -15.190000 0.000000
v 131.739340 -14.879340 0.000000
v 132.050000 -14.640962 0.000000
v 132.411771 -14.491111 0.000000
v 132.800000 -14.440000 0.000000
v 133.188229 -14.491111 0.000000
v 133.550000 -14.640962 0.000000
v 133.860660 -14.879340 0.000000
v 134.099038 -15.190000 0.000000
v 134.248889 -15.551771 0.000000
v 134.300000 -15.940000 0.000000
v 134.248889 -16.328229 0.000000
v 134.099038 -16.690000 0.000000
v 133.860660 -17.000660 0.000000
v 133.550000 -17.239038 0.000000
v 133.188229 -17.388889 0.000000
v 132.800000 -17.440000 0.000000
v 132.411771 -17.388889 0.000000
v 132.050000 -17.239038 0.000000
v 131.739340 -17.000660 0.000000
v 131.500962 -16.690000 0.000000
v 131.351111 -16.328229 0.000000
v 30.300000 60.050000 0.000000
v 30.351111 60.438229 0.000000
v 30.500962 60.800000 0.000000
v 30.739340 61.110660 0.000000
v 31.050000 61.349038 0.000000
v 31.411771 61.498889 0.000000
v 31.800000 61.550000 0.000000
v 32.188229 61.498889 0.000000
v 32.550000 61.349038 0.000000
v 32.860660 61.110660 0.000000
v 33.099038 60.800000 0.000000
v 33.248889 60.438229 0.000000
v 33.300000 60.050000 0.000000
v 33.248889 59.661771 0.000000
v 33.099038 59.300000 0.000000
v 32.860660 58.989340 0.000000
v 32.550000 58.750962 0.000000
v 32.188229 58.601111 0.000000
v 31.800000 58.550000 0.000000
v 31.411771 58.601111 0.000000
v 31.050000 58.750962 0.000000
v 30.739340 58.989340 0.000000
v 30.500962 59.300000 0.000000
v 30.351111 59.661771 0.000000
v 131.300000 60.050000 0.000000
v 131.351111 60.438229 0.000000
v 131.500962 60.800000 0.000000
v 131.739340 61.110660 0.000000
v 132.050000 61.349038 0.000000
v 132.411771 61.498889 0.000000
v 132.800000 61.550000 0.000000
v 133.188229 61.498889 0.000000
v 133.550000 61.349038 0.000000
v 133.860660 61.110660 0.000000
v 134.099038 60.800000 0.000000
v 134.248889 60.438229 0.000000
v 134.300000 60.050000 0.000000
v 134.248889 59.661771 0.000000
v 134.099038 59.300000 0.000000
v 133.860660 58.989340 0.000000
v 133.550000 58.750962 0.000000
v 133.188229 58.601111 0.000000
v 132.800000 58.550000 0.000000
v 132.411771 58.601111 0.000000
v 132.050000 58.750962 0.000000
v 131.739340 58.989340 0.000000
v 131.500962 59.300000 0.000000
v 131.351111 59.661771 0.000000
v 60.750000 38.800000 0.000000
v 60.915352 40.531649 0.000000
v 61.405433 42.200711 0.000000
v 62.202530 43.746863 0.000000
v 63.277834 45.114223 0.000000
v 64.592479 46.253370 0.000000
v 66.098953 47.123133 0.000000
v 67.742806 47.692076 0.000000
v 69.464625 47.939636 0.000000
v 71.202181 47.856866 0.000000
v 72.892672 47.446757 0.000000
v 74.475000 46.724132 0.000000
v 75.891976 45.715109 0.000000
v 77.092386 44.456155 0.000000
v 78.032844 42.992773 0.000000
v 78.679361 41.377853 0.000000
v 79.008568 39.669763 0.000000
v 79.008568 37.930237 0.000000
v 78.679361 36.222147 0.000000
v 78.032844 34.607227 0.000000
v 77.092386 33.143845 0.000000
v 75.891976 31.884891 0.000000
v 74.475000 30.875868 0.000000
v 72.892672 30.153243 0.000000
v 71.202181 29.743134 0.000000
v 69.464625 29.660364 0.000000
v 67.742806 29.907924 0.000000
v 66.098953 30.476867 0.000000
v 64.592479 31.346630 0.000000
v 63.277834 32.485777 0.000000
v 62.202530 33.853137 0.000000
v 61.405433 35.399289 0.000000
v 60.915352 37.068351 0.000000
v 91.850000 38.800000 0.000000
v 92.015352 40.531649 0.000000
v 92.505433 42.200711 0.000000
v 93.302530 43.746863 0.000000
v 94.377834 45.114223 0.000000
v 95.692479 46.253370 0.000000
v 97.198953 47.123133 0.000000
v 98.842806 47.692076 0.000000
v 100.564625 47.939636 0.000000
v 102.302181 47.856866 0.000000
v 103.992672 47.446757 0.000000
v 105.575000 46.724132 0.000000
v 106.991976 45.715109 0.000000
v 108.192386 44.456155 0.000000
v 109.132844 42.992773 0.000000
v 109.779361 41.377853 0.000000
v 110.108568 39.669763 0.000000
v 110.108568 37.930237 0.000000
v 109.779361 36.222147 0.000000
v 109.132844 34.607227 0.000000
v 108.192386 33.143845 0.000000
v 106.991976 31.884891 0.000000
v 105.575000 30.875868 0.000000
v 103.992672 30.153243 0.000000
v 102.302181 29.743134 0.000000
v 100.564625 29.660364 0.000000
v 98.842806 29.907924 0.000000
v 97.198953 30.476867 0.000000
v 95.692479 31.346630 0.000000
v 94.377834 32.485777 0.000000
v 93.302530 33.853137 0.000000
v 92.505433 35.399289 0.000000
v 92.015352 37.068351 0.000000
v 10.250000 38.800000 0.000000
v 10.415352 40.531649 0.000000
v 10.905433 42.200711 0.000000
v 11.702530 43.746863 0.000000
v 12.777834 45.114223 0.000000
v 14.092479 46.253370 0.000000
v 15.598953 47.123133 0.000000
v 17.242806 47.692076 0.000000
v 18.964625 47.939636 0.000000
v 20.702181 47.856866 0.000000
v 22.392672 47.446757 0.000000
v 23.975000 46.724132 0.000000
v 25.391976 45.715109 0.000000
v 26.592386 44.456155 0.000000
v 27.532844 42.992773 0.000000
v 28.179361 41.377853 0.000000
v 28.508568 39.669763 0.000000
v 28.508568 37.930237 0.000000
v 28.179361 36.222147 0.000000
v 27.532844 34.607227 0.000000
v 26.592386 33.143845 0.000000
v 25.391976 31.884891 0.000000
v 23.975000 30.875868 0.000000
v 22.392672 30.153243 0.000000
v 20.702181 29.743134 0.000000
v 18.964625 29.660364 0.000000
v 17.242806 29.907924 0.000000
v 15.598953 30.476867 0.000000
v 14.092479 31.346630 0.000000
v 12.777834 32.485777 0.000000
v 11.702530 33.853137 0.000000
v 10.905433 35.399289 0.000000
v 10.415352 37.068351 0.000000
v 111.250000 19.400000 0.000000
v 111.415352 21.131649 0.000000
v 111.905433 22.800711 0.000000
v 112.702530 24.346863 0.000000
v 113.777834 25.714223 0.000000
v 115.092479 26.853370 0.000000
v 116.598953 27.723133 0.000000
v 118.242806 28.292076 0.000000
v 119.964625 28.539636 0.000000
v 121.702181 28.456866 0.000000
v 123.392672 28.046757 0.000000
v 124.975000 27.324132 0.000000
v 126.391976 26.315109 0.000000
v 127.592386 25.056155 0.000000
v 128.532844 23.592773 0.000000
v 129.179361 21.977853 0.000000
v 129.508568 20.269763 0.000000
v 129.508568 18.530237 0.000000
v 129.179361 16.822147 0.000000
v 128.532844 15.207227 0.000000
v 127.592386 13.743845 0.000000
v 126.391976 12.484891 0.000000
v 124.975000 11.475868 0.000000
v 123.392672 10.753243 0.000000
v 121.702181 10.343134 0.000000
v 119.964625 10.260364 0.000000
v 118.242806 10.507924 0.000000
v 116.598953 11.076867 0.000000
v 115.092479 11.946630 0.000000
v 113.777834 13.085777 0.000000
v 112.702530 14.453137 0.000000
v 111.905433 15.999289 0.000000
v 111.415352 17.668351 0.000000
v 60.750000 -0.000000 0.000000
v 60.915352 1.731649 0.000000
v 61.405433 3.400711 0.000000
v 62.202530 4.946863 0.000000
v 63.277834 6.314223 0.000000
v 64.592479 7.453370 0.000000
v 66.098953 8.323133 0.000000
v 67.742806 8.892076 0.000000
v 69.464625 9.139636 0.000000
v 71.202181 9.056866 0.000000
v 72.892672 8.646757 0.000000
v 74.475000 7.924132 0.000000
v 75.891976 6.915109 0.000000
v 77.092386 5.656155 0.000000
v 78.032844 4.192773 0.000000
v 78.679361 2.577853 0.000000
v 79.008568 0.869763 0.000000
v 79.008568 -0.869763 0.000000
v 78.679361 -2.577853 0.000000
v 78.032844 -4.192773 0.000000
v 77.092386 -5.656155 0.000000
v 75.891976 -6.915109 0.000000
v 74.475000 -7.924132 0.000000
v 72.892672 -8.646757 0.000000
v 71.202181 -9.056866 0.000000
v 69.464625 -9.139636 0.000000
v 67.742806 -8.892076 0.000000
v 66.098953 -8.323133 0.000000
v 64.592479 -7.453370 0.000000
v 63.277834 -6.314223 0.000000
v 62.202530 -4.946863 0.000000
v 61.405433 -3.400711 0.000000
v 60.915352 -1.731649 0.000000
v 91.850000 -0.000000 0.000000
v 92.015352 1.731649 0.000000
v 92.505433 3.400711 0.000000
v 93.302530 4.946863 0.000000
v 94.377834 6.314223 0.000000
v 95.692479 7.453370 0.000000
v 97.198953 8.323133 0.000000
v 98.842806 8.892076 0.000000
v 100.564625 9.139636 0.000000
v 102.302181 9.056866 0.000000
v 103.992672 8.646757 0.000000
v 105.575000 7.924132 0.000000
v 106.991976 6.915109 0.000000
v 108.192386 5.656155 0.000000
v 109.132844 4.192773 0.000000
v 109.779361 2.577853 0.000000
v 110.108568 0.869763 0.000000
v 110.108568 -0.869763 0.000000
v 109.779361 -2.577853 0.000000
v 109.132844 -4.192773 0.000000
v 108.192386 -5.656155 0.000000
v 106.991976 -6.915109 0.000000
v 105.575000 -7.924132 0.000000
v 103.992672 -8.646757 0.000000
v 102.302181 -9.056866 0.000000
v 100.564625 -9.139636 0.000000
v 98.842806 -8.892076 0.000000
v 97.198953 -8.323133 0.000000
v 95.692479 -7.453370 0.000000
v 94.377834 -6.314223 0.000000
v 93.302530 -4.946863 0.000000
v 92.505433 -3.400711 0.000000
v 92.015352 -1.731649 0.000000
v 142.350000 -0.000000 0.000000
v 142.515352 1.731649 0.000000
v 143.005433 3.400711 0.000000
v 143.802530 4.946863 0.000000
v 144.877834 6.314223 0.000000
v 146.192479 7.453370 0.000000
v 147.698953 8.323133 0.000000
v 149.342806 8.892076 0.000000
v 151.064625 9.139636 0.000000
v 152.802181 9.056866 0.000000
v 154.492672 8.646757 0.000000
v 156.075000 7.924132 0.000000
v 157.491976 6.915109 0.000000
v 158.692386 5.656155 0.000000
v 159.632844 4.192773 0.000000
v 160.279361 2.577853 0.000000
v 160.608568 0.869763 0.000000
v 160.608568 -0.869763 0.000000
v 160.279361 -2.577853 0.000000
v 159.632844 -4.192773 0.000000
v 158.692386 -5.656155 0.000000
v 157.491976 -6.915109 0.000000
v 156.075000 -7.924132 0.000000
v 154.492672 -8.646757 0.000000
v 152.802181 -9.056866 0.000000
v 151.064625 -9.139636 0.000000
v 149.342806 -8.892076 0.000000
v 147.698953 -8.323133 0.000000
v 146.192479 -7.453370 0.000000
v 144.877834 -6.314223 0.000000
v 143.802530 -4.946863 0.000000
v 143.005433 -3.400711 0.000000
v 142.515352 -1.731649 0.000000
v 60.750000 19.400000 0.000000
v 60.915352 21.131649 0.000000
v 61.405433 22.800711 0.000000
v 62.202530 24.346863 0.000000
v 63.277834 25.714223 0.000000
v 64.592479 26.853370 0.000000
v 66.098953 27.723133 0.000000
v 67.742806 28.292076 0.000000
v 69.464625 28.539636 0.000000
v 71.202181 28.456866 0.000000
v 72.892672 28.046757 0.000000
v 74.475000 27.324132 0.000000
v 75.891976 26.315109 0.000000
v 77.092386 25.056155 0.000000
v 78.032844 23.592773 0.000000
v 78.679361 21.977853 0.000000
v 79.008568 20.269763 0.000000
v 79.008568 18.530237 0.000000
v 78.679361 16.822147 0.000000
v 78.032844 15.207227 0.000000
v 77.092386 13.743845 0.000000
v 75.891976 12.484891 0.000000
v 74.475000 11.475868 0.000000
v 72.892672 10.753243 0.000000
v 71.202181 10.343134 0.000000
v 69.464625 10.260364 0.000000
v 67.742806 10.507924 0.000000
v 66.098953 11.076867 0.000000
v 64.592479 11.946630 0.000000
v 63.277834 13.085777 0.000000
v 62.202530 14.453137 0.000000
v 61.405433 15.999289 0.000000
v 60.915352 17.668351 0.000000
v 91.850000 19.400000 0.000000
v 92.015352 21.131649 0.000000
v 92.505433 22.800711 0.000000
v 93.302530 24.346863 0.000000
v 94.377834 25.714223 0.000000
v 95.692479 26.853370 0.000000
v 97.198953 27.723133 0.000000
v 98.842806 28.292076 0.000000
v 100.564625 28.539636 0.000000
v 102.302181 28.456866 0.000000
v 103.992672 28.046757 0.000000
v 105.575000 27.324132 0.000000
v 106.991976 26.315109 0.000000
v 108.192386 25.056155 0.000000
v 109.132844 23.592773 0.000000
v 109.779361 21.977853 0.000000
v 110.108568 20.269763 0.000000
v 110.108568 18.530237 0.000000
v 109.779361 16.822147 0.000000
v 109.132844 15.207227 0.000000
v 108.192386 13.743845 0.000000
v 106.991976 12.484891 0.000000
v 105.575000 11.475868 0.000000
v 103.992672 10.753243 0.000000
v 102.302181 10.343134 0.000000
v 100.564625 10.260364 0.000000
v 98.842806 10.507924 0.000000
v 97.198953 11.076867 0.000000
v 95.692479 11.946630 0.000000
v 94.377834 13.085777 0.000000
v 93.302530 14.453137 0.000000
v 92.505433 15.999289 0.000000
v 92.015352 17.668351 0.000000
v 10.250000 19.400000 0.000000
v 10.415352 21.131649 0.000000
v 10.905433 22.800711 0.000000
v 11.702530 24.346863 0.000000
v 12.777834 25.714223 0.000000
v 14.092479 26.853370 0.000000
v 15.598953 27.723133 0.000000
v 17.242806 28.292076 0.000000
v 18.964625 28.539636 0.000000
v 20.702181 28.456866 0.000000
v 22.392672 28.046757 0.000000
v 23.975000 27.324132 0.000000
v 25.391976 26.315109 0.000000
v 26.592386 25.056155 0.000000
v 27.532844 23.592773 0.000000
v 28.179361 21.977853 0.000000
v 28.508568 20.269763 0.000000
v 28.508568 18.530237 0.000000
v 28.179361 16.822147 0.000000
v 27.532844 15.207227 0.000000
v 26.592386 13.743845 0.000000
v 25.391976 12.484891 0.000000
v 23.975000 11.475868 0.000000
v 22.392672 10.753243 0.000000
v 20.702181 10.343134 0.000000
v 18.964625 10.260364 0.000000
v 17.242806 10.507924 0.000000
v 15.598953 11.076867 0.000000
v 14.092479 11.946630 0.000000
v 12.777834 13.085777 0.000000
v 11.702530 14.453137 0.000000
v 10.905433 15.999289 0.000000
v 10.415352 17.668351 0.000000
v 10.250000 -0.000000 0.000000
v 10.415352 1.731649 0.000000
v 10.905433 3.400711 0.000000
v 11.702530 4.946863 0.000000
v 12.777834 6.314223 0.000000
v 14.092479 7.453370 0.000000
v 15.598953 8.323133 0.000000
v 17.242806 8.892076 0.000000
v 18.964625 9.139636 0.000000
v 20.702181 9.056866 0.000000
v 22.392672 8.646757 0.000000
v 23.975000 7.924132 0.000000
v 25.391976 6.915109 0.000000
v 26.592386 5.656155 0.000000
v 27.532844 4.192773 0.000000
v 28.179361 2.577853 0.000000
v 28.508568 0.869763 0.000000
v 28.508568 -0.869763 0.000000
v 28.179361 -2.577853 0.000000
v 27.532844 -4.192773 0.000000
v 26.592386 -5.656155 0.000000
v 25.391976 -6.915109 0.000000
v 23.975000 -7.924132 0.000000
v 22.392672 -8.646757 0.000000
v 20.702181 -9.056866 0.000000
v 18.964625 -9.139636 0.000000
v 17.242806 -8.892076 0.000000
v 15.598953 -8.323133 0.000000
v 14.092479 -7.453370 0.000000
v 12.777834 -6.314223 0.000000
v 11.702530 -4.946863 0.000000
v 10.905433 -3.400711 0.000000
v 10.415352 -1.731649 0.000000
v 41.350000 -0.000000 0.000000
v 41.515352 1.731649 0.000000
v 42.005433 3.400711 0.000000
v 42.802530 4.946863 0.000000
v 43.877834 6.314223 0.000000
v 45.192479 7.453370 0.000000
v 46.698953 8.323133 0.000000
v 48.342806 8.892076 0.000000
v 50.064625 9.139636 0.000000
v 51.802181 9.056866 0.000000
v 53.492672 8.646757 0.000000
v 55.075000 7.924132 0.000000
v 56.491976 6.915109 0.000000
v 57.692386 5.656155 0.000000
v 58.632844 4.192773 0.000000
v 59.279361 2.577853 0.000000
v 59.608568 0.869763 0.000000
v 59.608568 -0.869763 0.000000
v 59.279361 -2.577853 0.000000
v 58.632844 -4.192773 0.000000
v 57.692386 -5.656155 0.000000
v 56.491976 -6.915109 0.000000
v 55.075000 -7.924132 0.000000
v 53.492672 -8.646757 0.000000
v 51.802181 -9.056866 0.000000
v 50.064625 -9.139636 0.000000
v 48.342806 -8.892076 0.000000
v 46.698953 -8.323133 0.000000
v 45.192479 -7.453370 0.000000
v 43.877834 -6.314223 0.000000
v 42.802530 -4.946863 0.000000
v 42.005433 -3.400711 0.000000
v 41.515352 -1.731649 0.000000
v 142.350000 19.400000 0.000000
v 142.515352 21.131649 0.000000
v 143.005433 22.800711 0.000000
v 143.802530 24.346863 0.000000
v 144.877834 25.714223 0.000000
v 146.192479 26.853370 0.000000
v 147.698953 27.723133 0.000000
v 149.342806 28.292076 0.000000
v 151.064625 28.539636 0.000000
v 152.802181 28.456866 0.000000
v 154.492672 28.046757 0.000000
v 156.075000 27.324132 0.000000
v 157.491976 26.315109 0.000000
v 158.692386 25.056155 0.000000
v 159.632844 23.592773 0.000000
v 160.279361 21.977853 0.000000
v 160.608568 20.269763 0.000000
v 160.608568 18.530237 0.000000
v 160.279361 16.822147 0.000000
v 159.632844 15.207227 0.000000
v 158.692386 13.743845 0.000000
v 157.491976 12.484891 0.000000
v 156.075000 11.475868 0.000000
v 154.492672 10.753243 0.000000
v 152.802181 10.343134 0.000000
v 151.064625 10.260364 0.000000
v 149.342806 10.507924 0.000000
v 147.698953 11.076867 0.000000
v 146.192479 11.946630 0.000000
v 144.877834 13.085777 0.000000
v 143.802530 14.453137 0.000000
v 143.005433 15.999289 0.000000
v 142.515352 17.668351 0.000000
v 161.750000 38.800000 0.000000
v 161.915352 40.531649 0.000000
v 162.405433 42.200711 0.000000
v 163.202530 43.746863 0.000000
v 164.277834 45.114223 0.000000
v 165.592479 46.253370 0.000000
v 167.098953 47.123133 0.000000
v 168.742806 47.692076 0.000000
v 170.464625 47.939636 0.000000
v 172.202181 47.856866 0.000000
v 173.892672 47.446757 0.000000
v 175.475000 46.724132 0.000000
v 176.891976 45.715109 0.000000
v 178.092386 44.456155 0.000000
v 179.032844 42.992773 0.000000
v 179.679361 41.377853 0.000000
v 180.008568 39.669763 0.000000
v 180.008568 37.930237 0.000000
v 179.679361 36.222147 0.000000
v 179.032844 34.607227 0.000000
v 178.092386 33.143845 0.000000
v 176.891976 31.884891 0.000000
v 175.475000 30.875868 0.000000
v 173.892672 30.153243 0.000000
v 172.202181 29.743134 0.000000
v 170.464625 29.660364 0.000000
v 168.742806 29.907924 0.000000
v 167.098953 30.476867 0.000000
v 165.592479 31.346630 0.000000
v 164.277834 32.485777 0.000000
v 163.202530 33.853137 0.000000
v 162.405433 35.399289 0.000000
v 161.915352 37.068351 0.000000
v -9.150000 38.800000 0.000000
v -8.984648 40.531649 0.000000
v -8.494567 42.200711 0.000000
v -7.697470 43.746863 0.000000
v -6.622166 45.114223 0.000000
v -5.307521 46.253370 0.000000
v -3.801047 47.123133 0.000000
v -2.157194 47.692076 0.000000
v -0.435375 47.939636 0.000000
v 1.302181 47.856866 0.000000
v 2.992672 47.446757 0.000000
v 4.575000 46.724132 0.000000
v 5.991976 45.715109 0.000000
v 7.192386 44.456155 0.000000
v 8.132844 42.992773 0.000000
v 8.779361 41.377853 0.000000
v 9.108568 39.669763 0.000000
v 9.108568 37.930237 0.000000
v 8.779361 36.222147 0.000000
v 8.132844 34.607227 0.000000
v 7.192386 33.143845 0.000000
v 5.991976 31.884891 0.000000
v 4.575000 30.875868 0.000000
v 2.992672 30.153243 0.000000
v 1.302181 29.743134 0.000000
v -0.435375 29.660364 0.000000
v -2.157194 29.907924 0.000000
v -3.801047 30.476867 0.000000
v -5.307521 31.346630 0.000000
v -6.622166 32.485777 0.000000
v -7.697470 33.853137 0.000000
v -8.494567 35.399289 0.000000
v -8.984648 37.068351 0.000000
v 161.750000 19.400000 0.000000
v 161.915352 21.131649 0.000000
v 162.405433 22.800711 0.000000
v 163.202530 24.346863 0.000000
v 164.277834 25.714223 0.000000
v 165.592479 26.853370 0.000000
v 167.098953 27.723133 0.000000
v 168.742806 28.292076 0.000000
v 170.464625 28.539636 0.000000
v 172.202181 28.456866 0.000000
v 173.892672 28.046757 0.000000
v 175.475000 27.324132 0.000000
v 176.891976 26.315109 0.000000
v 178.092386 25.056155 0.000000
v 179.032844 23.592773 0.000000
v 179.679361 21.977853 0.000000
v 180.008568 20.269763 0.000000
v 180.008568 18.530237 0.000000
v 179.679361 16.822147 0.000000
v 179.032844 15.207227 0.000000
v 178.092386 13.743845 0.000000
v 176.891976 12.484891 0.000000
v 175.475000 11.475868 0.000000
v 173.892672 10.753243 0.000000
v 172.202181 10.343134 0.000000
v 170.464625 10.260364 0.000000
v 168.742806 10.507924 0.000000
v 167.098953 11.076867 0.000000
v 165.592479 11.946630 0.000000
v 164.277834 13.085777 0.000000
v 163.202530 14.453137 0.000000
v 162.405433 15.999289 0.000000
v 161.915352 17.668351 0.000000
v 111.250000 -0.000000 0.000000
v 111.415352 1.731649 0.000000
v 111.905433 3.400711 0.000000
v 112.702530 4.946863 0.000000
v 113.777834 6.314223 0.000000
v 115.092479 7.453370 0.000000
v 116.598953 8.323133 0.000000
v 118.242806 8.892076 0.000000
v 119.964625 9.139636 0.000000
v 121.702181 9.056866 0.000000
v 123.392672 8.646757 0.000000
v 124.975000 7.924132 0.000000
v 126.391976 6.915109 0.000000
v 127.592386 5.656155 0.000000
v 128.532844 4.192773 0.000000
v 129.179361 2.577853 0.000000
v 129.508568 0.869763 0.000000
v 129.508568 -0.869763 0.000000
v 129.179361 -2.577853 0.000000
v 128.532844 -4.192773 0.000000
v 127.592386 -5.656155 0.000000
v 126.391976 -6.915109 0.000000
v 124.975000 -7.924132 0.000000
v 123.392672 -8.646757 0.000000
v 121.702181 -9.056866 0.000000
v 119.964625 -9.139636 0.000000
v 118.242806 -8.892076 0.000000
v 116.598953 -8.323133 0.000000
v 115.092479 -7.453370 0.000000
v 113.777834 -6.314223 0.000000
v 112.702530 -4.946863 0.000000
v 111.905433 -3.400711 0.000000
v 111.415352 -1.731649 0.000000
v 41.350000 19.400000 0.000000
v 41.515352 21.131649 0.000000
v 42.005433 22.800711 0.000000
v 42.802530 24.346863 0.000000
v 43.877834 25.714223 0.000000
v 45.192479 26.853370 0.000000
v 46.698953 27.723133 0.000000
v 48.342806 28.292076 0.000000
v 50.064625 28.539636 0.000000
v 51.802181 28.456866 0.000000
v 53.492672 28.046757 0.000000
v 55.075000 27.324132 0.000000
v 56.491976 26.315109 0.000000
v 57.692386 25.056155 0.000000
v 58.632844 23.592773 0.000000
v 59.279361 21.977853 0.000000
v 59.608568 20.269763 0.000000
v 59.608568 18.530237 0.000000
v 59.279361 16.822147 0.000000
v 58.632844 15.207227 0.000000
v 57.692386 13.743845 0.000000
v 56.491976 12.484891 0.000000
v 55.075000 11.475868 0.000000
v 53.492672 10.753243 0.000000
v 51.802181 10.343134 0.000000
v 50.064625 10.260364 0.000000
v 48.342806 10.507924 0.000000
v 46.698953 11.076867 0.000000
v 45.192479 11.946630 0.000000
v 43.877834 13.085777 0.000000
v 42.802530 14.453137 0.000000
v 42.005433 15.999289 0.000000
v 41.515352 17.668351 0.000000
v -9.150000 19.400000 0.000000
v -8.984648 21.131649 0.000000
v -8.494567 22.800711 0.000000
v -7.697470 24.346863 0.000000
v -6.622166 25.714223 0.000000
v -5.307521 26.853370 0.000000
v -3.801047 27.723133 0.000000
v -2.157194 28.292076 0.000000
v -0.435375 28.539636 0.000000
v 1.302181 28.456866 0.000000
v 2.992672 28.046757 0.000000
v 4.575000 27.324132 0.000000
v 5.991976 26.315109 0.000000
v 7.192386 25.056155 0.000000
v 8.132844 23.592773 0.000000
v 8.779361 21.977853 0.000000
v 9.108568 20.269763 0.000000
v 9.108568 18.530237 0.000000
v 8.779361 16.822147 0.000000
v 8.132844 15.207227 0.000000
v 7.192386 13.743845 0.000000
v 5.991976 12.484891 0.000000
v 4.575000 11.475868 0.000000
v 2.992672 10.753243 0.000000
v 1.302181 10.343134 0.000000
v -0.435375 10.260364 0.000000
v -2.157194 10.507924 0.000000
v -3.801047 11.076867 0.000000
v -5.307521 11.946630 0.000000
v -6.622166 13.085777 0.000000
v -7.697470 14.453137 0.000000
v -8.494567 15.999289 0.000000
v -8.984648 17.668351 0.000000
v 161.750000 -0.000000 0.000000
v 161.915352 1.731649 0.000000
v 162.405433 3.400711 0.000000
v 163.202530 4.946863 0.000000
v 164.277834 6.314223 0.000000
v 165.592479 7.453370 0.000000
v 167.098953 8.323133 0.000000
v 168.742806 8.892076 0.000000
v 170.464625 9.139636 0.000000
v 172.202181 9.056866 0.000000
v 173.892672 8.646757 0.000000
v 175.475000 7.924132 0.000000
v 176.891976 6.915109 0.000000
v 178.092386 5.656155 0.000000
v 179.032844 4.192773 0.000000
v 179.679361 2.577853 0.000000
v 180.008568 0.869763 0.000000
v 180.008568 -0.869763 0.000000
v 179.679361 -2.577853 0.000000
v 179.032844 -4.192773 0.000000
v 178.092386 -5.656155 0.000000
v 176.891976 -6.915109 0.000000
v 175.475000 -7.924132 0.000000
v 173.892672 -8.646757 0.000000
v 172.202181 -9.056866 0.000000
v 170.464625 -9.139636 0.000000
v 168.742806 -8.892076 0.000000
v 167.098953 -8.323133 0.000000
v 165.592479 -7.453370 0.000000
v 164.277834 -6.314223 0.000000
v 163.202530 -4.946863 0.000000
v 162.405433 -3.400711 0.000000
v 161.915352 -1.731649 0.000000
v 111.250000 38.800000 0.000000
v 111.415352 40.531649 0.000000
v 111.905433 42.200711 0.000000
v 112.702530 43.746863 0.000000
v 113.777834 45.114223 0.000000
v 115.092479 46.253370 0.000000
v 116.598953 47.123133 0.000000
v 118.242806 47.692076 0.000000
v 119.964625 47.939636 0.000000
v 121.702181 47.856866 0.000000
v 123.392672 47.446757 0.000000
v 124.975000 46.724132 0.000000
v 126.391976 45.715109 0.000000
v 127.592386 44.456155 0.000000
v 128.532844 42.992773 0.000000
v 129.179361 41.377853 0.000000
v 129.508568 39.669763 0.000000
v 129.508568 37.930237 0.000000
v 129.179361 36.222147 0.000000
v 128.532844 34.607227 0.000000
v 127.592386 33.143845 0.000000
v 126.391976 31.884891 0.000000
v 124.975000 30.875868 0.000000
v 123.392672 30.153243 0.000000
v 121.702181 29.743134 0.000000
v 119.964625 29.660364 0.000000
v 118.242806 29.907924 0.000000
v 116.598953 30.476867 0.000000
v 115.092479 31.346630 0.000000
v 113.777834 32.485777 0.000000
v 112.702530 33.853137 0.000000
v 111.905433 35.399289 0.000000
v 111.415352 37.068351 0.000000
v -9.150000 -0.000000 0.000000
v -8.984648 1.731649 0.000000
v -8.494567 3.400711 0.000000
v -7.697470 4.946863 0.000000
v -6.622166 6.314223 0.000000
v -5.307521 7.453370 0.000000
v -3.801047 8.323133 0.000000
v -2.157194 8.892076 0.000000
v -0.435375 9.139636 0.000000
v 1.302181 9.056866 0.000000
v 2.992672 8.646757 0.000000
v 4.575000 7.924132 0.000000
v 5.991976 6.915109 0.000000
v 7.192386 5.656155 0.000000
v 8.132844 4.192773 0.000000
v 8.779361 2.577853 0.000000
v 9.108568 0.869763 0.000000
v 9.108568 -0.869763 0.000000
v 8.779361 -2.577853 0.000000
v 8.132844 -4.192773 0.000000
v 7.192386 -5.656155 0.000000
v 5.991976 -6.915109 0.000000
v 4.575000 -7.924132 0.000000
v 2.992672 -8.646757 0.000000
v 1.302181 -9.056866 0.000000
v -0.435375 -9.139636 0.000000
v -2.157194 -8.892076 0.000000
v -3.801047 -8.323133 0.000000
v -5.307521 -7.453370 0.000000
v -6.622166 -6.314223 0.000000
v -7.697470 -4.946863 0.000000
v -8.494567 -3.400711 0.000000
v -8.984648 -1.731649 0.000000
v 41.350000 38.800000 0.000000
v 41.515352 40.531649 0.000000
v 42.005433 42.200711 0.000000
v 42.802530 43.746863 0.000000
v 43.877834 45.114223 0.000000
v 45.192479 46.253370 0.000000
v 46.698953 47.123133 0.000000
v 48.342806 47.692076 0.000000
v 50.064625 47.939636 0.000000
v 51.802181 47.856866 0.000000
v 53.492672 47.446757 0.000000
v 55.075000 46.724132 0.000000
v 56.491976 45.715109 0.000000
v 57.692386 44.456155 0.000000
v 58.632844 42.992773 0.000000
v 59.279361 41.377853 0.000000
v 59.608568 39.669763 0.000000
v 59.608568 37.930237 0.000000
v 59.279361 36.222147 0.000000
v 58.632844 34.607227 0.000000
v 57.692386 33.143845 0.000000
v 56.491976 31.884891 0.000000
v 55.075000 30.875868 0.000000
v 53.492672 30.153243 0.000000
v 51.802181 29.743134 0.000000
v 50.064625 29.660364 0.000000
v 48.342806 29.907924 0.000000
v 46.698953 30.476867 0.000000
v 45.192479 31.346630 0.000000
v 43.877834 32.485777 0.000000
v 42.802530 33.853137 0.000000
v 42.005433 35.399289 0.000000
v 41.515352 37.068351 0.000000
v 142.350000 38.800000 0.000000
v 142.515352 40.531649 0.000000
v 143.005433 42.200711 0.000000
v 143.802530 43.746863 0.000000
v 144.877834 45.114223 0.000000
v 146.192479 46.253370 0.000000
v 147.698953 47.123133 0.000000
v 149.342806 47.692076 0.000000
v 151.064625 47.939636 0.000000
v 152.802181 47.856866 0.000000
v 154.492672 47.446757 0.000000
v 156.075000 46.724132 0.000000
v 157.491976 45.715109 0.000000
v 158.692386 44.456155 0.000000
v 159.632844 42.992773 0.000000
v 160.279361 41.377853 0.000000
v 160.608568 39.669763 0.000000
v 160.608568 37.930237 0.000000
v 160.279361 36.222147 0.000000
v 159.632844 34.607227 0.000000
v 158.692386 33.143845 0.000000
v 157.491976 31.884891 0.000000
v 156.075000 30.875868 0.000000
v 154.492672 30.153243 0.000000
v 152.802181 29.743134 0.000000
v 151.064625 29.660364 0.000000
v 149.342806 29.907924 0.000000
v 147.698953 30.476867 0.000000
v 146.192479 31.346630 0.000000
v 144.877834 32.485777 0.000000
v 143.802530 33.853137 0.000000
v 143.005433 35.399289 0.000000
v 142.515352 37.068351 0.000000
v 30.300000 -15.940000 0.000000
v 30.351111 -15.551771 0.000000
v 30.500962 -15.190000 0.000000
v 30.739340 -14.879340 0.000000
v 31.050000 -14.640962 0.000000
v 31.411771 -14.491111 0.000000
v 31.800000 -14.440000 0.000000
v 32.188229 -14.491111 0.000000
v 32.550000 -14.640962 0.000000
v 32.860660 -14.879340 0.000000
v 33.099038 -15.190000 0.000000
v 33.248889 -15.551771 0.000000
v 33.300000 -15.940000 0.000000
v 33.248889 -16.328229 0.000000
v 33.099038 -16.690000 0.000000
v 32.860660 -17.000660 0.000000
v 32.550000 -17.239038 0.000000
v 32.188229 -17.388889 0.000000
v 31.800000 -17.440000 0.000000
v 31.411771 -17.388889 0.000000
v 31.050000 -17.239038 0.000000
v 30.739340 -17.000660 0.000000
v 30.500962 -16.690000 0.000000
v 30.351111 -16.328229 0.000000
v 80.800000 -15.940000 0.000000
v 80.851111 -15.551771 0.000000
v 81.000962 -15.190000 0.000000
v 81.239340 -14.879340 0.000000
v 81.550000 -14.640962 0.000000
v 81.911771 -14.491111 0.000000
v 82.300000 -14.440000 0.000000
v 82.688229 -14.491111 0.000000
v 83.050000 -14.640962 0.000000
v 83.360660 -14.879340 0.000000
v 83.599038 -15.190000 0.000000
v 83.748889 -15.551771 0.000000
v 83.800000 -15.940000 0.000000
v 83.748889 -16.328229 0.000000
v 83.599038 -16.690000 0.000000
v 83.360660 -17.000660 0.000000
v 83.050000 -17.239038 0.000000
v 82.688229 -17.388889 0.000000
v 82.300000 -17.440000 0.000000
v 81.911771 -17.388889 0.000000
v 81.550000 -17.239038 0.000000
v 81.239340 -17.000660 0.000000
v 81.000962 -16.690000 0.000000
v 80.851111 -16.328229 0.000000
v 80.800000 60.050000 0.000000
v 80.851111 60.438229 0.000000
v 81.000962 60.800000 0.000000
v 81.239340 61.110660 0.000000
v 81.550000 61.349038 0.000000
v 81.911771 61.498889 0.000000
v 82.300000 61.550000 0.000000
v 82.688229 61.498889 0.000000
v 83.050000 61.349038 0.000000
v 83.360660 61.110660 0.000000
v 83.599038 60.800000 0.000000
v 83.748889 60.438229 0.000000
v 83.800000 60.050000 0.000000
v 83.748889 59.661771 0.000000
v 83.599038 59.300000 0.000000
v 83.360660 58.989340 0.000000
v 83.050000 58.750962 0.000000
v 82.688229 58.601111 0.000000
v 82.300000 58.550000 0.000000
v 81.911771 58.601111 0.000000
v 81.550000 58.750962 0.000000
v 81.239340 58.989340 0.000000
v 81.000962 59.300000 0.000000
v 80.851111 59.661771 0.000000
v 181.800000 60.050000 0.000000
v 181.851111 60.438229 0.000000
v 182.000962 60.800000 0.000000
v 182.239340 61.110660 0.000000
v 182.550000 61.349038 0.000000
v 182.911771 61.498889 0.000000
v 183.300000 61.550000 0.000000
v 183.688229 61.498889 0.000000
v 184.050000 61.349038 0.000000
v 184.360660 61.110660 0.000000
v 184.599038 60.800000 0.000000
v 184.748889 60.438229 0.000000
v 184.800000 60.050000 0.000000
v 184.748889 59.661771 0.000000
v 184.599038 59.300000 0.000000
v 184.360660 58.989340 0.000000
v 184.050000 58.750962 0.000000
v 183.688229 58.601111 0.000000
v 183.300000 58.550000 0.000000
v 182.911771 58.601111 0.000000
v 182.550000 58.750962 0.000000
v 182.239340 58.989340 0.000000
v 182.000962 59.300000 0.000000
v 181.851111 59.661771 0.000000
v 36.600000 -15.940000 0.000000
v 36.651111 -15.551771 0.000000
v 36.800962 -15.190000 0.000000
v 37.039340 -14.879340 0.000000
v 37.350000 -14.640962 0.000000
v 37.711771 -14.491111 0.000000
v 38.100000 -14.440000 0.000000
v 38.488229 -14.491111 0.000000
v 38.850000 -14.640962 0.000000
v 39.160660 -14.879340 0.000000
v 39.399038 -15.190000 0.000000
v 39.548889 -15.551771 0.000000
v 39.600000 -15.940000 0.000000
v 39.548889 -16.328229 0.000000
v 39.399038 -16.690000 0.000000
v 39.160660 -17.000660 0.000000
v 38.850000 -17.239038 0.000000
v 38.488229 -17.388889 0.000000
v 38.100000 -17.440000 0.000000
v 37.711771 -17.388889 0.000000
v 37.350000 -17.239038 0.000000
v 37.039340 -17.000660 0.000000
v 36.800962 -16.690000 0.000000
v 36.651111 -16.328229 0.000000
v 87.100000 -15.940000 0.000000
v 87.151111 -15.551771 0.000000
v 87.300962 -15.190000 0.000000
v 87.539340 -14.879340 0.000000
v 87.850000 -14.640962 0.000000
v 88.211771 -14.491111 0.000000
v 88.600000 -14.440000 0.000000
v 88.988229 -14.491111 0.000000
v 89.350000 -14.640962 0.000000
v 89.660660 -14.879340 0.000000
v 89.899038 -15.190000 0.000000
v 90.048889 -15.551771 0.000000
v 90.100000 -15.940000 0.000000
v 90.048889 -16.328229 0.000000
v 89.899038 -16.690000 0.000000
v 89.660660 -17.000660 0.000000
v 89.350000 -17.239038 0.000000
v 88.988229 -17.388889 0.000000
v 88.600000 -17.440000 0.000000
v 88.211771 -17.388889 0.000000
v 87.850000 -17.239038 0.000000
v 87.539340 -17.000660 0.000000
v 87.300962 -16.690000 0.000000
v 87.151111 -16.328229 0.000000
v 87.100000 60.050000 0.000000
v 87.151111 60.438229 0.000000
v 87.300962 60.800000 0.000000
v 87.539340 61.110660 0.000000
v 87.850000 61.349038 0.000000
v 88.211771 61.498889 0.000000
v 88.600000 61.550000 0.000000
v 88.988229 61.498889 0.000000
v 89.350000 61.349038 0.000000
v 89.660660 61.110660 0.000000
v 89.899038 60.800000 0.000000
v 90.048889 60.438229 0.000000
v 90.100000 60.050000 0.000000
v 90.048889 59.661771 0.000000
v 89.899038 59.300000 0.000000
v 89.660660 58.989340 0.000000
v 89.350000 58.750962 0.000000
v 88.988229 58.601111 0.000000
v 88.600000 58.550000 0.000000
v 88.211771 58.601111 0.000000
v 87.850000 58.750962 0.000000
v 87.539340 58.989340 0.000000
v 87.300962 59.300000 0.000000
v 87.151111 59.661771 0.000000
v 181.800000 -15.940000 0.000000
v 181.851111 -15.551771 0.000000
v 182.000962 -15.190000 0.000000
v 182.239340 -14.879340 0.000000
v 182.550000 -14.640962 0.000000
v 182.911771 -14.491111 0.000000
v 183.300000 -14.440000 0.000000
v 183.688229 -14.491111 0.000000
v 184.050000 -14.640962 0.000000
v 184.360660 -14.879340 0.000000
v 184.599038 -15.190000 0.000000
v 184.748889 -15.551771 0.000000
v 184.800000 -15.940000 0.000000
v 184.748889 -16.328229 0.000000
v 184.599038 -16.690000 0.000000
v 184.360660 -17.000660 0.000000
v 184.050000 -17.239038 0.000000
v 183.688229 -17.388889 0.000000
v 183.300000 -17.440000 0.000000
v 182.911771 -17.388889 0.000000
v 182.550000 -17.239038 0.000000
v 182.239340 -17.000660 0.000000
v 182.000962 -16.690000 0.000000
v 181.851111 -16.328229 0.000000
v -13.900000 60.050000 2.570984
v -13.848889 59.661771 2.570984
v -13.699038 59.300000 2.570984
v -13.460660 58.989340 2.570984
v -13.150000 58.750962 2.570984
v -12.788229 58.601111 2.570984
v -12.400000 58.550000 2.570984
v -12.011771 58.601111 2.570984
v -11.650000 58.750962 2.570984
v -11.339340 58.989340 2.570984
v -11.100962 59.300000 2.570984
v -10.951111 59.661771 2.570984
v -10.900000 60.050000 2.570984
v -10.951111 60.438229 2.570984
v -11.100962 60.800000 2.570984
v -11.339340 61.110660 2.570984
v -11.650000 61.349038 2.570984
v -12.011771 61.498889 2.570984
v -12.400000 61.550000 2.570984
v -12.788229 61.498889 2.570984
v -13.150000 61.349038 2.570984
v -13.460660 61.110660 2.570984
v -13.699038 60.800000 2.570984
v -13.848889 60.438229 2.570984
v -13.600000 60.050000 6.000000
v -13.559111 60.360583 6.000000
v -13.439230 60.650000 6.000000
v -13.248528 60.898528 6.000000
v -13.000000 61.089230 6.000000
v -12.710583 61.209111 6.000000
v -12.400000 61.250000 6.000000
v -12.089417 61.209111 6.000000
v -11.800000 61.089230 6.000000
v -11.551472 60.898528 6.000000
v -11.360770 60.650000 6.000000
v -11.240889 60.360583 6.000000
v -11.200000 60.050000 6.000000
v -11.240889 59.739417 6.000000
v -11.360770 59.450000 6.000000
v -11.551472 59.201472 6.000000
v -11.800000 59.010770 6.000000
v -12.089417 58.890889 6.000000
v -12.400000 58.850000 6.000000
v -12.710583 58.890889 6.000000
v -13.000000 59.010770 6.000000
v -13.248528 59.201472 6.000000
v -13.439230 59.450000 6.000000
v -13.559111 59.739417 6.000000
v 30.300000 60.050000 2.570984
v 30.351111 59.661771 2.570984
v 30.500962 59.300000 2.570984
v 30.739340 58.989340 2.570984
v 31.050000 58.750962 2.570984
v 31.411771 58.601111 2.570984
v 31.800000 58.550000 2.570984
v 32.188229 58.601111 2.570984
v 32.550000 58.750962 2.570984
v 32.860660 58.989340 2.570984
v 33.099038 59.300000 2.570984
v 33.248889 59.661771 2.570984
v 33.300000 60.050000 2.570984
v 33.248889 60.438229 2.570984
v 33.099038 60.800000 2.570984
v 32.860660 61.110660 2.570984
v 32.550000 61.349038 2.570984
v 32.188229 61.498889 2.570984
v 31.800000 61.550000 2.570984
v 31.411771 61.498889 2.570984
v 31.050000 61.349038 2.570984
v 30.739340 61.110660 2.570984
v 30.500962 60.800000 2.570984
v 30.351111 60.438229 2.570984
v 30.600000 60.050000 6.000000
v 30.640889 60.360583 6.000000
v 30.760770 60.650000 6.000000
v 30.951472 60.898528 6.000000
v 31.200000 61.089230 6.000000
v 31.489417 61.209111 6.000000
v 31.800000 61.250000 6.000000
v 32.110583 61.209111 6.000000
v 32.400000 61.089230 6.000000
v 32.648528 60.898528 6.000000
v 32.839230 60.650000 6.000000
v 32.959111 60.360583 6.000000
v 33.000000 60.050000 6.000000
v 32.959111 59.739417 6.000000
v 32.839230 59.450000 6.000000
v 32.648528 59.201472 6.000000
v 32.400000 59.010770 6.000000
v 32.110583 58.890889 6.000000
v 31.800000 58.850000 6.000000
v 31.489417 58.890889 6.000000
v 31.200000 59.010770 6.000000
v 30.951472 59.201472 6.000000
v 30.760770 59.450000 6.000000
v 30.640889 59.739417 6.000000
v 36.600000 60.050000 2.570984
v 36.651111 59.661771 2.570984
v 36.800962 59.300000 2.570984
v 37.039340 58.989340 2.570984
v 37.350000 58.750962 2.570984
v 37.711771 58.601111 2.570984
v 38.100000 58.550000 2.570984
v 38.488229 58.601111 2.570984
v 38.850000 58.750962 2.570984
v 39.160660 58.989340 2.570984
v 39.399038 59.300000 2.570984
v 39.548889 59.661771 2.570984
v 39.600000 60.050000 2.570984
v 39.548889 60.438229 2.570984
v 39.399038 60.800000 2.570984
v 39.160660 61.110660 2.570984
v 38.850000 61.349038 2.570984
v 38.488229 61.498889 2.570984
v 38.100000 61.550000 2.570984
v 37.711771 61.498889 2.570984
v 37.350000 61.349038 2.570984
v 37.039340 61.110660 2.570984
v 36.800962 60.800000 2.570984
v 36.651111 60.438229 2.570984
v 36.900000 60.050000 6.000000
v 36.940889 60.360583 6.000000
v 37.060770 60.650000 6.000000
v 37.251472 60.898528 6.000000
v 37.500000 61.089230 6.000000
v 37.789417 61.209111 6.000000
v 38.100000 61.250000 6.000000
v 38.410583 61.209111 6.000000
v 38.700000 61.089230 6.000000
v 38.948528 60.898528 6.000000
v 39.139230 60.650000 6.000000
v 39.259111 60.360583 6.000000
v 39.300000 60.050000 6.000000
v 39.259111 59.739417 6.000000
v 39.139230 59.450000 6.000000
v 38.948528 59.201472 6.000000
v 38.700000 59.010770 6.000000
v 38.410583 58.890889 6.000000
v 38.100000 58.850000 6.000000
v 37.789417 58.890889 6.000000
v 37.500000 59.010770 6.000000
v 37.251472 59.201472 6.000000
v 37.060770 59.450000 6.000000
v 36.940889 59.739417 6.000000
v 80.800000 60.050000 2.570984
v 80.851111 59.661771 2.570984
v 81.000962 59.300000 2.570984
v 81.239340 58.989340 2.570984
v 81.550000 58.750962 2.570984
v 81.911771 58.601111 2.570984
v 82.300000 58.550000 2.570984
v 82.688229 58.601111 2.570984
v 83.050000 58.750962 2.570984
v 83.360660 58.989340 2.570984
v 83.599038 59.300000 2.570984
v 83.748889 59.661771 2.570984
v 83.800000 60.050000 2.570984
v 83.748889 60.438229 2.570984
v 83.599038 60.800000 2.570984
v 83.360660 61.110660 2.570984
v 83.050000 61.349038 2.570984
v 82.688229 61.498889 2.570984
v 82.300000 61.550000 2.570984
v 81.911771 61.498889 2.570984
v 81.550000 61.349038 2.570984
v 81.239340 61.110660 2.570984
v 81.000962 60.800000 2.570984
v 80.851111 60.438229 2.570984
v 81.100000 60.050000 6.000000
v 81.140889 60.360583 6.000000
v 81.260770 60.650000 6.000000
v 81.451472 60.898528 6.000000
v 81.700000 61.089230 6.000000
v 81.989417 61.209111 6.000000
v 82.300000 61.250000 6.000000
v 82.610583 61.209111 6.000000
v 82.900000 61.089230 6.000000
v 83.148528 60.898528 6.000000
v 83.339230 60.650000 6.000000
v 83.459111 60.360583 6.000000
v 83.500000 60.050000 6.000000
v 83.459111 59.739417 6.000000
v 83.339230 59.450000 6.000000
v 83.148528 59.201472 6.000000
v 82.900000 59.010770 6.000000
v 82.610583 58.890889 6.000000
v 82.300000 58.850000 6.000000
v 81.989417 58.890889 6.000000
v 81.700000 59.010770 6.000000
v 81.451472 59.201472 6.000000
v 81.260770 59.450000 6.000000
v 81.140889 59.739417 6.000000
v 87.100000 60.050000 2.570984
v 87.151111 59.661771 2.570984
v 87.300962 59.300000 2.570984
v 87.539340 58.989340 2.570984
v 87.850000 58.750962 2.570984
v 88.211771 58.601111 2.570984
v 88.600000 58.550000 2.570984
v 88.988229 58.601111 2.570984
v 89.350000 58.750962 2.570984
v 89.660660 58.989340 2.570984
v 89.899038 59.300000 2.570984
v 90.048889 59.661771 2.570984
v 90.100000 60.050000 2.570984
v 90.048889 60.438229 2.570984
v 89.899038 60.800000 2.570984
v 89.660660 61.110660 2.570984
v 89.350000 61.349038 2.570984
v 88.988229 61.498889 2.570984
v 88.600000 61.550000 2.570984
v 88.211771 61.498889 2.570984
v 87.850000 61.349038 2.570984
v 87.539340 61.110660 2.570984
v 87.300962 60.800000 2.570984
v 87.151111 60.438229 2.570984
v 87.400000 60.050000 6.000000
v 87.440889 60.360583 6.000000
v 87.560770 60.650000 6.000000
v 87.751472 60.898528 6.000000
v 88.000000 61.089230 6.000000
v 88.289417 61.209111 6.000000
v 88.600000 61.250000 6.000000
v 88.910583 61.209111 6.000000
v 89.200000 61.089230 6.000000
v 89.448528 60.898528 6.000000
v 89.639230 60.650000 6.000000
v 89.759111 60.360583 6.000000
v 89.800000 60.050000 6.000000
v 89.759111 59.739417 6.000000
v 89.639230 59.450000 6.000000
v 89.448528 59.201472 6.000000
v 89.200000 59.010770 6.000000
v 88.910583 58.890889 6.000000
v 88.600000 58.850000 6.000000
v 88.289417 58.890889 6.000000
v 88.000000 59.010770 6.000000
v 87.751472 59.201472 6.000000
v 87.560770 59.450000 6.000000
v 87.440889 59.739417 6.000000
v 131.300000 60.050000 2.570984
v 131.351111 59.661771 2.570984
v 131.500962 59.300000 2.570984
v 131.739340 58.989340 2.570984
v 132.050000 58.750962 2.570984
v 132.411771 58.601111 2.570984
v 132.800000 58.550000 2.570984
v 133.188229 58.601111 2.570984
v 133.550000 58.750962 2.570984
v 133.860660 58.989340 2.570984
v 134.099038 59.300000 2.570984
v 134.248889 59.661771 2.570984
v 134.300000 60.050000 2.570984
v 134.248889 60.438229 2.570984
v 134.099038 60.800000 2.570984
v 133.860660 61.110660 2.570984
v 133.550000 61.349038 2.570984
v 133.188229 61.498889 2.570984
v 132.800000 61.550000 2.570984
v 132.411771 61.498889 2.570984
v 132.050000 61.349038 2.570984
v 131.739340 61.110660 2.570984
v 131.500962 60.800000 2.570984
v 131.351111 60.438229 2.570984
v 131.600000 60.050000 6.000000
v 131.640889 60.360583 6.000000
v 131.760770 60.650000 6.000000
v 131.951472 60.898528 6.000000
v 132.200000 61.089230 6.000000
v 132.489417 61.209111 6.000000
v 132.800000 61.250000 6.000000
v 133.110583 61.209111 6.000000
v 133.400000 61.089230 6.000000
v 133.648528 60.898528 6.000000
v 133.839230 60.650000 6.000000
v 133.959111 60.360583 6.000000
v 134.000000 60.050000 6.000000
v 133.959111 59.739417 6.000000
v 133.839230 59.450000 6.000000
v 133.648528 59.201472 6.000000
v 133.400000 59.010770 6.000000
v 133.110583 58.890889 6.000000
v 132.800000 58.850000 6.000000
v 132.489417 58.890889 6.000000
v 132.200000 59.010770 6.000000
v 131.951472 59.201472 6.000000
v 131.760770 59.450000 6.000000
v 131.640889 59.739417 6.000000
v 137.600000 60.050000 2.570984
v 137.651111 59.661771 2.570984
v 137.800962 59.300000 2.570984
v 138.039340 58.989340 2.570984
v 138.350000 58.750962 2.570984
v 138.711771 58.601111 2.570984
v 139.100000 58.550000 2.570984
v 139.488229 58.601111 2.570984
v 139.850000 58.750962 2.570984
v 140.160660 58.989340 2.570984
v 140.399038 59.300000 2.570984
v 140.548889 59.661771 2.570984
v 140.600000 60.050000 2.570984
v 140.548889 60.438229 2.570984
v 140.399038 60.800000 2.570984
v 140.160660 61.110660 2.570984
v 139.850000 61.349038 2.570984
v 139.488229 61.498889 2.570984
v 139.100000 61.550000 2.570984
v 138.711771 61.498889 2.570984
v 138.350000 61.349038 2.570984
v 138.039340 61.110660 2.570984
v 137.800962 60.800000 2.570984
v 137.651111 60.438229 2.570984
v 137.900000 60.050000 6.000000
v 137.940889 60.360583 6.000000
v 138.060770 60.650000 6.000000
v 138.251472 60.898528 6.000000
v 138.500000 61.089230 6.000000
v 138.789417 61.209111 6.000000
v 139.100000 61.250000 6.000000
v 139.410583 61.209111 6.000000
v 139.700000 61.089230 6.000000
v 139.948528 60.898528 6.000000
v 140.139230 60.650000 6.000000
v 140.259111 60.360583 6.000000
v 140.300000 60.050000 6.000000
v 140.259111 59.739417 6.000000
v 140.139230 59.450000 6.000000
v 139.948528 59.201472 6.000000
v 139.700000 59.010770 6.000000
v 139.410583 58.890889 6.000000
v 139.100000 58.850000 6.000000
v 138.789417 58.890889 6.000000
v 138.500000 59.010770 6.000000
v 138.251472 59.201472 6.000000
v 138.060770 59.450000 6.000000
v 137.940889 59.739417 6.000000
v 181.800000 60.050000 2.570984
v 181.851111 59.661771 2.570984
v 182.000962 59.300000 2.570984
v 182.239340 58.989340 2.570984
v 182.550000 58.750962 2.570984
v 182.911771 58.601111 2.570984
v 183.300000 58.550000 2.570984
v 183.688229 58.601111 2.570984
v 184.050000 58.750962 2.570984
v 184.360660 58.989340 2.570984
v 184.599038 59.300000 2.570984
v 184.748889 59.661771 2.570984
v 184.800000 60.050000 2.570984
v 184.748889 60.438229 2.570984
v 184.599038 60.800000 2.570984
v 184.360660 61.110660 2.570984
v 184.050000 61.349038 2.570984
v 183.688229 61.498889 2.570984
v 183.300000 61.550000 2.570984
v 182.911771 61.498889 2.570984
v 182.550000 61.349038 2.570984
v 182.239340 61.110660 2.570984
v 182.000962 60.800000 2.570984
v 181.851111 60.438229 2.570984
v 182.100000 60.050000 6.000000
v 182.140889 60.360583 6.000000
v 182.260770 60.650000 6.000000
v 182.451472 60.898528 6.000000
v 182.700000 61.089230 6.000000
v 182.989417 61.209111 6.000000
v 183.300000 61.250000 6.000000
v 183.610583 61.209111 6.000000
v 183.900000 61.089230 6.000000
v 184.148528 60.898528 6.000000
v 184.339230 60.650000 6.000000
v 184.459111 60.360583 6.000000
v 184.500000 60.050000 6.000000
v 184.459111 59.739417 6.000000
v 184.339230 59.450000 6.000000
v 184.148528 59.201472 6.000000
v 183.900000 59.010770 6.000000
v 183.610583 58.890889 6.000000
v 183.300000 58.850000 6.000000
v 182.989417 58.890889 6.000000
v 182.700000 59.010770 6.000000
v 182.451472 59.201472 6.000000
v 182.260770 59.450000 6.000000
v 182.140889 59.739417 6.000000
v 181.800000 -15.940000 2.570984
v 181.851111 -16.328229 2.570984
v 182.000962 -16.690000 2.570984
v 182.239340 -17.000660 2.570984
v 182.550000 -17.239038 2.570984
v 182.911771 -17.388889 2.570984
v 183.300000 -17.440000 2.570984
v 183.688229 -17.388889 2.570984
v 184.050000 -17.239038 2.570984
v 184.360660 -17.000660 2.570984
v 184.599038 -16.690000 2.570984
v 184.748889 -16.328229 2.570984
v 184.800000 -15.940000 2.570984
v 184.748889 -15.551771 2.570984
v 184.599038 -15.190000 2.570984
v 184.360660 -14.879340 2.570984
v 184.050000 -14.640962 2.570984
v 183.688229 -14.491111 2.570984
v 183.300000 -14.440000 2.570984
v 182.911771 -14.491111 2.570984
v 182.550000 -14.640962 2.570984
v 182.239340 -14.879340 2.570984
v 182.000962 -15.190000 2.570984
v 181.851111 -15.551771 2.570984
v 182.100000 -15.940000 6.000000
v 182.140889 -15.629417 6.000000
v 182.260770 -15.340000 6.000000
v 182.451472 -15.091472 6.000000
v 182.700000 -14.900770 6.000000
v 182.989417 -14.780889 6.000000
v 183.300000 -14.740000 6.000000
v 183.610583 -14.780889 6.000000
v 183.900000 -14.900770 6.000000
v 184.148528 -15.091472 6.000000
v 184.339230 -15.340000 6.000000
v 184.459111 -15.629417 6.000000
v 184.500000 -15.940000 6.000000
v 184.459111 -16.250583 6.000000
v 184.339230 -16.540000 6.000000
v 184.148528 -16.788528 6.000000
v 183.900000 -16.979230 6.000000
v 183.610583 -17.099111 6.000000
v 183.300000 -17.140000 6.000000
v 182.989417 -17.099111 6.000000
v 182.700000 -16.979230 6.000000
v 182.451472 -16.788528 6.000000
v 182.260770 -16.540000 6.000000
v 182.140889 -16.250583 6.000000
v 137.600000 -15.940000 2.570984
v 137.651111 -16.328229 2.570984
v 137.800962 -16.690000 2.570984
v 138.039340 -17.000660 2.570984
v 138.350000 -17.239038 2.570984
v 138.711771 -17.388889 2.570984
v 139.100000 -17.440000 2.570984
v 139.488229 -17.388889 2.570984
v 139.850000 -17.239038 2.570984
v 140.160660 -17.000660 2.570984
v 140.399038 -16.690000 2.570984
v 140.548889 -16.328229 2.570984
v 140.600000 -15.940000 2.570984
v 140.548889 -15.551771 2.570984
v 140.399038 -15.190000 2.570984
v 140.160660 -14.879340 2.570984
v 139.850000 -14.640962 2.570984
v 139.488229 -14.491111 2.570984
v 139.100000 -14.440000 2.570984
v 138.711771 -14.491111 2.570984
v 138.350000 -14.640962 2.570984
v 138.039340 -14.879340 2.570984
v 137.800962 -15.190000 2.570984
v 137.651111 -15.551771 2.570984
v 137.900000 -15.940000 6.000000
v 137.940889 -15.629417 6.000000
v 138.060770 -15.340000 6.000000
v 138.251472 -15.091472 6.000000
v 138.500000 -14.900770 6.000000
v 138.789417 -14.780889 6.000000
v 139.100000 -14.740000 6.000000
v 139.410583 -14.780889 6.000000
v 139.700000 -14.900770 6.000000
v 139.948528 -15.091472 6.000000
v 140.139230 -15.340000 6.000000
v 140.259111 -15.629417 6.000000
v 140.300000 -15.940000 6.000000
v 140.259111 -16.250583 6.000000
v 140.139230 -16.540000 6.000000
v 139.948528 -16.788528 6.000000
v 139.700000 -16.979230 6.000000
v 139.410583 -17.099111 6.000000
v 139.100000 -17.140000 6.000000
v 138.789417 -17.099111 6.000000
v 138.500000 -16.979230 6.000000
v 138.251472 -16.788528 6.000000
v 138.060770 -16.540000 6.000000
v 137.940889 -16.250583 6.000000
v 131.300000 -15.940000 2.570984
v 131.351111 -16.328229 2.570984
v 131.500962 -16.690000 2.570984
v 131.739340 -17.000660 2.570984
v 132.050000 -17.239038 2.570984
v 132.411771 -17.388889 2.570984
v 132.800000 -17.440000 2.570984
v 133.188229 -17.388889 2.570984
v 133.550000 -17.239038 2.570984
v 133.860660 -17.000660 2.570984
v 134.099038 -16.690000 2.570984
v 134.248889 -16.328229 2.570984
v 134.300000 -15.940000 2.570984
v 134.248889 -15.551771 2.570984
v 134.099038 -15.190000 2.570984
v 133.860660 -14.879340 2.570984
v 133.550000 -14.640962 2.570984
v 133.188229 -14.491111 2.570984
v 132.800000 -14.440000 2.570984
v 132.411771 -14.491111 2.570984
v 132.050000 -14.640962 2.570984
v 131.739340 -14.879340 2.570984
v 131.500962 -15.190000 2.570984
v 131.351111 -15.551771 2.570984
v 131.600000 -15.940000 6.000000
v 131.640889 -15.629417 6.000000
v 131.760770 -15.340000 6.000000
v 131.951472 -15.091472 6.000000
v 132.200000 -14.900770 6.000000
v 132.489417 -14.780889 6.000000
v 132.800000 -14.740000 6.000000
v 133.110583 -14.780889 6.000000
v 133.400000 -14.900770 6.000000
v 133.648528 -15.091472 6.000000
v 133.839230 -15.340000 6.000000
v 133.959111 -15.629417 6.000000
v 134.000000 -15.940000 6.000000
v 133.959111 -16.250583 6.000000
v 133.839230 -16.540000 6.000000
v 133.648528 -16.788528 6.000000
v 133.400000 -16.979230 6.000000
v 133.110583 -17.099111 6.000000
v 132.800000 -17.140000 6.000000
v 132.489417 -17.099111 6.000000
v 132.200000 -16.979230 6.000000
v 131.951472 -16.788528 6.000000
v 131.760770 -16.540000 6.000000
v 131.640889 -16.250583 6.000000
v 87.100000 -15.940000 2.570984
v 87.151111 -16.328229 2.570984
v 87.300962 -16.690000 2.570984
v 87.539340 -17.000660 2.570984
v 87.850000 -17.239038 2.570984
v 88.211771 -17.388889 2.570984
v 88.600000 -17.440000 2.570984
v 88.988229 -17.388889 2.570984
v 89.350000 -17.239038 2.570984
v 89.660660 -17.000660 2.570984
v 89.899038 -16.690000 2.570984
v 90.048889 -16.328229 2.570984
v 90.100000 -15.940000 2.570984
v 90.048889 -15.551771 2.570984
v 89.899038 -15.190000 2.570984
v 89.660660 -14.879340 2.570984
v 89.350000 -14.640962 2.570984
v 88.988229 -14.491111 2.570984
v 88.600000 -14.440000 2.570984
v 88.211771 -14.491111 2.570984
v 87.850000 -14.640962 2.570984
v 87.539340 -14.879340 2.570984
v 87.300962 -15.190000 2.570984
v 87.151111 -15.551771 2.570984
v 87.400000 -15.940000 6.000000
v 87.440889 -15.629417 6.000000
v 87.560770 -15.340000 6.000000
v 87.751472 -15.091472 6.000000
v 88.000000 -14.900770 6.000000
v 88.289417 -14.780889 6.000000
v 88.600000 -14.740000 6.000000
v 88.910583 -14.780889 6.000000
v 89.200000 -14.900770 6.000000
v 89.448528 -15.091472 6.000000
v 89.639230 -15.340000 6.000000
v 89.759111 -15.629417 6.000000
v 89.800000 -15.940000 6.000000
v 89.759111 -16.250583 6.000000
v 89.639230 -16.540000 6.000000
v 89.448528 -16.788528 6.000000
v 89.200000 -16.979230 6.000000
v 88.910583 -17.099111 6.000000
v 88.600000 -17.140000 6.000000
v 88.289417 -17.099111 6.000000
v 88.000000 -16.979230 6.000000
v 87.751472 -16.788528 6.000000
v 87.560770 -16.540000 6.000000
v 87.440889 -16.250583 6.000000
v 80.800000 -15.940000 2.570984
v 80.851111 -16.328229 2.570984
v 81.000962 -16.690000 2.570984
v 81.239340 -17.000660 2.570984
v 81.550000 -17.239038 2.570984
v 81.911771 -17.388889 2.570984
v 82.300000 -17.440000 2.570984
v 82.688229 -17.388889 2.570984
v 83.050000 -17.239038 2.570984
v 83.360660 -17.000660 2.570984
v 83.599038 -16.690000 2.570984
v 83.748889 -16.328229 2.570984
v 83.800000 -15.940000 2.570984
v 83.748889 -15.551771 2.570984
v 83.599038 -15.190000 2.570984
v 83.360660 -14.879340 2.570984
v 83.050000 -14.640962 2.570984
v 82.688229 -14.491111 2.570984
v 82.300000 -14.440000 2.570984
v 81.911771 -14.491111 2.570984
v 81.550000 -14.640962 2.570984
v 81.239340 -14.879340 2.570984
v 81.000962 -15.190000 2.570984
v 80.851111 -15.551771 2.570984
v 81.100000 -15.940000 6.000000
v 81.140889 -15.629417 6.000000
v 81.260770 -15.340000 6.000000
v 81.451472 -15.091472 6.000000
v 81.700000 -14.900770 6.000000
v 81.989417 -14.780889 6.000000
v 82.300000 -14.740000 6.000000
v 82.610583 -14.780889 6.000000
v 82.900000 -14.900770 6.000000
v 83.148528 -15.091472 6.000000
v 83.339230 -15.340000 6.000000
v 83.459111 -15.629417 6.000000
v 83.500000 -15.940000 6.000000
v 83.459111 -16.250583 6.000000
v 83.339230 -16.540000 6.000000
v 83.148528 -16.788528 6.000000
v 82.900000 -16.979230 6.000000
v 82.610583 -17.099111 6.000000
v 82.300000 -17.140000 6.000000
v 81.989417 -17.099111 6.000000
v 81.700000 -16.979230 6.000000
v 81.451472 -16.788528 6.000000
v 81.260770 -16.540000 6.000000
v 81.140889 -16.250583 6.000000
v 36.600000 -15.940000 2.570984
v 36.651111 -16.328229 2.570984
v 36.800962 -16.690000 2.570984
v 37.039340 -17.000660 2.570984
v 37.350000 -17.239038 2.570984
v 37.711771 -17.388889 2.570984
v 38.100000 -17.440000 2.570984
v 38.488229 -17.388889 2.570984
v 38.850000 -17.239038 2.570984
v 39.160660 -17.000660 2.570984
v 39.399038 -16.690000 2.570984
v 39.548889 -16.328229 2.570984
v 39.600000 -15.940000 2.570984
v 39.548889 -15.551771 2.570984
v 39.399038 -15.190000 2.570984
v 39.160660 -14.879340 2.570984
v 38.850000 -14.640962 2.570984
v 38.488229 -14.491111 2.570984
v 38.100000 -14.440000 2.570984
v 37.711771 -14.491111 2.570984
v 37.350000 -14.640962 2.570984
v 37.039340 -14.879340 2.570984
v 36.800962 -15.190000 2.570984
v 36.651111 -15.551771 2.570984
v 36.900000 -15.940000 6.000000
v 36.940889 -15.629417 6.000000
v 37.060770 -15.340000 6.000000
v 37.251472 -15.091472 6.000000
v 37.500000 -14.900770 6.000000
v 37.789417 -14.780889 6.000000
v 38.100000 -14.740000 6.000000
v 38.410583 -14.780889 6.000000
v 38.700000 -14.900770 6.000000
v 38.948528 -15.091472 6.000000
v 39.139230 -15.340000 6.000000
v 39.259111 -15.629417 6.000000
v 39.300000 -15.940000 6.000000
v 39.259111 -16.250583 6.000000
v 39.139230 -16.540000 6.000000
v 38.948528 -16.788528 6.000000
v 38.700000 -16.979230 6.000000
v 38.410583 -17.099111 6.000000
v 38.100000 -17.140000 6.000000
v 37.789417 -17.099111 6.000000
v 37.500000 -16.979230 6.000000
v 37.251472 -16.788528 6.000000
v 37.060770 -16.540000 6.000000
v 36.940889 -16.250583 6.000000
v 30.300000 -15.940000 2.570984
v 30.351111 -16.328229 2.570984
v 30.500962 -16.690000 2.570984
v 30.739340 -17.000660 2.570984
v 31.050000 -17.239038 2.570984
v 31.411771 -17.388889 2.570984
v 31.800000 -17.440000 2.570984
v 32.188229 -17.388889 2.570984
v 32.550000 -17.239038 2.570984
v 32.860660 -17.000660 2.570984
v 33.099038 -16.690000 2.570984
v 33.248889 -16.328229 2.570984
v 33.300000 -15.940000 2.570984
v 33.248889 -15.551771 2.570984
v 33.099038 -15.190000 2.570984
v 32.860660 -14.879340 2.570984
v 32.550000 -14.640962 2.570984
v 32.188229 -14.491111 2.570984
v 31.800000 -14.440000 2.570984
v 31.411771 -14.491111 2.570984
v 31.050000 -14.640962 2.570984
v 30.739340 -14.879340 2.570984
v 30.500962 -15.190000 2.570984
v 30.351111 -15.551771 2.570984
v 30.600000 -15.940000 6.000000
v 30.640889 -15.629417 6.000000
v 30.760770 -15.340000 6.000000
v 30.951472 -15.091472 6.000000
v 31.200000 -14.900770 6.000000
v 31.489417 -14.780889 6.000000
v 31.800000 -14.740000 6.000000
v 32.110583 -14.780889 6.000000
v 32.400000 -14.900770 6.000000
v 32.648528 -15.091472 6.000000
v 32.839230 -15.340000 6.000000
v 32.959111 -15.629417 6.000000
v 33.000000 -15.940000 6.000000
v 32.959111 -16.250583 6.000000
v 32.839230 -16.540000 6.000000
v 32.648528 -16.788528 6.000000
v 32.400000 -16.979230 6.000000
v 32.110583 -17.099111 6.000000
v 31.800000 -17.140000 6.000000
v 31.489417 -17.099111 6.000000
v 31.200000 -16.979230 6.000000
v 30.951472 -16.788528 6.000000
v 30.760770 -16.540000 6.000000
v 30.640889 -16.250583 6.000000
v -13.900000 -15.940000 2.570984
v -13.848889 -16.328229 2.570984
v -13.699038 -16.690000 2.570984
v -13.460660 -17.000660 2.570984
v -13.150000 -17.239038 2.570984
v -12.788229 -17.388889 2.570984
v -12.400000 -17.440000 2.570984
v -12.011771 -17.388889 2.570984
v -11.650000 -17.239038 2.570984
v -11.339340 -17.000660 2.570984
v -11.100962 -16.690000 2.570984
v -10.951111 -16.328229 2.570984
v -10.900000 -15.940000 2.570984
v -10.951111 -15.551771 2.570984
v -11.100962 -15.190000 2.570984
v -11.339340 -14.879340 2.570984
v -11.650000 -14.640962 2.570984
v -12.011771 -14.491111 2.570984
v -12.400000 -14.440000 2.570984
v -12.788229 -14.491111 2.570984
v -13.150000 -14.640962 2.570984
v -13.460660 -14.879340 2.570984
v -13.699038 -15.190000 2.570984
v -13.848889 -15.551771 2.570984
v -13.600000 -15.940000 6.000000
v -13.559111 -15.629417 6.000000
v -13.439230 -15.340000 6.000000
v -13.248528 -15.091472 6.000000
v -13.000000 -14.900770 6.000000
v -12.710583 -14.780889 6.000000
v -12.400000 -14.740000 6.000000
v -12.089417 -14.780889 6.000000
v -11.800000 -14.900770 6.000000
v -11.551472 -15.091472 6.000000
v -11.360770 -15.340000 6.000000
v -11.240889 -15.629417 6.000000
v -11.200000 -15.940000 6.000000
v -11.240889 -16.250583 6.000000
v -11.360770 -16.540000 6.000000
v -11.551472 -16.788528 6.000000
v -11.800000 -16.979230 6.000000
v -12.089417 -17.099111 6.000000
v -12.400000 -17.140000 6.000000
v -12.710583 -17.099111 6.000000
v -13.000000 -16.979230 6.000000
v -13.248528 -16.788528 6.000000
v -13.439230 -16.540000 6.000000
v -13.559111 -16.250583 6.000000
v 60.750000 38.800000 -3.000000
v 60.915352 40.531649 -3.000000
v 61.405433 42.200711 -3.000000
v 62.202530 43.746863 -3.000000
v 63.277834 45.114223 -3.000000
v 64.592479 46.253370 -3.000000
v 66.098953 47.123133 -3.000000
v 67.742806 47.692076 -3.000000
v 69.464625 47.939636 -3.000000
v 71.202181 47.856866 -3.000000
v 72.892672 47.446757 -3.000000
v 74.475000 46.724132 -3.000000
v 75.891976 45.715109 -3.000000
v 77.092386 44.456155 -3.000000
v 78.032844 42.992773 -3.000000
v 78.679361 41.377853 -3.000000
v 79.008568 39.669763 -3.000000
v 79.008568 37.930237 -3.000000
v 78.679361 36.222147 -3.000000
v 78.032844 34.607227 -3.000000
v 77.092386 33.143845 -3.000000
v 75.891976 31.884891 -3.000000
v 74.475000 30.875868 -3.000000
v 72.892672 30.153243 -3.000000
v 71.202181 29.743134 -3.000000
v 69.464625 29.660364 -3.000000
v 67.742806 29.907924 -3.000000
v 66.098953 30.476867 -3.000000
v 64.592479 31.346630 -3.000000
v 63.277834 32.485777 -3.000000
v 62.202530 33.853137 -3.000000
v 61.405433 35.399289 -3.000000
v 60.915352 37.068351 -3.000000
v 91.850000 38.800000 -3.000000
v 92.015352 40.531649 -3.000000
v 92.505433 42.200711 -3.000000
v 93.302530 43.746863 -3.000000
v 94.377834 45.114223 -3.000000
v 95.692479 46.253370 -3.000000
v 97.198953 47.123133 -3.000000
v 98.842806 47.692076 -3.000000
v 100.564625 47.939636 -3.000000
v 102.302181 47.856866 -3.000000
v 103.992672 47.446757 -3.000000
v 105.575000 46.724132 -3.000000
v 106.991976 45.715109 -3.000000
v 108.192386 44.456155 -3.000000
v 109.132844 42.992773 -3.000000
v 109.779361 41.377853 -3.000000
v 110.108568 39.669763 -3.000000
v 110.108568 37.930237 -3.000000
v 109.779361 36.222147 -3.000000
v 109.132844 34.607227 -3.000000
v 108.192386 33.143845 -3.000000
v 106.991976 31.884891 -3.000000
v 105.575000 30.875868 -3.000000
v 103.992672 30.153243 -3.000000
v 102.302181 29.743134 -3.000000
v 100.564625 29.660364 -3.000000
v 98.842806 29.907924 -3.000000
v 97.198953 30.476867 -3.000000
v 95.692479 31.346630 -3.000000
v 94.377834 32.485777 -3.000000
v 93.302530 33.853137 -3.000000
v 92.505433 35.399289 -3.000000
v 92.015352 37.068351 -3.000000
v 10.250000 38.800000 -3.000000
v 10.415352 40.531649 -3.000000
v 10.905433 42.200711 -3.000000
v 11.702530 43.746863 -3.000000
v 12.777834 45.114223 -3.000000
v 14.092479 46.253370 -3.000000
v 15.598953 47.123133 -3.000000
v 17.242806 47.692076 -3.000000
v 18.964625 47.939636 -3.000000
v 20.702181 47.856866 -3.000000
v 22.392672 47.446757 -3.000000
v 23.975000 46.724132 -3.000000
v 25.391976 45.715109 -3.000000
v 26.592386 44.456155 -3.000000
v 27.532844 42.992773 -3.000000
v 28.179361 41.377853 -3.000000
v 28.508568 39.669763 -3.000000
v 28.508568 37.930237 -3.000000
v 28.179361 36.222147 -3.000000
v 27.532844 34.607227 -3.000000
v 26.592386 33.143845 -3.000000
v 25.391976 31.884891 -3.000000
v 23.975000 30.875868 -3.000000
v 22.392672 30.153243 -3.000000
v 20.702181 29.743134 -3.000000
v 18.964625 29.660364 -3.000000
v 17.242806 29.907924 -3.000000
v 15.598953 30.476867 -3.000000
v 14.092479 31.346630 -3.000000
v 12.777834 32.485777 -3.000000
v 11.702530 33.853137 -3.000000
v 10.905433 35.399289 -3.000000
v 10.415352 37.068351 -3.000000
v 111.250000 19.400000 -3.000000
v 111.415352 21.131649 -3.000000
v 111.905433 22.800711 -3.000000
v 112.702530 24.346863 -3.000000
v 113.777834 25.714223 -3.000000
v 115.092479 26.853370 -3.000000
v 116.598953 27.723133 -3.000000
v 118.242806 28.292076 -3.000000
v 119.964625 28.539636 -3.000000
v 121.702181 28.456866 -3.000000
v 123.392672 28.046757 -3.000000
v 124.975000 27.324132 -3.000000
v 126.391976 26.315109 -3.000000
v 127.592386 25.056155 -3.000000
v 128.532844 23.592773 -3.000000
v 129.179361 21.977853 -3.000000
v 129.508568 20.269763 -3.000000
v 129.508568 18.530237 -3.000000
v 129.179361 16.822147 -3.000000
v 128.532844 15.207227 -3.000000
v 127.592386 13.743845 -3.000000
v 126.391976 12.484891 -3.000000
v 124.975000 11.475868 -3.000000
v 123.392672 10.753243 -3.000000
v 121.702181 10.343134 -3.000000
v 119.964625 10.260364 -3.000000
v 118.242806 10.507924 -3.000000
v 116.598953 11.076867 -3.000000
v 115.092479 11.946630 -3.000000
v 113.777834 13.085777 -3.000000
v 112.702530 14.453137 -3.000000
v 111.905433 15.999289 -3.000000
v 111.415352 17.668351 -3.000000
v 60.750000 0.000000 -3.000000
v 60.915352 1.731649 -3.000000
v 61.405433 3.400711 -3.000000
v 62.202530 4.946863 -3.000000
v 63.277834 6.314223 -3.000000
v 64.592479 7.453370 -3.000000
v 66.098953 8.323133 -3.000000
v 67.742806 8.892076 -3.000000
v 69.464625 9.139636 -3.000000
v 71.202181 9.056866 -3.000000
v 72.892672 8.646757 -3.000000
v 74.475000 7.924132 -3.000000
v 75.891976 6.915109 -3.000000
v 77.092386 5.656155 -3.000000
v 78.032844 4.192773 -3.000000
v 78.679361 2.577853 -3.000000
v 79.008568 0.869763 -3.000000
v 79.008568 -0.869763 -3.000000
v 78.679361 -2.577853 -3.000000
v 78.032844 -4.192773 -3.000000
v 77.092386 -5.656155 -3.000000
v 75.891976 -6.915109 -3.000000
v 74.475000 -7.924132 -3.000000
v 72.892672 -8.646757 -3.000000
v 71.202181 -9.056866 -3.000000
v 69.464625 -9.139636 -3.000000
v 67.742806 -8.892076 -3.000000
v 66.098953 -8.323133 -3.000000
v 64.592479 -7.453370 -3.000000
v 63.277834 -6.314223 -3.000000
v 62.202530 -4.946863 -3.000000
v 61.405433 -3.400711 -3.000000
v 60.915352 -1.731649 -3.000000
v 91.850000 0.000000 -3.000000
v 92.015352 1.731649 -3.000000
v 92.505433 3.400711 -3.000000
v 93.302530 4.946863 -3.000000
v 94.377834 6.314223 -3.000000
v 95.692479 7.453370 -3.000000
v 97.198953 8.323133 -3.000000
v 98.842806 8.892076 -3.000000
v 100.564625 9.139636 -3.000000
v 102.302181 9.056866 -3.000000
v 103.992672 8.646757 -3.000000
v 105.575000 7.924132 -3.000000
v 106.991976 6.915109 -3.000000
v 108.192386 5.656155 -3.000000
v 109.132844 4.192773 -3.000000
v 109.779361 2.577853 -3.000000
v 110.108568 0.869763 -3.000000
v 110.108568 -0.869763 -3.000000
v 109.779361 -2.577853 -3.000000
v 109.132844 -4.192773 -3.000000
v 108.192386 -5.656155 -3.000000
v 106.991976 -6.915109 -3.000000
v 105.575000 -7.924132 -3.000000
v 103.992672 -8.646757 -3.000000
v 102.302181 -9.056866 -3.000000
v 100.564625 -9.139636 -3.000000
v 98.842806 -8.892076 -3.000000
v 97.198953 -8.323133 -3.000000
v 95.692479 -7.453370 -3.000000
v 94.377834 -6.314223 -3.000000
v 93.302530 -4.946863 -3.000000
v 92.505433 -3.400711 -3.000000
v 92.015352 -1.731649 -3.000000
v 142.350000 0.000000 -3.000000
v 142.515352 1.731649 -3.000000
v 143.005433 3.400711 -3.000000
v 143.802530 4.946863 -3.000000
v 144.877834 6.314223 -3.000000
v 146.192479 7.453370 -3.000000
v 147.698953 8.323133 -3.000000
v 149.342806 8.892076 -3.000000
v 151.064625 9.139636 -3.000000
v 152.802181 9.056866 -3.000000
v 154.492672 8.646757 -3.000000
v 156.075000 7.924132 -3.000000
v 157.491976 6.915109 -3.000000
v 158.692386 5.656155 -3.000000
v 159.632844 4.192773 -3.000000
v 160.279361 2.577853 -3.000000
v 160.608568 0.869763 -3.000000
v 160.608568 -0.869763 -3.000000
v 160.279361 -2.577853 -3.000000
v 159.632844 -4.192773 -3.000000
v 158.692386 -5.656155 -3.000000
v 157.491976 -6.915109 -3.000000
v 156.075000 -7.924132 -3.000000
v 154.492672 -8.646757 -3.000000
v 152.802181 -9.056866 -3.000000
v 151.064625 -9.139636 -3.000000
v 149.342806 -8.892076 -3.000000
v 147.698953 -8.323133 -3.000000
v 146.192479 -7.453370 -3.000000
v 144.877834 -6.314223 -3.000000
v 143.802530 -4.946863 -3.000000
v 143.005433 -3.400711 -3.000000
v 142.515352 -1.731649 -3.000000
v 60.750000 19.400000 -3.000000
v 60.915352 21.131649 -3.000000
v 61.405433 22.800711 -3.000000
v 62.202530 24.346863 -3.000000
v 63.277834 25.714223 -3.000000
v 64.592479 26.853370 -3.000000
v 66.098953 27.723133 -3.000000
v 67.742806 28.292076 -3.000000
v 69.464625 28.539636 -3.000000
v 71.202181 28.456866 -3.000000
v 72.892672 28.046757 -3.000000
v 74.475000 27.324132 -3.000000
v 75.891976 26.315109 -3.000000
v 77.092386 25.056155 -3.000000
v 78.032844 23.592773 -3.000000
v 78.679361 21.977853 -3.000000
v 79.008568 20.269763 -3.000000
v 79.008568 18.530237 -3.000000
v 78.679361 16.822147 -3.000000
v 78.032844 15.207227 -3.000000
v 77.092386 13.743845 -3.000000
v 75.891976 12.484891 -3.000000
v 74.475000 11.475868 -3.000000
v 72.892672 10.753243 -3.000000
v 71.202181 10.343134 -3.000000
v 69.464625 10.260364 -3.000000
v 67.742806 10.507924 -3.000000
v 66.098953 11.076867 -3.000000
v 64.592479 11.946630 -3.000000
v 63.277834 13.085777 -3.000000
v 62.202530 14.453137 -3.000000
v 61.405433 15.999289 -3.000000
v 60.915352 17.668351 -3.000000
v 91.850000 19.400000 -3.000000
v 92.015352 21.131649 -3.000000
v 92.505433 22.800711 -3.000000
v 93.302530 24.346863 -3.000000
v 94.377834 25.714223 -3.000000
v 95.692479 26.853370 -3.000000
v 97.198953 27.723133 -3.000000
v 98.842806 28.292076 -3.000000
v 100.564625 28.539636 -3.000000
v 102.302181 28.456866 -3.000000
v 103.992672 28.046757 -3.000000
v 105.575000 27.324132 -3.000000
v 106.991976 26.315109 -3.000000
v 108.192386 25.056155 -3.000000
v 109.132844 23.592773 -3.000000
v 109.779361 21.977853 -3.000000
v 110.108568 20.269763 -3.000000
v 110.108568 18.530237 -3.000000
v 109.779361 16.822147 -3.000000
v 109.132844 15.207227 -3.000000
v 108.192386 13.743845 -3.000000
v 106.991976 12.484891 -3.000000
v 105.575000 11.475868 -3.000000
v 103.992672 10.753243 -3.000000
v 102.302181 10.343134 -3.000000
v 100.564625 10.260364 -3.000000
v 98.842806 10.507924 -3.000000
v 97.198953 11.076867 -3.000000
v 95.692479 11.946630 -3.000000
v 94.377834 13.085777 -3.000000
v 93.302530 14.453137 -3.000000
v 92.505433 15.999289 -3.000000
v 92.015352 17.668351 -3.000000
v 10.250000 19.400000 -3.000000
v 10.415352 21.131649 -3.000000
v 10.905433 22.800711 -3.000000
v 11.702530 24.346863 -3.000000
v 12.777834 25.714223 -3.000000
v 14.092479 26.853370 -3.000000
v 15.598953 27.723133 -3.000000
v 17.242806 28.292076 -3.000000
v 18.964625 28.539636 -3.000000
v 20.702181 28.456866 -3.000000
v 22.392672 28.046757 -3.000000
v 23.975000 27.324132 -3.000000
v 25.391976 26.315109 -3.000000
v 26.592386 25.056155 -3.000000
v 27.532844 23.592773 -3.000000
v 28.179361 21.977853 -3.000000
v 28.508568 20.269763 -3.000000
v 28.508568 18.530237 -3.000000
v 28.179361 16.822147 -3.000000
v 27.532844 15.207227 -3.000000
v 26.592386 13.743845 -3.000000
v 25.391976 12.484891 -3.000000
v 23.975000 11.475868 -3.000000
v 22.392672 10.753243 -3.000000
v 20.702181 10.343134 -3.000000
v 18.964625 10.260364 -3.000000
v 17.242806 10.507924 -3.000000
v 15.598953 11.076867 -3.000000
v 14.092479 11.946630 -3.000000
v 12.777834 13.085777 -3.000000
v 11.702530 14.453137 -3.000000
v 10.905433 15.999289 -3.000000
v 10.415352 17.668351 -3.000000
v 10.250000 0.000000 -3.000000
v 10.415352 1.731649 -3.000000
v 10.905433 3.400711 -3.000000
v 11.702530 4.946863 -3.000000
v 12.777834 6.314223 -3.000000
v 14.092479 7.453370 -3.000000
v 15.598953 8.323133 -3.000000
v 17.242806 8.892076 -3.000000
v 18.964625 9.139636 -3.000000
v 20.702181 9.056866 -3.000000
v 22.392672 8.646757 -3.000000
v 23.975000 7.924132 -3.000000
v 25.391976 6.915109 -3.000000
v 26.592386 5.656155 -3.000000
v 27.532844 4.192773 -3.000000
v 28.179361 2.577853 -3.000000
v 28.508568 0.869763 -3.000000
v 28.508568 -0.869763 -3.000000
v 28.179361 -2.577853 -3.000000
v 27.532844 -4.192773 -3.000000
v 26.592386 -5.656155 -3.000000
v 25.391976 -6.915109 -3.000000
v 23.975000 -7.924132 -3.000000
v 22.392672 -8.646757 -3.000000
v 20.702181 -9.056866 -3.000000
v 18.964625 -9.139636 -3.000000
v 17.242806 -8.892076 -3.000000
v 15.598953 -8.323133 -3.000000
v 14.092479 -7.453370 -3.000000
v 12.777834 -6.314223 -3.000000
v 11.702530 -4.946863 -3.000000
v 10.905433 -3.400711 -3.000000
v 10.415352 -1.731649 -3.000000
v 41.350000 0.000000 -3.000000
v 41.515352 1.731649 -3.000000
v 42.005433 3.400711 -3.000000
v 42.802530 4.946863 -3.000000
v 43.877834 6.314223 -3.000000
v 45.192479 7.453370 -3.000000
v 46.698953 8.323133 -3.000000
v 48.342806 8.892076 -3.000000
v 50.064625 9.139636 -3.000000
v 51.802181 9.056866 -3.000000
v 53.492672 8.646757 -3.000000
v 55.075000 7.924132 -3.000000
v 56.491976 6.915109 -3.000000
v 57.692386 5.656155 -3.000000
v 58.632844 4.192773 -3.000000
v 59.279361 2.577853 -3.000000
v 59.608568 0.869763 -3.000000
v 59.608568 -0.869763 -3.000000
v 59.279361 -2.577853 -3.000000
v 58.632844 -4.192773 -3.000000
v 57.692386 -5.656155 -3.000000
v 56.491976 -6.915109 -3.000000
v 55.075000 -7.924132 -3.000000
v 53.492672 -8.646757 -3.000000
v 51.802181 -9.056866 -3.000000
v 50.064625 -9.139636 -3.000000
v 48.342806 -8.892076 -3.000000
v 46.698953 -8.323133 -3.000000
v 45.192479 -7.453370 -3.000000
v 43.877834 -6.314223 -3.000000
v 42.802530 -4.946863 -3.000000
v 42.005433 -3.400711 -3.000000
v 41.515352 -1.731649 -3.000000
v 142.350000 19.400000 -3.000000
v 142.515352 21.131649 -3.000000
v 143.005433 22.800711 -3.000000
v 143.802530 24.346863 -3.000000
v 144.877834 25.714223 -3.000000
v 146.192479 26.853370 -3.000000
v 147.698953 27.723133 -3.000000
v 149.342806 28.292076 -3.000000
v 151.064625 28.539636 -3.000000
v 152.802181 28.456866 -3.000000
v 154.492672 28.046757 -3.000000
v 156.075000 27.324132 -3.000000
v 157.491976 26.315109 -3.000000
v 158.692386 25.056155 -3.000000
v 159.632844 23.592773 -3.000000
v 160.279361 21.977853 -3.000000
v 160.608568 20.269763 -3.000000
v 160.608568 18.530237 -3.000000
v 160.279361 16.822147 -3.000000
v 159.632844 15.207227 -3.000000
v 158.692386 13.743845 -3.000000
v 157.491976 12.484891 -3.000000
v 156.075000 11.475868 -3.000000
v 154.492672 10.753243 -3.000000
v 152.802181 10.343134 -3.000000
v 151.064625 10.260364 -3.000000
v 149.342806 10.507924 -3.000000
v 147.698953 11.076867 -3.000000
v 146.192479 11.946630 -3.000000
v 144.877834 13.085777 -3.000000
v 143.802530 14.453137 -3.000000
v 143.005433 15.999289 -3.000000
v 142.515352 17.668351 -3.000000
v 161.750000 38.800000 -3.000000
v 161.915352 40.531649 -3.000000
v 162.405433 42.200711 -3.000000
v 163.202530 43.746863 -3.000000
v 164.277834 45.114223 -3.000000
v 165.592479 46.253370 -3.000000
v 167.098953 47.123133 -3.000000
v 168.742806 47.692076 -3.000000
v 170.464625 47.939636 -3.000000
v 172.202181 47.856866 -3.000000
v 173.892672 47.446757 -3.000000
v 175.475000 46.724132 -3.000000
v 176.891976 45.715109 -3.000000
v 178.092386 44.456155 -3.000000
v 179.032844 42.992773 -3.000000
v 179.679361 41.377853 -3.000000
v 180.008568 39.669763 -3.000000
v 180.008568 37.930237 -3.000000
v 179.679361 36.222147 -3.000000
v 179.032844 34.607227 -3.000000
v 178.092386 33.143845 -3.000000
v 176.891976 31.884891 -3.000000
v 175.475000 30.875868 -3.000000
v 173.892672 30.153243 -3.000000
v 172.202181 29.743134 -3.000000
v 170.464625 29.660364 -3.000000
v 168.742806 29.907924 -3.000000
v 167.098953 30.476867 -3.000000
v 165.592479 31.346630 -3.000000
v 164.277834 32.485777 -3.000000
v 163.202530 33.853137 -3.000000
v 162.405433 35.399289 -3.000000
v 161.915352 37.068351 -3.000000
v -9.150000 38.800000 -3.000000
v -8.984648 40.531649 -3.000000
v -8.494567 42.200711 -3.000000
v -7.697470 43.746863 -3.000000
v -6.622166 45.114223 -3.000000
v -5.307521 46.253370 -3.000000
v -3.801047 47.123133 -3.000000
v -2.157194 47.692076 -3.000000
v -0.435375 47.939636 -3.000000
v 1.302181 47.856866 -3.000000
v 2.992672 47.446757 -3.000000
v 4.575000 46.724132 -3.000000
v 5.991976 45.715109 -3.000000
v 7.192386 44.456155 -3.000000
v 8.132844 42.992773 -3.000000
v 8.779361 41.377853 -3.000000
v 9.108568 39.669763 -3.000000
v 9.108568 37.930237 -3.000000
v 8.779361 36.222147 -3.000000
v 8.132844 34.607227 -3.000000
v 7.192386 33.143845 -3.000000
v 5.991976 31.884891 -3.000000
v 4.575000 30.875868 -3.000000
v 2.992672 30.153243 -3.000000
v 1.302181 29.743134 -3.000000
v -0.435375 29.660364 -3.000000
v -2.157194 29.907924 -3.000000
v -3.801047 30.476867 -3.000000
v -5.307521 31.346630 -3.000000
v -6.622166 32.485777 -3.000000
v -7.697470 33.853137 -3.000000
v -8.494567 35.399289 -3.000000
v -8.984648 37.068351 -3.000000
v 161.750000 19.400000 -3.000000
v 161.915352 21.131649 -3.000000
v 162.405433 22.800711 -3.000000
v 163.202530 24.346863 -3.000000
v 164.277834 25.714223 -3.000000
v 165.592479 26.853370 -3.000000
v 167.098953 27.723133 -3.000000
v 168.742806 28.292076 -3.000000
v 170.464625 28.539636 -3.000000
v 172.202181 28.456866 -3.000000
v 173.892672 28.046757 -3.000000
v 175.475000 27.324132 -3.000000
v 176.891976 26.315109 -3.000000
v 178.092386 25.056155 -3.000000
v 179.032844 23.592773 -3.000000
v 179.679361 21.977853 -3.000000
v 180.008568 20.269763 -3.000000
v 180.008568 18.530237 -3.000000
v 179.679361 16.822147 -3.000000
v 179.032844 15.207227 -3.000000
v 178.092386 13.743845 -3.000000
v 176.891976 12.484891 -3.000000
v 175.475000 11.475868 -3.000000
v 173.892672 10.753243 -3.000000
v 172.202181 10.343134 -3.000000
v 170.464625 10.260364 -3.000000
v 168.742806 10.507924 -3.000000
v 167.098953 11.076867 -3.000000
v 165.592479 11.946630 -3.000000
v 164.277834 13.085777 -3.000000
v 163.202530 14.453137 -3.000000
v 162.405433 15.999289 -3.000000
v 161.915352 17.668351 -3.000000
v 111.250000 0.000000 -3.000000
v 111.415352 1.731649 -3.000000
v 111.905433 3.400711 -3.000000
v 112.702530 4.946863 -3.000000
v 113.777834 6.314223 -3.000000
v 115.092479 7.453370 -3.000000
v 116.598953 8.323133 -3.000000
v 118.242806 8.892076 -3.000000
v 119.964625 9.139636 -3.000000
v 121.702181 9.056866 -3.000000
v 123.392672 8.646757 -3.000000
v 124.975000 7.924132 -3.000000
v 126.391976 6.915109 -3.000000
v 127.592386 5.656155 -3.000000
v 128.532844 4.192773 -3.000000
v 129.179361 2.577853 -3.000000
v 129.508568 0.869763 -3.000000
v 129.508568 -0.869763 -3.000000
v 129.179361 -2.577853 -3.000000
v 128.532844 -4.192773 -3.000000
v 127.592386 -5.656155 -3.000000
v 126.391976 -6.915109 -3.000000
v 124.975000 -7.924132 -3.000000
v 123.392672 -8.646757 -3.000000
v 121.702181 -9.056866 -3.000000
v 119.964625 -9.139636 -3.000000
v 118.242806 -8.892076 -3.000000
v 116.598953 -8.323133 -3.000000
v 115.092479 -7.453370 -3.000000
v 113.777834 -6.314223 -3.000000
v 112.702530 -4.946863 -3.000000
v 111.905433 -3.400711 -3.000000
v 111.415352 -1.731649 -3.000000
v 41.350000 19.400000 -3.000000
v 41.515352 21.131649 -3.000000
v 42.005433 22.800711 -3.000000
v 42.802530 24.346863 -3.000000
v 43.877834 25.714223 -3.000000
v 45.192479 26.853370 -3.000000
v 46.698953 27.723133 -3.000000
v 48.342806 28.292076 -3.000000
v 50.064625 28.539636 -3.000000
v 51.802181 28.456866 -3.000000
v 53.492672 28.046757 -3.000000
v 55.075000 27.324132 -3.000000
v 56.491976 26.315109 -3.000000
v 57.692386 25.056155 -3.000000
v 58.632844 23.592773 -3.000000
v 59.279361 21.977853 -3.000000
v 59.608568 20.269763 -3.000000
v 59.608568 18.530237 -3.000000
v 59.279361 16.822147 -3.000000
v 58.632844 15.207227 -3.000000
v 57.692386 13.743845 -3.000000
v 56.491976 12.484891 -3.000000
v 55.075000 11.475868 -3.000000
v 53.492672 10.753243 -3.000000
v 51.802181 10.343134 -3.000000
v 50.064625 10.260364 -3.000000
v 48.342806 10.507924 -3.000000
v 46.698953 11.076867 -3.000000
v 45.192479 11.946630 -3.000000
v 43.877834 13.085777 -3.000000
v 42.802530 14.453137 -3.000000
v 42.005433 15.999289 -3.000000
v 41.515352 17.668351 -3.000000
v -9.150000 19.400000 -3.000000
v -8.984648 21.131649 -3.000000
v -8.494567 22.800711 -3.000000
v -7.697470 24.346863 -3.000000
v -6.622166 25.714223 -3.000000
v -5.307521 26.853370 -3.000000
v -3.801047 27.723133 -3.000000
v -2.157194 28.292076 -3.000000
v -0.435375 28.539636 -3.000000
v 1.302181 28.456866 -3.000000
v 2.992672 28.046757 -3.000000
v 4.575000 27.324132 -3.000000
v 5.991976 26.315109 -3.000000
v 7.192386 25.056155 -3.000000
v 8.132844 23.592773 -3.000000
v 8.779361 21.977853 -3.000000
v 9.108568 20.269763 -3.000000
v 9.108568 18.530237 -3.000000
v 8.779361 16.822147 -3.000000
v 8.132844 15.207227 -3.000000
v 7.192386 13.743845 -3.000000
v 5.991976 12.484891 -3.000000
v 4.575000 11.475868 -3.000000
v 2.992672 10.753243 -3.000000
v 1.302181 10.343134 -3.000000
v -0.435375 10.260364 -3.000000
v -2.157194 10.507924 -3.000000
v -3.801047 11.076867 -3.000000
v -5.307521 11.946630 -3.000000
v -6.622166 13.085777 -3.000000
v -7.697470 14.453137 -3.000000
v -8.494567 15.999289 -3.000000
v -8.984648 17.668351 -3.000000
v 161.750000 0.000000 -3.000000
v 161.915352 1.731649 -3.000000
v 162.405433 3.400711 -3.000000
v 163.202530 4.946863 -3.000000
v 164.277834 6.314223 -3.000000
v 165.592479 7.453370 -3.000000
v 167.098953 8.323133 -3.000000
v 168.742806 8.892076 -3.000000
v 170.464625 9.139636 -3.000000
v 172.202181 9.056866 -3.000000
v 173.892672 8.646757 -3.000000
v 175.475000 7.924132 -3.000000
v 176.891976 6.915109 -3.000000
v 178.092386 5.656155 -3.000000
v 179.032844 4.192773 -3.000000
v 179.679361 2.577853 -3.000000
v 180.008568 0.869763 -3.000000
v 180.008568 -0.869763 -3.000000
v 179.679361 -2.577853 -3.000000
v 179.032844 -4.192773 -3.000000
v 178.092386 -5.656155 -3.000000
v 176.891976 -6.915109 -3.000000
v 175.475000 -7.924132 -3.000000
v 173.892672 -8.646757 -3.000000
v 172.202181 -9.056866 -3.000000
v 170.464625 -9.139636 -3.000000
v 168.742806 -8.892076 -3.000000
v 167.098953 -8.323133 -3.000000
v 165.592479 -7.453370 -3.000000
v 164.277834 -6.314223 -3.000000
v 163.202530 -4.946863 -3.000000
v 162.405433 -3.400711 -3.000000
v 161.915352 -1.731649 -3.000000
v 111.250000 38.800000 -3.000000
v 111.415352 40.531649 -3.000000
v 111.905433 42.200711 -3.000000
v 112.702530 43.746863 -3.000000
v 113.777834 45.114223 -3.000000
v 115.092479 46.253370 -3.000000
v 116.598953 47.123133 -3.000000
v 118.242806 47.692076 -3.000000
v 119.964625 47.939636 -3.000000
v 121.702181 47.856866 -3.000000
v 123.392672 47.446757 -3.000000
v 124.975000 46.724132 -3.000000
v 126.391976 45.715109 -3.000000
v 127.592386 44.456155 -3.000000
v 128.532844 42.992773 -3.000000
v 129.179361 41.377853 -3.000000
v 129.508568 39.669763 -3.000000
v 129.508568 37.930237 -3.000000
v 129.179361 36.222147 -3.000000
v 128.532844 34.607227 -3.000000
v 127.592386 33.143845 -3.000000
v 126.391976 31.884891 -3.000000
v 124.975000 30.875868 -3.000000
v 123.392672 30.153243 -3.000000
v 121.702181 29.743134 -3.000000
v 119.964625 29.660364 -3.000000
v 118.242806 29.907924 -3.000000
v 116.598953 30.476867 -3.000000
v 115.092479 31.346630 -3.000000
v 113.777834 32.485777 -3.000000
v 112.702530 33.853137 -3.000000
v 111.905433 35.399289 -3.000000
v 111.415352 37.068351 -3.000000
v -9.150000 0.000000 -3.000000
v -8.984648 1.731649 -3.000000
v -8.494567 3.400711 -3.000000
v -7.697470 4.946863 -3.000000
v -6.622166 6.314223 -3.000000
v -5.307521 7.453370 -3.000000
v -3.801047 8.323133 -3.000000
v -2.157194 8.892076 -3.000000
v -0.435375 9.139636 -3.000000
v 1.302181 9.056866 -3.000000
v 2.992672 8.646757 -3.000000
v 4.575000 7.924132 -3.000000
v 5.991976 6.915109 -3.000000
v 7.192386 5.656155 -3.000000
v 8.132844 4.192773 -3.000000
v 8.779361 2.577853 -3.000000
v 9.108568 0.869763 -3.000000
v 9.108568 -0.869763 -3.000000
v 8.779361 -2.577853 -3.000000
v 8.132844 -4.192773 -3.000000
v 7.192386 -5.656155 -3.000000
v 5.991976 -6.915109 -3.000000
v 4.575000 -7.924132 -3.000000
v 2.992672 -8.646757 -3.000000
v 1.302181 -9.056866 -3.000000
v -0.435375 -9.139636 -3.000000
v -2.157194 -8.892076 -3.000000
v -3.801047 -8.323133 -3.000000
v -5.307521 -7.453370 -3.000000
v -6.622166 -6.314223 -3.000000
v -7.697470 -4.946863 -3.000000
v -8.494567 -3.400711 -3.000000
v -8.984648 -1.731649 -3.000000
v 41.350000 38.800000 -3.000000
v 41.515352 40.531649 -3.000000
v 42.005433 42.200711 -3.000000
v 42.802530 43.746863 -3.000000
v 43.877834 45.114223 -3.000000
v 45.192479 46.253370 -3.000000
v 46.698953 47.123133 -3.000000
v 48.342806 47.692076 -3.000000
v 50.064625 47.939636 -3.000000
v 51.802181 47.856866 -3.000000
v 53.492672 47.446757 -3.000000
v 55.075000 46.724132 -3.000000
v 56.491976 45.715109 -3.000000
v 57.692386 44.456155 -3.000000
v 58.632844 42.992773 -3.000000
v 59.279361 41.377853 -3.000000
v 59.608568 39.669763 -3.000000
v 59.608568 37.930237 -3.000000
v 59.279361 36.222147 -3.000000
v 58.632844 34.607227 -3.000000
v 57.692386 33.143845 -3.000000
v 56.491976 31.884891 -3.000000
v 55.075000 30.875868 -3.000000
v 53.492672 30.153243 -3.000000
v 51.802181 29.743134 -3.000000
v 50.064625 29.660364 -3.000000
v 48.342806 29.907924 -3.000000
v 46.698953 30.476867 -3.000000
v 45.192479 31.346630 -3.000000
v 43.877834 32.485777 -3.000000
v 42.802530 33.853137 -3.000000
v 42.005433 35.399289 -3.000000
v 41.515352 37.068351 -3.000000
v 142.350000 38.800000 -3.000000
v 142.515352 40.531649 -3.000000
v 143.005433 42.200711 -3.000000
v 143.802530 43.746863 -3.000000
v 144.877834 45.114223 -3.000000
v 146.192479 46.253370 -3.000000
v 147.698953 47.123133 -3.000000
v 149.342806 47.692076 -3.000000
v 151.064625 47.939636 -3.000000
v 152.802181 47.856866 -3.000000
v 154.492672 47.446757 -3.000000
v 156.075000 46.724132 -3.000000
v 157.491976 45.715109 -3.000000
v 158.692386 44.456155 -3.000000
v 159.632844 42.992773 -3.000000
v 160.279361 41.377853 -3.000000
v 160.608568 39.669763 -3.000000
v 160.608568 37.930237 -3.000000
v 160.279361 36.222147 -3.000000
v 159.632844 34.607227 -3.000000
v 158.692386 33.143845 -3.000000
v 157.491976 31.884891 -3.000000
v 156.075000 30.875868 -3.000000
v 154.492672 30.153243 -3.000000
v 152.802181 29.743134 -3.000000
v 151.064625 29.660364 -3.000000
v 149.342806 29.907924 -3.000000
v 147.698953 30.476867 -3.000000
v 146.192479 31.346630 -3.000000
v 144.877834 32.485777 -3.000000
v 143.802530 33.853137 -3.000000
v 143.005433 35.399289 -3.000000
v 142.515352 37.068351 -3.000000
v 204.400000 74.300000 -3.000000
v 204.400000 -35.500000 -3.000000
vt -0.300000 0.000000 0.000000
vt 0.000000 0.000000 0.000000
vt -0.300000 0.700000 0.000000
vt -0.000000 0.700000 0.000000
vt -0.300000 0.000000 0.000000
vt -0.000000 0.000000 0.000000
vt -0.300000 0.700000 0.000000
vt -0.000000 0.700000 0.000000
vt -0.125000 0.425000 0.000000
vt -0.425000 0.425000 0.000000
vt -0.125000 -0.125000 0.000000
vt -0.425000 -0.425000 0.000000
vt 0.425000 -0.425000 0.000000
vt 0.425000 -0.125000 0.000000
vt 0.000000 -2.300000 0.000000
vt 0.850000 -2.300000 0.000000
vt 0.000000 0.300000 0.000000
vt 10.980000 0.300000 0.000000
vt 10.980000 -3.000000 0.000000
vt 0.850000 -3.000000 0.000000
vt -11.595000 -4.640000 0.000000
vt -11.595000 5.190000 0.000000
vt -11.895000 -4.640000 0.000000
vt -11.895000 5.490000 0.000000
vt 11.595000 5.190000 0.000000
vt 11.895000 5.490000 0.000000
vt 11.895000 -5.490000 0.000000
vt 11.595000 -5.190000 0.000000
vt -11.045000 -5.490000 0.000000
vt -11.045000 -5.190000 0.000000
vt -10.130000 3.000000 0.000000
vt -10.130000 2.300000 0.000000
vt -0.300000 3.000000 0.000000
vt -0.300000 0.000000 0.000000
vt -10.680000 0.000000 0.000000
vt -10.680000 2.300000 0.000000
vt -10.680000 0.000000 0.000000
vt -0.300000 0.000000 0.000000
vt -10.680000 3.000000 0.000000
vt -0.300000 3.000000 0.000000
vt -0.850000 3.000000 0.000000
vt -23.490000 3.000000 0.000000
vt -0.850000 2.300000 0.000000
vt -23.490000 0.000000 0.000000
vt -0.300000 0.000000 0.000000
vt -0.300000 2.300000 0.000000
vt -23.490000 0.000000 0.000000
vt -0.300000 0.000000 0.000000
vt -23.490000 3.000000 0.000000
vt -0.300000 3.000000 0.000000
vt 11.595000 5.190000 0.000000
vt 9.455857 0.086976 0.000000
vt 11.595000 -5.190000 0.000000
vt 9.455857 -0.086976 0.000000
vt 9.455857 -1.853024 0.000000
vt 9.422936 -0.257785 0.000000
vt 9.422936 -1.682215 0.000000
vt 9.358284 -1.520723 0.000000
vt 9.358284 -0.419277 0.000000
vt 9.264239 -0.565615 0.000000
vt -11.595000 5.190000 0.000000
vt 0.315000 4.215000 0.000000
vt 4.735000 4.215000 0.000000
vt 5.365000 4.215000 0.000000
vt 5.326177 4.209889 0.000000
vt 4.773823 4.209889 0.000000
vt 5.290000 4.194904 0.000000
vt 4.810000 4.194904 0.000000
vt 5.258934 4.171066 0.000000
vt 4.841066 4.171066 0.000000
vt 5.235096 4.140000 0.000000
vt 4.864904 4.140000 0.000000
vt 5.220111 4.103823 0.000000
vt 4.879889 4.103823 0.000000
vt 5.215000 4.065000 0.000000
vt 4.885000 4.065000 0.000000
vt 5.220111 4.026177 0.000000
vt 4.879889 4.026177 0.000000
vt 5.235096 3.990000 0.000000
vt 4.864904 3.990000 0.000000
vt 5.258934 3.958934 0.000000
vt 4.841066 3.958934 0.000000
vt 5.290000 3.935096 0.000000
vt 4.810000 3.935096 0.000000
vt 5.326177 3.920111 0.000000
vt 4.773823 3.920111 0.000000
vt 5.365000 3.915000 0.000000
vt 4.735000 3.915000 0.000000
vt 6.224895 2.772313 0.000000
vt 3.952500 2.732413 0.000000
vt 6.074248 2.685337 0.000000
vt 4.094198 2.631511 0.000000
vt 5.942783 2.571422 0.000000
vt 4.214239 2.505615 0.000000
vt 5.835253 2.434686 0.000000
vt 4.308284 2.359277 0.000000
vt 5.755543 2.280071 0.000000
vt 4.372936 2.197785 0.000000
vt 5.706535 2.113165 0.000000
vt 4.405857 2.026976 0.000000
vt 5.690000 1.940000 0.000000
vt 4.405857 1.853024 0.000000
vt 5.706535 1.766835 0.000000
vt 4.372936 1.682215 0.000000
vt 5.755543 1.599929 0.000000
vt 4.308284 1.520723 0.000000
vt 5.835253 1.445314 0.000000
vt 4.214239 1.374385 0.000000
vt 5.942783 1.308578 0.000000
vt 4.094198 1.248489 0.000000
vt 6.074248 1.194663 0.000000
vt 6.074248 0.745337 0.000000
vt 6.224895 0.832313 0.000000
vt -11.595000 -5.190000 0.000000
vt -9.460000 -0.000000 0.000000
vt -9.443465 0.173165 0.000000
vt -9.443465 1.766835 0.000000
vt -9.394457 0.340071 0.000000
vt -9.394457 1.599929 0.000000
vt -9.314747 1.445314 0.000000
vt -9.314747 0.494686 0.000000
vt -9.207217 1.308578 0.000000
vt -9.207217 0.631422 0.000000
vt -9.075752 1.194663 0.000000
vt -9.075752 0.745337 0.000000
vt -8.925105 1.107687 0.000000
vt -8.925105 0.832313 0.000000
vt -8.760719 1.050792 0.000000
vt -8.760719 0.889208 0.000000
vt -8.588537 1.026036 0.000000
vt -8.588537 0.913964 0.000000
vt -8.414782 0.905687 0.000000
vt -0.315000 -3.684000 0.000000
vt -4.735000 -3.684000 0.000000
vt -5.365000 -3.684000 0.000000
vt -5.326177 -3.678889 0.000000
vt -4.773823 -3.678889 0.000000
vt -5.290000 -3.663904 0.000000
vt -4.810000 -3.663904 0.000000
vt -5.258934 -3.640066 0.000000
vt -4.841066 -3.640066 0.000000
vt -5.235096 -3.609000 0.000000
vt -4.864904 -3.609000 0.000000
vt -5.220111 -3.572823 0.000000
vt -4.879889 -3.572823 0.000000
vt -5.215000 -3.534000 0.000000
vt -4.885000 -3.534000 0.000000
vt -5.220111 -3.495177 0.000000
vt -4.879889 -3.495177 0.000000
vt -5.235096 -3.459000 0.000000
vt -4.864904 -3.459000 0.000000
vt -5.258934 -3.427934 0.000000
vt -4.841066 -3.427934 0.000000
vt -5.290000 -3.404096 0.000000
vt -4.810000 -3.404096 0.000000
vt -5.326177 -3.389111 0.000000
vt -4.773823 -3.389111 0.000000
vt -5.365000 -3.384000 0.000000
vt -4.735000 -3.384000 0.000000
vt -6.005802 -2.631511 0.000000
vt -4.025752 -2.685337 0.000000
vt -4.157217 -2.571422 0.000000
vt -9.929889 4.026177 0.000000
vt -9.935000 4.065000 0.000000
vt -9.929889 4.103823 0.000000
vt -9.914904 4.140000 0.000000
vt -9.891066 4.171066 0.000000
vt -9.860000 4.194904 0.000000
vt -9.823823 4.209889 0.000000
vt -9.785000 4.215000 0.000000
vt -9.746177 4.209889 0.000000
vt -5.403823 4.209889 0.000000
vt -5.440000 4.194904 0.000000
vt -9.710000 4.194904 0.000000
vt -5.471066 4.171066 0.000000
vt -9.678934 4.171066 0.000000
vt -5.494904 4.140000 0.000000
vt -9.655096 4.140000 0.000000
vt -5.509889 4.103823 0.000000
vt -9.640111 4.103823 0.000000
vt -5.515000 4.065000 0.000000
vt -9.635000 4.065000 0.000000
vt -5.509889 4.026177 0.000000
vt -9.640111 4.026177 0.000000
vt -5.494904 3.990000 0.000000
vt -9.655096 3.990000 0.000000
vt -8.414782 2.845687 0.000000
vt -9.678934 3.958934 0.000000
vt -9.710000 3.935096 0.000000
vt -8.588537 2.853964 0.000000
vt -9.746177 3.920111 0.000000
vt -8.760719 2.829208 0.000000
vt -9.785000 3.915000 0.000000
vt -8.925105 2.772313 0.000000
vt -9.823823 3.920111 0.000000
vt -9.075752 2.685337 0.000000
vt -9.207217 2.571422 0.000000
vt -9.860000 3.935096 0.000000
vt -9.314747 2.434686 0.000000
vt -9.891066 3.958934 0.000000
vt -9.394457 2.280071 0.000000
vt -9.443465 2.113165 0.000000
vt -9.460000 1.940000 0.000000
vt -9.914904 3.990000 0.000000
vt 5.220111 -3.495177 0.000000
vt 4.879889 -3.495177 0.000000
vt 5.215000 -3.534000 0.000000
vt 4.885000 -3.534000 0.000000
vt 5.220111 -3.572823 0.000000
vt 4.879889 -3.572823 0.000000
vt 5.235096 -3.609000 0.000000
vt 4.864904 -3.609000 0.000000
vt 5.258934 -3.640066 0.000000
vt 4.841066 -3.640066 0.000000
vt 5.290000 -3.663904 0.000000
vt 4.810000 -3.663904 0.000000
vt 5.326177 -3.678889 0.000000
vt 4.773823 -3.678889 0.000000
vt 5.365000 -3.684000 0.000000
vt 4.735000 -3.684000 0.000000
vt 0.315000 -3.684000 0.000000
vt -0.276177 -3.678889 0.000000
vt 0.276177 -3.678889 0.000000
vt -0.240000 -3.663904 0.000000
vt 0.240000 -3.663904 0.000000
vt -0.208934 -3.640066 0.000000
vt 0.208934 -3.640066 0.000000
vt -0.185096 -3.609000 0.000000
vt 0.185096 -3.609000 0.000000
vt -0.170111 -3.572823 0.000000
vt 0.170111 -3.572823 0.000000
vt -0.165000 -3.534000 0.000000
vt 0.165000 -3.534000 0.000000
vt -0.170111 -3.495177 0.000000
vt 0.170111 -3.495177 0.000000
vt -0.185096 -3.459000 0.000000
vt 0.185096 -3.459000 0.000000
vt -0.208934 -3.427934 0.000000
vt 0.208934 -3.427934 0.000000
vt -0.240000 -3.404096 0.000000
vt 0.240000 -3.404096 0.000000
vt -0.276177 -3.389111 0.000000
vt 0.276177 -3.389111 0.000000
vt -0.315000 -3.384000 0.000000
vt 0.315000 -3.384000 0.000000
vt -0.955802 -2.631511 0.000000
vt 1.024248 -2.685337 0.000000
vt 0.892783 -2.571422 0.000000
vt 4.864904 -3.459000 0.000000
vt 5.235096 -3.459000 0.000000
vt 4.841066 -3.427934 0.000000
vt 5.258934 -3.427934 0.000000
vt 4.810000 -3.404096 0.000000
vt 5.290000 -3.404096 0.000000
vt 4.773823 -3.389111 0.000000
vt 5.326177 -3.389111 0.000000
vt 4.735000 -3.384000 0.000000
vt 5.365000 -3.384000 0.000000
vt 4.094198 -2.631511 0.000000
vt 6.074248 -2.685337 0.000000
vt 5.942783 -2.571422 0.000000
vt 6.224895 -2.772313 0.000000
vt 5.403823 -3.389111 0.000000
vt 6.389281 -2.829208 0.000000
vt 5.440000 -3.404096 0.000000
vt 6.561463 -2.853964 0.000000
vt 5.471066 -3.427934 0.000000
vt 5.494904 -3.459000 0.000000
vt 5.509889 -3.495177 0.000000
vt 6.735218 -2.845687 0.000000
vt 5.515000 -3.534000 0.000000
vt 5.509889 -3.572823 0.000000
vt 5.494904 -3.609000 0.000000
vt 9.655096 -3.609000 0.000000
vt 9.640111 -3.572823 0.000000
vt 8.329281 -2.829208 0.000000
vt 6.904267 -2.804676 0.000000
vt 8.164895 -2.772313 0.000000
vt 7.062500 -2.732413 0.000000
vt 8.014248 -2.685337 0.000000
vt 7.204198 -2.631511 0.000000
vt 7.882783 -2.571422 0.000000
vt 7.324239 -2.505615 0.000000
vt 7.775253 -2.434686 0.000000
vt 7.418284 -2.359277 0.000000
vt 7.695543 -2.280071 0.000000
vt 7.482936 -2.197785 0.000000
vt 7.646535 -2.113165 0.000000
vt 7.515857 -2.026976 0.000000
vt 7.630000 -1.940000 0.000000
vt 7.515857 -1.853024 0.000000
vt 7.646535 -1.766835 0.000000
vt 7.482936 -1.682215 0.000000
vt 7.695543 -1.599929 0.000000
vt 7.418284 -1.520723 0.000000
vt 7.775253 -1.445314 0.000000
vt 7.324239 -1.374385 0.000000
vt 7.882783 -1.308578 0.000000
vt 7.204198 -1.248489 0.000000
vt 8.014248 -1.194663 0.000000
vt 7.062500 -1.147587 0.000000
vt 7.062500 -0.792413 0.000000
vt 6.904267 -0.864676 0.000000
vt 9.678934 -3.640066 0.000000
vt 5.471066 -3.640066 0.000000
vt 9.710000 -3.663904 0.000000
vt 5.440000 -3.663904 0.000000
vt 9.746177 -3.678889 0.000000
vt 5.403823 -3.678889 0.000000
vt -4.879889 4.103823 0.000000
vt -5.220111 4.103823 0.000000
vt -4.885000 4.065000 0.000000
vt -5.215000 4.065000 0.000000
vt -4.879889 4.026177 0.000000
vt -5.220111 4.026177 0.000000
vt -4.864904 3.990000 0.000000
vt -5.235096 3.990000 0.000000
vt -4.841066 3.958934 0.000000
vt -5.258934 3.958934 0.000000
vt -4.810000 3.935096 0.000000
vt -5.290000 3.935096 0.000000
vt -4.773823 3.920111 0.000000
vt -5.326177 3.920111 0.000000
vt -4.735000 3.915000 0.000000
vt -5.365000 3.915000 0.000000
vt -3.875105 2.772313 0.000000
vt -6.147500 2.732413 0.000000
vt -4.025752 2.685337 0.000000
vt -6.005802 2.631511 0.000000
vt -4.157217 2.571422 0.000000
vt -5.885761 2.505615 0.000000
vt -4.264747 2.434686 0.000000
vt -5.791716 2.359277 0.000000
vt -4.344457 2.280071 0.000000
vt -5.727064 2.197785 0.000000
vt -4.393465 2.113165 0.000000
vt -5.694143 2.026976 0.000000
vt -4.410000 1.940000 0.000000
vt -5.694143 1.853024 0.000000
vt -4.393465 1.766835 0.000000
vt -5.727064 1.682215 0.000000
vt -4.344457 1.599929 0.000000
vt -5.791716 1.520723 0.000000
vt -4.264747 1.445314 0.000000
vt -5.885761 1.374385 0.000000
vt -4.157217 1.308578 0.000000
vt -6.005802 1.248489 0.000000
vt -4.025752 1.194663 0.000000
vt -4.025752 0.745337 0.000000
vt -3.875105 0.832313 0.000000
vt -5.235096 4.140000 0.000000
vt -4.864904 4.140000 0.000000
vt -5.258934 4.171066 0.000000
vt -4.841066 4.171066 0.000000
vt -5.290000 4.194904 0.000000
vt -4.810000 4.194904 0.000000
vt -5.326177 4.209889 0.000000
vt -4.773823 4.209889 0.000000
vt -5.365000 4.215000 0.000000
vt -4.735000 4.215000 0.000000
vt -0.315000 4.215000 0.000000
vt 0.276177 4.209889 0.000000
vt -0.276177 4.209889 0.000000
vt 0.240000 4.194904 0.000000
vt -0.240000 4.194904 0.000000
vt 0.208934 4.171066 0.000000
vt -0.208934 4.171066 0.000000
vt 0.185096 4.140000 0.000000
vt -0.185096 4.140000 0.000000
vt 0.170111 4.103823 0.000000
vt -0.170111 4.103823 0.000000
vt 0.165000 4.065000 0.000000
vt -0.165000 4.065000 0.000000
vt 0.170111 4.026177 0.000000
vt -0.170111 4.026177 0.000000
vt 0.185096 3.990000 0.000000
vt -0.185096 3.990000 0.000000
vt 0.208934 3.958934 0.000000
vt -0.208934 3.958934 0.000000
vt 0.240000 3.935096 0.000000
vt -0.240000 3.935096 0.000000
vt 0.276177 3.920111 0.000000
vt -0.276177 3.920111 0.000000
vt 0.315000 3.915000 0.000000
vt -0.315000 3.915000 0.000000
vt 1.174895 2.772313 0.000000
vt -1.097500 2.732413 0.000000
vt 1.024248 2.685337 0.000000
vt -0.955802 2.631511 0.000000
vt 0.892783 2.571422 0.000000
vt -0.835761 2.505615 0.000000
vt 0.785253 2.434686 0.000000
vt -0.741716 2.359277 0.000000
vt 0.705543 2.280071 0.000000
vt -0.677064 2.197785 0.000000
vt 0.656535 2.113165 0.000000
vt -0.644143 2.026976 0.000000
vt 0.640000 1.940000 0.000000
vt -0.644143 1.853024 0.000000
vt 0.656535 1.766835 0.000000
vt -0.677064 1.682215 0.000000
vt 0.705543 1.599929 0.000000
vt -0.741716 1.520723 0.000000
vt 0.785253 1.445314 0.000000
vt -0.835761 1.374385 0.000000
vt 0.892783 1.308578 0.000000
vt -0.955802 1.248489 0.000000
vt 1.024248 1.194663 0.000000
vt 1.024248 0.745337 0.000000
vt 1.174895 0.832313 0.000000
vt -0.353823 4.209889 0.000000
vt -4.696177 4.209889 0.000000
vt -0.390000 4.194904 0.000000
vt -4.660000 4.194904 0.000000
vt -0.421066 4.171066 0.000000
vt -4.628934 4.171066 0.000000
vt -0.444904 4.140000 0.000000
vt -4.605096 4.140000 0.000000
vt -0.459889 4.103823 0.000000
vt -4.590111 4.103823 0.000000
vt -0.465000 4.065000 0.000000
vt -4.585000 4.065000 0.000000
vt -0.459889 4.026177 0.000000
vt -4.590111 4.026177 0.000000
vt -0.444904 3.990000 0.000000
vt -4.605096 3.990000 0.000000
vt -3.364782 2.845687 0.000000
vt -4.628934 3.958934 0.000000
vt -4.660000 3.935096 0.000000
vt -3.538537 2.853964 0.000000
vt -4.696177 3.920111 0.000000
vt -3.710719 2.829208 0.000000
vt 5.403823 4.209889 0.000000
vt 9.746177 4.209889 0.000000
vt 9.785000 4.215000 0.000000
vt 9.710000 4.194904 0.000000
vt 5.440000 4.194904 0.000000
vt 9.678934 4.171066 0.000000
vt 5.471066 4.171066 0.000000
vt 9.655096 4.140000 0.000000
vt 5.494904 4.140000 0.000000
vt 9.640111 4.103823 0.000000
vt 5.509889 4.103823 0.000000
vt 9.635000 4.065000 0.000000
vt 5.515000 4.065000 0.000000
vt 9.640111 4.026177 0.000000
vt 5.509889 4.026177 0.000000
vt 9.655096 3.990000 0.000000
vt 5.494904 3.990000 0.000000
vt 6.735218 2.845687 0.000000
vt 5.471066 3.958934 0.000000
vt 5.440000 3.935096 0.000000
vt 6.561463 2.853964 0.000000
vt 5.403823 3.920111 0.000000
vt 6.389281 2.829208 0.000000
vt -9.929889 -3.572823 0.000000
vt -9.935000 -3.534000 0.000000
vt -9.929889 -3.495177 0.000000
vt -9.914904 -3.459000 0.000000
vt -9.891066 -3.427934 0.000000
vt -9.443465 -2.113165 0.000000
vt -9.460000 -1.940000 0.000000
vt -9.443465 -1.766835 0.000000
vt -9.443465 -0.173165 0.000000
vt -9.394457 -1.599929 0.000000
vt -9.394457 -0.340071 0.000000
vt -9.314747 -1.445314 0.000000
vt -9.314747 -0.494686 0.000000
vt -9.207217 -0.631422 0.000000
vt -9.207217 -1.308578 0.000000
vt -9.075752 -0.745337 0.000000
vt -9.075752 -1.194663 0.000000
vt -8.925105 -0.832313 0.000000
vt -8.925105 -1.107687 0.000000
vt -8.760719 -0.889208 0.000000
vt -8.760719 -1.050792 0.000000
vt -8.588537 -0.913964 0.000000
vt -8.588537 -1.026036 0.000000
vt -8.414782 -1.034313 0.000000
vt -9.394457 -2.280071 0.000000
vt -9.860000 -3.404096 0.000000
vt -9.314747 -2.434686 0.000000
vt -9.823823 -3.389111 0.000000
vt -9.207217 -2.571422 0.000000
vt -9.075752 -2.685337 0.000000
vt -9.785000 -3.384000 0.000000
vt -8.925105 -2.772313 0.000000
vt -9.746177 -3.389111 0.000000
vt -8.760719 -2.829208 0.000000
vt -9.710000 -3.404096 0.000000
vt -8.588537 -2.853964 0.000000
vt -9.678934 -3.427934 0.000000
vt -9.655096 -3.459000 0.000000
vt -9.640111 -3.495177 0.000000
vt -8.414782 -2.845687 0.000000
vt -9.635000 -3.534000 0.000000
vt -9.640111 -3.572823 0.000000
vt -9.655096 -3.609000 0.000000
vt -5.494904 -3.609000 0.000000
vt -5.509889 -3.572823 0.000000
vt -6.820719 -2.829208 0.000000
vt -8.245733 -2.804676 0.000000
vt -6.985105 -2.772313 0.000000
vt -8.087500 -2.732413 0.000000
vt -7.135752 -2.685337 0.000000
vt -7.945802 -2.631511 0.000000
vt -7.267217 -2.571422 0.000000
vt -7.825761 -2.505615 0.000000
vt -7.374747 -2.434686 0.000000
vt -7.731716 -2.359277 0.000000
vt -7.454457 -2.280071 0.000000
vt -7.667064 -2.197785 0.000000
vt -7.503465 -2.113165 0.000000
vt -7.634143 -2.026976 0.000000
vt -7.520000 -1.940000 0.000000
vt -7.634143 -1.853024 0.000000
vt -7.503465 -1.766835 0.000000
vt -7.667064 -1.682215 0.000000
vt -7.454457 -1.599929 0.000000
vt -7.731716 -1.520723 0.000000
vt -7.374747 -1.445314 0.000000
vt -7.825761 -1.374385 0.000000
vt -7.267217 -1.308578 0.000000
vt -7.945802 -1.248489 0.000000
vt -7.135752 -1.194663 0.000000
vt -8.087500 -1.147587 0.000000
vt -8.087500 -0.792413 0.000000
vt -8.245733 -0.864676 0.000000
vt -5.471066 -3.640066 0.000000
vt -9.678934 -3.640066 0.000000
vt -5.440000 -3.663904 0.000000
vt -9.710000 -3.663904 0.000000
vt -5.403823 -3.678889 0.000000
vt -9.746177 -3.678889 0.000000
vt -9.785000 -3.684000 0.000000
vt -9.823823 -3.678889 0.000000
vt -9.860000 -3.663904 0.000000
vt -9.891066 -3.640066 0.000000
vt -9.914904 -3.609000 0.000000
vt 4.590111 -3.495177 0.000000
vt 3.451463 -2.853964 0.000000
vt 4.585000 -3.534000 0.000000
vt 3.279281 -2.829208 0.000000
vt 4.590111 -3.572823 0.000000
vt 1.685218 -2.845687 0.000000
vt 0.459889 -3.572823 0.000000
vt 0.465000 -3.534000 0.000000
vt 0.459889 -3.495177 0.000000
vt 1.511463 -2.853964 0.000000
vt 0.444904 -3.459000 0.000000
vt 0.421066 -3.427934 0.000000
vt 0.390000 -3.404096 0.000000
vt 1.339281 -2.829208 0.000000
vt 0.353823 -3.389111 0.000000
vt 1.174895 -2.772313 0.000000
vt 4.605096 -3.459000 0.000000
vt 3.625218 -2.845687 0.000000
vt 4.628934 -3.427934 0.000000
vt 4.660000 -3.404096 0.000000
vt 3.794267 -2.804676 0.000000
vt 4.696177 -3.389111 0.000000
vt 3.952500 -2.732413 0.000000
vt 0.353823 -3.678889 0.000000
vt 4.696177 -3.678889 0.000000
vt 0.390000 -3.663904 0.000000
vt 4.660000 -3.663904 0.000000
vt 0.421066 -3.640066 0.000000
vt 4.628934 -3.640066 0.000000
vt 0.444904 -3.609000 0.000000
vt 4.605096 -3.609000 0.000000
vt -5.403823 3.920111 0.000000
vt -6.474782 2.845687 0.000000
vt -6.305733 2.804676 0.000000
vt -5.440000 3.935096 0.000000
vt -6.648537 2.853964 0.000000
vt -5.471066 3.958934 0.000000
vt -6.820719 2.829208 0.000000
vt 4.590111 4.103823 0.000000
vt 0.459889 4.103823 0.000000
vt 4.585000 4.065000 0.000000
vt 0.465000 4.065000 0.000000
vt 4.590111 4.026177 0.000000
vt 0.459889 4.026177 0.000000
vt 4.605096 3.990000 0.000000
vt 0.444904 3.990000 0.000000
vt 1.685218 2.845687 0.000000
vt 0.421066 3.958934 0.000000
vt 0.390000 3.935096 0.000000
vt 0.444904 4.140000 0.000000
vt 4.605096 4.140000 0.000000
vt 0.421066 4.171066 0.000000
vt 4.628934 4.171066 0.000000
vt 0.390000 4.194904 0.000000
vt 4.660000 4.194904 0.000000
vt 0.353823 4.209889 0.000000
vt 4.696177 4.209889 0.000000
vt 4.696177 3.920111 0.000000
vt 3.625218 2.845687 0.000000
vt 3.794267 2.804676 0.000000
vt 4.660000 3.935096 0.000000
vt 3.451463 2.853964 0.000000
vt 4.628934 3.958934 0.000000
vt 3.279281 2.829208 0.000000
vt -2.453465 2.113165 0.000000
vt -2.584143 2.026976 0.000000
vt -2.470000 1.940000 0.000000
vt -2.584143 1.853024 0.000000
vt -2.453465 1.766835 0.000000
vt -2.617064 1.682215 0.000000
vt -2.404457 1.599929 0.000000
vt -2.681716 1.520723 0.000000
vt -2.324747 1.445314 0.000000
vt -2.775761 1.374385 0.000000
vt -2.217217 1.308578 0.000000
vt -2.895802 1.248489 0.000000
vt -2.085752 1.194663 0.000000
vt -3.037500 1.147587 0.000000
vt -1.935105 1.107687 0.000000
vt -1.935105 0.832313 0.000000
vt -1.770719 1.050792 0.000000
vt -1.770719 0.889208 0.000000
vt -1.598537 1.026036 0.000000
vt -1.598537 0.913964 0.000000
vt -1.424782 0.905687 0.000000
vt -2.617064 2.197785 0.000000
vt -2.404457 2.280071 0.000000
vt -2.681716 2.359277 0.000000
vt -2.324747 2.434686 0.000000
vt -2.775761 2.505615 0.000000
vt -2.217217 2.571422 0.000000
vt -2.895802 2.631511 0.000000
vt -2.085752 2.685337 0.000000
vt -3.037500 2.732413 0.000000
vt -1.935105 2.772313 0.000000
vt -3.195733 2.804676 0.000000
vt -1.770719 2.829208 0.000000
vt -0.421066 3.958934 0.000000
vt -1.598537 2.853964 0.000000
vt -0.390000 3.935096 0.000000
vt -1.424782 2.845687 0.000000
vt -0.353823 3.920111 0.000000
vt -1.255733 2.804676 0.000000
vt -0.955802 0.691511 0.000000
vt -1.097500 1.147587 0.000000
vt -1.097500 0.792413 0.000000
vt -1.255733 1.075324 0.000000
vt -1.255733 0.864676 0.000000
vt -1.424782 1.034313 0.000000
vt 1.339281 2.829208 0.000000
vt 0.353823 3.920111 0.000000
vt 1.511463 2.853964 0.000000
vt 1.854267 2.804676 0.000000
vt 3.114895 2.772313 0.000000
vt 2.012500 2.732413 0.000000
vt 2.964248 2.685337 0.000000
vt 2.154198 2.631511 0.000000
vt 2.832783 2.571422 0.000000
vt 2.274239 2.505615 0.000000
vt 2.725253 2.434686 0.000000
vt 2.368284 2.359277 0.000000
vt 2.645543 2.280071 0.000000
vt 2.432936 2.197785 0.000000
vt 2.596535 2.113165 0.000000
vt 2.465857 2.026976 0.000000
vt 2.580000 1.940000 0.000000
vt 2.465857 1.853024 0.000000
vt 2.596535 1.766835 0.000000
vt 2.432936 1.682215 0.000000
vt 2.645543 1.599929 0.000000
vt 2.368284 1.520723 0.000000
vt 2.725253 1.445314 0.000000
vt 2.274239 1.374385 0.000000
vt 2.832783 1.308578 0.000000
vt 2.154198 1.248489 0.000000
vt 2.964248 1.194663 0.000000
vt 2.012500 1.147587 0.000000
vt 3.114895 1.107687 0.000000
vt 3.114895 0.832313 0.000000
vt 3.279281 1.050792 0.000000
vt 3.279281 0.889208 0.000000
vt 3.451463 1.026036 0.000000
vt 3.451463 0.913964 0.000000
vt 3.625218 0.905687 0.000000
vt 1.854267 1.075324 0.000000
vt 2.012500 0.792413 0.000000
vt 2.964248 0.745337 0.000000
vt 1.854267 0.864676 0.000000
vt 1.685218 1.034313 0.000000
vt 1.685218 0.905687 0.000000
vt 1.511463 1.026036 0.000000
vt 1.511463 0.913964 0.000000
vt 1.339281 0.889208 0.000000
vt 1.339281 1.050792 0.000000
vt 1.174895 1.107687 0.000000
vt -7.503465 2.113165 0.000000
vt -7.634143 2.026976 0.000000
vt -7.520000 1.940000 0.000000
vt -7.634143 1.853024 0.000000
vt -7.503465 1.766835 0.000000
vt -7.667064 1.682215 0.000000
vt -7.454457 1.599929 0.000000
vt -7.731716 1.520723 0.000000
vt -7.374747 1.445314 0.000000
vt -7.825761 1.374385 0.000000
vt -7.267217 1.308578 0.000000
vt -7.945802 1.248489 0.000000
vt -7.135752 1.194663 0.000000
vt -8.087500 1.147587 0.000000
vt -6.985105 1.107687 0.000000
vt -6.985105 0.832313 0.000000
vt -6.820719 1.050792 0.000000
vt -6.820719 0.889208 0.000000
vt -6.648537 1.026036 0.000000
vt -6.648537 0.913964 0.000000
vt -6.474782 0.905687 0.000000
vt -7.667064 2.197785 0.000000
vt -7.454457 2.280071 0.000000
vt -7.731716 2.359277 0.000000
vt -7.374747 2.434686 0.000000
vt -7.825761 2.505615 0.000000
vt -7.267217 2.571422 0.000000
vt -7.945802 2.631511 0.000000
vt -7.135752 2.685337 0.000000
vt -8.087500 2.732413 0.000000
vt -6.985105 2.772313 0.000000
vt -8.245733 2.804676 0.000000
vt -6.005802 0.691511 0.000000
vt -6.147500 1.147587 0.000000
vt -6.147500 0.792413 0.000000
vt -6.305733 1.075324 0.000000
vt -6.305733 0.864676 0.000000
vt -6.474782 1.034313 0.000000
vt 2.596535 0.173165 0.000000
vt 2.465857 0.086976 0.000000
vt 2.580000 -0.000000 0.000000
vt 2.465857 -0.086976 0.000000
vt 2.596535 -0.173165 0.000000
vt 2.432936 -0.257785 0.000000
vt 2.645543 -0.340071 0.000000
vt 2.368284 -0.419277 0.000000
vt 2.725253 -0.494686 0.000000
vt 2.274239 -0.565615 0.000000
vt 2.832783 -0.631422 0.000000
vt 2.154198 -0.691511 0.000000
vt 2.964248 -0.745337 0.000000
vt 2.012500 -0.792413 0.000000
vt 3.114895 -0.832313 0.000000
vt 3.114895 -1.107687 0.000000
vt 3.279281 -0.889208 0.000000
vt 3.279281 -1.050792 0.000000
vt 3.451463 -0.913964 0.000000
vt 3.451463 -1.026036 0.000000
vt 3.625218 -1.034313 0.000000
vt 2.432936 0.257785 0.000000
vt 2.645543 0.340071 0.000000
vt 2.368284 0.419277 0.000000
vt 2.725253 0.494686 0.000000
vt 2.274239 0.565615 0.000000
vt 2.832783 0.631422 0.000000
vt 2.154198 0.691511 0.000000
vt 3.625218 1.034313 0.000000
vt 3.794267 0.864676 0.000000
vt 3.794267 1.075324 0.000000
vt 3.952500 0.792413 0.000000
vt 3.952500 1.147587 0.000000
vt 4.094198 0.691511 0.000000
vt 5.942783 0.631422 0.000000
vt 4.214239 0.565615 0.000000
vt 5.835253 0.494686 0.000000
vt 4.308284 0.419277 0.000000
vt 5.755543 0.340071 0.000000
vt 4.372936 0.257785 0.000000
vt 5.706535 0.173165 0.000000
vt 4.405857 0.086976 0.000000
vt 5.690000 -0.000000 0.000000
vt 4.405857 -0.086976 0.000000
vt 5.706535 -0.173165 0.000000
vt 4.372936 -0.257785 0.000000
vt 5.755543 -0.340071 0.000000
vt 4.308284 -0.419277 0.000000
vt 5.835253 -0.494686 0.000000
vt 4.214239 -0.565615 0.000000
vt 5.942783 -0.631422 0.000000
vt 4.094198 -0.691511 0.000000
vt 6.074248 -0.745337 0.000000
vt 6.074248 -1.194663 0.000000
vt 6.224895 -1.107687 0.000000
vt 4.094198 -1.248489 0.000000
vt 3.952500 -0.792413 0.000000
vt 3.952500 -1.147587 0.000000
vt 3.794267 -0.864676 0.000000
vt 3.794267 -1.075324 0.000000
vt 3.625218 -0.905687 0.000000
vt -2.453465 -1.766835 0.000000
vt -2.584143 -1.853024 0.000000
vt -2.470000 -1.940000 0.000000
vt -2.584143 -2.026976 0.000000
vt -2.453465 -2.113165 0.000000
vt -2.617064 -2.197785 0.000000
vt -2.404457 -2.280071 0.000000
vt -2.681716 -2.359277 0.000000
vt -2.324747 -2.434686 0.000000
vt -2.775761 -2.505615 0.000000
vt -2.217217 -2.571422 0.000000
vt -2.895802 -2.631511 0.000000
vt -2.085752 -2.685337 0.000000
vt -3.037500 -2.732413 0.000000
vt -1.935105 -2.772313 0.000000
vt -3.195733 -2.804676 0.000000
vt -1.770719 -2.829208 0.000000
vt -3.364782 -2.845687 0.000000
vt -0.459889 -3.572823 0.000000
vt -4.590111 -3.572823 0.000000
vt -0.444904 -3.609000 0.000000
vt -4.605096 -3.609000 0.000000
vt -0.421066 -3.640066 0.000000
vt -4.628934 -3.640066 0.000000
vt -0.390000 -3.663904 0.000000
vt -4.660000 -3.663904 0.000000
vt -0.353823 -3.678889 0.000000
vt -4.696177 -3.678889 0.000000
vt -2.617064 -1.682215 0.000000
vt -2.404457 -1.599929 0.000000
vt -2.681716 -1.520723 0.000000
vt -2.324747 -1.445314 0.000000
vt -2.775761 -1.374385 0.000000
vt -2.217217 -1.308578 0.000000
vt -2.895802 -1.248489 0.000000
vt -2.085752 -1.194663 0.000000
vt -3.037500 -1.147587 0.000000
vt -3.037500 -0.792413 0.000000
vt -3.195733 -0.864676 0.000000
vt -1.935105 -1.107687 0.000000
vt -1.935105 -0.832313 0.000000
vt -2.085752 -0.745337 0.000000
vt -1.770719 -0.889208 0.000000
vt -1.770719 -1.050792 0.000000
vt -1.598537 -0.913964 0.000000
vt -1.598537 -1.026036 0.000000
vt -1.424782 -1.034313 0.000000
vt -1.424782 -0.905687 0.000000
vt -1.255733 -1.075324 0.000000
vt -1.255733 -0.864676 0.000000
vt -1.097500 -1.147587 0.000000
vt -1.097500 -0.792413 0.000000
vt -0.955802 -1.248489 0.000000
vt -0.955802 -0.691511 0.000000
vt 1.024248 -1.194663 0.000000
vt 1.024248 -0.745337 0.000000
vt 1.174895 -1.107687 0.000000
vt 1.174895 -0.832313 0.000000
vt 1.339281 -0.889208 0.000000
vt 1.339281 -1.050792 0.000000
vt 1.511463 -0.913964 0.000000
vt 1.511463 -1.026036 0.000000
vt 1.685218 -1.034313 0.000000
vt 0.892783 -1.308578 0.000000
vt -0.835761 -1.374385 0.000000
vt 0.785253 -1.445314 0.000000
vt -0.741716 -1.520723 0.000000
vt 0.705543 -1.599929 0.000000
vt -0.677064 -1.682215 0.000000
vt 0.656535 -1.766835 0.000000
vt -0.644143 -1.853024 0.000000
vt 0.640000 -1.940000 0.000000
vt -0.644143 -2.026976 0.000000
vt 0.656535 -2.113165 0.000000
vt -0.677064 -2.197785 0.000000
vt 0.705543 -2.280071 0.000000
vt -0.741716 -2.359277 0.000000
vt 0.785253 -2.434686 0.000000
vt -0.835761 -2.505615 0.000000
vt -1.097500 -2.732413 0.000000
vt -0.353823 -3.389111 0.000000
vt -1.255733 -2.804676 0.000000
vt -0.390000 -3.404096 0.000000
vt -1.424782 -2.845687 0.000000
vt -0.421066 -3.427934 0.000000
vt -0.444904 -3.459000 0.000000
vt -1.598537 -2.853964 0.000000
vt -0.459889 -3.495177 0.000000
vt -0.465000 -3.534000 0.000000
vt 1.685218 -0.905687 0.000000
vt 1.854267 -1.075324 0.000000
vt 1.854267 -0.864676 0.000000
vt 2.012500 -1.147587 0.000000
vt 2.964248 -1.194663 0.000000
vt 2.154198 -1.248489 0.000000
vt 2.832783 -1.308578 0.000000
vt 2.274239 -1.374385 0.000000
vt 2.725253 -1.445314 0.000000
vt 2.368284 -1.520723 0.000000
vt 2.645543 -1.599929 0.000000
vt 2.432936 -1.682215 0.000000
vt 2.596535 -1.766835 0.000000
vt 2.465857 -1.853024 0.000000
vt 2.580000 -1.940000 0.000000
vt 2.465857 -2.026976 0.000000
vt 2.596535 -2.113165 0.000000
vt 2.432936 -2.197785 0.000000
vt 2.645543 -2.280071 0.000000
vt 2.368284 -2.359277 0.000000
vt 2.725253 -2.434686 0.000000
vt 2.274239 -2.505615 0.000000
vt 2.832783 -2.571422 0.000000
vt 2.154198 -2.631511 0.000000
vt 2.964248 -2.685337 0.000000
vt 2.012500 -2.732413 0.000000
vt 3.114895 -2.772313 0.000000
vt 1.854267 -2.804676 0.000000
vt 5.706535 -1.766835 0.000000
vt 4.405857 -1.853024 0.000000
vt 5.690000 -1.940000 0.000000
vt 4.405857 -2.026976 0.000000
vt 5.706535 -2.113165 0.000000
vt 4.372936 -2.197785 0.000000
vt 5.755543 -2.280071 0.000000
vt 4.308284 -2.359277 0.000000
vt 5.835253 -2.434686 0.000000
vt 4.214239 -2.505615 0.000000
vt 4.372936 -1.682215 0.000000
vt 5.755543 -1.599929 0.000000
vt 4.308284 -1.520723 0.000000
vt 5.835253 -1.445314 0.000000
vt 4.214239 -1.374385 0.000000
vt 5.942783 -1.308578 0.000000
vt 6.389281 -1.050792 0.000000
vt 6.389281 -0.889208 0.000000
vt 6.224895 -0.832313 0.000000
vt 6.561463 -0.913964 0.000000
vt 6.561463 -1.026036 0.000000
vt 6.735218 -1.034313 0.000000
vt 6.735218 -0.905687 0.000000
vt 6.904267 -1.075324 0.000000
vt -2.453465 0.173165 0.000000
vt -2.584143 0.086976 0.000000
vt -2.470000 -0.000000 0.000000
vt -2.584143 -0.086976 0.000000
vt -2.453465 -0.173165 0.000000
vt -2.617064 -0.257785 0.000000
vt -2.404457 -0.340071 0.000000
vt -2.681716 -0.419277 0.000000
vt -2.324747 -0.494686 0.000000
vt -2.775761 -0.565615 0.000000
vt -2.217217 -0.631422 0.000000
vt -2.895802 -0.691511 0.000000
vt -2.617064 0.257785 0.000000
vt -2.404457 0.340071 0.000000
vt -2.681716 0.419277 0.000000
vt -2.324747 0.494686 0.000000
vt -2.775761 0.565615 0.000000
vt -2.217217 0.631422 0.000000
vt -2.895802 0.691511 0.000000
vt -2.085752 0.745337 0.000000
vt -3.037500 0.792413 0.000000
vt -3.195733 1.075324 0.000000
vt 0.892783 0.631422 0.000000
vt -0.835761 0.565615 0.000000
vt 0.785253 0.494686 0.000000
vt -0.741716 0.419277 0.000000
vt 0.705543 0.340071 0.000000
vt -0.677064 0.257785 0.000000
vt 0.656535 0.173165 0.000000
vt -0.644143 0.086976 0.000000
vt 0.640000 -0.000000 0.000000
vt -0.644143 -0.086976 0.000000
vt 0.656535 -0.173165 0.000000
vt -0.677064 -0.257785 0.000000
vt 0.705543 -0.340071 0.000000
vt -0.741716 -0.419277 0.000000
vt 0.785253 -0.494686 0.000000
vt -0.835761 -0.565615 0.000000
vt 0.892783 -0.631422 0.000000
vt -7.503465 0.173165 0.000000
vt -7.634143 0.086976 0.000000
vt -7.520000 -0.000000 0.000000
vt -7.634143 -0.086976 0.000000
vt -7.503465 -0.173165 0.000000
vt -7.667064 -0.257785 0.000000
vt -7.454457 -0.340071 0.000000
vt -7.731716 -0.419277 0.000000
vt -7.374747 -0.494686 0.000000
vt -7.825761 -0.565615 0.000000
vt -7.267217 -0.631422 0.000000
vt -7.945802 -0.691511 0.000000
vt -7.135752 -0.745337 0.000000
vt -6.985105 -0.832313 0.000000
vt -6.985105 -1.107687 0.000000
vt -6.820719 -0.889208 0.000000
vt -6.820719 -1.050792 0.000000
vt -6.648537 -0.913964 0.000000
vt -6.648537 -1.026036 0.000000
vt -6.474782 -1.034313 0.000000
vt -7.667064 0.257785 0.000000
vt -7.454457 0.340071 0.000000
vt -7.731716 0.419277 0.000000
vt -7.374747 0.494686 0.000000
vt -7.825761 0.565615 0.000000
vt -7.267217 0.631422 0.000000
vt -7.945802 0.691511 0.000000
vt -7.135752 0.745337 0.000000
vt -8.087500 0.792413 0.000000
vt -8.245733 1.075324 0.000000
vt -4.157217 0.631422 0.000000
vt -5.885761 0.565615 0.000000
vt -4.264747 0.494686 0.000000
vt -5.791716 0.419277 0.000000
vt -4.344457 0.340071 0.000000
vt -5.727064 0.257785 0.000000
vt -4.393465 0.173165 0.000000
vt -5.694143 0.086976 0.000000
vt -4.410000 -0.000000 0.000000
vt -5.694143 -0.086976 0.000000
vt -4.393465 -0.173165 0.000000
vt -5.727064 -0.257785 0.000000
vt -4.344457 -0.340071 0.000000
vt -5.791716 -0.419277 0.000000
vt -4.264747 -0.494686 0.000000
vt -5.885761 -0.565615 0.000000
vt -4.157217 -0.631422 0.000000
vt -6.005802 -0.691511 0.000000
vt -4.025752 -0.745337 0.000000
vt -4.025752 -1.194663 0.000000
vt -3.875105 -1.107687 0.000000
vt -6.005802 -1.248489 0.000000
vt -6.147500 -0.792413 0.000000
vt -6.147500 -1.147587 0.000000
vt -6.305733 -0.864676 0.000000
vt -6.305733 -1.075324 0.000000
vt -6.474782 -0.905687 0.000000
vt -4.157217 -1.308578 0.000000
vt -5.885761 -1.374385 0.000000
vt -4.264747 -1.445314 0.000000
vt -5.791716 -1.520723 0.000000
vt -4.344457 -1.599929 0.000000
vt -5.727064 -1.682215 0.000000
vt -4.393465 -1.766835 0.000000
vt -5.694143 -1.853024 0.000000
vt -4.410000 -1.940000 0.000000
vt -5.694143 -2.026976 0.000000
vt -4.393465 -2.113165 0.000000
vt -5.727064 -2.197785 0.000000
vt -4.344457 -2.280071 0.000000
vt -5.791716 -2.359277 0.000000
vt -4.264747 -2.434686 0.000000
vt -5.885761 -2.505615 0.000000
vt -6.147500 -2.732413 0.000000
vt -5.403823 -3.389111 0.000000
vt -6.305733 -2.804676 0.000000
vt -5.440000 -3.404096 0.000000
vt -6.474782 -2.845687 0.000000
vt -5.471066 -3.427934 0.000000
vt -5.494904 -3.459000 0.000000
vt -6.648537 -2.853964 0.000000
vt -5.509889 -3.495177 0.000000
vt -5.515000 -3.534000 0.000000
vt -3.710719 -1.050792 0.000000
vt -3.710719 -0.889208 0.000000
vt -3.875105 -0.832313 0.000000
vt -3.538537 -0.913964 0.000000
vt -3.538537 -1.026036 0.000000
vt -3.364782 -1.034313 0.000000
vt -3.364782 -0.905687 0.000000
vt -3.195733 -1.075324 0.000000
vt -3.538537 -2.853964 0.000000
vt -4.590111 -3.495177 0.000000
vt -4.585000 -3.534000 0.000000
vt -3.710719 -2.829208 0.000000
vt -4.660000 -3.404096 0.000000
vt -4.628934 -3.427934 0.000000
vt -4.605096 -3.459000 0.000000
vt -4.696177 -3.389111 0.000000
vt -3.875105 -2.772313 0.000000
vt 6.389281 0.889208 0.000000
vt 6.389281 1.050792 0.000000
vt 6.224895 1.107687 0.000000
vt 6.561463 1.026036 0.000000
vt 6.561463 0.913964 0.000000
vt 6.735218 0.905687 0.000000
vt 6.735218 1.034313 0.000000
vt 6.904267 0.864676 0.000000
vt 6.904267 1.075324 0.000000
vt 7.062500 0.792413 0.000000
vt 7.062500 1.147587 0.000000
vt 8.014248 0.745337 0.000000
vt 8.164895 0.832313 0.000000
vt 7.204198 0.691511 0.000000
vt 7.882783 0.631422 0.000000
vt 7.324239 0.565615 0.000000
vt 7.775253 0.494686 0.000000
vt 7.418284 0.419277 0.000000
vt 7.695543 0.340071 0.000000
vt 7.482936 0.257785 0.000000
vt 7.646535 0.173165 0.000000
vt 7.515857 0.086976 0.000000
vt 7.630000 -0.000000 0.000000
vt 7.515857 -0.086976 0.000000
vt 7.646535 -0.173165 0.000000
vt 7.482936 -0.257785 0.000000
vt 7.695543 -0.340071 0.000000
vt 7.418284 -0.419277 0.000000
vt 7.775253 -0.494686 0.000000
vt 7.324239 -0.565615 0.000000
vt 7.882783 -0.631422 0.000000
vt 7.204198 -0.691511 0.000000
vt 8.014248 -0.745337 0.000000
vt 8.164895 -0.832313 0.000000
vt 8.164895 -1.107687 0.000000
vt 8.329281 -0.889208 0.000000
vt 8.329281 -1.050792 0.000000
vt 8.501463 -0.913964 0.000000
vt 8.501463 -1.026036 0.000000
vt 8.675218 -1.034313 0.000000
vt 7.646535 2.113165 0.000000
vt 7.515857 2.026976 0.000000
vt 7.630000 1.940000 0.000000
vt 7.515857 1.853024 0.000000
vt 7.646535 1.766835 0.000000
vt 7.482936 1.682215 0.000000
vt 7.695543 1.599929 0.000000
vt 7.418284 1.520723 0.000000
vt 7.775253 1.445314 0.000000
vt 7.324239 1.374385 0.000000
vt 7.882783 1.308578 0.000000
vt 7.204198 1.248489 0.000000
vt 8.014248 1.194663 0.000000
vt 8.164895 1.107687 0.000000
vt 8.329281 1.050792 0.000000
vt 8.329281 0.889208 0.000000
vt 8.501463 1.026036 0.000000
vt 8.501463 0.913964 0.000000
vt 8.675218 0.905687 0.000000
vt 7.482936 2.197785 0.000000
vt 7.695543 2.280071 0.000000
vt 7.418284 2.359277 0.000000
vt 7.775253 2.434686 0.000000
vt 7.324239 2.505615 0.000000
vt 7.882783 2.571422 0.000000
vt 7.204198 2.631511 0.000000
vt 8.014248 2.685337 0.000000
vt 7.062500 2.732413 0.000000
vt 8.164895 2.772313 0.000000
vt 6.904267 2.804676 0.000000
vt 8.329281 2.829208 0.000000
vt 9.678934 3.958934 0.000000
vt 8.501463 2.853964 0.000000
vt 9.710000 3.935096 0.000000
vt 8.675218 2.845687 0.000000
vt 9.746177 3.920111 0.000000
vt 9.785000 3.915000 0.000000
vt 8.844267 2.804676 0.000000
vt 9.002500 2.732413 0.000000
vt 9.823823 3.920111 0.000000
vt 9.144198 2.631511 0.000000
vt 9.860000 3.935096 0.000000
vt 9.264239 2.505615 0.000000
vt 9.358284 2.359277 0.000000
vt 9.891066 3.958934 0.000000
vt 9.422936 2.197785 0.000000
vt 9.455857 2.026976 0.000000
vt 9.455857 1.853024 0.000000
vt 9.422936 1.682215 0.000000
vt 9.422936 0.257785 0.000000
vt 9.358284 1.520723 0.000000
vt 9.358284 0.419277 0.000000
vt 9.264239 1.374385 0.000000
vt 9.264239 0.565615 0.000000
vt 9.144198 1.248489 0.000000
vt 9.144198 0.691511 0.000000
vt 9.002500 1.147587 0.000000
vt 9.002500 0.792413 0.000000
vt 8.844267 1.075324 0.000000
vt 8.844267 0.864676 0.000000
vt 8.675218 1.034313 0.000000
vt -8.245733 0.864676 0.000000
vt -8.414782 1.034313 0.000000
vt 9.264239 -1.374385 0.000000
vt 9.144198 -0.691511 0.000000
vt 9.144198 -1.248489 0.000000
vt 9.002500 -0.792413 0.000000
vt 9.002500 -1.147587 0.000000
vt 8.844267 -0.864676 0.000000
vt 8.844267 -1.075324 0.000000
vt 8.675218 -0.905687 0.000000
vt -3.710719 0.889208 0.000000
vt -3.710719 1.050792 0.000000
vt -3.875105 1.107687 0.000000
vt -3.538537 1.026036 0.000000
vt -3.538537 0.913964 0.000000
vt -3.364782 0.905687 0.000000
vt -3.364782 1.034313 0.000000
vt -3.195733 0.864676 0.000000
vt -8.245733 -1.075324 0.000000
vt -8.414782 -0.905687 0.000000
vt 9.914904 -3.459000 0.000000
vt 9.455857 -2.026976 0.000000
vt 9.891066 -3.427934 0.000000
vt 9.422936 -2.197785 0.000000
vt 9.860000 -3.404096 0.000000
vt 9.358284 -2.359277 0.000000
vt 9.264239 -2.505615 0.000000
vt 9.823823 -3.389111 0.000000
vt 9.144198 -2.631511 0.000000
vt 9.785000 -3.384000 0.000000
vt 9.002500 -2.732413 0.000000
vt 9.746177 -3.389111 0.000000
vt 8.844267 -2.804676 0.000000
vt 9.710000 -3.404096 0.000000
vt 8.675218 -2.845687 0.000000
vt 9.678934 -3.427934 0.000000
vt 9.655096 -3.459000 0.000000
vt 8.501463 -2.853964 0.000000
vt 9.640111 -3.495177 0.000000
vt 9.635000 -3.534000 0.000000
vt 9.823823 4.209889 0.000000
vt 9.860000 4.194904 0.000000
vt 9.891066 4.171066 0.000000
vt 9.914904 4.140000 0.000000
vt 9.929889 4.103823 0.000000
vt 9.935000 4.065000 0.000000
vt 9.929889 4.026177 0.000000
vt 9.914904 3.990000 0.000000
vt 9.929889 -3.495177 0.000000
vt 9.935000 -3.534000 0.000000
vt 9.929889 -3.572823 0.000000
vt 9.914904 -3.609000 0.000000
vt 9.891066 -3.640066 0.000000
vt 9.860000 -3.663904 0.000000
vt 9.823823 -3.678889 0.000000
vt 9.785000 -3.684000 0.000000
vt 0.172106 -0.388772 0.000000
vt -0.172106 -0.388772 0.000000
vt 0.172106 -0.424115 0.000000
vt -0.172106 -0.424115 0.000000
vt 0.172106 0.424115 0.000000
vt -0.172106 0.424115 0.000000
vt 0.172106 0.388772 0.000000
vt -0.172106 0.388772 0.000000
vt 0.172106 0.353429 0.000000
vt -0.172106 0.353429 0.000000
vt 0.172106 0.318086 0.000000
vt -0.172106 0.318086 0.000000
vt 0.172106 0.282743 0.000000
vt -0.172106 0.282743 0.000000
vt 0.172106 0.247400 0.000000
vt -0.172106 0.247400 0.000000
vt 0.172106 0.212058 0.000000
vt -0.172106 0.212058 0.000000
vt 0.172106 0.176715 0.000000
vt -0.172106 0.176715 0.000000
vt 0.172106 0.141372 0.000000
vt -0.172106 0.141372 0.000000
vt 0.172106 0.106029 0.000000
vt -0.172106 0.106029 0.000000
vt 0.172106 0.070686 0.000000
vt -0.172106 0.070686 0.000000
vt 0.172106 0.035343 0.000000
vt -0.172106 0.035343 0.000000
vt 0.172106 0.000000 0.000000
vt -0.172106 0.000000 0.000000
vt 0.172106 -0.035343 0.000000
vt -0.172106 -0.035343 0.000000
vt 0.172106 -0.070686 0.000000
vt -0.172106 -0.070686 0.000000
vt 0.172106 -0.106029 0.000000
vt -0.172106 -0.106029 0.000000
vt 0.172106 -0.141372 0.000000
vt -0.172106 -0.141372 0.000000
vt 0.172106 -0.176715 0.000000
vt -0.172106 -0.176715 0.000000
vt 0.172106 -0.212058 0.000000
vt -0.172106 -0.212058 0.000000
vt 0.172106 -0.247400 0.000000
vt -0.172106 -0.247400 0.000000
vt 0.172106 -0.282743 0.000000
vt -0.172106 -0.282743 0.000000
vt 0.172106 -0.318086 0.000000
vt -0.172106 -0.318086 0.000000
vt 0.172106 -0.353429 0.000000
vt -0.172106 -0.353429 0.000000
vt -0.000000 -0.431969 0.000000
vt -0.257098 -0.431969 0.000000
vt -0.000000 -0.471239 0.000000
vt -0.257098 -0.471239 0.000000
vt -0.000000 0.471239 0.000000
vt -0.257098 0.471239 0.000000
vt -0.000000 0.431969 0.000000
vt -0.257098 0.431969 0.000000
vt -0.000000 0.392699 0.000000
vt -0.257098 0.392699 0.000000
vt -0.000000 0.353429 0.000000
vt -0.257098 0.353429 0.000000
vt -0.000000 0.314159 0.000000
vt -0.257098 0.314159 0.000000
vt -0.000000 0.274889 0.000000
vt -0.257098 0.274889 0.000000
vt -0.000000 0.235619 0.000000
vt -0.257098 0.235619 0.000000
vt -0.000000 0.196350 0.000000
vt -0.257098 0.196350 0.000000
vt -0.000000 0.157080 0.000000
vt -0.257098 0.157080 0.000000
vt -0.000000 0.117810 0.000000
vt -0.257098 0.117810 0.000000
vt -0.000000 0.078540 0.000000
vt -0.257098 0.078540 0.000000
vt -0.000000 0.039270 0.000000
vt -0.257098 0.039270 0.000000
vt -0.000000 0.000000 0.000000
vt -0.257098 0.000000 0.000000
vt -0.000000 -0.039270 0.000000
vt -0.257098 -0.039270 0.000000
vt -0.000000 -0.078540 0.000000
vt -0.257098 -0.078540 0.000000
vt -0.000000 -0.117810 0.000000
vt -0.257098 -0.117810 0.000000
vt -0.000000 -0.157080 0.000000
vt -0.257098 -0.157080 0.000000
vt -0.000000 -0.196350 0.000000
vt -0.257098 -0.196350 0.000000
vt -0.000000 -0.235619 0.000000
vt -0.257098 -0.235619 0.000000
vt -0.000000 -0.274889 0.000000
vt -0.257098 -0.274889 0.000000
vt -0.000000 -0.314159 0.000000
vt -0.257098 -0.314159 0.000000
vt -0.000000 -0.353429 0.000000
vt -0.257098 -0.353429 0.000000
vt -0.000000 -0.392699 0.000000
vt -0.257098 -0.392699 0.000000
vt -0.115911 -0.031058 0.000000
vt 0.115911 -0.031058 0.000000
vt -0.120000 0.000000 0.000000
vt 0.120000 0.000000 0.000000
vt -0.115911 0.031058 0.000000
vt 0.115911 0.031058 0.000000
vt -0.103923 0.060000 0.000000
vt 0.103923 0.060000 0.000000
vt -0.084853 0.084853 0.000000
vt 0.084853 0.084853 0.000000
vt -0.060000 0.103923 0.000000
vt 0.060000 0.103923 0.000000
vt -0.031058 0.115911 0.000000
vt 0.031058 0.115911 0.000000
vt 0.000000 0.120000 0.000000
vt 0.103923 -0.060000 0.000000
vt -0.103923 -0.060000 0.000000
vt 0.084853 -0.084853 0.000000
vt -0.084853 -0.084853 0.000000
vt 0.060000 -0.103923 0.000000
vt -0.060000 -0.103923 0.000000
vt 0.031058 -0.115911 0.000000
vt -0.031058 -0.115911 0.000000
vt 0.000000 -0.120000 0.000000
vt 0.172106 -0.388772 0.000000
vt -0.172106 -0.388772 0.000000
vt 0.172106 -0.424115 0.000000
vt -0.172106 -0.424115 0.000000
vt 0.172106 0.424115 0.000000
vt -0.172106 0.424115 0.000000
vt 0.172106 0.388772 0.000000
vt -0.172106 0.388772 0.000000
vt 0.172106 0.353429 0.000000
vt -0.172106 0.353429 0.000000
vt 0.172106 0.318086 0.000000
vt -0.172106 0.318086 0.000000
vt 0.172106 0.282743 0.000000
vt -0.172106 0.282743 0.000000
vt 0.172106 0.247400 0.000000
vt -0.172106 0.247400 0.000000
vt 0.172106 0.212058 0.000000
vt -0.172106 0.212058 0.000000
vt 0.172106 0.176715 0.000000
vt -0.172106 0.176715 0.000000
vt 0.172106 0.141372 0.000000
vt -0.172106 0.141372 0.000000
vt 0.172106 0.106029 0.000000
vt -0.172106 0.106029 0.000000
vt 0.172106 0.070686 0.000000
vt -0.172106 0.070686 0.000000
vt 0.172106 0.035343 0.000000
vt -0.172106 0.035343 0.000000
vt 0.172106 0.000000 0.000000
vt -0.172106 0.000000 0.000000
vt 0.172106 -0.035343 0.000000
vt -0.172106 -0.035343 0.000000
vt 0.172106 -0.070686 0.000000
vt -0.172106 -0.070686 0.000000
vt 0.172106 -0.106029 0.000000
vt -0.172106 -0.106029 0.000000
vt 0.172106 -0.141372 0.000000
vt -0.172106 -0.141372 0.000000
vt 0.172106 -0.176715 0.000000
vt -0.172106 -0.176715 0.000000
vt 0.172106 -0.212058 0.000000
vt -0.172106 -0.212058 0.000000
vt 0.172106 -0.247400 0.000000
vt -0.172106 -0.247400 0.000000
vt 0.172106 -0.282743 0.000000
vt -0.172106 -0.282743 0.000000
vt 0.172106 -0.318086 0.000000
vt -0.172106 -0.318086 0.000000
vt 0.172106 -0.353429 0.000000
vt -0.172106 -0.353429 0.000000
vt -0.000000 -0.431969 0.000000
vt -0.257098 -0.431969 0.000000
vt -0.000000 -0.471239 0.000000
vt -0.257098 -0.471239 0.000000
vt -0.000000 0.471239 0.000000
vt -0.257098 0.471239 0.000000
vt -0.000000 0.431969 0.000000
vt -0.257098 0.431969 0.000000
vt -0.000000 0.392699 0.000000
vt -0.257098 0.392699 0.000000
vt -0.000000 0.353429 0.000000
vt -0.257098 0.353429 0.000000
vt -0.000000 0.314159 0.000000
vt -0.257098 0.314159 0.000000
vt -0.000000 0.274889 0.000000
vt -0.257098 0.274889 0.000000
vt -0.000000 0.235619 0.000000
vt -0.257098 0.235619 0.000000
vt -0.000000 0.196350 0.000000
vt -0.257098 0.196350 0.000000
vt -0.000000 0.157080 0.000000
vt -0.257098 0.157080 0.000000
vt -0.000000 0.117810 0.000000
vt -0.257098 0.117810 0.000000
vt -0.000000 0.078540 0.000000
vt -0.257098 0.078540 0.000000
vt -0.000000 0.039270 0.000000
vt -0.257098 0.039270 0.000000
vt -0.000000 0.000000 0.000000
vt -0.257098 0.000000 0.000000
vt -0.000000 -0.039270 0.000000
vt -0.257098 -0.039270 0.000000
vt -0.000000 -0.078540 0.000000
vt -0.257098 -0.078540 0.000000
vt -0.000000 -0.117810 0.000000
vt -0.257098 -0.117810 0.000000
vt -0.000000 -0.157080 0.000000
vt -0.257098 -0.157080 0.000000
vt -0.000000 -0.196350 0.000000
vt -0.257098 -0.196350 0.000000
vt -0.000000 -0.235619 0.000000
vt -0.257098 -0.235619 0.000000
vt -0.000000 -0.274889 0.000000
vt -0.257098 -0.274889 0.000000
vt -0.000000 -0.314159 0.000000
vt -0.257098 -0.314159 0.000000
vt -0.000000 -0.353429 0.000000
vt -0.257098 -0.353429 0.000000
vt -0.000000 -0.392699 0.000000
vt -0.257098 -0.392699 0.000000
vt -0.115911 -0.031058 0.000000
vt 0.115911 -0.031058 0.000000
vt -0.120000 0.000000 0.000000
vt 0.120000 0.000000 0.000000
vt -0.115911 0.031058 0.000000
vt 0.115911 0.031058 0.000000
vt -0.103923 0.060000 0.000000
vt 0.103923 0.060000 0.000000
vt -0.084853 0.084853 0.000000
vt 0.084853 0.084853 0.000000
vt -0.060000 0.103923 0.000000
vt 0.060000 0.103923 0.000000
vt -0.031058 0.115911 0.000000
vt 0.031058 0.115911 0.000000
vt 0.000000 0.120000 0.000000
vt 0.103923 -0.060000 0.000000
vt -0.103923 -0.060000 0.000000
vt 0.084853 -0.084853 0.000000
vt -0.084853 -0.084853 0.000000
vt 0.060000 -0.103923 0.000000
vt -0.060000 -0.103923 0.000000
vt 0.031058 -0.115911 0.000000
vt -0.031058 -0.115911 0.000000
vt 0.000000 -0.120000 0.000000
vt 0.172106 -0.388772 0.000000
vt -0.172106 -0.388772 0.000000
vt 0.172106 -0.424115 0.000000
vt -0.172106 -0.424115 0.000000
vt 0.172106 0.424115 0.000000
vt -0.172106 0.424115 0.000000
vt 0.172106 0.388772 0.000000
vt -0.172106 0.388772 0.000000
vt 0.172106 0.353429 0.000000
vt -0.172106 0.353429 0.000000
vt 0.172106 0.318086 0.000000
vt -0.172106 0.318086 0.000000
vt 0.172106 0.282743 0.000000
vt -0.172106 0.282743 0.000000
vt 0.172106 0.247400 0.000000
vt -0.172106 0.247400 0.000000
vt 0.172106 0.212058 0.000000
vt -0.172106 0.212058 0.000000
vt 0.172106 0.176715 0.000000
vt -0.172106 0.176715 0.000000
vt 0.172106 0.141372 0.000000
vt -0.172106 0.141372 0.000000
vt 0.172106 0.106029 0.000000
vt -0.172106 0.106029 0.000000
vt 0.172106 0.070686 0.000000
vt -0.172106 0.070686 0.000000
vt 0.172106 0.035343 0.000000
vt -0.172106 0.035343 0.000000
vt 0.172106 0.000000 0.000000
vt -0.172106 0.000000 0.000000
vt 0.172106 -0.035343 0.000000
vt -0.172106 -0.035343 0.000000
vt 0.172106 -0.070686 0.000000
vt -0.172106 -0.070686 0.000000
vt 0.172106 -0.106029 0.000000
vt -0.172106 -0.106029 0.000000
vt 0.172106 -0.141372 0.000000
vt -0.172106 -0.141372 0.000000
vt 0.172106 -0.176715 0.000000
vt -0.172106 -0.176715 0.000000
vt 0.172106 -0.212058 0.000000
vt -0.172106 -0.212058 0.000000
vt 0.172106 -0.247400 0.000000
vt -0.172106 -0.247400 0.000000
vt 0.172106 -0.282743 0.000000
vt -0.172106 -0.282743 0.000000
vt 0.172106 -0.318086 0.000000
vt -0.172106 -0.318086 0.000000
vt 0.172106 -0.353429 0.000000
vt -0.172106 -0.353429 0.000000
vt -0.000000 -0.431969 0.000000
vt -0.257098 -0.431969 0.000000
vt -0.000000 -0.471239 0.000000
vt -0.257098 -0.471239 0.000000
vt -0.000000 0.471239 0.000000
vt -0.257098 0.471239 0.000000
vt -0.000000 0.431969 0.000000
vt -0.257098 0.431969 0.000000
vt -0.000000 0.392699 0.000000
vt -0.257098 0.392699 0.000000
vt -0.000000 0.353429 0.000000
vt -0.257098 0.353429 0.000000
vt -0.000000 0.314159 0.000000
vt -0.257098 0.314159 0.000000
vt -0.000000 0.274889 0.000000
vt -0.257098 0.274889 0.000000
vt -0.000000 0.235619 0.000000
vt -0.257098 0.235619 0.000000
vt -0.000000 0.196350 0.000000
vt -0.257098 0.196350 0.000000
vt -0.000000 0.157080 0.000000
vt -0.257098 0.157080 0.000000
vt -0.000000 0.117810 0.000000
vt -0.257098 0.117810 0.000000
vt -0.000000 0.078540 0.000000
vt -0.257098 0.078540 0.000000
vt -0.000000 0.039270 0.000000
vt -0.257098 0.039270 0.000000
vt -0.000000 0.000000 0.000000
vt -0.257098 0.000000 0.000000
vt -0.000000 -0.039270 0.000000
vt -0.257098 -0.039270 0.000000
vt -0.000000 -0.078540 0.000000
vt -0.257098 -0.078540 0.000000
vt -0.000000 -0.117810 0.000000
vt -0.257098 -0.117810 0.000000
vt -0.000000 -0.157080 0.000000
vt -0.257098 -0.157080 0.000000
vt -0.000000 -0.196350 0.000000
vt -0.257098 -0.196350 0.000000
vt -0.000000 -0.235619 0.000000
vt -0.257098 -0.235619 0.000000
vt -0.000000 -0.274889 0.000000
vt -0.257098 -0.274889 0.000000
vt -0.000000 -0.314159 0.000000
vt -0.257098 -0.314159 0.000000
vt -0.000000 -0.353429 0.000000
vt -0.257098 -0.353429 0.000000
vt -0.000000 -0.392699 0.000000
vt -0.257098 -0.392699 0.000000
vt -0.115911 -0.031058 0.000000
vt 0.115911 -0.031058 0.000000
vt -0.120000 0.000000 0.000000
vt 0.120000 0.000000 0.000000
vt -0.115911 0.031058 0.000000
vt 0.115911 0.031058 0.000000
vt -0.103923 0.060000 0.000000
vt 0.103923 0.060000 0.000000
vt -0.084853 0.084853 0.000000
vt 0.084853 0.084853 0.000000
vt -0.060000 0.103923 0.000000
vt 0.060000 0.103923 0.000000
vt -0.031058 0.115911 0.000000
vt 0.031058 0.115911 0.000000
vt 0.000000 0.120000 0.000000
vt 0.103923 -0.060000 0.000000
vt -0.103923 -0.060000 0.000000
vt 0.084853 -0.084853 0.000000
vt -0.084853 -0.084853 0.000000
vt 0.060000 -0.103923 0.000000
vt -0.060000 -0.103923 0.000000
vt 0.031058 -0.115911 0.000000
vt -0.031058 -0.115911 0.000000
vt 0.000000 -0.120000 0.000000
vt 0.172106 -0.388772 0.000000
vt -0.172106 -0.388772 0.000000
vt 0.172106 -0.424115 0.000000
vt -0.172106 -0.424115 0.000000
vt 0.172106 0.424115 0.000000
vt -0.172106 0.424115 0.000000
vt 0.172106 0.388772 0.000000
vt -0.172106 0.388772 0.000000
vt 0.172106 0.353429 0.000000
vt -0.172106 0.353429 0.000000
vt 0.172106 0.318086 0.000000
vt -0.172106 0.318086 0.000000
vt 0.172106 0.282743 0.000000
vt -0.172106 0.282743 0.000000
vt 0.172106 0.247400 0.000000
vt -0.172106 0.247400 0.000000
vt 0.172106 0.212058 0.000000
vt -0.172106 0.212058 0.000000
vt 0.172106 0.176715 0.000000
vt -0.172106 0.176715 0.000000
vt 0.172106 0.141372 0.000000
vt -0.172106 0.141372 0.000000
vt 0.172106 0.106029 0.000000
vt -0.172106 0.106029 0.000000
vt 0.172106 0.070686 0.000000
vt -0.172106 0.070686 0.000000
vt 0.172106 0.035343 0.000000
vt -0.172106 0.035343 0.000000
vt 0.172106 0.000000 0.000000
vt -0.172106 0.000000 0.000000
vt 0.172106 -0.035343 0.000000
vt -0.172106 -0.035343 0.000000
vt 0.172106 -0.070686 0.000000
vt -0.172106 -0.070686 0.000000
vt 0.172106 -0.106029 0.000000
vt -0.172106 -0.106029 0.000000
vt 0.172106 -0.141372 0.000000
vt -0.172106 -0.141372 0.000000
vt 0.172106 -0.176715 0.000000
vt -0.172106 -0.176715 0.000000
vt 0.172106 -0.212058 0.000000
vt -0.172106 -0.212058 0.000000
vt 0.172106 -0.247400 0.000000
vt -0.172106 -0.247400 0.000000
vt 0.172106 -0.282743 0.000000
vt -0.172106 -0.282743 0.000000
vt 0.172106 -0.318086 0.000000
vt -0.172106 -0.318086 0.000000
vt 0.172106 -0.353429 0.000000
vt -0.172106 -0.353429 0.000000
vt -0.000000 -0.431969 0.000000
vt -0.257098 -0.431969 0.000000
vt -0.000000 -0.471239 0.000000
vt -0.257098 -0.471239 0.000000
vt -0.000000 0.471239 0.000000
vt -0.257098 0.471239 0.000000
vt -0.000000 0.431969 0.000000
vt -0.257098 0.431969 0.000000
vt -0.000000 0.392699 0.000000
vt -0.257098 0.392699 0.000000
vt -0.000000 0.353429 0.000000
vt -0.257098 0.353429 0.000000
vt -0.000000 0.314159 0.000000
vt -0.257098 0.314159 0.000000
vt -0.000000 0.274889 0.000000
vt -0.257098 0.274889 0.000000
vt -0.000000 0.235619 0.000000
vt -0.257098 0.235619 0.000000
vt -0.000000 0.196350 0.000000
vt -0.257098 0.196350 0.000000
vt -0.000000 0.157080 0.000000
vt -0.257098 0.157080 0.000000
vt -0.000000 0.117810 0.000000
vt -0.257098 0.117810 0.000000
vt -0.000000 0.078540 0.000000
vt -0.257098 0.078540 0.000000
vt -0.000000 0.039270 0.000000
vt -0.257098 0.039270 0.000000
vt -0.000000 0.000000 0.000000
vt -0.257098 0.000000 0.000000
vt -0.000000 -0.039270 0.000000
vt -0.257098 -0.039270 0.000000
vt -0.000000 -0.078540 0.000000
vt -0.257098 -0.078540 0.000000
vt -0.000000 -0.117810 0.000000
vt -0.257098 -0.117810 0.000000
vt -0.000000 -0.157080 0.000000
vt -0.257098 -0.157080 0.000000
vt -0.000000 -0.196350 0.000000
vt -0.257098 -0.196350 0.000000
vt -0.000000 -0.235619 0.000000
vt -0.257098 -0.235619 0.000000
vt -0.000000 -0.274889 0.000000
vt -0.257098 -0.274889 0.000000
vt -0.000000 -0.314159 0.000000
vt -0.257098 -0.314159 0.000000
vt -0.000000 -0.353429 0.000000
vt -0.257098 -0.353429 0.000000
vt -0.000000 -0.392699 0.000000
vt -0.257098 -0.392699 0.000000
vt -0.115911 -0.031058 0.000000
vt 0.115911 -0.031058 0.000000
vt -0.120000 0.000000 0.000000
vt 0.120000 0.000000 0.000000
vt -0.115911 0.031058 0.000000
vt 0.115911 0.031058 0.000000
vt -0.103923 0.060000 0.000000
vt 0.103923 0.060000 0.000000
vt -0.084853 0.084853 0.000000
vt 0.084853 0.084853 0.000000
vt -0.060000 0.103923 0.000000
vt 0.060000 0.103923 0.000000
vt -0.031058 0.115911 0.000000
vt 0.031058 0.115911 0.000000
vt 0.000000 0.120000 0.000000
vt 0.103923 -0.060000 0.000000
vt -0.103923 -0.060000 0.000000
vt 0.084853 -0.084853 0.000000
vt -0.084853 -0.084853 0.000000
vt 0.060000 -0.103923 0.000000
vt -0.060000 -0.103923 0.000000
vt 0.031058 -0.115911 0.000000
vt -0.031058 -0.115911 0.000000
vt 0.000000 -0.120000 0.000000
vt 0.172106 -0.388772 0.000000
vt -0.172106 -0.388772 0.000000
vt 0.172106 -0.424115 0.000000
vt -0.172106 -0.424115 0.000000
vt 0.172106 0.424115 0.000000
vt -0.172106 0.424115 0.000000
vt 0.172106 0.388772 0.000000
vt -0.172106 0.388772 0.000000
vt 0.172106 0.353429 0.000000
vt -0.172106 0.353429 0.000000
vt 0.172106 0.318086 0.000000
vt -0.172106 0.318086 0.000000
vt 0.172106 0.282743 0.000000
vt -0.172106 0.282743 0.000000
vt 0.172106 0.247400 0.000000
vt -0.172106 0.247400 0.000000
vt 0.172106 0.212058 0.000000
vt -0.172106 0.212058 0.000000
vt 0.172106 0.176715 0.000000
vt -0.172106 0.176715 0.000000
vt 0.172106 0.141372 0.000000
vt -0.172106 0.141372 0.000000
vt 0.172106 0.106029 0.000000
vt -0.172106 0.106029 0.000000
vt 0.172106 0.070686 0.000000
vt -0.172106 0.070686 0.000000
vt 0.172106 0.035343 0.000000
vt -0.172106 0.035343 0.000000
vt 0.172106 0.000000 0.000000
vt -0.172106 0.000000 0.000000
vt 0.172106 -0.035343 0.000000
vt -0.172106 -0.035343 0.000000
vt 0.172106 -0.070686 0.000000
vt -0.172106 -0.070686 0.000000
vt 0.172106 -0.106029 0.000000
vt -0.172106 -0.106029 0.000000
vt 0.172106 -0.141372 0.000000
vt -0.172106 -0.141372 0.000000
vt 0.172106 -0.176715 0.000000
vt -0.172106 -0.176715 0.000000
vt 0.172106 -0.212058 0.000000
vt -0.172106 -0.212058 0.000000
vt 0.172106 -0.247400 0.000000
vt -0.172106 -0.247400 0.000000
vt 0.172106 -0.282743 0.000000
vt -0.172106 -0.282743 0.000000
vt 0.172106 -0.318086 0.000000
vt -0.172106 -0.318086 0.000000
vt 0.172106 -0.353429 0.000000
vt -0.172106 -0.353429 0.000000
vt -0.000000 -0.431969 0.000000
vt -0.257098 -0.431969 0.000000
vt -0.000000 -0.471239 0.000000
vt -0.257098 -0.471239 0.000000
vt -0.000000 0.471239 0.000000
vt -0.257098 0.471239 0.000000
vt -0.000000 0.431969 0.000000
vt -0.257098 0.431969 0.000000
vt -0.000000 0.392699 0.000000
vt -0.257098 0.392699 0.000000
vt -0.000000 0.353429 0.000000
vt -0.257098 0.353429 0.000000
vt -0.000000 0.314159 0.000000
vt -0.257098 0.314159 0.000000
vt -0.000000 0.274889 0.000000
vt -0.257098 0.274889 0.000000
vt -0.000000 0.235619 0.000000
vt -0.257098 0.235619 0.000000
vt -0.000000 0.196350 0.000000
vt -0.257098 0.196350 0.000000
vt -0.000000 0.157080 0.000000
vt -0.257098 0.157080 0.000000
vt -0.000000 0.117810 0.000000
vt -0.257098 0.117810 0.000000
vt -0.000000 0.078540 0.000000
vt -0.257098 0.078540 0.000000
vt -0.000000 0.039270 0.000000
vt -0.257098 0.039270 0.000000
vt -0.000000 0.000000 0.000000
vt -0.257098 0.000000 0.000000
vt -0.000000 -0.039270 0.000000
vt -0.257098 -0.039270 0.000000
vt -0.000000 -0.078540 0.000000
vt -0.257098 -0.078540 0.000000
vt -0.000000 -0.117810 0.000000
vt -0.257098 -0.117810 0.000000
vt -0.000000 -0.157080 0.000000
vt -0.257098 -0.157080 0.000000
vt -0.000000 -0.196350 0.000000
vt -0.257098 -0.196350 0.000000
vt -0.000000 -0.235619 0.000000
vt -0.257098 -0.235619 0.000000
vt -0.000000 -0.274889 0.000000
vt -0.257098 -0.274889 0.000000
vt -0.000000 -0.314159 0.000000
vt -0.257098 -0.314159 0.000000
vt -0.000000 -0.353429 0.000000
vt -0.257098 -0.353429 0.000000
vt -0.000000 -0.392699 0.000000
vt -0.257098 -0.392699 0.000000
vt -0.115911 -0.031058 0.000000
vt 0.115911 -0.031058 0.000000
vt -0.120000 0.000000 0.000000
vt 0.120000 0.000000 0.000000
vt -0.115911 0.031058 0.000000
vt 0.115911 0.031058 0.000000
vt -0.103923 0.060000 0.000000
vt 0.103923 0.060000 0.000000
vt -0.084853 0.084853 0.000000
vt 0.084853 0.084853 0.000000
vt -0.060000 0.103923 0.000000
vt 0.060000 0.103923 0.000000
vt -0.031058 0.115911 0.000000
vt 0.031058 0.115911 0.000000
vt 0.000000 0.120000 0.000000
vt 0.103923 -0.060000 0.000000
vt -0.103923 -0.060000 0.000000
vt 0.084853 -0.084853 0.000000
vt -0.084853 -0.084853 0.000000
vt 0.060000 -0.103923 0.000000
vt -0.060000 -0.103923 0.000000
vt 0.031058 -0.115911 0.000000
vt -0.031058 -0.115911 0.000000
vt 0.000000 -0.120000 0.000000
vt 0.172106 -0.388772 0.000000
vt -0.172106 -0.388772 0.000000
vt 0.172106 -0.424115 0.000000
vt -0.172106 -0.424115 0.000000
vt 0.172106 0.424115 0.000000
vt -0.172106 0.424115 0.000000
vt 0.172106 0.388772 0.000000
vt -0.172106 0.388772 0.000000
vt 0.172106 0.353429 0.000000
vt -0.172106 0.353429 0.000000
vt 0.172106 0.318086 0.000000
vt -0.172106 0.318086 0.000000
vt 0.172106 0.282743 0.000000
vt -0.172106 0.282743 0.000000
vt 0.172106 0.247400 0.000000
vt -0.172106 0.247400 0.000000
vt 0.172106 0.212058 0.000000
vt -0.172106 0.212058 0.000000
vt 0.172106 0.176715 0.000000
vt -0.172106 0.176715 0.000000
vt 0.172106 0.141372 0.000000
vt -0.172106 0.141372 0.000000
vt 0.172106 0.106029 0.000000
vt -0.172106 0.106029 0.000000
vt 0.172106 0.070686 0.000000
vt -0.172106 0.070686 0.000000
vt 0.172106 0.035343 0.000000
vt -0.172106 0.035343 0.000000
vt 0.172106 0.000000 0.000000
vt -0.172106 0.000000 0.000000
vt 0.172106 -0.035343 0.000000
vt -0.172106 -0.035343 0.000000
vt 0.172106 -0.070686 0.000000
vt -0.172106 -0.070686 0.000000
vt 0.172106 -0.106029 0.000000
vt -0.172106 -0.106029 0.000000
vt 0.172106 -0.141372 0.000000
vt -0.172106 -0.141372 0.000000
vt 0.172106 -0.176715 0.000000
vt -0.172106 -0.176715 0.000000
vt 0.172106 -0.212058 0.000000
vt -0.172106 -0.212058 0.000000
vt 0.172106 -0.247400 0.000000
vt -0.172106 -0.247400 0.000000
vt 0.172106 -0.282743 0.000000
vt -0.172106 -0.282743 0.000000
vt 0.172106 -0.318086 0.000000
vt -0.172106 -0.318086 0.000000
vt 0.172106 -0.353429 0.000000
vt -0.172106 -0.353429 0.000000
vt -0.000000 -0.431969 0.000000
vt -0.257098 -0.431969 0.000000
vt -0.000000 -0.471239 0.000000
vt -0.257098 -0.471239 0.000000
vt -0.000000 0.471239 0.000000
vt -0.257098 0.471239 0.000000
vt -0.000000 0.431969 0.000000
vt -0.257098 0.431969 0.000000
vt -0.000000 0.392699 0.000000
vt -0.257098 0.392699 0.000000
vt -0.000000 0.353429 0.000000
vt -0.257098 0.353429 0.000000
vt -0.000000 0.314159 0.000000
vt -0.257098 0.314159 0.000000
vt -0.000000 0.274889 0.000000
vt -0.257098 0.274889 0.000000
vt -0.000000 0.235619 0.000000
vt -0.257098 0.235619 0.000000
vt -0.000000 0.196350 0.000000
vt -0.257098 0.196350 0.000000
vt -0.000000 0.157080 0.000000
vt -0.257098 0.157080 0.000000
vt -0.000000 0.117810 0.000000
vt -0.257098 0.117810 0.000000
vt -0.000000 0.078540 0.000000
vt -0.257098 0.078540 0.000000
vt -0.000000 0.039270 0.000000
vt -0.257098 0.039270 0.000000
vt -0.000000 0.000000 0.000000
vt -0.257098 0.000000 0.000000
vt -0.000000 -0.039270 0.000000
vt -0.257098 -0.039270 0.000000
vt -0.000000 -0.078540 0.000000
vt -0.257098 -0.078540 0.000000
vt -0.000000 -0.117810 0.000000
vt -0.257098 -0.117810 0.000000
vt -0.000000 -0.157080 0.000000
vt -0.257098 -0.157080 0.000000
vt -0.000000 -0.196350 0.000000
vt -0.257098 -0.196350 0.000000
vt -0.000000 -0.235619 0.000000
vt -0.257098 -0.235619 0.000000
vt -0.000000 -0.274889 0.000000
vt -0.257098 -0.274889 0.000000
vt -0.000000 -0.314159 0.000000
vt -0.257098 -0.314159 0.000000
vt -0.000000 -0.353429 0.000000
vt -0.257098 -0.353429 0.000000
vt -0.000000 -0.392699 0.000000
vt -0.257098 -0.392699 0.000000
vt -0.115911 -0.031058 0.000000
vt 0.115911 -0.031058 0.000000
vt -0.120000 0.000000 0.000000
vt 0.120000 0.000000 0.000000
vt -0.115911 0.031058 0.000000
vt 0.115911 0.031058 0.000000
vt -0.103923 0.060000 0.000000
vt 0.103923 0.060000 0.000000
vt -0.084853 0.084853 0.000000
vt 0.084853 0.084853 0.000000
vt -0.060000 0.103923 0.000000
vt 0.060000 0.103923 0.000000
vt -0.031058 0.115911 0.000000
vt 0.031058 0.115911 0.000000
vt 0.000000 0.120000 0.000000
vt 0.103923 -0.060000 0.000000
vt -0.103923 -0.060000 0.000000
vt 0.084853 -0.084853 0.000000
vt -0.084853 -0.084853 0.000000
vt 0.060000 -0.103923 0.000000
vt -0.060000 -0.103923 0.000000
vt 0.031058 -0.115911 0.000000
vt -0.031058 -0.115911 0.000000
vt 0.000000 -0.120000 0.000000
vt 0.172106 -0.388772 0.000000
vt -0.172106 -0.388772 0.000000
vt 0.172106 -0.424115 0.000000
vt -0.172106 -0.424115 0.000000
vt 0.172106 0.424115 0.000000
vt -0.172106 0.424115 0.000000
vt 0.172106 0.388772 0.000000
vt -0.172106 0.388772 0.000000
vt 0.172106 0.353429 0.000000
vt -0.172106 0.353429 0.000000
vt 0.172106 0.318086 0.000000
vt -0.172106 0.318086 0.000000
vt 0.172106 0.282743 0.000000
vt -0.172106 0.282743 0.000000
vt 0.172106 0.247400 0.000000
vt -0.172106 0.247400 0.000000
vt 0.172106 0.212058 0.000000
vt -0.172106 0.212058 0.000000
vt 0.172106 0.176715 0.000000
vt -0.172106 0.176715 0.000000
vt 0.172106 0.141372 0.000000
vt -0.172106 0.141372 0.000000
vt 0.172106 0.106029 0.000000
vt -0.172106 0.106029 0.000000
vt 0.172106 0.070686 0.000000
vt -0.172106 0.070686 0.000000
vt 0.172106 0.035343 0.000000
vt -0.172106 0.035343 0.000000
vt 0.172106 0.000000 0.000000
vt -0.172106 0.000000 0.000000
vt 0.172106 -0.035343 0.000000
vt -0.172106 -0.035343 0.000000
vt 0.172106 -0.070686 0.000000
vt -0.172106 -0.070686 0.000000
vt 0.172106 -0.106029 0.000000
vt -0.172106 -0.106029 0.000000
vt 0.172106 -0.141372 0.000000
vt -0.172106 -0.141372 0.000000
vt 0.172106 -0.176715 0.000000
vt -0.172106 -0.176715 0.000000
vt 0.172106 -0.212058 0.000000
vt -0.172106 -0.212058 0.000000
vt 0.172106 -0.247400 0.000000
vt -0.172106 -0.247400 0.000000
vt 0.172106 -0.282743 0.000000
vt -0.172106 -0.282743 0.000000
vt 0.172106 -0.318086 0.000000
vt -0.172106 -0.318086 0.000000
vt 0.172106 -0.353429 0.000000
vt -0.172106 -0.353429 0.000000
vt -0.000000 -0.431969 0.000000
vt -0.257098 -0.431969 0.000000
vt -0.000000 -0.471239 0.000000
vt -0.257098 -0.471239 0.000000
vt -0.000000 0.471239 0.000000
vt -0.257098 0.471239 0.000000
vt -0.000000 0.431969 0.000000
vt -0.257098 0.431969 0.000000
vt -0.000000 0.392699 0.000000
vt -0.257098 0.392699 0.000000
vt -0.000000 0.353429 0.000000
vt -0.257098 0.353429 0.000000
vt -0.000000 0.314159 0.000000
vt -0.257098 0.314159 0.000000
vt -0.000000 0.274889 0.000000
vt -0.257098 0.274889 0.000000
vt -0.000000 0.235619 0.000000
vt -0.257098 0.235619 0.000000
vt -0.000000 0.196350 0.000000
vt -0.257098 0.196350 0.000000
vt -0.000000 0.157080 0.000000
vt -0.257098 0.157080 0.000000
vt -0.000000 0.117810 0.000000
vt -0.257098 0.117810 0.000000
vt -0.000000 0.078540 0.000000
vt -0.257098 0.078540 0.000000
vt -0.000000 0.039270 0.000000
vt -0.257098 0.039270 0.000000
vt -0.000000 0.000000 0.000000
vt -0.257098 0.000000 0.000000
vt -0.000000 -0.039270 0.000000
vt -0.257098 -0.039270 0.000000
vt -0.000000 -0.078540 0.000000
vt -0.257098 -0.078540 0.000000
vt -0.000000 -0.117810 0.000000
vt -0.257098 -0.117810 0.000000
vt -0.000000 -0.157080 0.000000
vt -0.257098 -0.157080 0.000000
vt -0.000000 -0.196350 0.000000
vt -0.257098 -0.196350 0.000000
vt -0.000000 -0.235619 0.000000
vt -0.257098 -0.235619 0.000000
vt -0.000000 -0.274889 0.000000
vt -0.257098 -0.274889 0.000000
vt -0.000000 -0.314159 0.000000
vt -0.257098 -0.314159 0.000000
vt -0.000000 -0.353429 0.000000
vt -0.257098 -0.353429 0.000000
vt -0.000000 -0.392699 0.000000
vt -0.257098 -0.392699 0.000000
vt -0.115911 -0.031058 0.000000
vt 0.115911 -0.031058 0.000000
vt -0.120000 0.000000 0.000000
vt 0.120000 0.000000 0.000000
vt -0.115911 0.031058 0.000000
vt 0.115911 0.031058 0.000000
vt -0.103923 0.060000 0.000000
vt 0.103923 0.060000 0.000000
vt -0.084853 0.084853 0.000000
vt 0.084853 0.084853 0.000000
vt -0.060000 0.103923 0.000000
vt 0.060000 0.103923 0.000000
vt -0.031058 0.115911 0.000000
vt 0.031058 0.115911 0.000000
vt 0.000000 0.120000 0.000000
vt 0.103923 -0.060000 0.000000
vt -0.103923 -0.060000 0.000000
vt 0.084853 -0.084853 0.000000
vt -0.084853 -0.084853 0.000000
vt 0.060000 -0.103923 0.000000
vt -0.060000 -0.103923 0.000000
vt 0.031058 -0.115911 0.000000
vt -0.031058 -0.115911 0.000000
vt 0.000000 -0.120000 0.000000
vt 0.172106 -0.388772 0.000000
vt -0.172106 -0.388772 0.000000
vt 0.172106 -0.424115 0.000000
vt -0.172106 -0.424115 0.000000
vt 0.172106 0.424115 0.000000
vt -0.172106 0.424115 0.000000
vt 0.172106 0.388772 0.000000
vt -0.172106 0.388772 0.000000
vt 0.172106 0.353429 0.000000
vt -0.172106 0.353429 0.000000
vt 0.172106 0.318086 0.000000
vt -0.172106 0.318086 0.000000
vt 0.172106 0.282743 0.000000
vt -0.172106 0.282743 0.000000
vt 0.172106 0.247400 0.000000
vt -0.172106 0.247400 0.000000
vt 0.172106 0.212058 0.000000
vt -0.172106 0.212058 0.000000
vt 0.172106 0.176715 0.000000
vt -0.172106 0.176715 0.000000
vt 0.172106 0.141372 0.000000
vt -0.172106 0.141372 0.000000
vt 0.172106 0.106029 0.000000
vt -0.172106 0.106029 0.000000
vt 0.172106 0.070686 0.000000
vt -0.172106 0.070686 0.000000
vt 0.172106 0.035343 0.000000
vt -0.172106 0.035343 0.000000
vt 0.172106 0.000000 0.000000
vt -0.172106 0.000000 0.000000
vt 0.172106 -0.035343 0.000000
vt -0.172106 -0.035343 0.000000
vt 0.172106 -0.070686 0.000000
vt -0.172106 -0.070686 0.000000
vt 0.172106 -0.106029 0.000000
vt -0.172106 -0.106029 0.000000
vt 0.172106 -0.141372 0.000000
vt -0.172106 -0.141372 0.000000
vt 0.172106 -0.176715 0.000000
vt -0.172106 -0.176715 0.000000
vt 0.172106 -0.212058 0.000000
vt -0.172106 -0.212058 0.000000
vt 0.172106 -0.247400 0.000000
vt -0.172106 -0.247400 0.000000
vt 0.172106 -0.282743 0.000000
vt -0.172106 -0.282743 0.000000
vt 0.172106 -0.318086 0.000000
vt -0.172106 -0.318086 0.000000
vt 0.172106 -0.353429 0.000000
vt -0.172106 -0.353429 0.000000
vt -0.000000 -0.431969 0.000000
vt -0.257098 -0.431969 0.000000
vt -0.000000 -0.471239 0.000000
vt -0.257098 -0.471239 0.000000
vt -0.000000 0.471239 0.000000
vt -0.257098 0.471239 0.000000
vt -0.000000 0.431969 0.000000
vt -0.257098 0.431969 0.000000
vt -0.000000 0.392699 0.000000
vt -0.257098 0.392699 0.000000
vt -0.000000 0.353429 0.000000
vt -0.257098 0.353429 0.000000
vt -0.000000 0.314159 0.000000
vt -0.257098 0.314159 0.000000
vt -0.000000 0.274889 0.000000
vt -0.257098 0.274889 0.000000
vt -0.000000 0.235619 0.000000
vt -0.257098 0.235619 0.000000
vt -0.000000 0.196350 0.000000
vt -0.257098 0.196350 0.000000
vt -0.000000 0.157080 0.000000
vt -0.257098 0.157080 0.000000
vt -0.000000 0.117810 0.000000
vt -0.257098 0.117810 0.000000
vt -0.000000 0.078540 0.000000
vt -0.257098 0.078540 0.000000
vt -0.000000 0.039270 0.000000
vt -0.257098 0.039270 0.000000
vt -0.000000 0.000000 0.000000
vt -0.257098 0.000000 0.000000
vt -0.000000 -0.039270 0.000000
vt -0.257098 -0.039270 0.000000
vt -0.000000 -0.078540 0.000000
vt -0.257098 -0.078540 0.000000
vt -0.000000 -0.117810 0.000000
vt -0.257098 -0.117810 0.000000
vt -0.000000 -0.157080 0.000000
vt -0.257098 -0.157080 0.000000
vt -0.000000 -0.196350 0.000000
vt -0.257098 -0.196350 0.000000
vt -0.000000 -0.235619 0.000000
vt -0.257098 -0.235619 0.000000
vt -0.000000 -0.274889 0.000000
vt -0.257098 -0.274889 0.000000
vt -0.000000 -0.314159 0.000000
vt -0.257098 -0.314159 0.000000
vt -0.000000 -0.353429 0.000000
vt -0.257098 -0.353429 0.000000
vt -0.000000 -0.392699 0.000000
vt -0.257098 -0.392699 0.000000
vt -0.115911 -0.031058 0.000000
vt 0.115911 -0.031058 0.000000
vt -0.120000 0.000000 0.000000
vt 0.120000 0.000000 0.000000
vt -0.115911 0.031058 0.000000
vt 0.115911 0.031058 0.000000
vt -0.103923 0.060000 0.000000
vt 0.103923 0.060000 0.000000
vt -0.084853 0.084853 0.000000
vt 0.084853 0.084853 0.000000
vt -0.060000 0.103923 0.000000
vt 0.060000 0.103923 0.000000
vt -0.031058 0.115911 0.000000
vt 0.031058 0.115911 0.000000
vt 0.000000 0.120000 0.000000
vt 0.103923 -0.060000 0.000000
vt -0.103923 -0.060000 0.000000
vt 0.084853 -0.084853 0.000000
vt -0.084853 -0.084853 0.000000
vt 0.060000 -0.103923 0.000000
vt -0.060000 -0.103923 0.000000
vt 0.031058 -0.115911 0.000000
vt -0.031058 -0.115911 0.000000
vt 0.000000 -0.120000 0.000000
vt 0.172106 -0.388772 0.000000
vt -0.172106 -0.388772 0.000000
vt 0.172106 -0.424115 0.000000
vt -0.172106 -0.424115 0.000000
vt 0.172106 0.424115 0.000000
vt -0.172106 0.424115 0.000000
vt 0.172106 0.388772 0.000000
vt -0.172106 0.388772 0.000000
vt 0.172106 0.353429 0.000000
vt -0.172106 0.353429 0.000000
vt 0.172106 0.318086 0.000000
vt -0.172106 0.318086 0.000000
vt 0.172106 0.282743 0.000000
vt -0.172106 0.282743 0.000000
vt 0.172106 0.247400 0.000000
vt -0.172106 0.247400 0.000000
vt 0.172106 0.212058 0.000000
vt -0.172106 0.212058 0.000000
vt 0.172106 0.176715 0.000000
vt -0.172106 0.176715 0.000000
vt 0.172106 0.141372 0.000000
vt -0.172106 0.141372 0.000000
vt 0.172106 0.106029 0.000000
vt -0.172106 0.106029 0.000000
vt 0.172106 0.070686 0.000000
vt -0.172106 0.070686 0.000000
vt 0.172106 0.035343 0.000000
vt -0.172106 0.035343 0.000000
vt 0.172106 0.000000 0.000000
vt -0.172106 0.000000 0.000000
vt 0.172106 -0.035343 0.000000
vt -0.172106 -0.035343 0.000000
vt 0.172106 -0.070686 0.000000
vt -0.172106 -0.070686 0.000000
vt 0.172106 -0.106029 0.000000
vt -0.172106 -0.106029 0.000000
vt 0.172106 -0.141372 0.000000
vt -0.172106 -0.141372 0.000000
vt 0.172106 -0.176715 0.000000
vt -0.172106 -0.176715 0.000000
vt 0.172106 -0.212058 0.000000
vt -0.172106 -0.212058 0.000000
vt 0.172106 -0.247400 0.000000
vt -0.172106 -0.247400 0.000000
vt 0.172106 -0.282743 0.000000
vt -0.172106 -0.282743 0.000000
vt 0.172106 -0.318086 0.000000
vt -0.172106 -0.318086 0.000000
vt 0.172106 -0.353429 0.000000
vt -0.172106 -0.353429 0.000000
vt -0.000000 -0.431969 0.000000
vt -0.257098 -0.431969 0.000000
vt -0.000000 -0.471239 0.000000
vt -0.257098 -0.471239 0.000000
vt -0.000000 0.471239 0.000000
vt -0.257098 0.471239 0.000000
vt -0.000000 0.431969 0.000000
vt -0.257098 0.431969 0.000000
vt -0.000000 0.392699 0.000000
vt -0.257098 0.392699 0.000000
vt -0.000000 0.353429 0.000000
vt -0.257098 0.353429 0.000000
vt -0.000000 0.314159 0.000000
vt -0.257098 0.314159 0.000000
vt -0.000000 0.274889 0.000000
vt -0.257098 0.274889 0.000000
vt -0.000000 0.235619 0.000000
vt -0.257098 0.235619 0.000000
vt -0.000000 0.196350 0.000000
vt -0.257098 0.196350 0.000000
vt -0.000000 0.157080 0.000000
vt -0.257098 0.157080 0.000000
vt -0.000000 0.117810 0.000000
vt -0.257098 0.117810 0.000000
vt -0.000000 0.078540 0.000000
vt -0.257098 0.078540 0.000000
vt -0.000000 0.039270 0.000000
vt -0.257098 0.039270 0.000000
vt -0.000000 0.000000 0.000000
vt -0.257098 0.000000 0.000000
vt -0.000000 -0.039270 0.000000
vt -0.257098 -0.039270 0.000000
vt -0.000000 -0.078540 0.000000
vt -0.257098 -0.078540 0.000000
vt -0.000000 -0.117810 0.000000
vt -0.257098 -0.117810 0.000000
vt -0.000000 -0.157080 0.000000
vt -0.257098 -0.157080 0.000000
vt -0.000000 -0.196350 0.000000
vt -0.257098 -0.196350 0.000000
vt -0.000000 -0.235619 0.000000
vt -0.257098 -0.235619 0.000000
vt -0.000000 -0.274889 0.000000
vt -0.257098 -0.274889 0.000000
vt -0.000000 -0.314159 0.000000
vt -0.257098 -0.314159 0.000000
vt -0.000000 -0.353429 0.000000
vt -0.257098 -0.353429 0.000000
vt -0.000000 -0.392699 0.000000
vt -0.257098 -0.392699 0.000000
vt -0.115911 -0.031058 0.000000
vt 0.115911 -0.031058 0.000000
vt -0.120000 0.000000 0.000000
vt 0.120000 0.000000 0.000000
vt -0.115911 0.031058 0.000000
vt 0.115911 0.031058 0.000000
vt -0.103923 0.060000 0.000000
vt 0.103923 0.060000 0.000000
vt -0.084853 0.084853 0.000000
vt 0.084853 0.084853 0.000000
vt -0.060000 0.103923 0.000000
vt 0.060000 0.103923 0.000000
vt -0.031058 0.115911 0.000000
vt 0.031058 0.115911 0.000000
vt 0.000000 0.120000 0.000000
vt 0.103923 -0.060000 0.000000
vt -0.103923 -0.060000 0.000000
vt 0.084853 -0.084853 0.000000
vt -0.084853 -0.084853 0.000000
vt 0.060000 -0.103923 0.000000
vt -0.060000 -0.103923 0.000000
vt 0.031058 -0.115911 0.000000
vt -0.031058 -0.115911 0.000000
vt 0.000000 -0.120000 0.000000
vt 0.172106 -0.388772 0.000000
vt -0.172106 -0.388772 0.000000
vt 0.172106 -0.424115 0.000000
vt -0.172106 -0.424115 0.000000
vt 0.172106 0.424115 0.000000
vt -0.172106 0.424115 0.000000
vt 0.172106 0.388772 0.000000
vt -0.172106 0.388772 0.000000
vt 0.172106 0.353429 0.000000
vt -0.172106 0.353429 0.000000
vt 0.172106 0.318086 0.000000
vt -0.172106 0.318086 0.000000
vt 0.172106 0.282743 0.000000
vt -0.172106 0.282743 0.000000
vt 0.172106 0.247400 0.000000
vt -0.172106 0.247400 0.000000
vt 0.172106 0.212058 0.000000
vt -0.172106 0.212058 0.000000
vt 0.172106 0.176715 0.000000
vt -0.172106 0.176715 0.000000
vt 0.172106 0.141372 0.000000
vt -0.172106 0.141372 0.000000
vt 0.172106 0.106029 0.000000
vt -0.172106 0.106029 0.000000
vt 0.172106 0.070686 0.000000
vt -0.172106 0.070686 0.000000
vt 0.172106 0.035343 0.000000
vt -0.172106 0.035343 0.000000
vt 0.172106 0.000000 0.000000
vt -0.172106 0.000000 0.000000
vt 0.172106 -0.035343 0.000000
vt -0.172106 -0.035343 0.000000
vt 0.172106 -0.070686 0.000000
vt -0.172106 -0.070686 0.000000
vt 0.172106 -0.106029 0.000000
vt -0.172106 -0.106029 0.000000
vt 0.172106 -0.141372 0.000000
vt -0.172106 -0.141372 0.000000
vt 0.172106 -0.176715 0.000000
vt -0.172106 -0.176715 0.000000
vt 0.172106 -0.212058 0.000000
vt -0.172106 -0.212058 0.000000
vt 0.172106 -0.247400 0.000000
vt -0.172106 -0.247400 0.000000
vt 0.172106 -0.282743 0.000000
vt -0.172106 -0.282743 0.000000
vt 0.172106 -0.318086 0.000000
vt -0.172106 -0.318086 0.000000
vt 0.172106 -0.353429 0.000000
vt -0.172106 -0.353429 0.000000
vt -0.000000 -0.431969 0.000000
vt -0.257098 -0.431969 0.000000
vt -0.000000 -0.471239 0.000000
vt -0.257098 -0.471239 0.000000
vt -0.000000 0.471239 0.000000
vt -0.257098 0.471239 0.000000
vt -0.000000 0.431969 0.000000
vt -0.257098 0.431969 0.000000
vt -0.000000 0.392699 0.000000
vt -0.257098 0.392699 0.000000
vt -0.000000 0.353429 0.000000
vt -0.257098 0.353429 0.000000
vt -0.000000 0.314159 0.000000
vt -0.257098 0.314159 0.000000
vt -0.000000 0.274889 0.000000
vt -0.257098 0.274889 0.000000
vt -0.000000 0.235619 0.000000
vt -0.257098 0.235619 0.000000
vt -0.000000 0.196350 0.000000
vt -0.257098 0.196350 0.000000
vt -0.000000 0.157080 0.000000
vt -0.257098 0.157080 0.000000
vt -0.000000 0.117810 0.000000
vt -0.257098 0.117810 0.000000
vt -0.000000 0.078540 0.000000
vt -0.257098 0.078540 0.000000
vt -0.000000 0.039270 0.000000
vt -0.257098 0.039270 0.000000
vt -0.000000 0.000000 0.000000
vt -0.257098 0.000000 0.000000
vt -0.000000 -0.039270 0.000000
vt -0.257098 -0.039270 0.000000
vt -0.000000 -0.078540 0.000000
vt -0.257098 -0.078540 0.000000
vt -0.000000 -0.117810 0.000000
vt -0.257098 -0.117810 0.000000
vt -0.000000 -0.157080 0.000000
vt -0.257098 -0.157080 0.000000
vt -0.000000 -0.196350 0.000000
vt -0.257098 -0.196350 0.000000
vt -0.000000 -0.235619 0.000000
vt -0.257098 -0.235619 0.000000
vt -0.000000 -0.274889 0.000000
vt -0.257098 -0.274889 0.000000
vt -0.000000 -0.314159 0.000000
vt -0.257098 -0.314159 0.000000
vt -0.000000 -0.353429 0.000000
vt -0.257098 -0.353429 0.000000
vt -0.000000 -0.392699 0.000000
vt -0.257098 -0.392699 0.000000
vt -0.115911 -0.031058 0.000000
vt 0.115911 -0.031058 0.000000
vt -0.120000 0.000000 0.000000
vt 0.120000 0.000000 0.000000
vt -0.115911 0.031058 0.000000
vt 0.115911 0.031058 0.000000
vt -0.103923 0.060000 0.000000
vt 0.103923 0.060000 0.000000
vt -0.084853 0.084853 0.000000
vt 0.084853 0.084853 0.000000
vt -0.060000 0.103923 0.000000
vt 0.060000 0.103923 0.000000
vt -0.031058 0.115911 0.000000
vt 0.031058 0.115911 0.000000
vt 0.000000 0.120000 0.000000
vt 0.103923 -0.060000 0.000000
vt -0.103923 -0.060000 0.000000
vt 0.084853 -0.084853 0.000000
vt -0.084853 -0.084853 0.000000
vt 0.060000 -0.103923 0.000000
vt -0.060000 -0.103923 0.000000
vt 0.031058 -0.115911 0.000000
vt -0.031058 -0.115911 0.000000
vt 0.000000 -0.120000 0.000000
vt 0.172106 -0.388772 0.000000
vt -0.172106 -0.388772 0.000000
vt 0.172106 -0.424115 0.000000
vt -0.172106 -0.424115 0.000000
vt 0.172106 0.424115 0.000000
vt -0.172106 0.424115 0.000000
vt 0.172106 0.388772 0.000000
vt -0.172106 0.388772 0.000000
vt 0.172106 0.353429 0.000000
vt -0.172106 0.353429 0.000000
vt 0.172106 0.318086 0.000000
vt -0.172106 0.318086 0.000000
vt 0.172106 0.282743 0.000000
vt -0.172106 0.282743 0.000000
vt 0.172106 0.247400 0.000000
vt -0.172106 0.247400 0.000000
vt 0.172106 0.212058 0.000000
vt -0.172106 0.212058 0.000000
vt 0.172106 0.176715 0.000000
vt -0.172106 0.176715 0.000000
vt 0.172106 0.141372 0.000000
vt -0.172106 0.141372 0.000000
vt 0.172106 0.106029 0.000000
vt -0.172106 0.106029 0.000000
vt 0.172106 0.070686 0.000000
vt -0.172106 0.070686 0.000000
vt 0.172106 0.035343 0.000000
vt -0.172106 0.035343 0.000000
vt 0.172106 0.000000 0.000000
vt -0.172106 0.000000 0.000000
vt 0.172106 -0.035343 0.000000
vt -0.172106 -0.035343 0.000000
vt 0.172106 -0.070686 0.000000
vt -0.172106 -0.070686 0.000000
vt 0.172106 -0.106029 0.000000
vt -0.172106 -0.106029 0.000000
vt 0.172106 -0.141372 0.000000
vt -0.172106 -0.141372 0.000000
vt 0.172106 -0.176715 0.000000
vt -0.172106 -0.176715 0.000000
vt 0.172106 -0.212058 0.000000
vt -0.172106 -0.212058 0.000000
vt 0.172106 -0.247400 0.000000
vt -0.172106 -0.247400 0.000000
vt 0.172106 -0.282743 0.000000
vt -0.172106 -0.282743 0.000000
vt 0.172106 -0.318086 0.000000
vt -0.172106 -0.318086 0.000000
vt 0.172106 -0.353429 0.000000
vt -0.172106 -0.353429 0.000000
vt -0.000000 -0.431969 0.000000
vt -0.257098 -0.431969 0.000000
vt -0.000000 -0.471239 0.000000
vt -0.257098 -0.471239 0.000000
vt -0.000000 0.471239 0.000000
vt -0.257098 0.471239 0.000000
vt -0.000000 0.431969 0.000000
vt -0.257098 0.431969 0.000000
vt -0.000000 0.392699 0.000000
vt -0.257098 0.392699 0.000000
vt -0.000000 0.353429 0.000000
vt -0.257098 0.353429 0.000000
vt -0.000000 0.314159 0.000000
vt -0.257098 0.314159 0.000000
vt -0.000000 0.274889 0.000000
vt -0.257098 0.274889 0.000000
vt -0.000000 0.235619 0.000000
vt -0.257098 0.235619 0.000000
vt -0.000000 0.196350 0.000000
vt -0.257098 0.196350 0.000000
vt -0.000000 0.157080 0.000000
vt -0.257098 0.157080 0.000000
vt -0.000000 0.117810 0.000000
vt -0.257098 0.117810 0.000000
vt -0.000000 0.078540 0.000000
vt -0.257098 0.078540 0.000000
vt -0.000000 0.039270 0.000000
vt -0.257098 0.039270 0.000000
vt -0.000000 0.000000 0.000000
vt -0.257098 0.000000 0.000000
vt -0.000000 -0.039270 0.000000
vt -0.257098 -0.039270 0.000000
vt -0.000000 -0.078540 0.000000
vt -0.257098 -0.078540 0.000000
vt -0.000000 -0.117810 0.000000
vt -0.257098 -0.117810 0.000000
vt -0.000000 -0.157080 0.000000
vt -0.257098 -0.157080 0.000000
vt -0.000000 -0.196350 0.000000
vt -0.257098 -0.196350 0.000000
vt -0.000000 -0.235619 0.000000
vt -0.257098 -0.235619 0.000000
vt -0.000000 -0.274889 0.000000
vt -0.257098 -0.274889 0.000000
vt -0.000000 -0.314159 0.000000
vt -0.257098 -0.314159 0.000000
vt -0.000000 -0.353429 0.000000
vt -0.257098 -0.353429 0.000000
vt -0.000000 -0.392699 0.000000
vt -0.257098 -0.392699 0.000000
vt -0.115911 -0.031058 0.000000
vt 0.115911 -0.031058 0.000000
vt -0.120000 0.000000 0.000000
vt 0.120000 0.000000 0.000000
vt -0.115911 0.031058 0.000000
vt 0.115911 0.031058 0.000000
vt -0.103923 0.060000 0.000000
vt 0.103923 0.060000 0.000000
vt -0.084853 0.084853 0.000000
vt 0.084853 0.084853 0.000000
vt -0.060000 0.103923 0.000000
vt 0.060000 0.103923 0.000000
vt -0.031058 0.115911 0.000000
vt 0.031058 0.115911 0.000000
vt 0.000000 0.120000 0.000000
vt 0.103923 -0.060000 0.000000
vt -0.103923 -0.060000 0.000000
vt 0.084853 -0.084853 0.000000
vt -0.084853 -0.084853 0.000000
vt 0.060000 -0.103923 0.000000
vt -0.060000 -0.103923 0.000000
vt 0.031058 -0.115911 0.000000
vt -0.031058 -0.115911 0.000000
vt 0.000000 -0.120000 0.000000
vt 0.172106 -0.388772 0.000000
vt -0.172106 -0.388772 0.000000
vt 0.172106 -0.424115 0.000000
vt -0.172106 -0.424115 0.000000
vt 0.172106 0.424115 0.000000
vt -0.172106 0.424115 0.000000
vt 0.172106 0.388772 0.000000
vt -0.172106 0.388772 0.000000
vt 0.172106 0.353429 0.000000
vt -0.172106 0.353429 0.000000
vt 0.172106 0.318086 0.000000
vt -0.172106 0.318086 0.000000
vt 0.172106 0.282743 0.000000
vt -0.172106 0.282743 0.000000
vt 0.172106 0.247400 0.000000
vt -0.172106 0.247400 0.000000
vt 0.172106 0.212058 0.000000
vt -0.172106 0.212058 0.000000
vt 0.172106 0.176715 0.000000
vt -0.172106 0.176715 0.000000
vt 0.172106 0.141372 0.000000
vt -0.172106 0.141372 0.000000
vt 0.172106 0.106029 0.000000
vt -0.172106 0.106029 0.000000
vt 0.172106 0.070686 0.000000
vt -0.172106 0.070686 0.000000
vt 0.172106 0.035343 0.000000
vt -0.172106 0.035343 0.000000
vt 0.172106 0.000000 0.000000
vt -0.172106 0.000000 0.000000
vt 0.172106 -0.035343 0.000000
vt -0.172106 -0.035343 0.000000
vt 0.172106 -0.070686 0.000000
vt -0.172106 -0.070686 0.000000
vt 0.172106 -0.106029 0.000000
vt -0.172106 -0.106029 0.000000
vt 0.172106 -0.141372 0.000000
vt -0.172106 -0.141372 0.000000
vt 0.172106 -0.176715 0.000000
vt -0.172106 -0.176715 0.000000
vt 0.172106 -0.212058 0.000000
vt -0.172106 -0.212058 0.000000
vt 0.172106 -0.247400 0.000000
vt -0.172106 -0.247400 0.000000
vt 0.172106 -0.282743 0.000000
vt -0.172106 -0.282743 0.000000
vt 0.172106 -0.318086 0.000000
vt -0.172106 -0.318086 0.000000
vt 0.172106 -0.353429 0.000000
vt -0.172106 -0.353429 0.000000
vt -0.000000 -0.431969 0.000000
vt -0.257098 -0.431969 0.000000
vt -0.000000 -0.471239 0.000000
vt -0.257098 -0.471239 0.000000
vt -0.000000 0.471239 0.000000
vt -0.257098 0.471239 0.000000
vt -0.000000 0.431969 0.000000
vt -0.257098 0.431969 0.000000
vt -0.000000 0.392699 0.000000
vt -0.257098 0.392699 0.000000
vt -0.000000 0.353429 0.000000
vt -0.257098 0.353429 0.000000
vt -0.000000 0.314159 0.000000
vt -0.257098 0.314159 0.000000
vt -0.000000 0.274889 0.000000
vt -0.257098 0.274889 0.000000
vt -0.000000 0.235619 0.000000
vt -0.257098 0.235619 0.000000
vt -0.000000 0.196350 0.000000
vt -0.257098 0.196350 0.000000
vt -0.000000 0.157080 0.000000
vt -0.257098 0.157080 0.000000
vt -0.000000 0.117810 0.000000
vt -0.257098 0.117810 0.000000
vt -0.000000 0.078540 0.000000
vt -0.257098 0.078540 0.000000
vt -0.000000 0.039270 0.000000
vt -0.257098 0.039270 0.000000
vt -0.000000 0.000000 0.000000
vt -0.257098 0.000000 0.000000
vt -0.000000 -0.039270 0.000000
vt -0.257098 -0.039270 0.000000
vt -0.000000 -0.078540 0.000000
vt -0.257098 -0.078540 0.000000
vt -0.000000 -0.117810 0.000000
vt -0.257098 -0.117810 0.000000
vt -0.000000 -0.157080 0.000000
vt -0.257098 -0.157080 0.000000
vt -0.000000 -0.196350 0.000000
vt -0.257098 -0.196350 0.000000
vt -0.000000 -0.235619 0.000000
vt -0.257098 -0.235619 0.000000
vt -0.000000 -0.274889 0.000000
vt -0.257098 -0.274889 0.000000
vt -0.000000 -0.314159 0.000000
vt -0.257098 -0.314159 0.000000
vt -0.000000 -0.353429 0.000000
vt -0.257098 -0.353429 0.000000
vt -0.000000 -0.392699 0.000000
vt -0.257098 -0.392699 0.000000
vt -0.115911 -0.031058 0.000000
vt 0.115911 -0.031058 0.000000
vt -0.120000 0.000000 0.000000
vt 0.120000 0.000000 0.000000
vt -0.115911 0.031058 0.000000
vt 0.115911 0.031058 0.000000
vt -0.103923 0.060000 0.000000
vt 0.103923 0.060000 0.000000
vt -0.084853 0.084853 0.000000
vt 0.084853 0.084853 0.000000
vt -0.060000 0.103923 0.000000
vt 0.060000 0.103923 0.000000
vt -0.031058 0.115911 0.000000
vt 0.031058 0.115911 0.000000
vt 0.000000 0.120000 0.000000
vt 0.103923 -0.060000 0.000000
vt -0.103923 -0.060000 0.000000
vt 0.084853 -0.084853 0.000000
vt -0.084853 -0.084853 0.000000
vt 0.060000 -0.103923 0.000000
vt -0.060000 -0.103923 0.000000
vt 0.031058 -0.115911 0.000000
vt -0.031058 -0.115911 0.000000
vt 0.000000 -0.120000 0.000000
vt 0.172106 -0.388772 0.000000
vt -0.172106 -0.388772 0.000000
vt 0.172106 -0.424115 0.000000
vt -0.172106 -0.424115 0.000000
vt 0.172106 0.424115 0.000000
vt -0.172106 0.424115 0.000000
vt 0.172106 0.388772 0.000000
vt -0.172106 0.388772 0.000000
vt 0.172106 0.353429 0.000000
vt -0.172106 0.353429 0.000000
vt 0.172106 0.318086 0.000000
vt -0.172106 0.318086 0.000000
vt 0.172106 0.282743 0.000000
vt -0.172106 0.282743 0.000000
vt 0.172106 0.247400 0.000000
vt -0.172106 0.247400 0.000000
vt 0.172106 0.212058 0.000000
vt -0.172106 0.212058 0.000000
vt 0.172106 0.176715 0.000000
vt -0.172106 0.176715 0.000000
vt 0.172106 0.141372 0.000000
vt -0.172106 0.141372 0.000000
vt 0.172106 0.106029 0.000000
vt -0.172106 0.106029 0.000000
vt 0.172106 0.070686 0.000000
vt -0.172106 0.070686 0.000000
vt 0.172106 0.035343 0.000000
vt -0.172106 0.035343 0.000000
vt 0.172106 0.000000 0.000000
vt -0.172106 0.000000 0.000000
vt 0.172106 -0.035343 0.000000
vt -0.172106 -0.035343 0.000000
vt 0.172106 -0.070686 0.000000
vt -0.172106 -0.070686 0.000000
vt 0.172106 -0.106029 0.000000
vt -0.172106 -0.106029 0.000000
vt 0.172106 -0.141372 0.000000
vt -0.172106 -0.141372 0.000000
vt 0.172106 -0.176715 0.000000
vt -0.172106 -0.176715 0.000000
vt 0.172106 -0.212058 0.000000
vt -0.172106 -0.212058 0.000000
vt 0.172106 -0.247400 0.000000
vt -0.172106 -0.247400 0.000000
vt 0.172106 -0.282743 0.000000
vt -0.172106 -0.282743 0.000000
vt 0.172106 -0.318086 0.000000
vt -0.172106 -0.318086 0.000000
vt 0.172106 -0.353429 0.000000
vt -0.172106 -0.353429 0.000000
vt -0.000000 -0.431969 0.000000
vt -0.257098 -0.431969 0.000000
vt -0.000000 -0.471239 0.000000
vt -0.257098 -0.471239 0.000000
vt -0.000000 0.471239 0.000000
vt -0.257098 0.471239 0.000000
vt -0.000000 0.431969 0.000000
vt -0.257098 0.431969 0.000000
vt -0.000000 0.392699 0.000000
vt -0.257098 0.392699 0.000000
vt -0.000000 0.353429 0.000000
vt -0.257098 0.353429 0.000000
vt -0.000000 0.314159 0.000000
vt -0.257098 0.314159 0.000000
vt -0.000000 0.274889 0.000000
vt -0.257098 0.274889 0.000000
vt -0.000000 0.235619 0.000000
vt -0.257098 0.235619 0.000000
vt -0.000000 0.196350 0.000000
vt -0.257098 0.196350 0.000000
vt -0.000000 0.157080 0.000000
vt -0.257098 0.157080 0.000000
vt -0.000000 0.117810 0.000000
vt -0.257098 0.117810 0.000000
vt -0.000000 0.078540 0.000000
vt -0.257098 0.078540 0.000000
vt -0.000000 0.039270 0.000000
vt -0.257098 0.039270 0.000000
vt -0.000000 0.000000 0.000000
vt -0.257098 0.000000 0.000000
vt -0.000000 -0.039270 0.000000
vt -0.257098 -0.039270 0.000000
vt -0.000000 -0.078540 0.000000
vt -0.257098 -0.078540 0.000000
vt -0.000000 -0.117810 0.000000
vt -0.257098 -0.117810 0.000000
vt -0.000000 -0.157080 0.000000
vt -0.257098 -0.157080 0.000000
vt -0.000000 -0.196350 0.000000
vt -0.257098 -0.196350 0.000000
vt -0.000000 -0.235619 0.000000
vt -0.257098 -0.235619 0.000000
vt -0.000000 -0.274889 0.000000
vt -0.257098 -0.274889 0.000000
vt -0.000000 -0.314159 0.000000
vt -0.257098 -0.314159 0.000000
vt -0.000000 -0.353429 0.000000
vt -0.257098 -0.353429 0.000000
vt -0.000000 -0.392699 0.000000
vt -0.257098 -0.392699 0.000000
vt -0.115911 -0.031058 0.000000
vt 0.115911 -0.031058 0.000000
vt -0.120000 0.000000 0.000000
vt 0.120000 0.000000 0.000000
vt -0.115911 0.031058 0.000000
vt 0.115911 0.031058 0.000000
vt -0.103923 0.060000 0.000000
vt 0.103923 0.060000 0.000000
vt -0.084853 0.084853 0.000000
vt 0.084853 0.084853 0.000000
vt -0.060000 0.103923 0.000000
vt 0.060000 0.103923 0.000000
vt -0.031058 0.115911 0.000000
vt 0.031058 0.115911 0.000000
vt 0.000000 0.120000 0.000000
vt 0.103923 -0.060000 0.000000
vt -0.103923 -0.060000 0.000000
vt 0.084853 -0.084853 0.000000
vt -0.084853 -0.084853 0.000000
vt 0.060000 -0.103923 0.000000
vt -0.060000 -0.103923 0.000000
vt 0.031058 -0.115911 0.000000
vt -0.031058 -0.115911 0.000000
vt 0.000000 -0.120000 0.000000
vt 0.172106 -0.388772 0.000000
vt -0.172106 -0.388772 0.000000
vt 0.172106 -0.424115 0.000000
vt -0.172106 -0.424115 0.000000
vt 0.172106 0.424115 0.000000
vt -0.172106 0.424115 0.000000
vt 0.172106 0.388772 0.000000
vt -0.172106 0.388772 0.000000
vt 0.172106 0.353429 0.000000
vt -0.172106 0.353429 0.000000
vt 0.172106 0.318086 0.000000
vt -0.172106 0.318086 0.000000
vt 0.172106 0.282743 0.000000
vt -0.172106 0.282743 0.000000
vt 0.172106 0.247400 0.000000
vt -0.172106 0.247400 0.000000
vt 0.172106 0.212058 0.000000
vt -0.172106 0.212058 0.000000
vt 0.172106 0.176715 0.000000
vt -0.172106 0.176715 0.000000
vt 0.172106 0.141372 0.000000
vt -0.172106 0.141372 0.000000
vt 0.172106 0.106029 0.000000
vt -0.172106 0.106029 0.000000
vt 0.172106 0.070686 0.000000
vt -0.172106 0.070686 0.000000
vt 0.172106 0.035343 0.000000
vt -0.172106 0.035343 0.000000
vt 0.172106 0.000000 0.000000
vt -0.172106 0.000000 0.000000
vt 0.172106 -0.035343 0.000000
vt -0.172106 -0.035343 0.000000
vt 0.172106 -0.070686 0.000000
vt -0.172106 -0.070686 0.000000
vt 0.172106 -0.106029 0.000000
vt -0.172106 -0.106029 0.000000
vt 0.172106 -0.141372 0.000000
vt -0.172106 -0.141372 0.000000
vt 0.172106 -0.176715 0.000000
vt -0.172106 -0.176715 0.000000
vt 0.172106 -0.212058 0.000000
vt -0.172106 -0.212058 0.000000
vt 0.172106 -0.247400 0.000000
vt -0.172106 -0.247400 0.000000
vt 0.172106 -0.282743 0.000000
vt -0.172106 -0.282743 0.000000
vt 0.172106 -0.318086 0.000000
vt -0.172106 -0.318086 0.000000
vt 0.172106 -0.353429 0.000000
vt -0.172106 -0.353429 0.000000
vt -0.000000 -0.431969 0.000000
vt -0.257098 -0.431969 0.000000
vt -0.000000 -0.471239 0.000000
vt -0.257098 -0.471239 0.000000
vt -0.000000 0.471239 0.000000
vt -0.257098 0.471239 0.000000
vt -0.000000 0.431969 0.000000
vt -0.257098 0.431969 0.000000
vt -0.000000 0.392699 0.000000
vt -0.257098 0.392699 0.000000
vt -0.000000 0.353429 0.000000
vt -0.257098 0.353429 0.000000
vt -0.000000 0.314159 0.000000
vt -0.257098 0.314159 0.000000
vt -0.000000 0.274889 0.000000
vt -0.257098 0.274889 0.000000
vt -0.000000 0.235619 0.000000
vt -0.257098 0.235619 0.000000
vt -0.000000 0.196350 0.000000
vt -0.257098 0.196350 0.000000
vt -0.000000 0.157080 0.000000
vt -0.257098 0.157080 0.000000
vt -0.000000 0.117810 0.000000
vt -0.257098 0.117810 0.000000
vt -0.000000 0.078540 0.000000
vt -0.257098 0.078540 0.000000
vt -0.000000 0.039270 0.000000
vt -0.257098 0.039270 0.000000
vt -0.000000 0.000000 0.000000
vt -0.257098 0.000000 0.000000
vt -0.000000 -0.039270 0.000000
vt -0.257098 -0.039270 0.000000
vt -0.000000 -0.078540 0.000000
vt -0.257098 -0.078540 0.000000
vt -0.000000 -0.117810 0.000000
vt -0.257098 -0.117810 0.000000
vt -0.000000 -0.157080 0.000000
vt -0.257098 -0.157080 0.000000
vt -0.000000 -0.196350 0.000000
vt -0.257098 -0.196350 0.000000
vt -0.000000 -0.235619 0.000000
vt -0.257098 -0.235619 0.000000
vt -0.000000 -0.274889 0.000000
vt -0.257098 -0.274889 0.000000
vt -0.000000 -0.314159 0.000000
vt -0.257098 -0.314159 0.000000
vt -0.000000 -0.353429 0.000000
vt -0.257098 -0.353429 0.000000
vt -0.000000 -0.392699 0.000000
vt -0.257098 -0.392699 0.000000
vt -0.115911 -0.031058 0.000000
vt 0.115911 -0.031058 0.000000
vt -0.120000 0.000000 0.000000
vt 0.120000 0.000000 0.000000
vt -0.115911 0.031058 0.000000
vt 0.115911 0.031058 0.000000
vt -0.103923 0.060000 0.000000
vt 0.103923 0.060000 0.000000
vt -0.084853 0.084853 0.000000
vt 0.084853 0.084853 0.000000
vt -0.060000 0.103923 0.000000
vt 0.060000 0.103923 0.000000
vt -0.031058 0.115911 0.000000
vt 0.031058 0.115911 0.000000
vt 0.000000 0.120000 0.000000
vt 0.103923 -0.060000 0.000000
vt -0.103923 -0.060000 0.000000
vt 0.084853 -0.084853 0.000000
vt -0.084853 -0.084853 0.000000
vt 0.060000 -0.103923 0.000000
vt -0.060000 -0.103923 0.000000
vt 0.031058 -0.115911 0.000000
vt -0.031058 -0.115911 0.000000
vt 0.000000 -0.120000 0.000000
vt 0.172106 -0.388772 0.000000
vt -0.172106 -0.388772 0.000000
vt 0.172106 -0.424115 0.000000
vt -0.172106 -0.424115 0.000000
vt 0.172106 0.424115 0.000000
vt -0.172106 0.424115 0.000000
vt 0.172106 0.388772 0.000000
vt -0.172106 0.388772 0.000000
vt 0.172106 0.353429 0.000000
vt -0.172106 0.353429 0.000000
vt 0.172106 0.318086 0.000000
vt -0.172106 0.318086 0.000000
vt 0.172106 0.282743 0.000000
vt -0.172106 0.282743 0.000000
vt 0.172106 0.247400 0.000000
vt -0.172106 0.247400 0.000000
vt 0.172106 0.212058 0.000000
vt -0.172106 0.212058 0.000000
vt 0.172106 0.176715 0.000000
vt -0.172106 0.176715 0.000000
vt 0.172106 0.141372 0.000000
vt -0.172106 0.141372 0.000000
vt 0.172106 0.106029 0.000000
vt -0.172106 0.106029 0.000000
vt 0.172106 0.070686 0.000000
vt -0.172106 0.070686 0.000000
vt 0.172106 0.035343 0.000000
vt -0.172106 0.035343 0.000000
vt 0.172106 0.000000 0.000000
vt -0.172106 0.000000 0.000000
vt 0.172106 -0.035343 0.000000
vt -0.172106 -0.035343 0.000000
vt 0.172106 -0.070686 0.000000
vt -0.172106 -0.070686 0.000000
vt 0.172106 -0.106029 0.000000
vt -0.172106 -0.106029 0.000000
vt 0.172106 -0.141372 0.000000
vt -0.172106 -0.141372 0.000000
vt 0.172106 -0.176715 0.000000
vt -0.172106 -0.176715 0.000000
vt 0.172106 -0.212058 0.000000
vt -0.172106 -0.212058 0.000000
vt 0.172106 -0.247400 0.000000
vt -0.172106 -0.247400 0.000000
vt 0.172106 -0.282743 0.000000
vt -0.172106 -0.282743 0.000000
vt 0.172106 -0.318086 0.000000
vt -0.172106 -0.318086 0.000000
vt 0.172106 -0.353429 0.000000
vt -0.172106 -0.353429 0.000000
vt -0.000000 -0.431969 0.000000
vt -0.257098 -0.431969 0.000000
vt -0.000000 -0.471239 0.000000
vt -0.257098 -0.471239 0.000000
vt -0.000000 0.471239 0.000000
vt -0.257098 0.471239 0.000000
vt -0.000000 0.431969 0.000000
vt -0.257098 0.431969 0.000000
vt -0.000000 0.392699 0.000000
vt -0.257098 0.392699 0.000000
vt -0.000000 0.353429 0.000000
vt -0.257098 0.353429 0.000000
vt -0.000000 0.314159 0.000000
vt -0.257098 0.314159 0.000000
vt -0.000000 0.274889 0.000000
vt -0.257098 0.274889 0.000000
vt -0.000000 0.235619 0.000000
vt -0.257098 0.235619 0.000000
vt -0.000000 0.196350 0.000000
vt -0.257098 0.196350 0.000000
vt -0.000000 0.157080 0.000000
vt -0.257098 0.157080 0.000000
vt -0.000000 0.117810 0.000000
vt -0.257098 0.117810 0.000000
vt -0.000000 0.078540 0.000000
vt -0.257098 0.078540 0.000000
vt -0.000000 0.039270 0.000000
vt -0.257098 0.039270 0.000000
vt -0.000000 0.000000 0.000000
vt -0.257098 0.000000 0.000000
vt -0.000000 -0.039270 0.000000
vt -0.257098 -0.039270 0.000000
vt -0.000000 -0.078540 0.000000
vt -0.257098 -0.078540 0.000000
vt -0.000000 -0.117810 0.000000
vt -0.257098 -0.117810 0.000000
vt -0.000000 -0.157080 0.000000
vt -0.257098 -0.157080 0.000000
vt -0.000000 -0.196350 0.000000
vt -0.257098 -0.196350 0.000000
vt -0.000000 -0.235619 0.000000
vt -0.257098 -0.235619 0.000000
vt -0.000000 -0.274889 0.000000
vt -0.257098 -0.274889 0.000000
vt -0.000000 -0.314159 0.000000
vt -0.257098 -0.314159 0.000000
vt -0.000000 -0.353429 0.000000
vt -0.257098 -0.353429 0.000000
vt -0.000000 -0.392699 0.000000
vt -0.257098 -0.392699 0.000000
vt -0.115911 -0.031058 0.000000
vt 0.115911 -0.031058 0.000000
vt -0.120000 0.000000 0.000000
vt 0.120000 0.000000 0.000000
vt -0.115911 0.031058 0.000000
vt 0.115911 0.031058 0.000000
vt -0.103923 0.060000 0.000000
vt 0.103923 0.060000 0.000000
vt -0.084853 0.084853 0.000000
vt 0.084853 0.084853 0.000000
vt -0.060000 0.103923 0.000000
vt 0.060000 0.103923 0.000000
vt -0.031058 0.115911 0.000000
vt 0.031058 0.115911 0.000000
vt 0.000000 0.120000 0.000000
vt 0.103923 -0.060000 0.000000
vt -0.103923 -0.060000 0.000000
vt 0.084853 -0.084853 0.000000
vt -0.084853 -0.084853 0.000000
vt 0.060000 -0.103923 0.000000
vt -0.060000 -0.103923 0.000000
vt 0.031058 -0.115911 0.000000
vt -0.031058 -0.115911 0.000000
vt 0.000000 -0.120000 0.000000
vt 0.172106 -0.388772 0.000000
vt -0.172106 -0.388772 0.000000
vt 0.172106 -0.424115 0.000000
vt -0.172106 -0.424115 0.000000
vt 0.172106 0.424115 0.000000
vt -0.172106 0.424115 0.000000
vt 0.172106 0.388772 0.000000
vt -0.172106 0.388772 0.000000
vt 0.172106 0.353429 0.000000
vt -0.172106 0.353429 0.000000
vt 0.172106 0.318086 0.000000
vt -0.172106 0.318086 0.000000
vt 0.172106 0.282743 0.000000
vt -0.172106 0.282743 0.000000
vt 0.172106 0.247400 0.000000
vt -0.172106 0.247400 0.000000
vt 0.172106 0.212058 0.000000
vt -0.172106 0.212058 0.000000
vt 0.172106 0.176715 0.000000
vt -0.172106 0.176715 0.000000
vt 0.172106 0.141372 0.000000
vt -0.172106 0.141372 0.000000
vt 0.172106 0.106029 0.000000
vt -0.172106 0.106029 0.000000
vt 0.172106 0.070686 0.000000
vt -0.172106 0.070686 0.000000
vt 0.172106 0.035343 0.000000
vt -0.172106 0.035343 0.000000
vt 0.172106 0.000000 0.000000
vt -0.172106 0.000000 0.000000
vt 0.172106 -0.035343 0.000000
vt -0.172106 -0.035343 0.000000
vt 0.172106 -0.070686 0.000000
vt -0.172106 -0.070686 0.000000
vt 0.172106 -0.106029 0.000000
vt -0.172106 -0.106029 0.000000
vt 0.172106 -0.141372 0.000000
vt -0.172106 -0.141372 0.000000
vt 0.172106 -0.176715 0.000000
vt -0.172106 -0.176715 0.000000
vt 0.172106 -0.212058 0.000000
vt -0.172106 -0.212058 0.000000
vt 0.172106 -0.247400 0.000000
vt -0.172106 -0.247400 0.000000
vt 0.172106 -0.282743 0.000000
vt -0.172106 -0.282743 0.000000
vt 0.172106 -0.318086 0.000000
vt -0.172106 -0.318086 0.000000
vt 0.172106 -0.353429 0.000000
vt -0.172106 -0.353429 0.000000
vt -0.000000 -0.431969 0.000000
vt -0.257098 -0.431969 0.000000
vt -0.000000 -0.471239 0.000000
vt -0.257098 -0.471239 0.000000
vt -0.000000 0.471239 0.000000
vt -0.257098 0.471239 0.000000
vt -0.000000 0.431969 0.000000
vt -0.257098 0.431969 0.000000
vt -0.000000 0.392699 0.000000
vt -0.257098 0.392699 0.000000
vt -0.000000 0.353429 0.000000
vt -0.257098 0.353429 0.000000
vt -0.000000 0.314159 0.000000
vt -0.257098 0.314159 0.000000
vt -0.000000 0.274889 0.000000
vt -0.257098 0.274889 0.000000
vt -0.000000 0.235619 0.000000
vt -0.257098 0.235619 0.000000
vt -0.000000 0.196350 0.000000
vt -0.257098 0.196350 0.000000
vt -0.000000 0.157080 0.000000
vt -0.257098 0.157080 0.000000
vt -0.000000 0.117810 0.000000
vt -0.257098 0.117810 0.000000
vt -0.000000 0.078540 0.000000
vt -0.257098 0.078540 0.000000
vt -0.000000 0.039270 0.000000
vt -0.257098 0.039270 0.000000
vt -0.000000 0.000000 0.000000
vt -0.257098 0.000000 0.000000
vt -0.000000 -0.039270 0.000000
vt -0.257098 -0.039270 0.000000
vt -0.000000 -0.078540 0.000000
vt -0.257098 -0.078540 0.000000
vt -0.000000 -0.117810 0.000000
vt -0.257098 -0.117810 0.000000
vt -0.000000 -0.157080 0.000000
vt -0.257098 -0.157080 0.000000
vt -0.000000 -0.196350 0.000000
vt -0.257098 -0.196350 0.000000
vt -0.000000 -0.235619 0.000000
vt -0.257098 -0.235619 0.000000
vt -0.000000 -0.274889 0.000000
vt -0.257098 -0.274889 0.000000
vt -0.000000 -0.314159 0.000000
vt -0.257098 -0.314159 0.000000
vt -0.000000 -0.353429 0.000000
vt -0.257098 -0.353429 0.000000
vt -0.000000 -0.392699 0.000000
vt -0.257098 -0.392699 0.000000
vt -0.115911 -0.031058 0.000000
vt 0.115911 -0.031058 0.000000
vt -0.120000 0.000000 0.000000
vt 0.120000 0.000000 0.000000
vt -0.115911 0.031058 0.000000
vt 0.115911 0.031058 0.000000
vt -0.103923 0.060000 0.000000
vt 0.103923 0.060000 0.000000
vt -0.084853 0.084853 0.000000
vt 0.084853 0.084853 0.000000
vt -0.060000 0.103923 0.000000
vt 0.060000 0.103923 0.000000
vt -0.031058 0.115911 0.000000
vt 0.031058 0.115911 0.000000
vt 0.000000 0.120000 0.000000
vt 0.103923 -0.060000 0.000000
vt -0.103923 -0.060000 0.000000
vt 0.084853 -0.084853 0.000000
vt -0.084853 -0.084853 0.000000
vt 0.060000 -0.103923 0.000000
vt -0.060000 -0.103923 0.000000
vt 0.031058 -0.115911 0.000000
vt -0.031058 -0.115911 0.000000
vt 0.000000 -0.120000 0.000000
vt 0.300000 -2.700342 0.000000
vt 0.000000 -2.700342 0.000000
vt 0.300000 -2.874557 0.000000
vt 0.000000 -2.874557 0.000000
vt 0.300000 2.874557 0.000000
vt 0.000000 2.874557 0.000000
vt 0.300000 2.700342 0.000000
vt -0.000000 2.700342 0.000000
vt 0.300000 2.526126 0.000000
vt -0.000000 2.526126 0.000000
vt 0.300000 2.351910 0.000000
vt -0.000000 2.351910 0.000000
vt 0.300000 2.177695 0.000000
vt -0.000000 2.177695 0.000000
vt 0.300000 2.003479 0.000000
vt -0.000000 2.003479 0.000000
vt 0.300000 1.829264 0.000000
vt -0.000000 1.829264 0.000000
vt 0.300000 1.655048 0.000000
vt -0.000000 1.655048 0.000000
vt 0.300000 1.480833 0.000000
vt -0.000000 1.480833 0.000000
vt 0.300000 1.306617 0.000000
vt 0.000000 1.306617 0.000000
vt 0.300000 1.132401 0.000000
vt 0.000000 1.132401 0.000000
vt 0.300000 0.958186 0.000000
vt -0.000000 0.958186 0.000000
vt 0.300000 0.783970 0.000000
vt 0.000000 0.783970 0.000000
vt 0.300000 0.609755 0.000000
vt 0.000000 0.609755 0.000000
vt 0.300000 0.435539 0.000000
vt 0.000000 0.435539 0.000000
vt 0.300000 0.261323 0.000000
vt 0.000000 0.261323 0.000000
vt 0.300000 0.087108 0.000000
vt -0.000000 0.087108 0.000000
vt 0.300000 -0.087108 0.000000
vt -0.000000 -0.087108 0.000000
vt 0.300000 -0.261323 0.000000
vt 0.000000 -0.261323 0.000000
vt 0.300000 -0.435539 0.000000
vt 0.000000 -0.435539 0.000000
vt 0.300000 -0.609755 0.000000
vt -0.000000 -0.609755 0.000000
vt 0.300000 -0.783970 0.000000
vt 0.000000 -0.783970 0.000000
vt 0.300000 -0.958186 0.000000
vt 0.000000 -0.958186 0.000000
vt 0.300000 -1.132401 0.000000
vt 0.000000 -1.132401 0.000000
vt 0.300000 -1.306617 0.000000
vt -0.000000 -1.306617 0.000000
vt 0.300000 -1.480833 0.000000
vt 0.000000 -1.480833 0.000000
vt 0.300000 -1.655048 0.000000
vt 0.000000 -1.655048 0.000000
vt 0.300000 -1.829264 0.000000
vt -0.000000 -1.829264 0.000000
vt 0.300000 -2.003479 0.000000
vt 0.000000 -2.003479 0.000000
vt 0.300000 -2.177695 0.000000
vt 0.000000 -2.177695 0.000000
vt 0.300000 -2.351910 0.000000
vt 0.000000 -2.351910 0.000000
vt 0.300000 -2.526126 0.000000
vt 0.000000 -2.526126 0.000000
vt 0.300000 -2.700342 0.000000
vt 0.000000 -2.700342 0.000000
vt 0.300000 -2.874557 0.000000
vt 0.000000 -2.874557 0.000000
vt 0.300000 2.874557 0.000000
vt 0.000000 2.874557 0.000000
vt 0.300000 2.700342 0.000000
vt -0.000000 2.700342 0.000000
vt 0.300000 2.526126 0.000000
vt -0.000000 2.526126 0.000000
vt 0.300000 2.351910 0.000000
vt -0.000000 2.351910 0.000000
vt 0.300000 2.177695 0.000000
vt -0.000000 2.177695 0.000000
vt 0.300000 2.003479 0.000000
vt -0.000000 2.003479 0.000000
vt 0.300000 1.829264 0.000000
vt -0.000000 1.829264 0.000000
vt 0.300000 1.655048 0.000000
vt -0.000000 1.655048 0.000000
vt 0.300000 1.480833 0.000000
vt -0.000000 1.480833 0.000000
vt 0.300000 1.306617 0.000000
vt 0.000000 1.306617 0.000000
vt 0.300000 1.132401 0.000000
vt 0.000000 1.132401 0.000000
vt 0.300000 0.958186 0.000000
vt 0.000000 0.958186 0.000000
vt 0.300000 0.783970 0.000000
vt -0.000000 0.783970 0.000000
vt 0.300000 0.609755 0.000000
vt 0.000000 0.609755 0.000000
vt 0.300000 0.435539 0.000000
vt 0.000000 0.435539 0.000000
vt 0.300000 0.261323 0.000000
vt -0.000000 0.261323 0.000000
vt 0.300000 0.087108 0.000000
vt 0.000000 0.087108 0.000000
vt 0.300000 -0.087108 0.000000
vt 0.000000 -0.087108 0.000000
vt 0.300000 -0.261323 0.000000
vt -0.000000 -0.261323 0.000000
vt 0.300000 -0.435539 0.000000
vt 0.000000 -0.435539 0.000000
vt 0.300000 -0.609755 0.000000
vt -0.000000 -0.609755 0.000000
vt 0.300000 -0.783970 0.000000
vt -0.000000 -0.783970 0.000000
vt 0.300000 -0.958186 0.000000
vt 0.000000 -0.958186 0.000000
vt 0.300000 -1.132401 0.000000
vt 0.000000 -1.132401 0.000000
vt 0.300000 -1.306617 0.000000
vt -0.000000 -1.306617 0.000000
vt 0.300000 -1.480833 0.000000
vt 0.000000 -1.480833 0.000000
vt 0.300000 -1.655048 0.000000
vt 0.000000 -1.655048 0.000000
vt 0.300000 -1.829264 0.000000
vt -0.000000 -1.829264 0.000000
vt 0.300000 -2.003479 0.000000
vt 0.000000 -2.003479 0.000000
vt 0.300000 -2.177695 0.000000
vt 0.000000 -2.177695 0.000000
vt 0.300000 -2.351910 0.000000
vt -0.000000 -2.351910 0.000000
vt 0.300000 -2.526126 0.000000
vt 0.000000 -2.526126 0.000000
vt 0.300000 -2.700342 0.000000
vt 0.000000 -2.700342 0.000000
vt 0.300000 -2.874557 0.000000
vt 0.000000 -2.874557 0.000000
vt 0.300000 2.874557 0.000000
vt 0.000000 2.874557 0.000000
vt 0.300000 2.700342 0.000000
vt -0.000000 2.700342 0.000000
vt 0.300000 2.526126 0.000000
vt -0.000000 2.526126 0.000000
vt 0.300000 2.351910 0.000000
vt -0.000000 2.351910 0.000000
vt 0.300000 2.177695 0.000000
vt -0.000000 2.177695 0.000000
vt 0.300000 2.003479 0.000000
vt -0.000000 2.003479 0.000000
vt 0.300000 1.829264 0.000000
vt -0.000000 1.829264 0.000000
vt 0.300000 1.655048 0.000000
vt -0.000000 1.655048 0.000000
vt 0.300000 1.480833 0.000000
vt -0.000000 1.480833 0.000000
vt 0.300000 1.306617 0.000000
vt -0.000000 1.306617 0.000000
vt 0.300000 1.132401 0.000000
vt 0.000000 1.132401 0.000000
vt 0.300000 0.958186 0.000000
vt 0.000000 0.958186 0.000000
vt 0.300000 0.783970 0.000000
vt 0.000000 0.783970 0.000000
vt 0.300000 0.609755 0.000000
vt 0.000000 0.609755 0.000000
vt 0.300000 0.435539 0.000000
vt 0.000000 0.435539 0.000000
vt 0.300000 0.261323 0.000000
vt 0.000000 0.261323 0.000000
vt 0.300000 0.087108 0.000000
vt 0.000000 0.087108 0.000000
vt 0.300000 -0.087108 0.000000
vt 0.000000 -0.087108 0.000000
vt 0.300000 -0.261323 0.000000
vt 0.000000 -0.261323 0.000000
vt 0.300000 -0.435539 0.000000
vt 0.000000 -0.435539 0.000000
vt 0.300000 -0.609755 0.000000
vt -0.000000 -0.609755 0.000000
vt 0.300000 -0.783970 0.000000
vt 0.000000 -0.783970 0.000000
vt 0.300000 -0.958186 0.000000
vt 0.000000 -0.958186 0.000000
vt 0.300000 -1.132401 0.000000
vt 0.000000 -1.132401 0.000000
vt 0.300000 -1.306617 0.000000
vt -0.000000 -1.306617 0.000000
vt 0.300000 -1.480833 0.000000
vt -0.000000 -1.480833 0.000000
vt 0.300000 -1.655048 0.000000
vt -0.000000 -1.655048 0.000000
vt 0.300000 -1.829264 0.000000
vt -0.000000 -1.829264 0.000000
vt 0.300000 -2.003479 0.000000
vt -0.000000 -2.003479 0.000000
vt 0.300000 -2.177695 0.000000
vt 0.000000 -2.177695 0.000000
vt 0.300000 -2.351910 0.000000
vt 0.000000 -2.351910 0.000000
vt 0.300000 -2.526126 0.000000
vt 0.000000 -2.526126 0.000000
vt 0.300000 -2.700342 0.000000
vt 0.000000 -2.700342 0.000000
vt 0.300000 -2.874557 0.000000
vt -0.000000 -2.874557 0.000000
vt 0.300000 2.874557 0.000000
vt -0.000000 2.874557 0.000000
vt 0.300000 2.700342 0.000000
vt -0.000000 2.700342 0.000000
vt 0.300000 2.526126 0.000000
vt -0.000000 2.526126 0.000000
vt 0.300000 2.351910 0.000000
vt -0.000000 2.351910 0.000000
vt 0.300000 2.177695 0.000000
vt -0.000000 2.177695 0.000000
vt 0.300000 2.003479 0.000000
vt -0.000000 2.003479 0.000000
vt 0.300000 1.829264 0.000000
vt -0.000000 1.829264 0.000000
vt 0.300000 1.655048 0.000000
vt -0.000000 1.655048 0.000000
vt 0.300000 1.480833 0.000000
vt -0.000000 1.480833 0.000000
vt 0.300000 1.306617 0.000000
vt 0.000000 1.306617 0.000000
vt 0.300000 1.132401 0.000000
vt -0.000000 1.132401 0.000000
vt 0.300000 0.958186 0.000000
vt -0.000000 0.958186 0.000000
vt 0.300000 0.783970 0.000000
vt 0.000000 0.783970 0.000000
vt 0.300000 0.609755 0.000000
vt -0.000000 0.609755 0.000000
vt 0.300000 0.435539 0.000000
vt 0.000000 0.435539 0.000000
vt 0.300000 0.261323 0.000000
vt -0.000000 0.261323 0.000000
vt 0.300000 0.087108 0.000000
vt 0.000000 0.087108 0.000000
vt 0.300000 -0.087108 0.000000
vt 0.000000 -0.087108 0.000000
vt 0.300000 -0.261323 0.000000
vt -0.000000 -0.261323 0.000000
vt 0.300000 -0.435539 0.000000
vt 0.000000 -0.435539 0.000000
vt 0.300000 -0.609755 0.000000
vt -0.000000 -0.609755 0.000000
vt 0.300000 -0.783970 0.000000
vt 0.000000 -0.783970 0.000000
vt 0.300000 -0.958186 0.000000
vt 0.000000 -0.958186 0.000000
vt 0.300000 -1.132401 0.000000
vt 0.000000 -1.132401 0.000000
vt 0.300000 -1.306617 0.000000
vt 0.000000 -1.306617 0.000000
vt 0.300000 -1.480833 0.000000
vt 0.000000 -1.480833 0.000000
vt 0.300000 -1.655048 0.000000
vt -0.000000 -1.655048 0.000000
vt 0.300000 -1.829264 0.000000
vt 0.000000 -1.829264 0.000000
vt 0.300000 -2.003479 0.000000
vt -0.000000 -2.003479 0.000000
vt 0.300000 -2.177695 0.000000
vt -0.000000 -2.177695 0.000000
vt 0.300000 -2.351910 0.000000
vt -0.000000 -2.351910 0.000000
vt 0.300000 -2.526126 0.000000
vt 0.000000 -2.526126 0.000000
vt 0.300000 -2.700342 0.000000
vt 0.000000 -2.700342 0.000000
vt 0.300000 -2.874557 0.000000
vt -0.000000 -2.874557 0.000000
vt 0.300000 2.874557 0.000000
vt -0.000000 2.874557 0.000000
vt 0.300000 2.700342 0.000000
vt -0.000000 2.700342 0.000000
vt 0.300000 2.526126 0.000000
vt -0.000000 2.526126 0.000000
vt 0.300000 2.351910 0.000000
vt -0.000000 2.351910 0.000000
vt 0.300000 2.177695 0.000000
vt -0.000000 2.177695 0.000000
vt 0.300000 2.003479 0.000000
vt -0.000000 2.003479 0.000000
vt 0.300000 1.829264 0.000000
vt -0.000000 1.829264 0.000000
vt 0.300000 1.655048 0.000000
vt -0.000000 1.655048 0.000000
vt 0.300000 1.480833 0.000000
vt -0.000000 1.480833 0.000000
vt 0.300000 1.306617 0.000000
vt 0.000000 1.306617 0.000000
vt 0.300000 1.132401 0.000000
vt 0.000000 1.132401 0.000000
vt 0.300000 0.958186 0.000000
vt -0.000000 0.958186 0.000000
vt 0.300000 0.783970 0.000000
vt 0.000000 0.783970 0.000000
vt 0.300000 0.609755 0.000000
vt -0.000000 0.609755 0.000000
vt 0.300000 0.435539 0.000000
vt 0.000000 0.435539 0.000000
vt 0.300000 0.261323 0.000000
vt 0.000000 0.261323 0.000000
vt 0.300000 0.087108 0.000000
vt -0.000000 0.087108 0.000000
vt 0.300000 -0.087108 0.000000
vt -0.000000 -0.087108 0.000000
vt 0.300000 -0.261323 0.000000
vt 0.000000 -0.261323 0.000000
vt 0.300000 -0.435539 0.000000
vt 0.000000 -0.435539 0.000000
vt 0.300000 -0.609755 0.000000
vt -0.000000 -0.609755 0.000000
vt 0.300000 -0.783970 0.000000
vt 0.000000 -0.783970 0.000000
vt 0.300000 -0.958186 0.000000
vt 0.000000 -0.958186 0.000000
vt 0.300000 -1.132401 0.000000
vt 0.000000 -1.132401 0.000000
vt 0.300000 -1.306617 0.000000
vt 0.000000 -1.306617 0.000000
vt 0.300000 -1.480833 0.000000
vt 0.000000 -1.480833 0.000000
vt 0.300000 -1.655048 0.000000
vt 0.000000 -1.655048 0.000000
vt 0.300000 -1.829264 0.000000
vt 0.000000 -1.829264 0.000000
vt 0.300000 -2.003479 0.000000
vt 0.000000 -2.003479 0.000000
vt 0.300000 -2.177695 0.000000
vt 0.000000 -2.177695 0.000000
vt 0.300000 -2.351910 0.000000
vt 0.000000 -2.351910 0.000000
vt 0.300000 -2.526126 0.000000
vt 0.000000 -2.526126 0.000000
vt 0.300000 -2.700342 0.000000
vt 0.000000 -2.700342 0.000000
vt 0.300000 -2.874557 0.000000
vt -0.000000 -2.874557 0.000000
vt 0.300000 2.874557 0.000000
vt -0.000000 2.874557 0.000000
vt 0.300000 2.700342 0.000000
vt -0.000000 2.700342 0.000000
vt 0.300000 2.526126 0.000000
vt -0.000000 2.526126 0.000000
vt 0.300000 2.351910 0.000000
vt -0.000000 2.351910 0.000000
vt 0.300000 2.177695 0.000000
vt -0.000000 2.177695 0.000000
vt 0.300000 2.003479 0.000000
vt -0.000000 2.003479 0.000000
vt 0.300000 1.829264 0.000000
vt -0.000000 1.829264 0.000000
vt 0.300000 1.655048 0.000000
vt -0.000000 1.655048 0.000000
vt 0.300000 1.480833 0.000000
vt -0.000000 1.480833 0.000000
vt 0.300000 1.306617 0.000000
vt 0.000000 1.306617 0.000000
vt 0.300000 1.132401 0.000000
vt 0.000000 1.132401 0.000000
vt 0.300000 0.958186 0.000000
vt 0.000000 0.958186 0.000000
vt 0.300000 0.783970 0.000000
vt -0.000000 0.783970 0.000000
vt 0.300000 0.609755 0.000000
vt -0.000000 0.609755 0.000000
vt 0.300000 0.435539 0.000000
vt 0.000000 0.435539 0.000000
vt 0.300000 0.261323 0.000000
vt -0.000000 0.261323 0.000000
vt 0.300000 0.087108 0.000000
vt 0.000000 0.087108 0.000000
vt 0.300000 -0.087108 0.000000
vt 0.000000 -0.087108 0.000000
vt 0.300000 -0.261323 0.000000
vt -0.000000 -0.261323 0.000000
vt 0.300000 -0.435539 0.000000
vt 0.000000 -0.435539 0.000000
vt 0.300000 -0.609755 0.000000
vt -0.000000 -0.609755 0.000000
vt 0.300000 -0.783970 0.000000
vt -0.000000 -0.783970 0.000000
vt 0.300000 -0.958186 0.000000
vt 0.000000 -0.958186 0.000000
vt 0.300000 -1.132401 0.000000
vt 0.000000 -1.132401 0.000000
vt 0.300000 -1.306617 0.000000
vt 0.000000 -1.306617 0.000000
vt 0.300000 -1.480833 0.000000
vt 0.000000 -1.480833 0.000000
vt 0.300000 -1.655048 0.000000
vt 0.000000 -1.655048 0.000000
vt 0.300000 -1.829264 0.000000
vt -0.000000 -1.829264 0.000000
vt 0.300000 -2.003479 0.000000
vt 0.000000 -2.003479 0.000000
vt 0.300000 -2.177695 0.000000
vt 0.000000 -2.177695 0.000000
vt 0.300000 -2.351910 0.000000
vt -0.000000 -2.351910 0.000000
vt 0.300000 -2.526126 0.000000
vt 0.000000 -2.526126 0.000000
vt 0.300000 -2.700342 0.000000
vt 0.000000 -2.700342 0.000000
vt 0.300000 -2.874557 0.000000
vt -0.000000 -2.874557 0.000000
vt 0.300000 2.874557 0.000000
vt -0.000000 2.874557 0.000000
vt 0.300000 2.700342 0.000000
vt -0.000000 2.700342 0.000000
vt 0.300000 2.526126 0.000000
vt -0.000000 2.526126 0.000000
vt 0.300000 2.351910 0.000000
vt -0.000000 2.351910 0.000000
vt 0.300000 2.177695 0.000000
vt -0.000000 2.177695 0.000000
vt 0.300000 2.003479 0.000000
vt -0.000000 2.003479 0.000000
vt 0.300000 1.829264 0.000000
vt -0.000000 1.829264 0.000000
vt 0.300000 1.655048 0.000000
vt -0.000000 1.655048 0.000000
vt 0.300000 1.480833 0.000000
vt -0.000000 1.480833 0.000000
vt 0.300000 1.306617 0.000000
vt 0.000000 1.306617 0.000000
vt 0.300000 1.132401 0.000000
vt 0.000000 1.132401 0.000000
vt 0.300000 0.958186 0.000000
vt 0.000000 0.958186 0.000000
vt 0.300000 0.783970 0.000000
vt -0.000000 0.783970 0.000000
vt 0.300000 0.609755 0.000000
vt -0.000000 0.609755 0.000000
vt 0.300000 0.435539 0.000000
vt 0.000000 0.435539 0.000000
vt 0.300000 0.261323 0.000000
vt 0.000000 0.261323 0.000000
vt 0.300000 0.087108 0.000000
vt 0.000000 0.087108 0.000000
vt 0.300000 -0.087108 0.000000
vt 0.000000 -0.087108 0.000000
vt 0.300000 -0.261323 0.000000
vt 0.000000 -0.261323 0.000000
vt 0.300000 -0.435539 0.000000
vt 0.000000 -0.435539 0.000000
vt 0.300000 -0.609755 0.000000
vt -0.000000 -0.609755 0.000000
vt 0.300000 -0.783970 0.000000
vt -0.000000 -0.783970 0.000000
vt 0.300000 -0.958186 0.000000
vt 0.000000 -0.958186 0.000000
vt 0.300000 -1.132401 0.000000
vt 0.000000 -1.132401 0.000000
vt 0.300000 -1.306617 0.000000
vt 0.000000 -1.306617 0.000000
vt 0.300000 -1.480833 0.000000
vt 0.000000 -1.480833 0.000000
vt 0.300000 -1.655048 0.000000
vt 0.000000 -1.655048 0.000000
vt 0.300000 -1.829264 0.000000
vt -0.000000 -1.829264 0.000000
vt 0.300000 -2.003479 0.000000
vt 0.000000 -2.003479 0.000000
vt 0.300000 -2.177695 0.000000
vt 0.000000 -2.177695 0.000000
vt 0.300000 -2.351910 0.000000
vt -0.000000 -2.351910 0.000000
vt 0.300000 -2.526126 0.000000
vt 0.000000 -2.526126 0.000000
vt 0.300000 -2.700342 0.000000
vt 0.000000 -2.700342 0.000000
vt 0.300000 -2.874557 0.000000
vt -0.000000 -2.874557 0.000000
vt 0.300000 2.874557 0.000000
vt -0.000000 2.874557 0.000000
vt 0.300000 2.700342 0.000000
vt -0.000000 2.700342 0.000000
vt 0.300000 2.526126 0.000000
vt -0.000000 2.526126 0.000000
vt 0.300000 2.351910 0.000000
vt -0.000000 2.351910 0.000000
vt 0.300000 2.177695 0.000000
vt -0.000000 2.177695 0.000000
vt 0.300000 2.003479 0.000000
vt -0.000000 2.003479 0.000000
vt 0.300000 1.829264 0.000000
vt -0.000000 1.829264 0.000000
vt 0.300000 1.655048 0.000000
vt -0.000000 1.655048 0.000000
vt 0.300000 1.480833 0.000000
vt -0.000000 1.480833 0.000000
vt 0.300000 1.306617 0.000000
vt -0.000000 1.306617 0.000000
vt 0.300000 1.132401 0.000000
vt 0.000000 1.132401 0.000000
vt 0.300000 0.958186 0.000000
vt 0.000000 0.958186 0.000000
vt 0.300000 0.783970 0.000000
vt 0.000000 0.783970 0.000000
vt 0.300000 0.609755 0.000000
vt -0.000000 0.609755 0.000000
vt 0.300000 0.435539 0.000000
vt 0.000000 0.435539 0.000000
vt 0.300000 0.261323 0.000000
vt 0.000000 0.261323 0.000000
vt 0.300000 0.087108 0.000000
vt -0.000000 0.087108 0.000000
vt 0.300000 -0.087108 0.000000
vt -0.000000 -0.087108 0.000000
vt 0.300000 -0.261323 0.000000
vt 0.000000 -0.261323 0.000000
vt 0.300000 -0.435539 0.000000
vt 0.000000 -0.435539 0.000000
vt 0.300000 -0.609755 0.000000
vt -0.000000 -0.609755 0.000000
vt 0.300000 -0.783970 0.000000
vt 0.000000 -0.783970 0.000000
vt 0.300000 -0.958186 0.000000
vt 0.000000 -0.958186 0.000000
vt 0.300000 -1.132401 0.000000
vt 0.000000 -1.132401 0.000000
vt 0.300000 -1.306617 0.000000
vt -0.000000 -1.306617 0.000000
vt 0.300000 -1.480833 0.000000
vt 0.000000 -1.480833 0.000000
vt 0.300000 -1.655048 0.000000
vt 0.000000 -1.655048 0.000000
vt 0.300000 -1.829264 0.000000
vt -0.000000 -1.829264 0.000000
vt 0.300000 -2.003479 0.000000
vt 0.000000 -2.003479 0.000000
vt 0.300000 -2.177695 0.000000
vt 0.000000 -2.177695 0.000000
vt 0.300000 -2.351910 0.000000
vt 0.000000 -2.351910 0.000000
vt 0.300000 -2.526126 0.000000
vt 0.000000 -2.526126 0.000000
vt 0.300000 -2.700342 0.000000
vt 0.000000 -2.700342 0.000000
vt 0.300000 -2.874557 0.000000
vt -0.000000 -2.874557 0.000000
vt 0.300000 2.874557 0.000000
vt -0.000000 2.874557 0.000000
vt 0.300000 2.700342 0.000000
vt -0.000000 2.700342 0.000000
vt 0.300000 2.526126 0.000000
vt -0.000000 2.526126 0.000000
vt 0.300000 2.351910 0.000000
vt -0.000000 2.351910 0.000000
vt 0.300000 2.177695 0.000000
vt -0.000000 2.177695 0.000000
vt 0.300000 2.003479 0.000000
vt -0.000000 2.003479 0.000000
vt 0.300000 1.829264 0.000000
vt -0.000000 1.829264 0.000000
vt 0.300000 1.655048 0.000000
vt -0.000000 1.655048 0.000000
vt 0.300000 1.480833 0.000000
vt -0.000000 1.480833 0.000000
vt 0.300000 1.306617 0.000000
vt 0.000000 1.306617 0.000000
vt 0.300000 1.132401 0.000000
vt 0.000000 1.132401 0.000000
vt 0.300000 0.958186 0.000000
vt 0.000000 0.958186 0.000000
vt 0.300000 0.783970 0.000000
vt -0.000000 0.783970 0.000000
vt 0.300000 0.609755 0.000000
vt -0.000000 0.609755 0.000000
vt 0.300000 0.435539 0.000000
vt 0.000000 0.435539 0.000000
vt 0.300000 0.261323 0.000000
vt -0.000000 0.261323 0.000000
vt 0.300000 0.087108 0.000000
vt 0.000000 0.087108 0.000000
vt 0.300000 -0.087108 0.000000
vt 0.000000 -0.087108 0.000000
vt 0.300000 -0.261323 0.000000
vt -0.000000 -0.261323 0.000000
vt 0.300000 -0.435539 0.000000
vt 0.000000 -0.435539 0.000000
vt 0.300000 -0.609755 0.000000
vt -0.000000 -0.609755 0.000000
vt 0.300000 -0.783970 0.000000
vt -0.000000 -0.783970 0.000000
vt 0.300000 -0.958186 0.000000
vt -0.000000 -0.958186 0.000000
vt 0.300000 -1.132401 0.000000
vt 0.000000 -1.132401 0.000000
vt 0.300000 -1.306617 0.000000
vt 0.000000 -1.306617 0.000000
vt 0.300000 -1.480833 0.000000
vt 0.000000 -1.480833 0.000000
vt 0.300000 -1.655048 0.000000
vt 0.000000 -1.655048 0.000000
vt 0.300000 -1.829264 0.000000
vt -0.000000 -1.829264 0.000000
vt 0.300000 -2.003479 0.000000
vt 0.000000 -2.003479 0.000000
vt 0.300000 -2.177695 0.000000
vt 0.000000 -2.177695 0.000000
vt 0.300000 -2.351910 0.000000
vt -0.000000 -2.351910 0.000000
vt 0.300000 -2.526126 0.000000
vt 0.000000 -2.526126 0.000000
vt 0.300000 -2.700342 0.000000
vt 0.000000 -2.700342 0.000000
vt 0.300000 -2.874557 0.000000
vt -0.000000 -2.874557 0.000000
vt 0.300000 2.874557 0.000000
vt -0.000000 2.874557 0.000000
vt 0.300000 2.700342 0.000000
vt -0.000000 2.700342 0.000000
vt 0.300000 2.526126 0.000000
vt -0.000000 2.526126 0.000000
vt 0.300000 2.351910 0.000000
vt -0.000000 2.351910 0.000000
vt 0.300000 2.177695 0.000000
vt -0.000000 2.177695 0.000000
vt 0.300000 2.003479 0.000000
vt -0.000000 2.003479 0.000000
vt 0.300000 1.829264 0.000000
vt -0.000000 1.829264 0.000000
vt 0.300000 1.655048 0.000000
vt -0.000000 1.655048 0.000000
vt 0.300000 1.480833 0.000000
vt -0.000000 1.480833 0.000000
vt 0.300000 1.306617 0.000000
vt 0.000000 1.306617 0.000000
vt 0.300000 1.132401 0.000000
vt 0.000000 1.132401 0.000000
vt 0.300000 0.958186 0.000000
vt 0.000000 0.958186 0.000000
vt 0.300000 0.783970 0.000000
vt 0.000000 0.783970 0.000000
vt 0.300000 0.609755 0.000000
vt 0.000000 0.609755 0.000000
vt 0.300000 0.435539 0.000000
vt 0.000000 0.435539 0.000000
vt 0.300000 0.261323 0.000000
vt 0.000000 0.261323 0.000000
vt 0.300000 0.087108 0.000000
vt 0.000000 0.087108 0.000000
vt 0.300000 -0.087108 0.000000
vt 0.000000 -0.087108 0.000000
vt 0.300000 -0.261323 0.000000
vt 0.000000 -0.261323 0.000000
vt 0.300000 -0.435539 0.000000
vt 0.000000 -0.435539 0.000000
vt 0.300000 -0.609755 0.000000
vt 0.000000 -0.609755 0.000000
vt 0.300000 -0.783970 0.000000
vt 0.000000 -0.783970 0.000000
vt 0.300000 -0.958186 0.000000
vt 0.000000 -0.958186 0.000000
vt 0.300000 -1.132401 0.000000
vt 0.000000 -1.132401 0.000000
vt 0.300000 -1.306617 0.000000
vt 0.000000 -1.306617 0.000000
vt 0.300000 -1.480833 0.000000
vt 0.000000 -1.480833 0.000000
vt 0.300000 -1.655048 0.000000
vt -0.000000 -1.655048 0.000000
vt 0.300000 -1.829264 0.000000
vt 0.000000 -1.829264 0.000000
vt 0.300000 -2.003479 0.000000
vt 0.000000 -2.003479 0.000000
vt 0.300000 -2.177695 0.000000
vt 0.000000 -2.177695 0.000000
vt 0.300000 -2.351910 0.000000
vt -0.000000 -2.351910 0.000000
vt 0.300000 -2.526126 0.000000
vt 0.000000 -2.526126 0.000000
vt 0.300000 -2.700342 0.000000
vt 0.000000 -2.700342 0.000000
vt 0.300000 -2.874557 0.000000
vt -0.000000 -2.874557 0.000000
vt 0.300000 2.874557 0.000000
vt -0.000000 2.874557 0.000000
vt 0.300000 2.700342 0.000000
vt -0.000000 2.700342 0.000000
vt 0.300000 2.526126 0.000000
vt -0.000000 2.526126 0.000000
vt 0.300000 2.351910 0.000000
vt -0.000000 2.351910 0.000000
vt 0.300000 2.177695 0.000000
vt -0.000000 2.177695 0.000000
vt 0.300000 2.003479 0.000000
vt -0.000000 2.003479 0.000000
vt 0.300000 1.829264 0.000000
vt -0.000000 1.829264 0.000000
vt 0.300000 1.655048 0.000000
vt -0.000000 1.655048 0.000000
vt 0.300000 1.480833 0.000000
vt -0.000000 1.480833 0.000000
vt 0.300000 1.306617 0.000000
vt 0.000000 1.306617 0.000000
vt 0.300000 1.132401 0.000000
vt 0.000000 1.132401 0.000000
vt 0.300000 0.958186 0.000000
vt 0.000000 0.958186 0.000000
vt 0.300000 0.783970 0.000000
vt 0.000000 0.783970 0.000000
vt 0.300000 0.609755 0.000000
vt 0.000000 0.609755 0.000000
vt 0.300000 0.435539 0.000000
vt 0.000000 0.435539 0.000000
vt 0.300000 0.261323 0.000000
vt 0.000000 0.261323 0.000000
vt 0.300000 0.087108 0.000000
vt 0.000000 0.087108 0.000000
vt 0.300000 -0.087108 0.000000
vt 0.000000 -0.087108 0.000000
vt 0.300000 -0.261323 0.000000
vt 0.000000 -0.261323 0.000000
vt 0.300000 -0.435539 0.000000
vt 0.000000 -0.435539 0.000000
vt 0.300000 -0.609755 0.000000
vt 0.000000 -0.609755 0.000000
vt 0.300000 -0.783970 0.000000
vt 0.000000 -0.783970 0.000000
vt 0.300000 -0.958186 0.000000
vt 0.000000 -0.958186 0.000000
vt 0.300000 -1.132401 0.000000
vt 0.000000 -1.132401 0.000000
vt 0.300000 -1.306617 0.000000
vt 0.000000 -1.306617 0.000000
vt 0.300000 -1.480833 0.000000
vt 0.000000 -1.480833 0.000000
vt 0.300000 -1.655048 0.000000
vt 0.000000 -1.655048 0.000000
vt 0.300000 -1.829264 0.000000
vt 0.000000 -1.829264 0.000000
vt 0.300000 -2.003479 0.000000
vt 0.000000 -2.003479 0.000000
vt 0.300000 -2.177695 0.000000
vt 0.000000 -2.177695 0.000000
vt 0.300000 -2.351910 0.000000
vt -0.000000 -2.351910 0.000000
vt 0.300000 -2.526126 0.000000
vt 0.000000 -2.526126 0.000000
vt 0.300000 -2.700342 0.000000
vt 0.000000 -2.700342 0.000000
vt 0.300000 -2.874557 0.000000
vt -0.000000 -2.874557 0.000000
vt 0.300000 2.874557 0.000000
vt -0.000000 2.874557 0.000000
vt 0.300000 2.700342 0.000000
vt -0.000000 2.700342 0.000000
vt 0.300000 2.526126 0.000000
vt -0.000000 2.526126 0.000000
vt 0.300000 2.351910 0.000000
vt -0.000000 2.351910 0.000000
vt 0.300000 2.177695 0.000000
vt -0.000000 2.177695 0.000000
vt 0.300000 2.003479 0.000000
vt -0.000000 2.003479 0.000000
vt 0.300000 1.829264 0.000000
vt -0.000000 1.829264 0.000000
vt 0.300000 1.655048 0.000000
vt -0.000000 1.655048 0.000000
vt 0.300000 1.480833 0.000000
vt -0.000000 1.480833 0.000000
vt 0.300000 1.306617 0.000000
vt 0.000000 1.306617 0.000000
vt 0.300000 1.132401 0.000000
vt 0.000000 1.132401 0.000000
vt 0.300000 0.958186 0.000000
vt -0.000000 0.958186 0.000000
vt 0.300000 0.783970 0.000000
vt 0.000000 0.783970 0.000000
vt 0.300000 0.609755 0.000000
vt -0.000000 0.609755 0.000000
vt 0.300000 0.435539 0.000000
vt 0.000000 0.435539 0.000000
vt 0.300000 0.261323 0.000000
vt 0.000000 0.261323 0.000000
vt 0.300000 0.087108 0.000000
vt -0.000000 0.087108 0.000000
vt 0.300000 -0.087108 0.000000
vt -0.000000 -0.087108 0.000000
vt 0.300000 -0.261323 0.000000
vt 0.000000 -0.261323 0.000000
vt 0.300000 -0.435539 0.000000
vt 0.000000 -0.435539 0.000000
vt 0.300000 -0.609755 0.000000
vt 0.000000 -0.609755 0.000000
vt 0.300000 -0.783970 0.000000
vt 0.000000 -0.783970 0.000000
vt 0.300000 -0.958186 0.000000
vt 0.000000 -0.958186 0.000000
vt 0.300000 -1.132401 0.000000
vt 0.000000 -1.132401 0.000000
vt 0.300000 -1.306617 0.000000
vt 0.000000 -1.306617 0.000000
vt 0.300000 -1.480833 0.000000
vt 0.000000 -1.480833 0.000000
vt 0.300000 -1.655048 0.000000
vt 0.000000 -1.655048 0.000000
vt 0.300000 -1.829264 0.000000
vt 0.000000 -1.829264 0.000000
vt 0.300000 -2.003479 0.000000
vt -0.000000 -2.003479 0.000000
vt 0.300000 -2.177695 0.000000
vt 0.000000 -2.177695 0.000000
vt 0.300000 -2.351910 0.000000
vt 0.000000 -2.351910 0.000000
vt 0.300000 -2.526126 0.000000
vt 0.000000 -2.526126 0.000000
vt 0.300000 -2.700342 0.000000
vt 0.000000 -2.700342 0.000000
vt 0.300000 -2.874557 0.000000
vt -0.000000 -2.874557 0.000000
vt 0.300000 2.874557 0.000000
vt -0.000000 2.874557 0.000000
vt 0.300000 2.700342 0.000000
vt -0.000000 2.700342 0.000000
vt 0.300000 2.526126 0.000000
vt -0.000000 2.526126 0.000000
vt 0.300000 2.351910 0.000000
vt -0.000000 2.351910 0.000000
vt 0.300000 2.177695 0.000000
vt -0.000000 2.177695 0.000000
vt 0.300000 2.003479 0.000000
vt -0.000000 2.003479 0.000000
vt 0.300000 1.829264 0.000000
vt -0.000000 1.829264 0.000000
vt 0.300000 1.655048 0.000000
vt -0.000000 1.655048 0.000000
vt 0.300000 1.480833 0.000000
vt -0.000000 1.480833 0.000000
vt 0.300000 1.306617 0.000000
vt 0.000000 1.306617 0.000000
vt 0.300000 1.132401 0.000000
vt 0.000000 1.132401 0.000000
vt 0.300000 0.958186 0.000000
vt 0.000000 0.958186 0.000000
vt 0.300000 0.783970 0.000000
vt -0.000000 0.783970 0.000000
vt 0.300000 0.609755 0.000000
vt -0.000000 0.609755 0.000000
vt 0.300000 0.435539 0.000000
vt 0.000000 0.435539 0.000000
vt 0.300000 0.261323 0.000000
vt 0.000000 0.261323 0.000000
vt 0.300000 0.087108 0.000000
vt 0.000000 0.087108 0.000000
vt 0.300000 -0.087108 0.000000
vt 0.000000 -0.087108 0.000000
vt 0.300000 -0.261323 0.000000
vt 0.000000 -0.261323 0.000000
vt 0.300000 -0.435539 0.000000
vt 0.000000 -0.435539 0.000000
vt 0.300000 -0.609755 0.000000
vt -0.000000 -0.609755 0.000000
vt 0.300000 -0.783970 0.000000
vt -0.000000 -0.783970 0.000000
vt 0.300000 -0.958186 0.000000
vt -0.000000 -0.958186 0.000000
vt 0.300000 -1.132401 0.000000
vt 0.000000 -1.132401 0.000000
vt 0.300000 -1.306617 0.000000
vt 0.000000 -1.306617 0.000000
vt 0.300000 -1.480833 0.000000
vt 0.000000 -1.480833 0.000000
vt 0.300000 -1.655048 0.000000
vt 0.000000 -1.655048 0.000000
vt 0.300000 -1.829264 0.000000
vt -0.000000 -1.829264 0.000000
vt 0.300000 -2.003479 0.000000
vt 0.000000 -2.003479 0.000000
vt 0.300000 -2.177695 0.000000
vt 0.000000 -2.177695 0.000000
vt 0.300000 -2.351910 0.000000
vt -0.000000 -2.351910 0.000000
vt 0.300000 -2.526126 0.000000
vt 0.000000 -2.526126 0.000000
vt 0.300000 -2.700342 0.000000
vt -0.000000 -2.700342 0.000000
vt 0.300000 -2.874557 0.000000
vt 0.000000 -2.874557 0.000000
vt 0.300000 2.874557 0.000000
vt 0.000000 2.874557 0.000000
vt 0.300000 2.700342 0.000000
vt -0.000000 2.700342 0.000000
vt 0.300000 2.526126 0.000000
vt -0.000000 2.526126 0.000000
vt 0.300000 2.351910 0.000000
vt -0.000000 2.351910 0.000000
vt 0.300000 2.177695 0.000000
vt -0.000000 2.177695 0.000000
vt 0.300000 2.003479 0.000000
vt -0.000000 2.003479 0.000000
vt 0.300000 1.829264 0.000000
vt -0.000000 1.829264 0.000000
vt 0.300000 1.655048 0.000000
vt -0.000000 1.655048 0.000000
vt 0.300000 1.480833 0.000000
vt -0.000000 1.480833 0.000000
vt 0.300000 1.306617 0.000000
vt 0.000000 1.306617 0.000000
vt 0.300000 1.132401 0.000000
vt 0.000000 1.132401 0.000000
vt 0.300000 0.958186 0.000000
vt 0.000000 0.958186 0.000000
vt 0.300000 0.783970 0.000000
vt 0.000000 0.783970 0.000000
vt 0.300000 0.609755 0.000000
vt -0.000000 0.609755 0.000000
vt 0.300000 0.435539 0.000000
vt 0.000000 0.435539 0.000000
vt 0.300000 0.261323 0.000000
vt 0.000000 0.261323 0.000000
vt 0.300000 0.087108 0.000000
vt 0.000000 0.087108 0.000000
vt 0.300000 -0.087108 0.000000
vt 0.000000 -0.087108 0.000000
vt 0.300000 -0.261323 0.000000
vt 0.000000 -0.261323 0.000000
vt 0.300000 -0.435539 0.000000
vt 0.000000 -0.435539 0.000000
vt 0.300000 -0.609755 0.000000
vt 0.000000 -0.609755 0.000000
vt 0.300000 -0.783970 0.000000
vt 0.000000 -0.783970 0.000000
vt 0.300000 -0.958186 0.000000
vt 0.000000 -0.958186 0.000000
vt 0.300000 -1.132401 0.000000
vt 0.000000 -1.132401 0.000000
vt 0.300000 -1.306617 0.000000
vt -0.000000 -1.306617 0.000000
vt 0.300000 -1.480833 0.000000
vt 0.000000 -1.480833 0.000000
vt 0.300000 -1.655048 0.000000
vt 0.000000 -1.655048 0.000000
vt 0.300000 -1.829264 0.000000
vt -0.000000 -1.829264 0.000000
vt 0.300000 -2.003479 0.000000
vt 0.000000 -2.003479 0.000000
vt 0.300000 -2.177695 0.000000
vt 0.000000 -2.177695 0.000000
vt 0.300000 -2.351910 0.000000
vt 0.000000 -2.351910 0.000000
vt 0.300000 -2.526126 0.000000
vt 0.000000 -2.526126 0.000000
vt 0.300000 -2.700342 0.000000
vt 0.000000 -2.700342 0.000000
vt 0.300000 -2.874557 0.000000
vt 0.000000 -2.874557 0.000000
vt 0.300000 2.874557 0.000000
vt 0.000000 2.874557 0.000000
vt 0.300000 2.700342 0.000000
vt -0.000000 2.700342 0.000000
vt 0.300000 2.526126 0.000000
vt -0.000000 2.526126 0.000000
vt 0.300000 2.351910 0.000000
vt -0.000000 2.351910 0.000000
vt 0.300000 2.177695 0.000000
vt -0.000000 2.177695 0.000000
vt 0.300000 2.003479 0.000000
vt -0.000000 2.003479 0.000000
vt 0.300000 1.829264 0.000000
vt -0.000000 1.829264 0.000000
vt 0.300000 1.655048 0.000000
vt -0.000000 1.655048 0.000000
vt 0.300000 1.480833 0.000000
vt -0.000000 1.480833 0.000000
vt 0.300000 1.306617 0.000000
vt 0.000000 1.306617 0.000000
vt 0.300000 1.132401 0.000000
vt 0.000000 1.132401 0.000000
vt 0.300000 0.958186 0.000000
vt -0.000000 0.958186 0.000000
vt 0.300000 0.783970 0.000000
vt 0.000000 0.783970 0.000000
vt 0.300000 0.609755 0.000000
vt 0.000000 0.609755 0.000000
vt 0.300000 0.435539 0.000000
vt 0.000000 0.435539 0.000000
vt 0.300000 0.261323 0.000000
vt -0.000000 0.261323 0.000000
vt 0.300000 0.087108 0.000000
vt 0.000000 0.087108 0.000000
vt 0.300000 -0.087108 0.000000
vt 0.000000 -0.087108 0.000000
vt 0.300000 -0.261323 0.000000
vt 0.000000 -0.261323 0.000000
vt 0.300000 -0.435539 0.000000
vt 0.000000 -0.435539 0.000000
vt 0.300000 -0.609755 0.000000
vt -0.000000 -0.609755 0.000000
vt 0.300000 -0.783970 0.000000
vt -0.000000 -0.783970 0.000000
vt 0.300000 -0.958186 0.000000
vt 0.000000 -0.958186 0.000000
vt 0.300000 -1.132401 0.000000
vt 0.000000 -1.132401 0.000000
vt 0.300000 -1.306617 0.000000
vt -0.000000 -1.306617 0.000000
vt 0.300000 -1.480833 0.000000
vt 0.000000 -1.480833 0.000000
vt 0.300000 -1.655048 0.000000
vt 0.000000 -1.655048 0.000000
vt 0.300000 -1.829264 0.000000
vt -0.000000 -1.829264 0.000000
vt 0.300000 -2.003479 0.000000
vt -0.000000 -2.003479 0.000000
vt 0.300000 -2.177695 0.000000
vt -0.000000 -2.177695 0.000000
vt 0.300000 -2.351910 0.000000
vt 0.000000 -2.351910 0.000000
vt 0.300000 -2.526126 0.000000
vt -0.000000 -2.526126 0.000000
vt 0.300000 -2.700342 0.000000
vt -0.000000 -2.700342 0.000000
vt 0.300000 -2.874557 0.000000
vt -0.000000 -2.874557 0.000000
vt 0.300000 2.874557 0.000000
vt -0.000000 2.874557 0.000000
vt 0.300000 2.700342 0.000000
vt -0.000000 2.700342 0.000000
vt 0.300000 2.526126 0.000000
vt -0.000000 2.526126 0.000000
vt 0.300000 2.351910 0.000000
vt -0.000000 2.351910 0.000000
vt 0.300000 2.177695 0.000000
vt -0.000000 2.177695 0.000000
vt 0.300000 2.003479 0.000000
vt -0.000000 2.003479 0.000000
vt 0.300000 1.829264 0.000000
vt -0.000000 1.829264 0.000000
vt 0.300000 1.655048 0.000000
vt -0.000000 1.655048 0.000000
vt 0.300000 1.480833 0.000000
vt -0.000000 1.480833 0.000000
vt 0.300000 1.306617 0.000000
vt -0.000000 1.306617 0.000000
vt 0.300000 1.132401 0.000000
vt 0.000000 1.132401 0.000000
vt 0.300000 0.958186 0.000000
vt 0.000000 0.958186 0.000000
vt 0.300000 0.783970 0.000000
vt 0.000000 0.783970 0.000000
vt 0.300000 0.609755 0.000000
vt -0.000000 0.609755 0.000000
vt 0.300000 0.435539 0.000000
vt 0.000000 0.435539 0.000000
vt 0.300000 0.261323 0.000000
vt 0.000000 0.261323 0.000000
vt 0.300000 0.087108 0.000000
vt 0.000000 0.087108 0.000000
vt 0.300000 -0.087108 0.000000
vt 0.000000 -0.087108 0.000000
vt 0.300000 -0.261323 0.000000
vt 0.000000 -0.261323 0.000000
vt 0.300000 -0.435539 0.000000
vt 0.000000 -0.435539 0.000000
vt 0.300000 -0.609755 0.000000
vt 0.000000 -0.609755 0.000000
vt 0.300000 -0.783970 0.000000
vt 0.000000 -0.783970 0.000000
vt 0.300000 -0.958186 0.000000
vt -0.000000 -0.958186 0.000000
vt 0.300000 -1.132401 0.000000
vt 0.000000 -1.132401 0.000000
vt 0.300000 -1.306617 0.000000
vt -0.000000 -1.306617 0.000000
vt 0.300000 -1.480833 0.000000
vt 0.000000 -1.480833 0.000000
vt 0.300000 -1.655048 0.000000
vt 0.000000 -1.655048 0.000000
vt 0.300000 -1.829264 0.000000
vt -0.000000 -1.829264 0.000000
vt 0.300000 -2.003479 0.000000
vt 0.000000 -2.003479 0.000000
vt 0.300000 -2.177695 0.000000
vt 0.000000 -2.177695 0.000000
vt 0.300000 -2.351910 0.000000
vt 0.000000 -2.351910 0.000000
vt 0.300000 -2.526126 0.000000
vt 0.000000 -2.526126 0.000000
vt 0.300000 -2.700342 0.000000
vt 0.000000 -2.700342 0.000000
vt 0.300000 -2.874557 0.000000
vt -0.000000 -2.874557 0.000000
vt 0.300000 2.874557 0.000000
vt -0.000000 2.874557 0.000000
vt 0.300000 2.700342 0.000000
vt -0.000000 2.700342 0.000000
vt 0.300000 2.526126 0.000000
vt -0.000000 2.526126 0.000000
vt 0.300000 2.351910 0.000000
vt -0.000000 2.351910 0.000000
vt 0.300000 2.177695 0.000000
vt -0.000000 2.177695 0.000000
vt 0.300000 2.003479 0.000000
vt -0.000000 2.003479 0.000000
vt 0.300000 1.829264 0.000000
vt -0.000000 1.829264 0.000000
vt 0.300000 1.655048 0.000000
vt -0.000000 1.655048 0.000000
vt 0.300000 1.480833 0.000000
vt -0.000000 1.480833 0.000000
vt 0.300000 1.306617 0.000000
vt 0.000000 1.306617 0.000000
vt 0.300000 1.132401 0.000000
vt -0.000000 1.132401 0.000000
vt 0.300000 0.958186 0.000000
vt -0.000000 0.958186 0.000000
vt 0.300000 0.783970 0.000000
vt 0.000000 0.783970 0.000000
vt 0.300000 0.609755 0.000000
vt -0.000000 0.609755 0.000000
vt 0.300000 0.435539 0.000000
vt 0.000000 0.435539 0.000000
vt 0.300000 0.261323 0.000000
vt -0.000000 0.261323 0.000000
vt 0.300000 0.087108 0.000000
vt 0.000000 0.087108 0.000000
vt 0.300000 -0.087108 0.000000
vt 0.000000 -0.087108 0.000000
vt 0.300000 -0.261323 0.000000
vt -0.000000 -0.261323 0.000000
vt 0.300000 -0.435539 0.000000
vt 0.000000 -0.435539 0.000000
vt 0.300000 -0.609755 0.000000
vt -0.000000 -0.609755 0.000000
vt 0.300000 -0.783970 0.000000
vt 0.000000 -0.783970 0.000000
vt 0.300000 -0.958186 0.000000
vt 0.000000 -0.958186 0.000000
vt 0.300000 -1.132401 0.000000
vt -0.000000 -1.132401 0.000000
vt 0.300000 -1.306617 0.000000
vt 0.000000 -1.306617 0.000000
vt 0.300000 -1.480833 0.000000
vt 0.000000 -1.480833 0.000000
vt 0.300000 -1.655048 0.000000
vt -0.000000 -1.655048 0.000000
vt 0.300000 -1.829264 0.000000
vt 0.000000 -1.829264 0.000000
vt 0.300000 -2.003479 0.000000
vt 0.000000 -2.003479 0.000000
vt 0.300000 -2.177695 0.000000
vt 0.000000 -2.177695 0.000000
vt 0.300000 -2.351910 0.000000
vt -0.000000 -2.351910 0.000000
vt 0.300000 -2.526126 0.000000
vt 0.000000 -2.526126 0.000000
vt 0.300000 -2.700342 0.000000
vt 0.000000 -2.700342 0.000000
vt 0.300000 -2.874557 0.000000
vt -0.000000 -2.874557 0.000000
vt 0.300000 2.874557 0.000000
vt -0.000000 2.874557 0.000000
vt 0.300000 2.700342 0.000000
vt -0.000000 2.700342 0.000000
vt 0.300000 2.526126 0.000000
vt -0.000000 2.526126 0.000000
vt 0.300000 2.351910 0.000000
vt -0.000000 2.351910 0.000000
vt 0.300000 2.177695 0.000000
vt -0.000000 2.177695 0.000000
vt 0.300000 2.003479 0.000000
vt -0.000000 2.003479 0.000000
vt 0.300000 1.829264 0.000000
vt -0.000000 1.829264 0.000000
vt 0.300000 1.655048 0.000000
vt -0.000000 1.655048 0.000000
vt 0.300000 1.480833 0.000000
vt -0.000000 1.480833 0.000000
vt 0.300000 1.306617 0.000000
vt -0.000000 1.306617 0.000000
vt 0.300000 1.132401 0.000000
vt 0.000000 1.132401 0.000000
vt 0.300000 0.958186 0.000000
vt 0.000000 0.958186 0.000000
vt 0.300000 0.783970 0.000000
vt 0.000000 0.783970 0.000000
vt 0.300000 0.609755 0.000000
vt -0.000000 0.609755 0.000000
vt 0.300000 0.435539 0.000000
vt 0.000000 0.435539 0.000000
vt 0.300000 0.261323 0.000000
vt 0.000000 0.261323 0.000000
vt 0.300000 0.087108 0.000000
vt -0.000000 0.087108 0.000000
vt 0.300000 -0.087108 0.000000
vt -0.000000 -0.087108 0.000000
vt 0.300000 -0.261323 0.000000
vt 0.000000 -0.261323 0.000000
vt 0.300000 -0.435539 0.000000
vt 0.000000 -0.435539 0.000000
vt 0.300000 -0.609755 0.000000
vt 0.000000 -0.609755 0.000000
vt 0.300000 -0.783970 0.000000
vt 0.000000 -0.783970 0.000000
vt 0.300000 -0.958186 0.000000
vt 0.000000 -0.958186 0.000000
vt 0.300000 -1.132401 0.000000
vt 0.000000 -1.132401 0.000000
vt 0.300000 -1.306617 0.000000
vt -0.000000 -1.306617 0.000000
vt 0.300000 -1.480833 0.000000
vt 0.000000 -1.480833 0.000000
vt 0.300000 -1.655048 0.000000
vt 0.000000 -1.655048 0.000000
vt 0.300000 -1.829264 0.000000
vt -0.000000 -1.829264 0.000000
vt 0.300000 -2.003479 0.000000
vt -0.000000 -2.003479 0.000000
vt 0.300000 -2.177695 0.000000
vt 0.000000 -2.177695 0.000000
vt 0.300000 -2.351910 0.000000
vt 0.000000 -2.351910 0.000000
vt 0.300000 -2.526126 0.000000
vt 0.000000 -2.526126 0.000000
vt 0.300000 -2.700342 0.000000
vt 0.000000 -2.700342 0.000000
vt 0.300000 -2.874557 0.000000
vt -0.000000 -2.874557 0.000000
vt 0.300000 2.874557 0.000000
vt -0.000000 2.874557 0.000000
vt 0.300000 2.700342 0.000000
vt -0.000000 2.700342 0.000000
vt 0.300000 2.526126 0.000000
vt -0.000000 2.526126 0.000000
vt 0.300000 2.351910 0.000000
vt -0.000000 2.351910 0.000000
vt 0.300000 2.177695 0.000000
vt -0.000000 2.177695 0.000000
vt 0.300000 2.003479 0.000000
vt -0.000000 2.003479 0.000000
vt 0.300000 1.829264 0.000000
vt -0.000000 1.829264 0.000000
vt 0.300000 1.655048 0.000000
vt -0.000000 1.655048 0.000000
vt 0.300000 1.480833 0.000000
vt -0.000000 1.480833 0.000000
vt 0.300000 1.306617 0.000000
vt 0.000000 1.306617 0.000000
vt 0.300000 1.132401 0.000000
vt 0.000000 1.132401 0.000000
vt 0.300000 0.958186 0.000000
vt 0.000000 0.958186 0.000000
vt 0.300000 0.783970 0.000000
vt -0.000000 0.783970 0.000000
vt 0.300000 0.609755 0.000000
vt 0.000000 0.609755 0.000000
vt 0.300000 0.435539 0.000000
vt 0.000000 0.435539 0.000000
vt 0.300000 0.261323 0.000000
vt 0.000000 0.261323 0.000000
vt 0.300000 0.087108 0.000000
vt 0.000000 0.087108 0.000000
vt 0.300000 -0.087108 0.000000
vt 0.000000 -0.087108 0.000000
vt 0.300000 -0.261323 0.000000
vt 0.000000 -0.261323 0.000000
vt 0.300000 -0.435539 0.000000
vt -0.000000 -0.435539 0.000000
vt 0.300000 -0.609755 0.000000
vt -0.000000 -0.609755 0.000000
vt 0.300000 -0.783970 0.000000
vt -0.000000 -0.783970 0.000000
vt 0.300000 -0.958186 0.000000
vt 0.000000 -0.958186 0.000000
vt 0.300000 -1.132401 0.000000
vt 0.000000 -1.132401 0.000000
vt 0.300000 -1.306617 0.000000
vt 0.000000 -1.306617 0.000000
vt 0.300000 -1.480833 0.000000
vt 0.000000 -1.480833 0.000000
vt 0.300000 -1.655048 0.000000
vt 0.000000 -1.655048 0.000000
vt 0.300000 -1.829264 0.000000
vt -0.000000 -1.829264 0.000000
vt 0.300000 -2.003479 0.000000
vt -0.000000 -2.003479 0.000000
vt 0.300000 -2.177695 0.000000
vt 0.000000 -2.177695 0.000000
vt 0.300000 -2.351910 0.000000
vt -0.000000 -2.351910 0.000000
vt 0.300000 -2.526126 0.000000
vt 0.000000 -2.526126 0.000000
vt 0.300000 -2.700342 0.000000
vt -0.000000 -2.700342 0.000000
vt 0.300000 -2.874557 0.000000
vt -0.000000 -2.874557 0.000000
vt 0.300000 2.874557 0.000000
vt -0.000000 2.874557 0.000000
vt 0.300000 2.700342 0.000000
vt -0.000000 2.700342 0.000000
vt 0.300000 2.526126 0.000000
vt -0.000000 2.526126 0.000000
vt 0.300000 2.351910 0.000000
vt -0.000000 2.351910 0.000000
vt 0.300000 2.177695 0.000000
vt -0.000000 2.177695 0.000000
vt 0.300000 2.003479 0.000000
vt -0.000000 2.003479 0.000000
vt 0.300000 1.829264 0.000000
vt -0.000000 1.829264 0.000000
vt 0.300000 1.655048 0.000000
vt -0.000000 1.655048 0.000000
vt 0.300000 1.480833 0.000000
vt -0.000000 1.480833 0.000000
vt 0.300000 1.306617 0.000000
vt -0.000000 1.306617 0.000000
vt 0.300000 1.132401 0.000000
vt 0.000000 1.132401 0.000000
vt 0.300000 0.958186 0.000000
vt 0.000000 0.958186 0.000000
vt 0.300000 0.783970 0.000000
vt 0.000000 0.783970 0.000000
vt 0.300000 0.609755 0.000000
vt -0.000000 0.609755 0.000000
vt 0.300000 0.435539 0.000000
vt 0.000000 0.435539 0.000000
vt 0.300000 0.261323 0.000000
vt 0.000000 0.261323 0.000000
vt 0.300000 0.087108 0.000000
vt 0.000000 0.087108 0.000000
vt 0.300000 -0.087108 0.000000
vt 0.000000 -0.087108 0.000000
vt 0.300000 -0.261323 0.000000
vt 0.000000 -0.261323 0.000000
vt 0.300000 -0.435539 0.000000
vt 0.000000 -0.435539 0.000000
vt 0.300000 -0.609755 0.000000
vt 0.000000 -0.609755 0.000000
vt 0.300000 -0.783970 0.000000
vt 0.000000 -0.783970 0.000000
vt 0.300000 -0.958186 0.000000
vt 0.000000 -0.958186 0.000000
vt 0.300000 -1.132401 0.000000
vt 0.000000 -1.132401 0.000000
vt 0.300000 -1.306617 0.000000
vt -0.000000 -1.306617 0.000000
vt 0.300000 -1.480833 0.000000
vt 0.000000 -1.480833 0.000000
vt 0.300000 -1.655048 0.000000
vt 0.000000 -1.655048 0.000000
vt 0.300000 -1.829264 0.000000
vt -0.000000 -1.829264 0.000000
vt 0.300000 -2.003479 0.000000
vt 0.000000 -2.003479 0.000000
vt 0.300000 -2.177695 0.000000
vt 0.000000 -2.177695 0.000000
vt 0.300000 -2.351910 0.000000
vt 0.000000 -2.351910 0.000000
vt 0.300000 -2.526126 0.000000
vt 0.000000 -2.526126 0.000000
vt 0.300000 -2.700342 0.000000
vt 0.000000 -2.700342 0.000000
vt 0.300000 -2.874557 0.000000
vt 0.000000 -2.874557 0.000000
vt 0.300000 2.874557 0.000000
vt 0.000000 2.874557 0.000000
vt 0.300000 2.700342 0.000000
vt -0.000000 2.700342 0.000000
vt 0.300000 2.526126 0.000000
vt -0.000000 2.526126 0.000000
vt 0.300000 2.351910 0.000000
vt -0.000000 2.351910 0.000000
vt 0.300000 2.177695 0.000000
vt -0.000000 2.177695 0.000000
vt 0.300000 2.003479 0.000000
vt -0.000000 2.003479 0.000000
vt 0.300000 1.829264 0.000000
vt -0.000000 1.829264 0.000000
vt 0.300000 1.655048 0.000000
vt -0.000000 1.655048 0.000000
vt 0.300000 1.480833 0.000000
vt -0.000000 1.480833 0.000000
vt 0.300000 1.306617 0.000000
vt 0.000000 1.306617 0.000000
vt 0.300000 1.132401 0.000000
vt -0.000000 1.132401 0.000000
vt 0.300000 0.958186 0.000000
vt -0.000000 0.958186 0.000000
vt 0.300000 0.783970 0.000000
vt 0.000000 0.783970 0.000000
vt 0.300000 0.609755 0.000000
vt -0.000000 0.609755 0.000000
vt 0.300000 0.435539 0.000000
vt 0.000000 0.435539 0.000000
vt 0.300000 0.261323 0.000000
vt -0.000000 0.261323 0.000000
vt 0.300000 0.087108 0.000000
vt 0.000000 0.087108 0.000000
vt 0.300000 -0.087108 0.000000
vt 0.000000 -0.087108 0.000000
vt 0.300000 -0.261323 0.000000
vt -0.000000 -0.261323 0.000000
vt 0.300000 -0.435539 0.000000
vt -0.000000 -0.435539 0.000000
vt 0.300000 -0.609755 0.000000
vt -0.000000 -0.609755 0.000000
vt 0.300000 -0.783970 0.000000
vt 0.000000 -0.783970 0.000000
vt 0.300000 -0.958186 0.000000
vt 0.000000 -0.958186 0.000000
vt 0.300000 -1.132401 0.000000
vt -0.000000 -1.132401 0.000000
vt 0.300000 -1.306617 0.000000
vt -0.000000 -1.306617 0.000000
vt 0.300000 -1.480833 0.000000
vt 0.000000 -1.480833 0.000000
vt 0.300000 -1.655048 0.000000
vt 0.000000 -1.655048 0.000000
vt 0.300000 -1.829264 0.000000
vt -0.000000 -1.829264 0.000000
vt 0.300000 -2.003479 0.000000
vt -0.000000 -2.003479 0.000000
vt 0.300000 -2.177695 0.000000
vt 0.000000 -2.177695 0.000000
vt 0.300000 -2.351910 0.000000
vt -0.000000 -2.351910 0.000000
vt 0.300000 -2.526126 0.000000
vt 0.000000 -2.526126 0.000000
vt 0.300000 -2.700342 0.000000
vt 0.000000 -2.700342 0.000000
vt 0.300000 -2.874557 0.000000
vt -0.000000 -2.874557 0.000000
vt 0.300000 2.874557 0.000000
vt -0.000000 2.874557 0.000000
vt 0.300000 2.700342 0.000000
vt -0.000000 2.700342 0.000000
vt 0.300000 2.526126 0.000000
vt -0.000000 2.526126 0.000000
vt 0.300000 2.351910 0.000000
vt -0.000000 2.351910 0.000000
vt 0.300000 2.177695 0.000000
vt -0.000000 2.177695 0.000000
vt 0.300000 2.003479 0.000000
vt -0.000000 2.003479 0.000000
vt 0.300000 1.829264 0.000000
vt -0.000000 1.829264 0.000000
vt 0.300000 1.655048 0.000000
vt -0.000000 1.655048 0.000000
vt 0.300000 1.480833 0.000000
vt -0.000000 1.480833 0.000000
vt 0.300000 1.306617 0.000000
vt 0.000000 1.306617 0.000000
vt 0.300000 1.132401 0.000000
vt 0.000000 1.132401 0.000000
vt 0.300000 0.958186 0.000000
vt 0.000000 0.958186 0.000000
vt 0.300000 0.783970 0.000000
vt 0.000000 0.783970 0.000000
vt 0.300000 0.609755 0.000000
vt 0.000000 0.609755 0.000000
vt 0.300000 0.435539 0.000000
vt 0.000000 0.435539 0.000000
vt 0.300000 0.261323 0.000000
vt 0.000000 0.261323 0.000000
vt 0.300000 0.087108 0.000000
vt 0.000000 0.087108 0.000000
vt 0.300000 -0.087108 0.000000
vt 0.000000 -0.087108 0.000000
vt 0.300000 -0.261323 0.000000
vt 0.000000 -0.261323 0.000000
vt 0.300000 -0.435539 0.000000
vt 0.000000 -0.435539 0.000000
vt 0.300000 -0.609755 0.000000
vt 0.000000 -0.609755 0.000000
vt 0.300000 -0.783970 0.000000
vt 0.000000 -0.783970 0.000000
vt 0.300000 -0.958186 0.000000
vt 0.000000 -0.958186 0.000000
vt 0.300000 -1.132401 0.000000
vt 0.000000 -1.132401 0.000000
vt 0.300000 -1.306617 0.000000
vt 0.000000 -1.306617 0.000000
vt 0.300000 -1.480833 0.000000
vt 0.000000 -1.480833 0.000000
vt 0.300000 -1.655048 0.000000
vt 0.000000 -1.655048 0.000000
vt 0.300000 -1.829264 0.000000
vt 0.000000 -1.829264 0.000000
vt 0.300000 -2.003479 0.000000
vt 0.000000 -2.003479 0.000000
vt 0.300000 -2.177695 0.000000
vt 0.000000 -2.177695 0.000000
vt 0.300000 -2.351910 0.000000
vt 0.000000 -2.351910 0.000000
vt 0.300000 -2.526126 0.000000
vt 0.000000 -2.526126 0.000000
vt 0.300000 -2.700342 0.000000
vt 0.000000 -2.700342 0.000000
vt 0.300000 -2.874557 0.000000
vt 0.000000 -2.874557 0.000000
vt 0.300000 2.874557 0.000000
vt 0.000000 2.874557 0.000000
vt 0.300000 2.700342 0.000000
vt -0.000000 2.700342 0.000000
vt 0.300000 2.526126 0.000000
vt -0.000000 2.526126 0.000000
vt 0.300000 2.351910 0.000000
vt -0.000000 2.351910 0.000000
vt 0.300000 2.177695 0.000000
vt -0.000000 2.177695 0.000000
vt 0.300000 2.003479 0.000000
vt -0.000000 2.003479 0.000000
vt 0.300000 1.829264 0.000000
vt -0.000000 1.829264 0.000000
vt 0.300000 1.655048 0.000000
vt -0.000000 1.655048 0.000000
vt 0.300000 1.480833 0.000000
vt -0.000000 1.480833 0.000000
vt 0.300000 1.306617 0.000000
vt 0.000000 1.306617 0.000000
vt 0.300000 1.132401 0.000000
vt 0.000000 1.132401 0.000000
vt 0.300000 0.958186 0.000000
vt -0.000000 0.958186 0.000000
vt 0.300000 0.783970 0.000000
vt 0.000000 0.783970 0.000000
vt 0.300000 0.609755 0.000000
vt 0.000000 0.609755 0.000000
vt 0.300000 0.435539 0.000000
vt 0.000000 0.435539 0.000000
vt 0.300000 0.261323 0.000000
vt 0.000000 0.261323 0.000000
vt 0.300000 0.087108 0.000000
vt -0.000000 0.087108 0.000000
vt 0.300000 -0.087108 0.000000
vt -0.000000 -0.087108 0.000000
vt 0.300000 -0.261323 0.000000
vt 0.000000 -0.261323 0.000000
vt 0.300000 -0.435539 0.000000
vt 0.000000 -0.435539 0.000000
vt 0.300000 -0.609755 0.000000
vt 0.000000 -0.609755 0.000000
vt 0.300000 -0.783970 0.000000
vt 0.000000 -0.783970 0.000000
vt 0.300000 -0.958186 0.000000
vt 0.000000 -0.958186 0.000000
vt 0.300000 -1.132401 0.000000
vt 0.000000 -1.132401 0.000000
vt 0.300000 -1.306617 0.000000
vt -0.000000 -1.306617 0.000000
vt 0.300000 -1.480833 0.000000
vt 0.000000 -1.480833 0.000000
vt 0.300000 -1.655048 0.000000
vt 0.000000 -1.655048 0.000000
vt 0.300000 -1.829264 0.000000
vt -0.000000 -1.829264 0.000000
vt 0.300000 -2.003479 0.000000
vt -0.000000 -2.003479 0.000000
vt 0.300000 -2.177695 0.000000
vt 0.000000 -2.177695 0.000000
vt 0.300000 -2.351910 0.000000
vt 0.000000 -2.351910 0.000000
vt 0.300000 -2.526126 0.000000
vt 0.000000 -2.526126 0.000000
vt 0.300000 -2.700342 0.000000
vt 0.000000 -2.700342 0.000000
vt 0.300000 -2.874557 0.000000
vt 0.000000 -2.874557 0.000000
vt 0.300000 2.874557 0.000000
vt 0.000000 2.874557 0.000000
vt 0.300000 2.700342 0.000000
vt -0.000000 2.700342 0.000000
vt 0.300000 2.526126 0.000000
vt -0.000000 2.526126 0.000000
vt 0.300000 2.351910 0.000000
vt -0.000000 2.351910 0.000000
vt 0.300000 2.177695 0.000000
vt -0.000000 2.177695 0.000000
vt 0.300000 2.003479 0.000000
vt -0.000000 2.003479 0.000000
vt 0.300000 1.829264 0.000000
vt -0.000000 1.829264 0.000000
vt 0.300000 1.655048 0.000000
vt -0.000000 1.655048 0.000000
vt 0.300000 1.480833 0.000000
vt -0.000000 1.480833 0.000000
vt 0.300000 1.306617 0.000000
vt 0.000000 1.306617 0.000000
vt 0.300000 1.132401 0.000000
vt 0.000000 1.132401 0.000000
vt 0.300000 0.958186 0.000000
vt 0.000000 0.958186 0.000000
vt 0.300000 0.783970 0.000000
vt -0.000000 0.783970 0.000000
vt 0.300000 0.609755 0.000000
vt 0.000000 0.609755 0.000000
vt 0.300000 0.435539 0.000000
vt 0.000000 0.435539 0.000000
vt 0.300000 0.261323 0.000000
vt 0.000000 0.261323 0.000000
vt 0.300000 0.087108 0.000000
vt 0.000000 0.087108 0.000000
vt 0.300000 -0.087108 0.000000
vt 0.000000 -0.087108 0.000000
vt 0.300000 -0.261323 0.000000
vt 0.000000 -0.261323 0.000000
vt 0.300000 -0.435539 0.000000
vt 0.000000 -0.435539 0.000000
vt 0.300000 -0.609755 0.000000
vt -0.000000 -0.609755 0.000000
vt 0.300000 -0.783970 0.000000
vt -0.000000 -0.783970 0.000000
vt 0.300000 -0.958186 0.000000
vt 0.000000 -0.958186 0.000000
vt 0.300000 -1.132401 0.000000
vt 0.000000 -1.132401 0.000000
vt 0.300000 -1.306617 0.000000
vt -0.000000 -1.306617 0.000000
vt 0.300000 -1.480833 0.000000
vt 0.000000 -1.480833 0.000000
vt 0.300000 -1.655048 0.000000
vt 0.000000 -1.655048 0.000000
vt 0.300000 -1.829264 0.000000
vt -0.000000 -1.829264 0.000000
vt 0.300000 -2.003479 0.000000
vt 0.000000 -2.003479 0.000000
vt 0.300000 -2.177695 0.000000
vt 0.000000 -2.177695 0.000000
vt 0.300000 -2.351910 0.000000
vt -0.000000 -2.351910 0.000000
vt 0.300000 -2.526126 0.000000
vt 0.000000 -2.526126 0.000000
vt 23.790000 0.300000 0.000000
vt 0.000000 0.300000 0.000000
vt 23.790000 -3.000000 0.000000
vt 0.000000 -3.000000 0.000000
vt 23.790000 -2.300000 0.000000
vt 23.790000 0.300000 0.000000
vt 22.940000 -2.300000 0.000000
vt 0.000000 0.300000 0.000000
vt -0.000000 -3.000000 0.000000
vt 22.940000 -3.000000 0.000000
vt 10.980000 0.300000 0.000000
vt 0.000000 0.300000 0.000000
vt 10.980000 -3.000000 0.000000
vt -0.000000 -3.000000 0.000000
vt -5.706535 1.766835 0.000000
vt -4.405857 1.853024 0.000000
vt -5.690000 1.940000 0.000000
vt -4.405857 2.026976 0.000000
vt -5.706535 2.113165 0.000000
vt -4.372936 2.197785 0.000000
vt -5.755543 2.280071 0.000000
vt -4.308284 2.359277 0.000000
vt -5.835253 2.434686 0.000000
vt -4.214239 2.505615 0.000000
vt -5.942783 2.571422 0.000000
vt -4.094198 2.631511 0.000000
vt -6.074248 2.685337 0.000000
vt -3.952500 2.732413 0.000000
vt -6.224895 2.772313 0.000000
vt -3.794267 2.804676 0.000000
vt -6.389281 2.829208 0.000000
vt -3.625218 2.845687 0.000000
vt -6.561463 2.853964 0.000000
vt -11.895000 5.490000 0.000000
vt -6.735218 2.845687 0.000000
vt -8.501463 2.853964 0.000000
vt -8.329281 2.829208 0.000000
vt -4.372936 1.682215 0.000000
vt -5.755543 1.599929 0.000000
vt -4.308284 1.520723 0.000000
vt -5.835253 1.445314 0.000000
vt -4.214239 1.374385 0.000000
vt -5.942783 1.308578 0.000000
vt -4.094198 1.248489 0.000000
vt -6.074248 1.194663 0.000000
vt -4.094198 0.691511 0.000000
vt -6.074248 0.745337 0.000000
vt -5.942783 0.631422 0.000000
vt -6.224895 1.107687 0.000000
vt -6.224895 0.832313 0.000000
vt -6.389281 1.050792 0.000000
vt -6.389281 0.889208 0.000000
vt -6.561463 1.026036 0.000000
vt -6.561463 0.913964 0.000000
vt -6.735218 0.905687 0.000000
vt -6.735218 1.034313 0.000000
vt -6.904267 0.864676 0.000000
vt -6.904267 1.075324 0.000000
vt -7.062500 1.147587 0.000000
vt -7.204198 1.248489 0.000000
vt -8.014248 1.194663 0.000000
vt -7.062500 0.792413 0.000000
vt -7.882783 1.308578 0.000000
vt -7.324239 1.374385 0.000000
vt -7.775253 1.445314 0.000000
vt -7.418284 1.520723 0.000000
vt -7.695543 1.599929 0.000000
vt -7.482936 1.682215 0.000000
vt -7.646535 1.766835 0.000000
vt -7.515857 1.853024 0.000000
vt -7.630000 1.940000 0.000000
vt -7.515857 2.026976 0.000000
vt -7.646535 2.113165 0.000000
vt -7.482936 2.197785 0.000000
vt -7.695543 2.280071 0.000000
vt -7.418284 2.359277 0.000000
vt -7.775253 2.434686 0.000000
vt -7.324239 2.505615 0.000000
vt -7.882783 2.571422 0.000000
vt -7.204198 2.631511 0.000000
vt -8.014248 2.685337 0.000000
vt -7.062500 2.732413 0.000000
vt -8.164895 2.772313 0.000000
vt -6.904267 2.804676 0.000000
vt 4.393465 1.766835 0.000000
vt 5.694143 1.853024 0.000000
vt 4.410000 1.940000 0.000000
vt 5.694143 2.026976 0.000000
vt 4.393465 2.113165 0.000000
vt 5.727064 2.197785 0.000000
vt 4.344457 2.280071 0.000000
vt 5.791716 2.359277 0.000000
vt 4.264747 2.434686 0.000000
vt 5.885761 2.505615 0.000000
vt 4.157217 2.571422 0.000000
vt 6.005802 2.631511 0.000000
vt 4.025752 2.685337 0.000000
vt 6.147500 2.732413 0.000000
vt 3.875105 2.772313 0.000000
vt 6.305733 2.804676 0.000000
vt 3.710719 2.829208 0.000000
vt 6.474782 2.845687 0.000000
vt 3.538537 2.853964 0.000000
vt 11.895000 5.490000 0.000000
vt 1.598537 2.853964 0.000000
vt -1.511463 2.853964 0.000000
vt 1.424782 2.845687 0.000000
vt -1.339281 2.829208 0.000000
vt 1.255733 2.804676 0.000000
vt -1.174895 2.772313 0.000000
vt 1.097500 2.732413 0.000000
vt -1.024248 2.685337 0.000000
vt 0.955802 2.631511 0.000000
vt -0.892783 2.571422 0.000000
vt 0.835761 2.505615 0.000000
vt -0.785253 2.434686 0.000000
vt 0.741716 2.359277 0.000000
vt -0.705543 2.280071 0.000000
vt 0.677064 2.197785 0.000000
vt -0.656535 2.113165 0.000000
vt 0.644143 2.026976 0.000000
vt -0.640000 1.940000 0.000000
vt 0.644143 1.853024 0.000000
vt -0.656535 1.766835 0.000000
vt 0.677064 1.682215 0.000000
vt -0.705543 1.599929 0.000000
vt 0.741716 1.520723 0.000000
vt -0.785253 1.445314 0.000000
vt 0.835761 1.374385 0.000000
vt -0.892783 1.308578 0.000000
vt 0.955802 1.248489 0.000000
vt -1.024248 1.194663 0.000000
vt 0.955802 0.691511 0.000000
vt -1.024248 0.745337 0.000000
vt -0.892783 0.631422 0.000000
vt 5.727064 1.682215 0.000000
vt 4.344457 1.599929 0.000000
vt 5.791716 1.520723 0.000000
vt 4.264747 1.445314 0.000000
vt 5.885761 1.374385 0.000000
vt 4.157217 1.308578 0.000000
vt 6.005802 1.248489 0.000000
vt 4.025752 1.194663 0.000000
vt 6.005802 0.691511 0.000000
vt 4.025752 0.745337 0.000000
vt 4.157217 0.631422 0.000000
vt 3.875105 1.107687 0.000000
vt 3.875105 0.832313 0.000000
vt 3.710719 1.050792 0.000000
vt 3.710719 0.889208 0.000000
vt 3.538537 1.026036 0.000000
vt 3.538537 0.913964 0.000000
vt 3.364782 0.905687 0.000000
vt 3.364782 1.034313 0.000000
vt 3.195733 0.864676 0.000000
vt 3.195733 1.075324 0.000000
vt 3.037500 1.147587 0.000000
vt 2.895802 1.248489 0.000000
vt 2.085752 1.194663 0.000000
vt 3.037500 0.792413 0.000000
vt 2.217217 1.308578 0.000000
vt 2.775761 1.374385 0.000000
vt 2.324747 1.445314 0.000000
vt 2.681716 1.520723 0.000000
vt 2.404457 1.599929 0.000000
vt 2.617064 1.682215 0.000000
vt 2.453465 1.766835 0.000000
vt 2.584143 1.853024 0.000000
vt 2.470000 1.940000 0.000000
vt 2.584143 2.026976 0.000000
vt 2.453465 2.113165 0.000000
vt 2.617064 2.197785 0.000000
vt 2.404457 2.280071 0.000000
vt 2.681716 2.359277 0.000000
vt 2.324747 2.434686 0.000000
vt 2.775761 2.505615 0.000000
vt 2.217217 2.571422 0.000000
vt 2.895802 2.631511 0.000000
vt 2.085752 2.685337 0.000000
vt 3.037500 2.732413 0.000000
vt 1.935105 2.772313 0.000000
vt 3.195733 2.804676 0.000000
vt 1.770719 2.829208 0.000000
vt 3.364782 2.845687 0.000000
vt 9.443465 -1.766835 0.000000
vt 9.460000 -1.940000 0.000000
vt 11.895000 -5.490000 0.000000
vt 9.443465 -2.113165 0.000000
vt 9.394457 -2.280071 0.000000
vt 9.314747 -2.434686 0.000000
vt 9.207217 -2.571422 0.000000
vt 9.075752 -2.685337 0.000000
vt 8.925105 -2.772313 0.000000
vt 8.760719 -2.829208 0.000000
vt 8.588537 -2.853964 0.000000
vt 8.414782 -2.845687 0.000000
vt 6.648537 -2.853964 0.000000
vt 6.474782 -2.845687 0.000000
vt 6.820719 -2.829208 0.000000
vt 8.245733 -2.804676 0.000000
vt 6.985105 -2.772313 0.000000
vt 8.087500 -2.732413 0.000000
vt 7.135752 -2.685337 0.000000
vt 7.945802 -2.631511 0.000000
vt 7.267217 -2.571422 0.000000
vt 7.825761 -2.505615 0.000000
vt 7.374747 -2.434686 0.000000
vt 7.731716 -2.359277 0.000000
vt 7.454457 -2.280071 0.000000
vt 7.667064 -2.197785 0.000000
vt 7.503465 -2.113165 0.000000
vt 7.634143 -2.026976 0.000000
vt 7.520000 -1.940000 0.000000
vt 7.634143 -1.853024 0.000000
vt 7.503465 -1.766835 0.000000
vt 7.667064 -1.682215 0.000000
vt 7.454457 -1.599929 0.000000
vt 7.731716 -1.520723 0.000000
vt 7.374747 -1.445314 0.000000
vt 7.825761 -1.374385 0.000000
vt 7.267217 -1.308578 0.000000
vt 7.945802 -1.248489 0.000000
vt 7.135752 -1.194663 0.000000
vt 8.087500 -1.147587 0.000000
vt 6.985105 -1.107687 0.000000
vt 6.985105 -0.832313 0.000000
vt 6.820719 -0.889208 0.000000
vt 8.245733 -1.075324 0.000000
vt 8.087500 -0.792413 0.000000
vt 7.135752 -0.745337 0.000000
vt 8.414782 -1.034313 0.000000
vt 8.414782 -0.905687 0.000000
vt 8.245733 -0.864676 0.000000
vt 8.588537 -0.913964 0.000000
vt 8.588537 -1.026036 0.000000
vt 8.760719 -1.050792 0.000000
vt 8.760719 -0.889208 0.000000
vt 8.925105 -1.107687 0.000000
vt 8.925105 -0.832313 0.000000
vt 9.075752 -1.194663 0.000000
vt 9.075752 -0.745337 0.000000
vt 9.207217 -1.308578 0.000000
vt 9.207217 -0.631422 0.000000
vt 9.314747 -1.445314 0.000000
vt 9.314747 -0.494686 0.000000
vt 9.394457 -0.340071 0.000000
vt 9.394457 -1.599929 0.000000
vt 9.443465 -0.173165 0.000000
vt -2.596535 1.766835 0.000000
vt -2.465857 1.853024 0.000000
vt -2.580000 1.940000 0.000000
vt -2.465857 2.026976 0.000000
vt -2.596535 2.113165 0.000000
vt -2.432936 2.197785 0.000000
vt -2.645543 2.280071 0.000000
vt -2.368284 2.359277 0.000000
vt -2.725253 2.434686 0.000000
vt -2.274239 2.505615 0.000000
vt -2.832783 2.571422 0.000000
vt -2.154198 2.631511 0.000000
vt -2.964248 2.685337 0.000000
vt -2.012500 2.732413 0.000000
vt -3.114895 2.772313 0.000000
vt -1.854267 2.804676 0.000000
vt -3.279281 2.829208 0.000000
vt -1.685218 2.845687 0.000000
vt -3.451463 2.853964 0.000000
vt -2.432936 1.682215 0.000000
vt -2.645543 1.599929 0.000000
vt -2.368284 1.520723 0.000000
vt -2.725253 1.445314 0.000000
vt -2.274239 1.374385 0.000000
vt -2.832783 1.308578 0.000000
vt -2.154198 1.248489 0.000000
vt -2.964248 1.194663 0.000000
vt -2.012500 1.147587 0.000000
vt -2.012500 0.792413 0.000000
vt -1.854267 0.864676 0.000000
vt -3.114895 1.107687 0.000000
vt -3.114895 0.832313 0.000000
vt -2.964248 0.745337 0.000000
vt -3.279281 1.050792 0.000000
vt -3.279281 0.889208 0.000000
vt -3.451463 1.026036 0.000000
vt -3.451463 0.913964 0.000000
vt -3.625218 0.905687 0.000000
vt -3.625218 1.034313 0.000000
vt -3.794267 0.864676 0.000000
vt -3.794267 1.075324 0.000000
vt -3.952500 1.147587 0.000000
vt -3.952500 0.792413 0.000000
vt -7.646535 -2.113165 0.000000
vt -7.515857 -2.026976 0.000000
vt -7.630000 -1.940000 0.000000
vt -7.515857 -1.853024 0.000000
vt -7.646535 -1.766835 0.000000
vt -7.482936 -1.682215 0.000000
vt -7.695543 -1.599929 0.000000
vt -7.418284 -1.520723 0.000000
vt -7.775253 -1.445314 0.000000
vt -7.324239 -1.374385 0.000000
vt -7.882783 -1.308578 0.000000
vt -7.204198 -1.248489 0.000000
vt -8.014248 -1.194663 0.000000
vt -7.062500 -1.147587 0.000000
vt -8.164895 -1.107687 0.000000
vt -8.164895 -0.832313 0.000000
vt -8.329281 -0.889208 0.000000
vt -7.482936 -2.197785 0.000000
vt -7.695543 -2.280071 0.000000
vt -7.418284 -2.359277 0.000000
vt -7.775253 -2.434686 0.000000
vt -7.324239 -2.505615 0.000000
vt -7.882783 -2.571422 0.000000
vt -7.204198 -2.631511 0.000000
vt -8.014248 -2.685337 0.000000
vt -7.062500 -2.732413 0.000000
vt -8.164895 -2.772313 0.000000
vt -6.904267 -2.804676 0.000000
vt -8.329281 -2.829208 0.000000
vt -6.735218 -2.845687 0.000000
vt -8.501463 -2.853964 0.000000
vt -11.895000 -5.490000 0.000000
vt -8.675218 -2.845687 0.000000
vt -8.844267 -2.804676 0.000000
vt -9.002500 -2.732413 0.000000
vt -9.144198 -2.631511 0.000000
vt -9.264239 -2.505615 0.000000
vt -9.358284 -2.359277 0.000000
vt -9.422936 -2.197785 0.000000
vt -9.455857 -2.026976 0.000000
vt -9.455857 -1.853024 0.000000
vt -9.455857 -0.086976 0.000000
vt -9.455857 0.086976 0.000000
vt -9.422936 -1.682215 0.000000
vt -9.422936 -0.257785 0.000000
vt -9.358284 -1.520723 0.000000
vt -9.358284 -0.419277 0.000000
vt -9.264239 -0.565615 0.000000
vt -9.264239 -1.374385 0.000000
vt -9.144198 -0.691511 0.000000
vt -9.144198 -1.248489 0.000000
vt -9.002500 -0.792413 0.000000
vt -9.002500 -1.147587 0.000000
vt -8.844267 -0.864676 0.000000
vt -8.844267 -1.075324 0.000000
vt -8.675218 -0.905687 0.000000
vt -8.675218 -1.034313 0.000000
vt -8.501463 -0.913964 0.000000
vt -8.501463 -1.026036 0.000000
vt -8.329281 -1.050792 0.000000
vt 9.460000 -0.000000 0.000000
vt 9.443465 0.173165 0.000000
vt 9.443465 1.766835 0.000000
vt 9.394457 0.340071 0.000000
vt 9.394457 1.599929 0.000000
vt 9.314747 1.445314 0.000000
vt 7.945802 -0.691511 0.000000
vt 7.267217 -0.631422 0.000000
vt 7.825761 -0.565615 0.000000
vt 7.374747 -0.494686 0.000000
vt 7.731716 -0.419277 0.000000
vt 7.454457 -0.340071 0.000000
vt 7.667064 -0.257785 0.000000
vt 7.503465 -0.173165 0.000000
vt 7.634143 -0.086976 0.000000
vt 7.520000 -0.000000 0.000000
vt 7.634143 0.086976 0.000000
vt 7.503465 0.173165 0.000000
vt 7.667064 0.257785 0.000000
vt 7.454457 0.340071 0.000000
vt 7.731716 0.419277 0.000000
vt 7.374747 0.494686 0.000000
vt 7.825761 0.565615 0.000000
vt 7.267217 0.631422 0.000000
vt 7.945802 0.691511 0.000000
vt 7.135752 0.745337 0.000000
vt 8.087500 0.792413 0.000000
vt 6.985105 0.832313 0.000000
vt 6.985105 1.107687 0.000000
vt 6.820719 1.050792 0.000000
vt 8.245733 0.864676 0.000000
vt 8.087500 1.147587 0.000000
vt 7.135752 1.194663 0.000000
vt 8.414782 0.905687 0.000000
vt 8.414782 1.034313 0.000000
vt 8.245733 1.075324 0.000000
vt 8.588537 1.026036 0.000000
vt 8.588537 0.913964 0.000000
vt 8.760719 0.889208 0.000000
vt 8.760719 1.050792 0.000000
vt 8.925105 0.832313 0.000000
vt 8.925105 1.107687 0.000000
vt 9.075752 0.745337 0.000000
vt 9.075752 1.194663 0.000000
vt 9.207217 0.631422 0.000000
vt 9.207217 1.308578 0.000000
vt 9.314747 0.494686 0.000000
vt 4.393465 -0.173165 0.000000
vt 5.694143 -0.086976 0.000000
vt 4.410000 -0.000000 0.000000
vt 5.694143 0.086976 0.000000
vt 4.393465 0.173165 0.000000
vt 5.727064 0.257785 0.000000
vt 4.344457 0.340071 0.000000
vt 5.791716 0.419277 0.000000
vt 4.264747 0.494686 0.000000
vt 5.885761 0.565615 0.000000
vt 5.727064 -0.257785 0.000000
vt 4.344457 -0.340071 0.000000
vt 5.791716 -0.419277 0.000000
vt 4.264747 -0.494686 0.000000
vt 5.885761 -0.565615 0.000000
vt 4.157217 -0.631422 0.000000
vt 6.005802 -0.691511 0.000000
vt 4.025752 -0.745337 0.000000
vt 6.005802 -1.248489 0.000000
vt 4.025752 -1.194663 0.000000
vt 4.157217 -1.308578 0.000000
vt 3.875105 -0.832313 0.000000
vt 3.875105 -1.107687 0.000000
vt 3.710719 -0.889208 0.000000
vt 3.710719 -1.050792 0.000000
vt 3.538537 -0.913964 0.000000
vt 3.538537 -1.026036 0.000000
vt 3.364782 -1.034313 0.000000
vt 3.364782 -0.905687 0.000000
vt 3.195733 -1.075324 0.000000
vt 3.195733 -0.864676 0.000000
vt 3.037500 -0.792413 0.000000
vt 2.895802 -0.691511 0.000000
vt 2.085752 -0.745337 0.000000
vt 3.037500 -1.147587 0.000000
vt 2.217217 -0.631422 0.000000
vt 2.775761 -0.565615 0.000000
vt 2.324747 -0.494686 0.000000
vt 2.681716 -0.419277 0.000000
vt 2.404457 -0.340071 0.000000
vt 2.617064 -0.257785 0.000000
vt 2.453465 -0.173165 0.000000
vt 2.584143 -0.086976 0.000000
vt 2.470000 -0.000000 0.000000
vt 2.584143 0.086976 0.000000
vt 2.453465 0.173165 0.000000
vt 2.617064 0.257785 0.000000
vt 2.404457 0.340071 0.000000
vt 2.681716 0.419277 0.000000
vt 2.324747 0.494686 0.000000
vt 2.775761 0.565615 0.000000
vt 2.217217 0.631422 0.000000
vt 2.895802 0.691511 0.000000
vt 2.085752 0.745337 0.000000
vt 1.935105 0.832313 0.000000
vt 1.935105 1.107687 0.000000
vt 1.770719 1.050792 0.000000
vt -2.596535 -2.113165 0.000000
vt -2.465857 -2.026976 0.000000
vt -2.580000 -1.940000 0.000000
vt -2.465857 -1.853024 0.000000
vt -2.596535 -1.766835 0.000000
vt -2.432936 -1.682215 0.000000
vt -2.645543 -1.599929 0.000000
vt -2.368284 -1.520723 0.000000
vt -2.725253 -1.445314 0.000000
vt -2.274239 -1.374385 0.000000
vt -2.832783 -1.308578 0.000000
vt -2.154198 -1.248489 0.000000
vt -2.964248 -1.194663 0.000000
vt -2.012500 -1.147587 0.000000
vt -3.114895 -1.107687 0.000000
vt -3.114895 -0.832313 0.000000
vt -3.279281 -0.889208 0.000000
vt -2.432936 -2.197785 0.000000
vt -2.645543 -2.280071 0.000000
vt -2.368284 -2.359277 0.000000
vt -2.725253 -2.434686 0.000000
vt -2.274239 -2.505615 0.000000
vt -2.832783 -2.571422 0.000000
vt -2.154198 -2.631511 0.000000
vt -2.964248 -2.685337 0.000000
vt -2.012500 -2.732413 0.000000
vt -3.114895 -2.772313 0.000000
vt -1.854267 -2.804676 0.000000
vt -3.279281 -2.829208 0.000000
vt -1.685218 -2.845687 0.000000
vt -3.451463 -2.853964 0.000000
vt -1.511463 -2.853964 0.000000
vt -3.625218 -2.845687 0.000000
vt -6.561463 -2.853964 0.000000
vt -6.389281 -2.829208 0.000000
vt -3.794267 -2.804676 0.000000
vt -6.224895 -2.772313 0.000000
vt -3.952500 -2.732413 0.000000
vt -6.074248 -2.685337 0.000000
vt -4.094198 -2.631511 0.000000
vt -5.942783 -2.571422 0.000000
vt -4.214239 -2.505615 0.000000
vt -5.835253 -2.434686 0.000000
vt -4.308284 -2.359277 0.000000
vt -5.755543 -2.280071 0.000000
vt -4.372936 -2.197785 0.000000
vt -5.706535 -2.113165 0.000000
vt -4.405857 -2.026976 0.000000
vt -5.690000 -1.940000 0.000000
vt -4.405857 -1.853024 0.000000
vt -5.706535 -1.766835 0.000000
vt -4.372936 -1.682215 0.000000
vt -5.755543 -1.599929 0.000000
vt -4.308284 -1.520723 0.000000
vt -5.835253 -1.445314 0.000000
vt -4.214239 -1.374385 0.000000
vt -5.942783 -1.308578 0.000000
vt -4.094198 -1.248489 0.000000
vt -6.074248 -1.194663 0.000000
vt -6.074248 -0.745337 0.000000
vt -6.224895 -0.832313 0.000000
vt -4.094198 -0.691511 0.000000
vt -3.952500 -1.147587 0.000000
vt -3.952500 -0.792413 0.000000
vt -3.794267 -1.075324 0.000000
vt -3.794267 -0.864676 0.000000
vt -3.625218 -0.905687 0.000000
vt -3.625218 -1.034313 0.000000
vt -3.451463 -0.913964 0.000000
vt -3.451463 -1.026036 0.000000
vt -3.279281 -1.050792 0.000000
vt -9.455857 1.853024 0.000000
vt -9.455857 2.026976 0.000000
vt -7.646535 -0.173165 0.000000
vt -7.515857 -0.086976 0.000000
vt -7.630000 -0.000000 0.000000
vt -7.515857 0.086976 0.000000
vt -7.646535 0.173165 0.000000
vt -7.482936 0.257785 0.000000
vt -7.695543 0.340071 0.000000
vt -7.418284 0.419277 0.000000
vt -7.775253 0.494686 0.000000
vt -7.324239 0.565615 0.000000
vt -7.882783 0.631422 0.000000
vt -7.204198 0.691511 0.000000
vt -8.014248 0.745337 0.000000
vt -8.164895 0.832313 0.000000
vt -8.164895 1.107687 0.000000
vt -8.329281 1.050792 0.000000
vt -7.482936 -0.257785 0.000000
vt -7.695543 -0.340071 0.000000
vt -7.418284 -0.419277 0.000000
vt -7.775253 -0.494686 0.000000
vt -7.324239 -0.565615 0.000000
vt -7.882783 -0.631422 0.000000
vt -7.204198 -0.691511 0.000000
vt -8.014248 -0.745337 0.000000
vt -7.062500 -0.792413 0.000000
vt -6.904267 -1.075324 0.000000
vt -9.422936 0.257785 0.000000
vt -9.422936 1.682215 0.000000
vt -9.358284 0.419277 0.000000
vt -9.358284 1.520723 0.000000
vt -9.264239 1.374385 0.000000
vt -9.264239 0.565615 0.000000
vt -9.144198 1.248489 0.000000
vt -9.144198 0.691511 0.000000
vt -9.002500 1.147587 0.000000
vt -9.002500 0.792413 0.000000
vt -8.844267 1.075324 0.000000
vt -8.844267 0.864676 0.000000
vt -8.675218 1.034313 0.000000
vt -8.675218 0.905687 0.000000
vt -8.501463 1.026036 0.000000
vt -8.501463 0.913964 0.000000
vt -8.329281 0.889208 0.000000
vt 9.443465 2.113165 0.000000
vt 9.460000 1.940000 0.000000
vt 7.945802 1.248489 0.000000
vt 7.267217 1.308578 0.000000
vt 7.825761 1.374385 0.000000
vt 7.374747 1.445314 0.000000
vt 7.731716 1.520723 0.000000
vt 7.454457 1.599929 0.000000
vt 7.667064 1.682215 0.000000
vt 7.503465 1.766835 0.000000
vt 7.634143 1.853024 0.000000
vt 7.520000 1.940000 0.000000
vt 7.634143 2.026976 0.000000
vt 7.503465 2.113165 0.000000
vt 7.667064 2.197785 0.000000
vt 7.454457 2.280071 0.000000
vt 7.731716 2.359277 0.000000
vt 7.374747 2.434686 0.000000
vt 7.825761 2.505615 0.000000
vt 7.267217 2.571422 0.000000
vt 7.945802 2.631511 0.000000
vt 7.135752 2.685337 0.000000
vt 8.087500 2.732413 0.000000
vt 6.985105 2.772313 0.000000
vt 8.245733 2.804676 0.000000
vt 6.820719 2.829208 0.000000
vt 8.414782 2.845687 0.000000
vt 6.648537 2.853964 0.000000
vt 8.588537 2.853964 0.000000
vt 8.760719 2.829208 0.000000
vt 8.925105 2.772313 0.000000
vt 9.075752 2.685337 0.000000
vt 9.207217 2.571422 0.000000
vt 9.314747 2.434686 0.000000
vt 9.394457 2.280071 0.000000
vt -9.422936 2.197785 0.000000
vt -9.358284 2.359277 0.000000
vt -9.264239 2.505615 0.000000
vt -9.144198 2.631511 0.000000
vt -9.002500 2.732413 0.000000
vt -8.844267 2.804676 0.000000
vt -8.675218 2.845687 0.000000
vt -5.706535 -0.173165 0.000000
vt -4.405857 -0.086976 0.000000
vt -5.690000 -0.000000 0.000000
vt -4.405857 0.086976 0.000000
vt -5.706535 0.173165 0.000000
vt -4.372936 0.257785 0.000000
vt -5.755543 0.340071 0.000000
vt -4.308284 0.419277 0.000000
vt -5.835253 0.494686 0.000000
vt -4.214239 0.565615 0.000000
vt -4.372936 -0.257785 0.000000
vt -5.755543 -0.340071 0.000000
vt -4.308284 -0.419277 0.000000
vt -5.835253 -0.494686 0.000000
vt -4.214239 -0.565615 0.000000
vt -5.942783 -0.631422 0.000000
vt -6.224895 -1.107687 0.000000
vt -6.389281 -0.889208 0.000000
vt -6.389281 -1.050792 0.000000
vt -6.561463 -0.913964 0.000000
vt -6.561463 -1.026036 0.000000
vt -6.735218 -1.034313 0.000000
vt -6.735218 -0.905687 0.000000
vt -6.904267 -0.864676 0.000000
vt 4.393465 -2.113165 0.000000
vt 5.694143 -2.026976 0.000000
vt 4.410000 -1.940000 0.000000
vt 5.694143 -1.853024 0.000000
vt 4.393465 -1.766835 0.000000
vt 5.727064 -1.682215 0.000000
vt 4.344457 -1.599929 0.000000
vt 5.791716 -1.520723 0.000000
vt 4.264747 -1.445314 0.000000
vt 5.885761 -1.374385 0.000000
vt 5.727064 -2.197785 0.000000
vt 4.344457 -2.280071 0.000000
vt 5.791716 -2.359277 0.000000
vt 4.264747 -2.434686 0.000000
vt 5.885761 -2.505615 0.000000
vt 4.157217 -2.571422 0.000000
vt 6.005802 -2.631511 0.000000
vt 4.025752 -2.685337 0.000000
vt 6.147500 -2.732413 0.000000
vt 3.875105 -2.772313 0.000000
vt 6.305733 -2.804676 0.000000
vt 3.710719 -2.829208 0.000000
vt 3.538537 -2.853964 0.000000
vt 1.598537 -2.853964 0.000000
vt 1.424782 -2.845687 0.000000
vt -1.339281 -2.829208 0.000000
vt 1.255733 -2.804676 0.000000
vt -1.174895 -2.772313 0.000000
vt 1.097500 -2.732413 0.000000
vt -1.024248 -2.685337 0.000000
vt 0.955802 -2.631511 0.000000
vt -0.892783 -2.571422 0.000000
vt 0.835761 -2.505615 0.000000
vt -0.785253 -2.434686 0.000000
vt 0.741716 -2.359277 0.000000
vt -0.705543 -2.280071 0.000000
vt 0.677064 -2.197785 0.000000
vt -0.656535 -2.113165 0.000000
vt 0.644143 -2.026976 0.000000
vt -0.640000 -1.940000 0.000000
vt 0.644143 -1.853024 0.000000
vt -0.656535 -1.766835 0.000000
vt 0.677064 -1.682215 0.000000
vt -0.705543 -1.599929 0.000000
vt 0.741716 -1.520723 0.000000
vt -0.785253 -1.445314 0.000000
vt 0.835761 -1.374385 0.000000
vt -0.892783 -1.308578 0.000000
vt 0.955802 -1.248489 0.000000
vt -1.024248 -1.194663 0.000000
vt -1.024248 -0.745337 0.000000
vt -1.174895 -0.832313 0.000000
vt 3.364782 -2.845687 0.000000
vt 1.770719 -2.829208 0.000000
vt 3.195733 -2.804676 0.000000
vt 1.935105 -2.772313 0.000000
vt 3.037500 -2.732413 0.000000
vt 2.085752 -2.685337 0.000000
vt 2.895802 -2.631511 0.000000
vt 2.217217 -2.571422 0.000000
vt 2.775761 -2.505615 0.000000
vt 2.324747 -2.434686 0.000000
vt 2.681716 -2.359277 0.000000
vt 2.404457 -2.280071 0.000000
vt 2.617064 -2.197785 0.000000
vt 2.453465 -2.113165 0.000000
vt 2.584143 -2.026976 0.000000
vt 2.470000 -1.940000 0.000000
vt 2.584143 -1.853024 0.000000
vt 2.453465 -1.766835 0.000000
vt 2.617064 -1.682215 0.000000
vt 2.404457 -1.599929 0.000000
vt 2.681716 -1.520723 0.000000
vt 2.324747 -1.445314 0.000000
vt 2.775761 -1.374385 0.000000
vt 2.217217 -1.308578 0.000000
vt 2.895802 -1.248489 0.000000
vt 2.085752 -1.194663 0.000000
vt 1.935105 -1.107687 0.000000
vt 1.935105 -0.832313 0.000000
vt 1.770719 -0.889208 0.000000
vt 6.147500 -1.147587 0.000000
vt 6.147500 -0.792413 0.000000
vt 6.305733 -1.075324 0.000000
vt 6.305733 -0.864676 0.000000
vt 6.474782 -0.905687 0.000000
vt 6.474782 -1.034313 0.000000
vt 6.648537 -0.913964 0.000000
vt 6.648537 -1.026036 0.000000
vt 6.820719 -1.050792 0.000000
vt 6.147500 0.792413 0.000000
vt 6.147500 1.147587 0.000000
vt 6.305733 0.864676 0.000000
vt 6.305733 1.075324 0.000000
vt 6.474782 1.034313 0.000000
vt 6.474782 0.905687 0.000000
vt 6.648537 1.026036 0.000000
vt 6.648537 0.913964 0.000000
vt 6.820719 0.889208 0.000000
vt -0.656535 -0.173165 0.000000
vt 0.644143 -0.086976 0.000000
vt -0.640000 -0.000000 0.000000
vt 0.644143 0.086976 0.000000
vt -0.656535 0.173165 0.000000
vt 0.677064 0.257785 0.000000
vt -0.705543 0.340071 0.000000
vt 0.741716 0.419277 0.000000
vt -0.785253 0.494686 0.000000
vt 0.835761 0.565615 0.000000
vt 0.677064 -0.257785 0.000000
vt -0.705543 -0.340071 0.000000
vt 0.741716 -0.419277 0.000000
vt -0.785253 -0.494686 0.000000
vt 0.835761 -0.565615 0.000000
vt -0.892783 -0.631422 0.000000
vt 0.955802 -0.691511 0.000000
vt -1.174895 -1.107687 0.000000
vt -1.339281 -0.889208 0.000000
vt -1.339281 -1.050792 0.000000
vt -1.511463 -0.913964 0.000000
vt -1.511463 -1.026036 0.000000
vt -1.685218 -1.034313 0.000000
vt -1.685218 -0.905687 0.000000
vt -1.854267 -1.075324 0.000000
vt -1.854267 -0.864676 0.000000
vt -2.012500 -0.792413 0.000000
vt -2.154198 -0.691511 0.000000
vt -2.964248 -0.745337 0.000000
vt -2.832783 -0.631422 0.000000
vt -2.274239 -0.565615 0.000000
vt -2.725253 -0.494686 0.000000
vt -2.368284 -0.419277 0.000000
vt -2.645543 -0.340071 0.000000
vt -2.432936 -0.257785 0.000000
vt -2.596535 -0.173165 0.000000
vt -2.465857 -0.086976 0.000000
vt -2.580000 -0.000000 0.000000
vt -2.465857 0.086976 0.000000
vt -2.596535 0.173165 0.000000
vt -2.432936 0.257785 0.000000
vt -2.645543 0.340071 0.000000
vt -2.368284 0.419277 0.000000
vt -2.725253 0.494686 0.000000
vt -2.274239 0.565615 0.000000
vt -2.832783 0.631422 0.000000
vt -2.154198 0.691511 0.000000
vt -1.685218 0.905687 0.000000
vt -1.685218 1.034313 0.000000
vt -1.854267 1.075324 0.000000
vt -1.511463 1.026036 0.000000
vt -1.511463 0.913964 0.000000
vt -1.339281 0.889208 0.000000
vt -1.339281 1.050792 0.000000
vt -1.174895 0.832313 0.000000
vt -1.174895 1.107687 0.000000
vt 1.770719 -1.050792 0.000000
vt 1.598537 -0.913964 0.000000
vt 1.598537 -1.026036 0.000000
vt 1.424782 -1.034313 0.000000
vt 1.424782 -0.905687 0.000000
vt 1.255733 -1.075324 0.000000
vt 1.255733 -0.864676 0.000000
vt 1.097500 -0.792413 0.000000
vt 1.097500 -1.147587 0.000000
vt 1.097500 0.792413 0.000000
vt 1.097500 1.147587 0.000000
vt 1.255733 0.864676 0.000000
vt 1.255733 1.075324 0.000000
vt 1.424782 1.034313 0.000000
vt 1.424782 0.905687 0.000000
vt 1.598537 1.026036 0.000000
vt 1.598537 0.913964 0.000000
vt 1.770719 0.889208 0.000000
vn -0.100000 0.000000 -0.000000
vn -0.100000 0.000000 -0.000000
vn -0.100000 0.000000 -0.000000
vn -0.100000 0.000000 -0.000000
vn 0.000000 -0.100000 0.000000
vn 0.000000 -0.100000 0.000000
vn 0.000000 -0.100000 0.000000
vn 0.000000 -0.100000 0.000000
vn 0.000000 0.000000 0.100000
vn 0.000000 0.000000 0.100000
vn 0.000000 0.000000 0.100000
vn 0.000000 0.000000 0.100000
vn 0.000000 0.000000 0.100000
vn 0.000000 0.000000 0.100000
vn -0.100000 0.000000 0.000000
vn -0.100000 0.000000 0.000000
vn -0.100000 0.000000 0.000000
vn -0.100000 0.000000 0.000000
vn -0.100000 0.000000 0.000000
vn -0.100000 0.000000 0.000000
vn 0.000000 0.000000 0.100000
vn 0.000000 0.000000 0.100000
vn 0.000000 0.000000 0.100000
vn 0.000000 0.000000 0.100000
vn 0.000000 0.000000 0.100000
vn 0.000000 0.000000 0.100000
vn 0.000000 0.000000 0.100000
vn 0.000000 0.000000 0.100000
vn 0.000000 0.000000 0.100000
vn 0.000000 0.000000 0.100000
vn 0.100000 -0.000000 0.000000
vn 0.100000 -0.000000 0.000000
vn 0.100000 -0.000000 0.000000
vn 0.100000 -0.000000 0.000000
vn 0.100000 -0.000000 0.000000
vn 0.100000 -0.000000 0.000000
vn -0.100000 0.000000 0.000000
vn -0.100000 0.000000 0.000000
vn -0.100000 0.000000 0.000000
vn -0.100000 0.000000 0.000000
vn -0.000000 0.100000 -0.000000
vn -0.000000 0.100000 -0.000000
vn -0.000000 0.100000 -0.000000
vn -0.000000 0.100000 -0.000000
vn -0.000000 0.100000 -0.000000
vn -0.000000 0.100000 -0.000000
vn -0.000000 -0.100000 0.000000
vn -0.000000 -0.100000 0.000000
vn -0.000000 -0.100000 0.000000
vn -0.000000 -0.100000 0.000000
vn 0.000000 0.000000 0.100000
vn 0.000000 0.000000 0.100000
vn 0.000000 0.000000 0.100000
vn 0.000000 0.000000 0.100000
vn 0.000000 0.000000 0.100000
vn 0.000000 0.000000 0.100000
vn 0.000000 0.000000 0.100000
vn 0.000000 0.000000 0.100000
vn 0.000000 0.000000 0.100000
vn 0.000000 0.000000 0.100000
vn 0.000000 0.000000 0.100000
vn 0.000000 0.000000 0.100000
vn 0.000000 0.000000 0.100000
vn 0.000000 0.000000 0.100000
vn 0.000000 0.000000 0.100000
vn 0.000000 0.000000 0.100000
vn 0.000000 0.000000 0.100000
vn 0.000000 0.000000 0.100000
vn 0.000000 0.000000 0.100000
vn 0.000000 0.000000 0.100000
vn 0.000000 0.000000 0.100000
vn 0.000000 0.000000 0.100000
vn 0.000000 0.000000 0.100000
vn 0.000000 0.000000 0.100000
vn 0.000000 0.000000 0.100000
vn 0.000000 0.000000 0.100000
vn 0.000000 0.000000 0.100000
vn 0.000000 0.000000 0.100000
vn 0.000000 0.000000 0.100000
vn 0.000000 0.000000 0.100000
vn 0.000000 0.000000 0.100000
vn 0.000000 0.000000 0.100000
vn 0.000000 0.000000 0.100000
vn 0.000000 0.000000 0.100000
vn 0.000000 0.000000 0.100000
vn 0.000000 0.000000 0.100000
vn 0.000000 0.000000 0.100000
vn 0.000000 0.000000 0.100000
vn 0.000000 0.000000 0.100000
vn 0.000000 0.000000 0.100000
vn 0.000000 0.000000 0.100000
vn 0.000000 0.000000 0.100000
vn 0.000000 0.000000 0.100000
vn 0.000000 0.000000 0.100000
vn 0.000000 0.000000 0.100000
vn 0.000000 0.000000 0.100000
vn 0.000000 0.000000 0.100000
vn 0.000000 0.000000 0.100000
vn 0.000000 0.000000 0.100000
vn 0.000000 0.000000 0.100000
vn 0.000000 0.000000 0.100000
vn 0.000000 0.000000 0.100000
vn 0.000000 0.000000 0.100000
vn 0.000000 0.000000 0.100000
vn 0.000000 0.000000 0.100000
vn 0.000000 0.000000 0.100000
vn 0.000000 0.000000 0.100000
vn 0.000000 0.000000 0.100000
vn 0.000000 0.000000 0.100000
vn 0.000000 0.000000 0.100000
vn 0.000000 0.000000 0.100000
vn 0.000000 0.000000 0.100000
vn 0.000000 0.000000 0.100000
vn 0.000000 0.000000 0.100000
vn 0.000000 0.000000 0.100000
vn 0.000000 0.000000 0.100000
vn 0.000000 0.000000 0.100000
vn 0.000000 0.000000 0.100000
vn 0.000000 0.000000 0.100000
vn 0.000000 0.000000 0.100000
vn 0.000000 0.000000 0.100000
vn 0.000000 0.000000 0.100000
vn 0.000000 0.000000 0.100000
vn 0.000000 0.000000 0.100000
vn 0.000000 0.000000 0.100000
vn 0.000000 0.000000 0.100000
vn 0.000000 0.000000 0.100000
vn 0.000000 0.000000 0.100000
vn 0.000000 0.000000 0.100000
vn 0.000000 0.000000 0.100000
vn 0.000000 0.000000 0.100000
vn 0.000000 0.000000 0.100000
vn 0.000000 0.000000 0.100000
vn 0.000000 0.000000 0.100000
vn 0.000000 0.000000 0.100000
vn 0.000000 0.000000 0.100000
vn 0.000000 0.000000 0.100000
vn 0.000000 0.000000 0.100000
vn 0.000000 0.000000 0.100000
vn 0.000000 0.000000 0.100000
vn 0.000000 0.000000 0.100000
vn 0.000000 0.000000 0.100000
vn 0.000000 0.000000 0.100000
vn 0.000000 0.000000 0.100000
vn 0.000000 0.000000 0.100000
vn 0.000000 0.000000 0.100000
vn 0.000000 0.000000 0.100000
vn 0.000000 0.000000 0.100000
vn 0.000000 0.000000 0.100000
vn 0.000000 0.000000 0.100000
vn 0.000000 0.000000 0.100000
vn 0.000000 0.000000 0.100000
vn 0.000000 0.000000 0.100000
vn 0.000000 0.000000 0.100000
vn 0.000000 0.000000 0.100000
vn 0.000000 0.000000 0.100000
vn 0.000000 0.000000 0.100000
vn 0.000000 0.000000 0.100000
vn 0.000000 0.000000 0.100000
vn 0.000000 0.000000 0.100000
vn 0.000000 0.000000 0.100000
vn 0.000000 0.000000 0.100000
vn 0.000000 0.000000 0.100000
vn 0.000000 0.000000 0.100000
vn 0.000000 0.000000 0.100000
vn 0.000000 0.000000 0.100000
vn 0.000000 0.000000 0.100000
vn 0.000000 0.000000 0.100000
vn 0.000000 0.000000 0.100000
vn 0.000000 0.000000 0.100000
vn 0.000000 0.000000 0.100000
vn 0.000000 0.000000 0.100000
vn 0.000000 0.000000 0.100000
vn 0.000000 0.000000 0.100000
vn 0.000000 0.000000 0.100000
vn 0.000000 0.000000 0.100000
vn 0.000000 0.000000 0.100000
vn 0.000000 0.000000 0.100000
vn 0.000000 0.000000 0.100000
vn 0.000000 0.000000 0.100000
vn 0.000000 0.000000 0.100000
vn 0.000000 0.000000 0.100000
vn 0.000000 0.000000 0.100000
vn 0.000000 0.000000 0.100000
vn 0.000000 0.000000 0.100000
vn 0.000000 0.000000 0.100000
vn 0.000000 0.000000 0.100000
vn 0.000000 0.000000 0.100000
vn 0.000000 0.000000 0.100000
vn 0.000000 0.000000 0.100000
vn 0.000000 0.000000 0.100000
vn 0.000000 0.000000 0.100000
vn 0.000000 0.000000 0.100000
vn 0.000000 0.000000 0.100000
vn 0.000000 0.000000 0.100000
vn 0.000000 0.000000 0.100000
vn 0.000000 0.000000 0.100000
vn 0.000000 0.000000 0.100000
vn 0.000000 0.000000 0.100000
vn 0.000000 0.000000 0.100000
vn 0.000000 0.000000 0.100000
vn 0.000000 0.000000 0.100000
vn 0.000000 0.000000 0.100000
vn 0.000000 0.000000 0.100000
vn 0.000000 0.000000 0.100000
vn 0.000000 0.000000 0.100000
vn 0.000000 0.000000 0.100000
vn 0.000000 0.000000 0.100000
vn 0.000000 0.000000 0.100000
vn 0.000000 0.000000 0.100000
vn 0.000000 0.000000 0.100000
vn 0.000000 0.000000 0.100000
vn 0.000000 0.000000 0.100000
vn 0.000000 0.000000 0.100000
vn 0.000000 0.000000 0.100000
vn 0.000000 0.000000 0.100000
vn 0.000000 0.000000 0.100000
vn 0.000000 0.000000 0.100000
vn 0.000000 0.000000 0.100000
vn 0.000000 0.000000 0.100000
vn 0.000000 0.000000 0.100000
vn 0.000000 0.000000 0.100000
vn 0.000000 0.000000 0.100000
vn 0.000000 0.000000 0.100000
vn 0.000000 0.000000 0.100000
vn 0.000000 0.000000 0.100000
vn 0.000000 0.000000 0.100000
vn 0.000000 0.000000 0.100000
vn 0.000000 0.000000 0.100000
vn 0.000000 0.000000 0.100000
vn 0.000000 0.000000 0.100000
vn 0.000000 0.000000 0.100000
vn 0.000000 0.000000 0.100000
vn 0.000000 0.000000 0.100000
vn 0.000000 0.000000 0.100000
vn 0.000000 0.000000 0.100000
vn 0.000000 0.000000 0.100000
vn 0.000000 0.000000 0.100000
vn 0.000000 0.000000 0.100000
vn 0.000000 0.000000 0.100000
vn 0.000000 0.000000 0.100000
vn 0.000000 0.000000 0.100000
vn 0.000000 0.000000 0.100000
vn 0.000000 0.000000 0.100000
vn 0.000000 0.000000 0.100000
vn 0.000000 0.000000 0.100000
vn 0.000000 0.000000 0.100000
vn 0.000000 0.000000 0.100000
vn 0.000000 0.000000 0.100000
vn 0.000000 0.000000 0.100000
vn 0.000000 0.000000 0.100000
vn 0.000000 0.000000 0.100000
vn 0.000000 0.000000 0.100000
vn 0.000000 0.000000 0.100000
vn 0.000000 0.000000 0.100000
vn 0.000000 0.000000 0.100000
vn 0.000000 0.000000 0.100000
vn 0.000000 0.000000 0.100000
vn 0.000000 0.000000 0.100000
vn 0.000000 0.000000 0.100000
vn 0.000000 0.000000 0.100000
vn 0.000000 0.000000 0.100000
vn 0.000000 0.000000 0.100000
vn 0.000000 0.000000 0.100000
vn 0.000000 0.000000 0.100000
vn 0.000000 0.000000 0.100000
vn 0.000000 0.000000 0.100000
vn 0.000000 0.000000 0.100000
vn 0.000000 0.000000 0.100000
vn 0.000000 0.000000 0.100000
vn 0.000000 0.000000 0.100000
vn 0.000000 0.000000 0.100000
vn 0.000000 0.000000 0.100000
vn 0.000000 0.000000 0.100000
vn 0.000000 0.000000 0.100000
vn 0.000000 0.000000 0.100000
vn 0.000000 0.000000 0.100000
vn 0.000000 0.000000 0.100000
vn 0.000000 0.000000 0.100000
vn 0.000000 0.000000 0.100000
vn 0.000000 0.000000 0.100000
vn 0.000000 0.000000 0.100000
vn 0.000000 0.000000 0.100000
vn 0.000000 0.000000 0.100000
vn 0.000000 0.000000 0.100000
vn 0.000000 0.000000 0.100000
vn 0.000000 0.000000 0.100000
vn 0.000000 0.000000 0.100000
vn 0.000000 0.000000 0.100000
vn 0.000000 0.000000 0.100000
vn 0.000000 0.000000 0.100000
vn 0.000000 0.000000 0.100000
vn 0.000000 0.000000 0.100000
vn 0.000000 0.000000 0.100000
vn 0.000000 0.000000 0.100000
vn 0.000000 0.000000 0.100000
vn 0.000000 0.000000 0.100000
vn 0.000000 0.000000 0.100000
vn 0.000000 0.000000 0.100000
vn 0.000000 0.000000 0.100000
vn 0.000000 0.000000 0.100000
vn 0.000000 0.000000 0.100000
vn 0.000000 0.000000 0.100000
vn 0.000000 0.000000 0.100000
vn 0.000000 0.000000 0.100000
vn 0.000000 0.000000 0.100000
vn 0.000000 0.000000 0.100000
vn 0.000000 0.000000 0.100000
vn 0.000000 0.000000 0.100000
vn 0.000000 0.000000 0.100000
vn 0.000000 0.000000 0.100000
vn 0.000000 0.000000 0.100000
vn 0.000000 0.000000 0.100000
vn 0.000000 0.000000 0.100000
vn 0.000000 0.000000 0.100000
vn 0.000000 0.000000 0.100000
vn 0.000000 0.000000 0.100000
vn 0.000000 0.000000 0.100000
vn 0.000000 0.000000 0.100000
vn 0.000000 0.000000 0.100000
vn 0.000000 0.000000 0.100000
vn 0.000000 0.000000 0.100000
vn 0.000000 0.000000 0.100000
vn 0.000000 0.000000 0.100000
vn 0.000000 0.000000 0.100000
vn 0.000000 0.000000 0.100000
vn 0.000000 0.000000 0.100000
vn 0.000000 0.000000 0.100000
vn 0.000000 0.000000 0.100000
vn 0.000000 0.000000 0.100000
vn 0.000000 0.000000 0.100000
vn 0.000000 0.000000 0.100000
vn 0.000000 0.000000 0.100000
vn 0.000000 0.000000 0.100000
vn 0.000000 0.000000 0.100000
vn 0.000000 0.000000 0.100000
vn 0.000000 0.000000 0.100000
vn 0.000000 0.000000 0.100000
vn 0.000000 0.000000 0.100000
vn 0.000000 0.000000 0.100000
vn 0.000000 0.000000 0.100000
vn 0.000000 0.000000 0.100000
vn 0.000000 0.000000 0.100000
vn 0.000000 0.000000 0.100000
vn 0.000000 0.000000 0.100000
vn 0.000000 0.000000 0.100000
vn 0.000000 0.000000 0.100000
vn 0.000000 0.000000 0.100000
vn 0.000000 0.000000 0.100000
vn 0.000000 0.000000 0.100000
vn 0.000000 0.000000 0.100000
vn 0.000000 0.000000 0.100000
vn 0.000000 0.000000 0.100000
vn 0.000000 0.000000 0.100000
vn 0.000000 0.000000 0.100000
vn 0.000000 0.000000 0.100000
vn 0.000000 0.000000 0.100000
vn 0.000000 0.000000 0.100000
vn 0.000000 0.000000 0.100000
vn 0.000000 0.000000 0.100000
vn 0.000000 0.000000 0.100000
vn 0.000000 0.000000 0.100000
vn 0.000000 0.000000 0.100000
vn 0.000000 0.000000 0.100000
vn 0.000000 0.000000 0.100000
vn 0.000000 0.000000 0.100000
vn 0.000000 0.000000 0.100000
vn 0.000000 0.000000 0.100000
vn 0.000000 0.000000 0.100000
vn 0.000000 0.000000 0.100000
vn 0.000000 0.000000 0.100000
vn 0.000000 0.000000 0.100000
vn 0.000000 0.000000 0.100000
vn 0.000000 0.000000 0.100000
vn 0.000000 0.000000 0.100000
vn 0.000000 0.000000 0.100000
vn 0.000000 0.000000 0.100000
vn 0.000000 0.000000 0.100000
vn 0.000000 0.000000 0.100000
vn 0.000000 0.000000 0.100000
vn 0.000000 0.000000 0.100000
vn 0.000000 0.000000 0.100000
vn 0.000000 0.000000 0.100000
vn 0.000000 0.000000 0.100000
vn 0.000000 0.000000 0.100000
vn 0.000000 0.000000 0.100000
vn 0.000000 0.000000 0.100000
vn 0.000000 0.000000 0.100000
vn 0.000000 0.000000 0.100000
vn 0.000000 0.000000 0.100000
vn 0.000000 0.000000 0.100000
vn 0.000000 0.000000 0.100000
vn 0.000000 0.000000 0.100000
vn 0.000000 0.000000 0.100000
vn 0.000000 0.000000 0.100000
vn 0.000000 0.000000 0.100000
vn 0.000000 0.000000 0.100000
vn 0.000000 0.000000 0.100000
vn 0.000000 0.000000 0.100000
vn 0.000000 0.000000 0.100000
vn 0.000000 0.000000 0.100000
vn 0.000000 0.000000 0.100000
vn 0.000000 0.000000 0.100000
vn 0.000000 0.000000 0.100000
vn 0.000000 0.000000 0.100000
vn 0.000000 0.000000 0.100000
vn 0.000000 0.000000 0.100000
vn 0.000000 0.000000 0.100000
vn 0.000000 0.000000 0.100000
vn 0.000000 0.000000 0.100000
vn 0.000000 0.000000 0.100000
vn 0.000000 0.000000 0.100000
vn 0.000000 0.000000 0.100000
vn 0.000000 0.000000 0.100000
vn 0.000000 0.000000 0.100000
vn 0.000000 0.000000 0.100000
vn 0.000000 0.000000 0.100000
vn 0.000000 0.000000 0.100000
vn 0.000000 0.000000 0.100000
vn 0.000000 0.000000 0.100000
vn 0.000000 0.000000 0.100000
vn 0.000000 0.000000 0.100000
vn 0.000000 0.000000 0.100000
vn 0.000000 0.000000 0.100000
vn 0.000000 0.000000 0.100000
vn 0.000000 0.000000 0.100000
vn 0.000000 0.000000 0.100000
vn 0.000000 0.000000 0.100000
vn 0.000000 0.000000 0.100000
vn 0.000000 0.000000 0.100000
vn 0.000000 0.000000 0.100000
vn 0.000000 0.000000 0.100000
vn 0.000000 0.000000 0.100000
vn 0.000000 0.000000 0.100000
vn 0.000000 0.000000 0.100000
vn 0.000000 0.000000 0.100000
vn 0.000000 0.000000 0.100000
vn 0.000000 0.000000 0.100000
vn 0.000000 0.000000 0.100000
vn 0.000000 0.000000 0.100000
vn 0.000000 0.000000 0.100000
vn 0.000000 0.000000 0.100000
vn 0.000000 0.000000 0.100000
vn 0.000000 0.000000 0.100000
vn 0.000000 0.000000 0.100000
vn 0.000000 0.000000 0.100000
vn 0.000000 0.000000 0.100000
vn 0.000000 0.000000 0.100000
vn 0.000000 0.000000 0.100000
vn 0.000000 0.000000 0.100000
vn 0.000000 0.000000 0.100000
vn 0.000000 0.000000 0.100000
vn 0.000000 0.000000 0.100000
vn 0.000000 0.000000 0.100000
vn 0.000000 0.000000 0.100000
vn 0.000000 0.000000 0.100000
vn 0.000000 0.000000 0.100000
vn 0.000000 0.000000 0.100000
vn 0.000000 0.000000 0.100000
vn 0.000000 0.000000 0.100000
vn 0.000000 0.000000 0.100000
vn 0.000000 0.000000 0.100000
vn 0.000000 0.000000 0.100000
vn 0.000000 0.000000 0.100000
vn 0.000000 0.000000 0.100000
vn 0.000000 0.000000 0.100000
vn 0.000000 0.000000 0.100000
vn 0.000000 0.000000 0.100000
vn 0.000000 0.000000 0.100000
vn 0.000000 0.000000 0.100000
vn 0.000000 0.000000 0.100000
vn 0.000000 0.000000 0.100000
vn 0.000000 0.000000 0.100000
vn 0.000000 0.000000 0.100000
vn 0.000000 0.000000 0.100000
vn 0.000000 0.000000 0.100000
vn 0.000000 0.000000 0.100000
vn 0.000000 0.000000 0.100000
vn 0.000000 0.000000 0.100000
vn 0.000000 0.000000 0.100000
vn 0.000000 0.000000 0.100000
vn 0.000000 0.000000 0.100000
vn 0.000000 0.000000 0.100000
vn 0.000000 0.000000 0.100000
vn 0.000000 0.000000 0.100000
vn 0.000000 0.000000 0.100000
vn 0.000000 0.000000 0.100000
vn 0.000000 0.000000 0.100000
vn 0.000000 0.000000 0.100000
vn 0.000000 0.000000 0.100000
vn 0.000000 0.000000 0.100000
vn 0.000000 0.000000 0.100000
vn 0.000000 0.000000 0.100000
vn 0.000000 0.000000 0.100000
vn 0.000000 0.000000 0.100000
vn 0.000000 0.000000 0.100000
vn 0.000000 0.000000 0.100000
vn 0.000000 0.000000 0.100000
vn 0.000000 0.000000 0.100000
vn 0.000000 0.000000 0.100000
vn 0.000000 0.000000 0.100000
vn 0.000000 0.000000 0.100000
vn 0.000000 0.000000 0.100000
vn 0.000000 0.000000 0.100000
vn 0.000000 0.000000 0.100000
vn 0.000000 0.000000 0.100000
vn 0.000000 0.000000 0.100000
vn 0.000000 0.000000 0.100000
vn 0.000000 0.000000 0.100000
vn 0.000000 0.000000 0.100000
vn 0.000000 0.000000 0.100000
vn 0.000000 0.000000 0.100000
vn 0.000000 0.000000 0.100000
vn 0.000000 0.000000 0.100000
vn 0.000000 0.000000 0.100000
vn 0.000000 0.000000 0.100000
vn 0.000000 0.000000 0.100000
vn 0.000000 0.000000 0.100000
vn 0.000000 0.000000 0.100000
vn 0.000000 0.000000 0.100000
vn 0.000000 0.000000 0.100000
vn 0.000000 0.000000 0.100000
vn 0.000000 0.000000 0.100000
vn 0.000000 0.000000 0.100000
vn 0.000000 0.000000 0.100000
vn 0.000000 0.000000 0.100000
vn 0.000000 0.000000 0.100000
vn 0.000000 0.000000 0.100000
vn 0.000000 0.000000 0.100000
vn 0.000000 0.000000 0.100000
vn 0.000000 0.000000 0.100000
vn 0.000000 0.000000 0.100000
vn 0.000000 0.000000 0.100000
vn 0.000000 0.000000 0.100000
vn 0.000000 0.000000 0.100000
vn 0.000000 0.000000 0.100000
vn 0.000000 0.000000 0.100000
vn 0.000000 0.000000 0.100000
vn 0.000000 0.000000 0.100000
vn 0.000000 0.000000 0.100000
vn 0.000000 0.000000 0.100000
vn 0.000000 0.000000 0.100000
vn 0.000000 0.000000 0.100000
vn 0.000000 0.000000 0.100000
vn 0.000000 0.000000 0.100000
vn 0.000000 0.000000 0.100000
vn 0.000000 0.000000 0.100000
vn 0.000000 0.000000 0.100000
vn 0.000000 0.000000 0.100000
vn 0.000000 0.000000 0.100000
vn 0.000000 0.000000 0.100000
vn 0.000000 0.000000 0.100000
vn 0.000000 0.000000 0.100000
vn 0.000000 0.000000 0.100000
vn 0.000000 0.000000 0.100000
vn 0.000000 0.000000 0.100000
vn 0.000000 0.000000 0.100000
vn 0.000000 0.000000 0.100000
vn 0.000000 0.000000 0.100000
vn 0.000000 0.000000 0.100000
vn 0.000000 0.000000 0.100000
vn 0.000000 0.000000 0.100000
vn 0.000000 0.000000 0.100000
vn 0.000000 0.000000 0.100000
vn 0.000000 0.000000 0.100000
vn 0.000000 0.000000 0.100000
vn 0.000000 0.000000 0.100000
vn 0.000000 0.000000 0.100000
vn 0.000000 0.000000 0.100000
vn 0.000000 0.000000 0.100000
vn 0.000000 0.000000 0.100000
vn 0.000000 0.000000 0.100000
vn 0.000000 0.000000 0.100000
vn 0.000000 0.000000 0.100000
vn 0.000000 0.000000 0.100000
vn 0.000000 0.000000 0.100000
vn 0.000000 0.000000 0.100000
vn 0.000000 0.000000 0.100000
vn 0.000000 0.000000 0.100000
vn 0.000000 0.000000 0.100000
vn 0.000000 0.000000 0.100000
vn 0.000000 0.000000 0.100000
vn 0.000000 0.000000 0.100000
vn 0.000000 0.000000 0.100000
vn 0.000000 0.000000 0.100000
vn 0.000000 0.000000 0.100000
vn 0.000000 0.000000 0.100000
vn 0.000000 0.000000 0.100000
vn 0.000000 0.000000 0.100000
vn 0.000000 0.000000 0.100000
vn 0.000000 0.000000 0.100000
vn 0.000000 0.000000 0.100000
vn 0.000000 0.000000 0.100000
vn 0.000000 0.000000 0.100000
vn 0.000000 0.000000 0.100000
vn 0.000000 0.000000 0.100000
vn 0.000000 0.000000 0.100000
vn 0.000000 0.000000 0.100000
vn 0.000000 0.000000 0.100000
vn 0.000000 0.000000 0.100000
vn 0.000000 0.000000 0.100000
vn 0.000000 0.000000 0.100000
vn 0.000000 0.000000 0.100000
vn 0.000000 0.000000 0.100000
vn 0.000000 0.000000 0.100000
vn 0.000000 0.000000 0.100000
vn 0.000000 0.000000 0.100000
vn 0.000000 0.000000 0.100000
vn 0.000000 0.000000 0.100000
vn 0.000000 0.000000 0.100000
vn 0.000000 0.000000 0.100000
vn 0.000000 0.000000 0.100000
vn 0.000000 0.000000 0.100000
vn 0.000000 0.000000 0.100000
vn 0.000000 0.000000 0.100000
vn 0.000000 0.000000 0.100000
vn 0.000000 0.000000 0.100000
vn 0.000000 0.000000 0.100000
vn 0.000000 0.000000 0.100000
vn 0.000000 0.000000 0.100000
vn 0.000000 0.000000 0.100000
vn 0.000000 0.000000 0.100000
vn 0.000000 0.000000 0.100000
vn 0.000000 0.000000 0.100000
vn 0.000000 0.000000 0.100000
vn 0.000000 0.000000 0.100000
vn 0.000000 0.000000 0.100000
vn 0.000000 0.000000 0.100000
vn 0.000000 0.000000 0.100000
vn 0.000000 0.000000 0.100000
vn 0.000000 0.000000 0.100000
vn 0.000000 0.000000 0.100000
vn 0.000000 0.000000 0.100000
vn 0.000000 0.000000 0.100000
vn 0.000000 0.000000 0.100000
vn 0.000000 0.000000 0.100000
vn 0.000000 0.000000 0.100000
vn 0.000000 0.000000 0.100000
vn 0.000000 0.000000 0.100000
vn 0.000000 0.000000 0.100000
vn 0.000000 0.000000 0.100000
vn 0.000000 0.000000 0.100000
vn 0.000000 0.000000 0.100000
vn 0.000000 0.000000 0.100000
vn 0.000000 0.000000 0.100000
vn 0.000000 0.000000 0.100000
vn 0.000000 0.000000 0.100000
vn 0.000000 0.000000 0.100000
vn 0.000000 0.000000 0.100000
vn 0.000000 0.000000 0.100000
vn 0.000000 0.000000 0.100000
vn 0.000000 0.000000 0.100000
vn 0.000000 0.000000 0.100000
vn 0.000000 0.000000 0.100000
vn 0.000000 0.000000 0.100000
vn 0.000000 0.000000 0.100000
vn 0.000000 0.000000 0.100000
vn 0.000000 0.000000 0.100000
vn 0.000000 0.000000 0.100000
vn 0.000000 0.000000 0.100000
vn 0.000000 0.000000 0.100000
vn 0.000000 0.000000 0.100000
vn 0.000000 0.000000 0.100000
vn 0.000000 0.000000 0.100000
vn 0.000000 0.000000 0.100000
vn 0.000000 0.000000 0.100000
vn 0.000000 0.000000 0.100000
vn 0.000000 0.000000 0.100000
vn 0.000000 0.000000 0.100000
vn 0.000000 0.000000 0.100000
vn 0.000000 0.000000 0.100000
vn 0.000000 0.000000 0.100000
vn 0.000000 0.000000 0.100000
vn 0.000000 0.000000 0.100000
vn 0.000000 0.000000 0.100000
vn 0.000000 0.000000 0.100000
vn 0.000000 0.000000 0.100000
vn 0.000000 0.000000 0.100000
vn 0.000000 0.000000 0.100000
vn 0.000000 0.000000 0.100000
vn 0.000000 0.000000 0.100000
vn 0.000000 0.000000 0.100000
vn 0.000000 0.000000 0.100000
vn 0.000000 0.000000 0.100000
vn 0.000000 0.000000 0.100000
vn 0.000000 0.000000 0.100000
vn 0.000000 0.000000 0.100000
vn 0.000000 0.000000 0.100000
vn 0.000000 0.000000 0.100000
vn 0.000000 0.000000 0.100000
vn 0.000000 0.000000 0.100000
vn 0.000000 0.000000 0.100000
vn 0.000000 0.000000 0.100000
vn 0.000000 0.000000 0.100000
vn 0.000000 0.000000 0.100000
vn 0.000000 0.000000 0.100000
vn 0.000000 0.000000 0.100000
vn 0.000000 0.000000 0.100000
vn 0.000000 0.000000 0.100000
vn 0.000000 0.000000 0.100000
vn 0.000000 0.000000 0.100000
vn 0.000000 0.000000 0.100000
vn 0.000000 0.000000 0.100000
vn 0.000000 0.000000 0.100000
vn 0.000000 0.000000 0.100000
vn 0.000000 0.000000 0.100000
vn 0.000000 0.000000 0.100000
vn 0.000000 0.000000 0.100000
vn 0.000000 0.000000 0.100000
vn 0.000000 0.000000 0.100000
vn 0.000000 0.000000 0.100000
vn 0.000000 0.000000 0.100000
vn 0.000000 0.000000 0.100000
vn 0.000000 0.000000 0.100000
vn 0.000000 0.000000 0.100000
vn 0.000000 0.000000 0.100000
vn 0.000000 0.000000 0.100000
vn 0.000000 0.000000 0.100000
vn 0.000000 0.000000 0.100000
vn 0.000000 0.000000 0.100000
vn 0.000000 0.000000 0.100000
vn 0.000000 0.000000 0.100000
vn 0.000000 0.000000 0.100000
vn 0.000000 0.000000 0.100000
vn 0.000000 0.000000 0.100000
vn 0.000000 0.000000 0.100000
vn 0.000000 0.000000 0.100000
vn 0.000000 0.000000 0.100000
vn 0.000000 0.000000 0.100000
vn 0.000000 0.000000 0.100000
vn 0.000000 0.000000 0.100000
vn 0.000000 0.000000 0.100000
vn 0.000000 0.000000 0.100000
vn 0.000000 0.000000 0.100000
vn 0.000000 0.000000 0.100000
vn 0.000000 0.000000 0.100000
vn 0.000000 0.000000 0.100000
vn 0.000000 0.000000 0.100000
vn 0.000000 0.000000 0.100000
vn 0.000000 0.000000 0.100000
vn 0.000000 0.000000 0.100000
vn 0.000000 0.000000 0.100000
vn 0.000000 0.000000 0.100000
vn 0.000000 0.000000 0.100000
vn 0.000000 0.000000 0.100000
vn 0.000000 0.000000 0.100000
vn 0.000000 0.000000 0.100000
vn 0.000000 0.000000 0.100000
vn 0.000000 0.000000 0.100000
vn 0.000000 0.000000 0.100000
vn 0.000000 0.000000 0.100000
vn 0.000000 0.000000 0.100000
vn 0.000000 0.000000 0.100000
vn 0.000000 0.000000 0.100000
vn 0.000000 0.000000 0.100000
vn 0.000000 0.000000 0.100000
vn 0.000000 0.000000 0.100000
vn 0.000000 0.000000 0.100000
vn 0.000000 0.000000 0.100000
vn 0.000000 0.000000 0.100000
vn 0.000000 0.000000 0.100000
vn 0.000000 0.000000 0.100000
vn 0.000000 0.000000 0.100000
vn 0.000000 0.000000 0.100000
vn 0.000000 0.000000 0.100000
vn 0.000000 0.000000 0.100000
vn 0.000000 0.000000 0.100000
vn 0.000000 0.000000 0.100000
vn 0.000000 0.000000 0.100000
vn 0.000000 0.000000 0.100000
vn 0.000000 0.000000 0.100000
vn 0.000000 0.000000 0.100000
vn 0.000000 0.000000 0.100000
vn 0.000000 0.000000 0.100000
vn 0.000000 0.000000 0.100000
vn 0.000000 0.000000 0.100000
vn 0.000000 0.000000 0.100000
vn 0.000000 0.000000 0.100000
vn 0.000000 0.000000 0.100000
vn 0.000000 0.000000 0.100000
vn 0.000000 0.000000 0.100000
vn 0.000000 0.000000 0.100000
vn 0.000000 0.000000 0.100000
vn 0.000000 0.000000 0.100000
vn 0.000000 0.000000 0.100000
vn 0.000000 0.000000 0.100000
vn 0.000000 0.000000 0.100000
vn 0.000000 0.000000 0.100000
vn 0.000000 0.000000 0.100000
vn 0.000000 0.000000 0.100000
vn 0.000000 0.000000 0.100000
vn 0.000000 0.000000 0.100000
vn 0.000000 0.000000 0.100000
vn 0.000000 0.000000 0.100000
vn 0.000000 0.000000 0.100000
vn 0.000000 0.000000 0.100000
vn 0.000000 0.000000 0.100000
vn 0.000000 0.000000 0.100000
vn 0.000000 0.000000 0.100000
vn 0.000000 0.000000 0.100000
vn 0.000000 0.000000 0.100000
vn 0.000000 0.000000 0.100000
vn 0.000000 0.000000 0.100000
vn 0.000000 0.000000 0.100000
vn 0.000000 0.000000 0.100000
vn 0.000000 0.000000 0.100000
vn 0.000000 0.000000 0.100000
vn 0.000000 0.000000 0.100000
vn 0.000000 0.000000 0.100000
vn 0.000000 0.000000 0.100000
vn 0.000000 0.000000 0.100000
vn 0.000000 0.000000 0.100000
vn 0.000000 0.000000 0.100000
vn 0.000000 0.000000 0.100000
vn 0.000000 0.000000 0.100000
vn 0.000000 0.000000 0.100000
vn 0.000000 0.000000 0.100000
vn 0.000000 0.000000 0.100000
vn 0.000000 0.000000 0.100000
vn 0.000000 0.000000 0.100000
vn 0.000000 0.000000 0.100000
vn 0.000000 0.000000 0.100000
vn 0.000000 0.000000 0.100000
vn 0.000000 0.000000 0.100000
vn 0.000000 0.000000 0.100000
vn 0.000000 0.000000 0.100000
vn 0.000000 0.000000 0.100000
vn 0.000000 0.000000 0.100000
vn 0.000000 0.000000 0.100000
vn 0.000000 0.000000 0.100000
vn 0.000000 0.000000 0.100000
vn 0.000000 0.000000 0.100000
vn 0.000000 0.000000 0.100000
vn 0.000000 0.000000 0.100000
vn 0.000000 0.000000 0.100000
vn 0.000000 0.000000 0.100000
vn 0.000000 0.000000 0.100000
vn 0.000000 0.000000 0.100000
vn 0.000000 0.000000 0.100000
vn 0.000000 0.000000 0.100000
vn 0.000000 0.000000 0.100000
vn 0.000000 0.000000 0.100000
vn 0.000000 0.000000 0.100000
vn 0.000000 0.000000 0.100000
vn 0.000000 0.000000 0.100000
vn 0.000000 0.000000 0.100000
vn 0.000000 0.000000 0.100000
vn 0.000000 0.000000 0.100000
vn 0.000000 0.000000 0.100000
vn 0.000000 0.000000 0.100000
vn 0.000000 0.000000 0.100000
vn 0.000000 0.000000 0.100000
vn 0.000000 0.000000 0.100000
vn 0.000000 0.000000 0.100000
vn 0.000000 0.000000 0.100000
vn 0.000000 0.000000 0.100000
vn 0.000000 0.000000 0.100000
vn 0.000000 0.000000 0.100000
vn 0.000000 0.000000 0.100000
vn 0.000000 0.000000 0.100000
vn 0.000000 0.000000 0.100000
vn 0.000000 0.000000 0.100000
vn 0.000000 0.000000 0.100000
vn 0.000000 0.000000 0.100000
vn 0.000000 0.000000 0.100000
vn 0.000000 0.000000 0.100000
vn 0.000000 0.000000 0.100000
vn 0.000000 0.000000 0.100000
vn 0.000000 0.000000 0.100000
vn 0.000000 0.000000 0.100000
vn 0.000000 0.000000 0.100000
vn 0.000000 0.000000 0.100000
vn 0.000000 0.000000 0.100000
vn 0.000000 0.000000 0.100000
vn 0.000000 0.000000 0.100000
vn 0.000000 0.000000 0.100000
vn 0.000000 0.000000 0.100000
vn 0.000000 0.000000 0.100000
vn 0.000000 0.000000 0.100000
vn 0.000000 0.000000 0.100000
vn 0.000000 0.000000 0.100000
vn 0.000000 0.000000 0.100000
vn 0.000000 0.000000 0.100000
vn 0.000000 0.000000 0.100000
vn 0.000000 0.000000 0.100000
vn 0.000000 0.000000 0.100000
vn 0.000000 0.000000 0.100000
vn 0.000000 0.000000 0.100000
vn 0.000000 0.000000 0.100000
vn 0.000000 0.000000 0.100000
vn 0.000000 0.000000 0.100000
vn 0.000000 0.000000 0.100000
vn 0.000000 0.000000 0.100000
vn 0.000000 0.000000 0.100000
vn 0.000000 0.000000 0.100000
vn 0.000000 0.000000 0.100000
vn 0.000000 0.000000 0.100000
vn 0.000000 0.000000 0.100000
vn 0.000000 0.000000 0.100000
vn 0.000000 0.000000 0.100000
vn 0.000000 0.000000 0.100000
vn 0.000000 0.000000 0.100000
vn 0.000000 0.000000 0.100000
vn 0.000000 0.000000 0.100000
vn 0.000000 0.000000 0.100000
vn 0.000000 0.000000 0.100000
vn 0.000000 0.000000 0.100000
vn 0.000000 0.000000 0.100000
vn 0.000000 0.000000 0.100000
vn 0.000000 0.000000 0.100000
vn 0.000000 0.000000 0.100000
vn 0.000000 0.000000 0.100000
vn 0.000000 0.000000 0.100000
vn 0.000000 0.000000 0.100000
vn 0.000000 0.000000 0.100000
vn 0.000000 0.000000 0.100000
vn 0.000000 0.000000 0.100000
vn 0.000000 0.000000 0.100000
vn 0.000000 0.000000 0.100000
vn 0.000000 0.000000 0.100000
vn 0.000000 0.000000 0.100000
vn 0.000000 0.000000 0.100000
vn 0.000000 0.000000 0.100000
vn 0.000000 0.000000 0.100000
vn 0.000000 0.000000 0.100000
vn 0.000000 0.000000 0.100000
vn 0.000000 0.000000 0.100000
vn 0.000000 0.000000 0.100000
vn 0.000000 0.000000 0.100000
vn 0.000000 0.000000 0.100000
vn 0.000000 0.000000 0.100000
vn 0.000000 0.000000 0.100000
vn 0.000000 0.000000 0.100000
vn 0.000000 0.000000 0.100000
vn 0.000000 0.000000 0.100000
vn 0.000000 0.000000 0.100000
vn 0.000000 0.000000 0.100000
vn 0.000000 0.000000 0.100000
vn 0.000000 0.000000 0.100000
vn 0.000000 0.000000 0.100000
vn 0.000000 0.000000 0.100000
vn 0.000000 0.000000 0.100000
vn 0.000000 0.000000 0.100000
vn 0.000000 0.000000 0.100000
vn 0.000000 0.000000 0.100000
vn 0.000000 0.000000 0.100000
vn 0.000000 0.000000 0.100000
vn 0.000000 0.000000 0.100000
vn 0.000000 0.000000 0.100000
vn 0.000000 0.000000 0.100000
vn 0.000000 0.000000 0.100000
vn 0.000000 0.000000 0.100000
vn 0.000000 0.000000 0.100000
vn 0.000000 0.000000 0.100000
vn 0.000000 0.000000 0.100000
vn 0.000000 0.000000 0.100000
vn 0.000000 0.000000 0.100000
vn 0.000000 0.000000 0.100000
vn 0.000000 0.000000 0.100000
vn 0.000000 0.000000 0.100000
vn 0.000000 0.000000 0.100000
vn 0.000000 0.000000 0.100000
vn 0.000000 0.000000 0.100000
vn 0.000000 0.000000 0.100000
vn 0.000000 0.000000 0.100000
vn 0.000000 0.000000 0.100000
vn 0.000000 0.000000 0.100000
vn 0.000000 0.000000 0.100000
vn 0.000000 0.000000 0.100000
vn 0.000000 0.000000 0.100000
vn 0.000000 0.000000 0.100000
vn 0.000000 0.000000 0.100000
vn 0.000000 0.000000 0.100000
vn 0.000000 0.000000 0.100000
vn 0.000000 0.000000 0.100000
vn 0.000000 0.000000 0.100000
vn 0.000000 0.000000 0.100000
vn 0.000000 0.000000 0.100000
vn 0.000000 0.000000 0.100000
vn 0.000000 0.000000 0.100000
vn 0.000000 0.000000 0.100000
vn 0.000000 0.000000 0.100000
vn 0.000000 0.000000 0.100000
vn 0.000000 0.000000 0.100000
vn 0.000000 0.000000 0.100000
vn 0.000000 0.000000 0.100000
vn 0.000000 0.000000 0.100000
vn 0.000000 0.000000 0.100000
vn 0.000000 0.000000 0.100000
vn 0.000000 0.000000 0.100000
vn 0.000000 0.000000 0.100000
vn 0.000000 0.000000 0.100000
vn 0.000000 0.000000 0.100000
vn 0.000000 0.000000 0.100000
vn 0.000000 0.000000 0.100000
vn 0.000000 0.000000 0.100000
vn 0.000000 0.000000 0.100000
vn 0.000000 0.000000 0.100000
vn 0.000000 0.000000 0.100000
vn 0.000000 0.000000 0.100000
vn 0.000000 0.000000 0.100000
vn 0.000000 0.000000 0.100000
vn 0.000000 0.000000 0.100000
vn 0.000000 0.000000 0.100000
vn 0.000000 0.000000 0.100000
vn 0.000000 0.000000 0.100000
vn 0.000000 0.000000 0.100000
vn 0.000000 0.000000 0.100000
vn 0.000000 0.000000 0.100000
vn 0.000000 0.000000 0.100000
vn 0.000000 0.000000 0.100000
vn 0.000000 0.000000 0.100000
vn 0.000000 0.000000 0.100000
vn 0.000000 0.000000 0.100000
vn 0.000000 0.000000 0.100000
vn 0.000000 0.000000 0.100000
vn 0.000000 0.000000 0.100000
vn 0.000000 0.000000 0.100000
vn 0.000000 0.000000 0.100000
vn 0.000000 0.000000 0.100000
vn 0.000000 0.000000 0.100000
vn 0.000000 0.000000 0.100000
vn 0.000000 0.000000 0.100000
vn 0.000000 0.000000 0.100000
vn 0.000000 0.000000 0.100000
vn 0.000000 0.000000 0.100000
vn 0.000000 0.000000 0.100000
vn 0.000000 0.000000 0.100000
vn 0.000000 0.000000 0.100000
vn 0.000000 0.000000 0.100000
vn 0.000000 0.000000 0.100000
vn 0.000000 0.000000 0.100000
vn 0.000000 0.000000 0.100000
vn 0.000000 0.000000 0.100000
vn 0.000000 0.000000 0.100000
vn 0.000000 0.000000 0.100000
vn 0.000000 0.000000 0.100000
vn 0.000000 0.000000 0.100000
vn 0.000000 0.000000 0.100000
vn 0.000000 0.000000 0.100000
vn 0.000000 0.000000 0.100000
vn 0.000000 0.000000 0.100000
vn 0.000000 0.000000 0.100000
vn 0.000000 0.000000 0.100000
vn 0.000000 0.000000 0.100000
vn 0.000000 0.000000 0.100000
vn 0.000000 0.000000 0.100000
vn 0.000000 0.000000 0.100000
vn 0.000000 0.000000 0.100000
vn 0.000000 0.000000 0.100000
vn 0.000000 0.000000 0.100000
vn 0.000000 0.000000 0.100000
vn 0.000000 0.000000 0.100000
vn 0.000000 0.000000 0.100000
vn 0.000000 0.000000 0.100000
vn 0.000000 0.000000 0.100000
vn 0.000000 0.000000 0.100000
vn 0.000000 0.000000 0.100000
vn 0.000000 0.000000 0.100000
vn 0.000000 0.000000 0.100000
vn 0.000000 0.000000 0.100000
vn 0.000000 0.000000 0.100000
vn 0.000000 0.000000 0.100000
vn 0.000000 0.000000 0.100000
vn 0.000000 0.000000 0.100000
vn 0.000000 0.000000 0.100000
vn 0.000000 0.000000 0.100000
vn 0.000000 0.000000 0.100000
vn 0.000000 0.000000 0.100000
vn 0.000000 0.000000 0.100000
vn 0.000000 0.000000 0.100000
vn 0.000000 0.000000 0.100000
vn 0.000000 0.000000 0.100000
vn 0.000000 0.000000 0.100000
vn 0.000000 0.000000 0.100000
vn 0.000000 0.000000 0.100000
vn 0.000000 0.000000 0.100000
vn 0.000000 0.000000 0.100000
vn 0.000000 0.000000 0.100000
vn 0.000000 0.000000 0.100000
vn 0.000000 0.000000 0.100000
vn 0.000000 0.000000 0.100000
vn 0.000000 0.000000 0.100000
vn 0.000000 0.000000 0.100000
vn 0.000000 0.000000 0.100000
vn 0.000000 0.000000 0.100000
vn 0.000000 0.000000 0.100000
vn 0.000000 0.000000 0.100000
vn 0.000000 0.000000 0.100000
vn 0.000000 0.000000 0.100000
vn 0.000000 0.000000 0.100000
vn 0.000000 0.000000 0.100000
vn 0.000000 0.000000 0.100000
vn 0.000000 0.000000 0.100000
vn 0.000000 0.000000 0.100000
vn 0.000000 0.000000 0.100000
vn 0.000000 0.000000 0.100000
vn 0.000000 0.000000 0.100000
vn 0.000000 0.000000 0.100000
vn 0.000000 0.000000 0.100000
vn 0.000000 0.000000 0.100000
vn 0.000000 0.000000 0.100000
vn 0.000000 0.000000 0.100000
vn 0.000000 0.000000 0.100000
vn 0.000000 0.000000 0.100000
vn 0.000000 0.000000 0.100000
vn 0.000000 0.000000 0.100000
vn 0.000000 0.000000 0.100000
vn 0.000000 0.000000 0.100000
vn 0.000000 0.000000 0.100000
vn 0.000000 0.000000 0.100000
vn 0.000000 0.000000 0.100000
vn 0.000000 0.000000 0.100000
vn 0.000000 0.000000 0.100000
vn 0.000000 0.000000 0.100000
vn 0.000000 0.000000 0.100000
vn 0.000000 0.000000 0.100000
vn 0.000000 0.000000 0.100000
vn 0.000000 0.000000 0.100000
vn 0.000000 0.000000 0.100000
vn 0.000000 0.000000 0.100000
vn 0.000000 0.000000 0.100000
vn 0.000000 0.000000 0.100000
vn 0.000000 0.000000 0.100000
vn 0.000000 0.000000 0.100000
vn 0.000000 0.000000 0.100000
vn 0.000000 0.000000 0.100000
vn 0.000000 0.000000 0.100000
vn 0.000000 0.000000 0.100000
vn 0.000000 0.000000 0.100000
vn 0.000000 0.000000 0.100000
vn 0.000000 0.000000 0.100000
vn 0.000000 0.000000 0.100000
vn 0.000000 0.000000 0.100000
vn 0.000000 0.000000 0.100000
vn 0.000000 0.000000 0.100000
vn 0.000000 0.000000 0.100000
vn 0.000000 0.000000 0.100000
vn 0.000000 0.000000 0.100000
vn 0.000000 0.000000 0.100000
vn 0.000000 0.000000 0.100000
vn 0.000000 0.000000 0.100000
vn 0.000000 0.000000 0.100000
vn 0.000000 0.000000 0.100000
vn 0.000000 0.000000 0.100000
vn 0.000000 0.000000 0.100000
vn 0.000000 0.000000 0.100000
vn 0.000000 0.000000 0.100000
vn 0.000000 0.000000 0.100000
vn 0.000000 0.000000 0.100000
vn 0.000000 0.000000 0.100000
vn 0.000000 0.000000 0.100000
vn 0.000000 0.000000 0.100000
vn 0.000000 0.000000 0.100000
vn 0.000000 0.000000 0.100000
vn 0.000000 0.000000 0.100000
vn 0.000000 0.000000 0.100000
vn 0.000000 0.000000 0.100000
vn 0.000000 0.000000 0.100000
vn 0.000000 0.000000 0.100000
vn 0.000000 0.000000 0.100000
vn 0.000000 0.000000 0.100000
vn 0.000000 0.000000 0.100000
vn 0.000000 0.000000 0.100000
vn 0.000000 0.000000 0.100000
vn 0.000000 0.000000 0.100000
vn 0.000000 0.000000 0.100000
vn 0.000000 0.000000 0.100000
vn 0.000000 0.000000 0.100000
vn 0.000000 0.000000 0.100000
vn 0.000000 0.000000 0.100000
vn 0.000000 0.000000 0.100000
vn 0.000000 0.000000 0.100000
vn 0.000000 0.000000 0.100000
vn 0.000000 0.000000 0.100000
vn 0.000000 0.000000 0.100000
vn 0.000000 0.000000 0.100000
vn 0.000000 0.000000 0.100000
vn 0.000000 0.000000 0.100000
vn 0.000000 0.000000 0.100000
vn 0.000000 0.000000 0.100000
vn 0.000000 0.000000 0.100000
vn 0.000000 0.000000 0.100000
vn 0.000000 0.000000 0.100000
vn 0.000000 0.000000 0.100000
vn 0.000000 0.000000 0.100000
vn 0.000000 0.000000 0.100000
vn 0.000000 0.000000 0.100000
vn 0.000000 0.000000 0.100000
vn 0.000000 0.000000 0.100000
vn 0.000000 0.000000 0.100000
vn 0.000000 0.000000 0.100000
vn 0.000000 0.000000 0.100000
vn 0.000000 0.000000 0.100000
vn 0.000000 0.000000 0.100000
vn 0.000000 0.000000 0.100000
vn 0.000000 0.000000 0.100000
vn 0.000000 0.000000 0.100000
vn 0.000000 0.000000 0.100000
vn 0.000000 0.000000 0.100000
vn 0.000000 0.000000 0.100000
vn 0.000000 0.000000 0.100000
vn 0.000000 0.000000 0.100000
vn 0.000000 0.000000 0.100000
vn 0.000000 0.000000 0.100000
vn 0.000000 0.000000 0.100000
vn 0.000000 0.000000 0.100000
vn 0.000000 0.000000 0.100000
vn 0.000000 0.000000 0.100000
vn 0.000000 0.000000 0.100000
vn 0.000000 0.000000 0.100000
vn 0.000000 0.000000 0.100000
vn 0.000000 0.000000 0.100000
vn 0.000000 0.000000 0.100000
vn 0.000000 0.000000 0.100000
vn 0.000000 0.000000 0.100000
vn 0.000000 0.000000 0.100000
vn 0.000000 0.000000 0.100000
vn 0.000000 0.000000 0.100000
vn 0.000000 0.000000 0.100000
vn 0.000000 0.000000 0.100000
vn 0.000000 0.000000 0.100000
vn 0.000000 0.000000 0.100000
vn 0.000000 0.000000 0.100000
vn 0.000000 0.000000 0.100000
vn 0.000000 0.000000 0.100000
vn 0.000000 0.000000 0.100000
vn 0.000000 0.000000 0.100000
vn 0.000000 0.000000 0.100000
vn 0.000000 0.000000 0.100000
vn -0.096225 -0.025783 0.008716
vn -0.096225 -0.025783 0.008716
vn -0.099619 -0.000000 0.008716
vn -0.099619 -0.000000 0.008716
vn -0.096225 0.025783 0.008716
vn -0.096225 0.025783 0.008716
vn -0.086273 0.049810 0.008716
vn -0.086273 0.049810 0.008716
vn -0.070442 0.070442 0.008716
vn -0.070442 0.070442 0.008716
vn -0.049810 0.086273 0.008716
vn -0.049810 0.086273 0.008716
vn -0.025783 0.096225 0.008716
vn -0.025783 0.096225 0.008716
vn 0.000000 0.099619 0.008716
vn 0.000000 0.099619 0.008716
vn 0.025783 0.096225 0.008716
vn 0.025783 0.096225 0.008716
vn 0.049810 0.086273 0.008716
vn 0.049810 0.086273 0.008716
vn 0.070442 0.070442 0.008716
vn 0.070442 0.070442 0.008716
vn 0.086273 0.049810 0.008716
vn 0.086273 0.049810 0.008716
vn 0.096225 0.025783 0.008716
vn 0.096225 0.025783 0.008716
vn 0.099619 -0.000000 0.008716
vn 0.099619 -0.000000 0.008716
vn 0.096225 -0.025783 0.008716
vn 0.096225 -0.025783 0.008716
vn 0.086273 -0.049810 0.008716
vn 0.086273 -0.049810 0.008716
vn 0.070442 -0.070442 0.008716
vn 0.070442 -0.070442 0.008716
vn 0.049810 -0.086273 0.008716
vn 0.049810 -0.086273 0.008716
vn 0.025783 -0.096225 0.008716
vn 0.025783 -0.096225 0.008716
vn 0.000000 -0.099619 0.008716
vn 0.000000 -0.099619 0.008716
vn -0.025783 -0.096225 0.008716
vn -0.025783 -0.096225 0.008716
vn -0.049810 -0.086273 0.008716
vn -0.049810 -0.086273 0.008716
vn -0.070442 -0.070442 0.008716
vn -0.070442 -0.070442 0.008716
vn -0.086273 -0.049810 0.008716
vn -0.086273 -0.049810 0.008716
vn -0.096593 -0.025882 0.000000
vn -0.096593 -0.025882 0.000000
vn -0.100000 -0.000000 0.000000
vn -0.100000 -0.000000 0.000000
vn -0.096593 0.025882 -0.000000
vn -0.096593 0.025882 -0.000000
vn -0.086603 0.050000 -0.000000
vn -0.086603 0.050000 -0.000000
vn -0.070711 0.070711 -0.000000
vn -0.070711 0.070711 -0.000000
vn -0.050000 0.086603 -0.000000
vn -0.050000 0.086603 -0.000000
vn -0.025882 0.096593 -0.000000
vn -0.025882 0.096593 -0.000000
vn 0.000000 0.100000 0.000000
vn 0.000000 0.100000 0.000000
vn 0.025882 0.096593 0.000000
vn 0.025882 0.096593 0.000000
vn 0.050000 0.086603 0.000000
vn 0.050000 0.086603 0.000000
vn 0.070711 0.070711 0.000000
vn 0.070711 0.070711 0.000000
vn 0.086603 0.050000 0.000000
vn 0.086603 0.050000 0.000000
vn 0.096593 0.025882 0.000000
vn 0.096593 0.025882 0.000000
vn 0.100000 0.000000 0.000000
vn 0.100000 0.000000 0.000000
vn 0.096593 -0.025882 0.000000
vn 0.096593 -0.025882 0.000000
vn 0.086603 -0.050000 0.000000
vn 0.086603 -0.050000 0.000000
vn 0.070711 -0.070711 0.000000
vn 0.070711 -0.070711 0.000000
vn 0.050000 -0.086603 0.000000
vn 0.050000 -0.086603 0.000000
vn 0.025882 -0.096593 0.000000
vn 0.025882 -0.096593 0.000000
vn 0.000000 -0.100000 0.000000
vn 0.000000 -0.100000 0.000000
vn -0.025882 -0.096593 0.000000
vn -0.025882 -0.096593 0.000000
vn -0.050000 -0.086603 0.000000
vn -0.050000 -0.086603 0.000000
vn -0.070711 -0.070711 0.000000
vn -0.070711 -0.070711 0.000000
vn -0.086603 -0.050000 0.000000
vn -0.086603 -0.050000 0.000000
vn 0.000000 0.000000 0.100000
vn 0.000000 0.000000 0.100000
vn 0.000000 0.000000 0.100000
vn 0.000000 0.000000 0.100000
vn 0.000000 0.000000 0.100000
vn 0.000000 0.000000 0.100000
vn 0.000000 0.000000 0.100000
vn 0.000000 0.000000 0.100000
vn 0.000000 0.000000 0.100000
vn 0.000000 0.000000 0.100000
vn 0.000000 0.000000 0.100000
vn 0.000000 0.000000 0.100000
vn 0.000000 0.000000 0.100000
vn 0.000000 0.000000 0.100000
vn 0.000000 0.000000 0.100000
vn 0.000000 0.000000 0.100000
vn 0.000000 0.000000 0.100000
vn 0.000000 0.000000 0.100000
vn 0.000000 0.000000 0.100000
vn 0.000000 0.000000 0.100000
vn 0.000000 0.000000 0.100000
vn 0.000000 0.000000 0.100000
vn 0.000000 0.000000 0.100000
vn 0.000000 0.000000 0.100000
vn -0.096225 -0.025783 0.008716
vn -0.096225 -0.025783 0.008716
vn -0.099619 -0.000000 0.008716
vn -0.099619 -0.000000 0.008716
vn -0.096225 0.025783 0.008716
vn -0.096225 0.025783 0.008716
vn -0.086273 0.049810 0.008716
vn -0.086273 0.049810 0.008716
vn -0.070442 0.070442 0.008716
vn -0.070442 0.070442 0.008716
vn -0.049810 0.086273 0.008716
vn -0.049810 0.086273 0.008716
vn -0.025783 0.096225 0.008716
vn -0.025783 0.096225 0.008716
vn 0.000000 0.099619 0.008716
vn 0.000000 0.099619 0.008716
vn 0.025783 0.096225 0.008716
vn 0.025783 0.096225 0.008716
vn 0.049810 0.086273 0.008716
vn 0.049810 0.086273 0.008716
vn 0.070442 0.070442 0.008716
vn 0.070442 0.070442 0.008716
vn 0.086273 0.049810 0.008716
vn 0.086273 0.049810 0.008716
vn 0.096225 0.025783 0.008716
vn 0.096225 0.025783 0.008716
vn 0.099619 -0.000000 0.008716
vn 0.099619 -0.000000 0.008716
vn 0.096225 -0.025783 0.008716
vn 0.096225 -0.025783 0.008716
vn 0.086273 -0.049810 0.008716
vn 0.086273 -0.049810 0.008716
vn 0.070442 -0.070442 0.008716
vn 0.070442 -0.070442 0.008716
vn 0.049810 -0.086273 0.008716
vn 0.049810 -0.086273 0.008716
vn 0.025783 -0.096225 0.008716
vn 0.025783 -0.096225 0.008716
vn 0.000000 -0.099619 0.008716
vn 0.000000 -0.099619 0.008716
vn -0.025783 -0.096225 0.008716
vn -0.025783 -0.096225 0.008716
vn -0.049810 -0.086273 0.008716
vn -0.049810 -0.086273 0.008716
vn -0.070442 -0.070442 0.008716
vn -0.070442 -0.070442 0.008716
vn -0.086273 -0.049810 0.008716
vn -0.086273 -0.049810 0.008716
vn -0.096593 -0.025882 0.000000
vn -0.096593 -0.025882 0.000000
vn -0.100000 -0.000000 0.000000
vn -0.100000 -0.000000 0.000000
vn -0.096593 0.025882 -0.000000
vn -0.096593 0.025882 -0.000000
vn -0.086603 0.050000 -0.000000
vn -0.086603 0.050000 -0.000000
vn -0.070711 0.070711 -0.000000
vn -0.070711 0.070711 -0.000000
vn -0.050000 0.086603 -0.000000
vn -0.050000 0.086603 -0.000000
vn -0.025882 0.096593 -0.000000
vn -0.025882 0.096593 -0.000000
vn 0.000000 0.100000 0.000000
vn 0.000000 0.100000 0.000000
vn 0.025882 0.096593 0.000000
vn 0.025882 0.096593 0.000000
vn 0.050000 0.086603 0.000000
vn 0.050000 0.086603 0.000000
vn 0.070711 0.070711 0.000000
vn 0.070711 0.070711 0.000000
vn 0.086603 0.050000 0.000000
vn 0.086603 0.050000 0.000000
vn 0.096593 0.025882 0.000000
vn 0.096593 0.025882 0.000000
vn 0.100000 0.000000 0.000000
vn 0.100000 0.000000 0.000000
vn 0.096593 -0.025882 0.000000
vn 0.096593 -0.025882 0.000000
vn 0.086603 -0.050000 0.000000
vn 0.086603 -0.050000 0.000000
vn 0.070711 -0.070711 0.000000
vn 0.070711 -0.070711 0.000000
vn 0.050000 -0.086603 0.000000
vn 0.050000 -0.086603 0.000000
vn 0.025882 -0.096593 0.000000
vn 0.025882 -0.096593 0.000000
vn 0.000000 -0.100000 0.000000
vn 0.000000 -0.100000 0.000000
vn -0.025882 -0.096593 0.000000
vn -0.025882 -0.096593 0.000000
vn -0.050000 -0.086603 0.000000
vn -0.050000 -0.086603 0.000000
vn -0.070711 -0.070711 0.000000
vn -0.070711 -0.070711 0.000000
vn -0.086603 -0.050000 0.000000
vn -0.086603 -0.050000 0.000000
vn 0.000000 0.000000 0.100000
vn 0.000000 0.000000 0.100000
vn 0.000000 0.000000 0.100000
vn 0.000000 0.000000 0.100000
vn 0.000000 0.000000 0.100000
vn 0.000000 0.000000 0.100000
vn 0.000000 0.000000 0.100000
vn 0.000000 0.000000 0.100000
vn 0.000000 0.000000 0.100000
vn 0.000000 0.000000 0.100000
vn 0.000000 0.000000 0.100000
vn 0.000000 0.000000 0.100000
vn 0.000000 0.000000 0.100000
vn 0.000000 0.000000 0.100000
vn 0.000000 0.000000 0.100000
vn 0.000000 0.000000 0.100000
vn 0.000000 0.000000 0.100000
vn 0.000000 0.000000 0.100000
vn 0.000000 0.000000 0.100000
vn 0.000000 0.000000 0.100000
vn 0.000000 0.000000 0.100000
vn 0.000000 0.000000 0.100000
vn 0.000000 0.000000 0.100000
vn 0.000000 0.000000 0.100000
vn -0.096225 -0.025783 0.008716
vn -0.096225 -0.025783 0.008716
vn -0.099619 -0.000000 0.008716
vn -0.099619 -0.000000 0.008716
vn -0.096225 0.025783 0.008716
vn -0.096225 0.025783 0.008716
vn -0.086273 0.049810 0.008716
vn -0.086273 0.049810 0.008716
vn -0.070442 0.070442 0.008716
vn -0.070442 0.070442 0.008716
vn -0.049810 0.086273 0.008716
vn -0.049810 0.086273 0.008716
vn -0.025783 0.096225 0.008716
vn -0.025783 0.096225 0.008716
vn 0.000000 0.099619 0.008716
vn 0.000000 0.099619 0.008716
vn 0.025783 0.096225 0.008716
vn 0.025783 0.096225 0.008716
vn 0.049810 0.086273 0.008716
vn 0.049810 0.086273 0.008716
vn 0.070442 0.070442 0.008716
vn 0.070442 0.070442 0.008716
vn 0.086273 0.049810 0.008716
vn 0.086273 0.049810 0.008716
vn 0.096225 0.025783 0.008716
vn 0.096225 0.025783 0.008716
vn 0.099619 -0.000000 0.008716
vn 0.099619 -0.000000 0.008716
vn 0.096225 -0.025783 0.008716
vn 0.096225 -0.025783 0.008716
vn 0.086273 -0.049810 0.008716
vn 0.086273 -0.049810 0.008716
vn 0.070442 -0.070442 0.008716
vn 0.070442 -0.070442 0.008716
vn 0.049810 -0.086273 0.008716
vn 0.049810 -0.086273 0.008716
vn 0.025783 -0.096225 0.008716
vn 0.025783 -0.096225 0.008716
vn 0.000000 -0.099619 0.008716
vn 0.000000 -0.099619 0.008716
vn -0.025783 -0.096225 0.008716
vn -0.025783 -0.096225 0.008716
vn -0.049810 -0.086273 0.008716
vn -0.049810 -0.086273 0.008716
vn -0.070442 -0.070442 0.008716
vn -0.070442 -0.070442 0.008716
vn -0.086273 -0.049810 0.008716
vn -0.086273 -0.049810 0.008716
vn -0.096593 -0.025882 0.000000
vn -0.096593 -0.025882 0.000000
vn -0.100000 -0.000000 0.000000
vn -0.100000 -0.000000 0.000000
vn -0.096593 0.025882 -0.000000
vn -0.096593 0.025882 -0.000000
vn -0.086603 0.050000 -0.000000
vn -0.086603 0.050000 -0.000000
vn -0.070711 0.070711 -0.000000
vn -0.070711 0.070711 -0.000000
vn -0.050000 0.086603 -0.000000
vn -0.050000 0.086603 -0.000000
vn -0.025882 0.096593 -0.000000
vn -0.025882 0.096593 -0.000000
vn 0.000000 0.100000 0.000000
vn 0.000000 0.100000 0.000000
vn 0.025882 0.096593 0.000000
vn 0.025882 0.096593 0.000000
vn 0.050000 0.086603 0.000000
vn 0.050000 0.086603 0.000000
vn 0.070711 0.070711 0.000000
vn 0.070711 0.070711 0.000000
vn 0.086603 0.050000 0.000000
vn 0.086603 0.050000 0.000000
vn 0.096593 0.025882 0.000000
vn 0.096593 0.025882 0.000000
vn 0.100000 0.000000 0.000000
vn 0.100000 0.000000 0.000000
vn 0.096593 -0.025882 0.000000
vn 0.096593 -0.025882 0.000000
vn 0.086603 -0.050000 0.000000
vn 0.086603 -0.050000 0.000000
vn 0.070711 -0.070711 0.000000
vn 0.070711 -0.070711 0.000000
vn 0.050000 -0.086603 0.000000
vn 0.050000 -0.086603 0.000000
vn 0.025882 -0.096593 0.000000
vn 0.025882 -0.096593 0.000000
vn 0.000000 -0.100000 0.000000
vn 0.000000 -0.100000 0.000000
vn -0.025882 -0.096593 0.000000
vn -0.025882 -0.096593 0.000000
vn -0.050000 -0.086603 0.000000
vn -0.050000 -0.086603 0.000000
vn -0.070711 -0.070711 0.000000
vn -0.070711 -0.070711 0.000000
vn -0.086603 -0.050000 0.000000
vn -0.086603 -0.050000 0.000000
vn 0.000000 0.000000 0.100000
vn 0.000000 0.000000 0.100000
vn 0.000000 0.000000 0.100000
vn 0.000000 0.000000 0.100000
vn 0.000000 0.000000 0.100000
vn 0.000000 0.000000 0.100000
vn 0.000000 0.000000 0.100000
vn 0.000000 0.000000 0.100000
vn 0.000000 0.000000 0.100000
vn 0.000000 0.000000 0.100000
vn 0.000000 0.000000 0.100000
vn 0.000000 0.000000 0.100000
vn 0.000000 0.000000 0.100000
vn 0.000000 0.000000 0.100000
vn 0.000000 0.000000 0.100000
vn 0.000000 0.000000 0.100000
vn 0.000000 0.000000 0.100000
vn 0.000000 0.000000 0.100000
vn 0.000000 0.000000 0.100000
vn 0.000000 0.000000 0.100000
vn 0.000000 0.000000 0.100000
vn 0.000000 0.000000 0.100000
vn 0.000000 0.000000 0.100000
vn 0.000000 0.000000 0.100000
vn -0.096225 -0.025783 0.008716
vn -0.096225 -0.025783 0.008716
vn -0.099619 -0.000000 0.008716
vn -0.099619 -0.000000 0.008716
vn -0.096225 0.025783 0.008716
vn -0.096225 0.025783 0.008716
vn -0.086273 0.049810 0.008716
vn -0.086273 0.049810 0.008716
vn -0.070442 0.070442 0.008716
vn -0.070442 0.070442 0.008716
vn -0.049810 0.086273 0.008716
vn -0.049810 0.086273 0.008716
vn -0.025783 0.096225 0.008716
vn -0.025783 0.096225 0.008716
vn 0.000000 0.099619 0.008716
vn 0.000000 0.099619 0.008716
vn 0.025783 0.096225 0.008716
vn 0.025783 0.096225 0.008716
vn 0.049810 0.086273 0.008716
vn 0.049810 0.086273 0.008716
vn 0.070442 0.070442 0.008716
vn 0.070442 0.070442 0.008716
vn 0.086273 0.049810 0.008716
vn 0.086273 0.049810 0.008716
vn 0.096225 0.025783 0.008716
vn 0.096225 0.025783 0.008716
vn 0.099619 -0.000000 0.008716
vn 0.099619 -0.000000 0.008716
vn 0.096225 -0.025783 0.008716
vn 0.096225 -0.025783 0.008716
vn 0.086273 -0.049810 0.008716
vn 0.086273 -0.049810 0.008716
vn 0.070442 -0.070442 0.008716
vn 0.070442 -0.070442 0.008716
vn 0.049810 -0.086273 0.008716
vn 0.049810 -0.086273 0.008716
vn 0.025783 -0.096225 0.008716
vn 0.025783 -0.096225 0.008716
vn 0.000000 -0.099619 0.008716
vn 0.000000 -0.099619 0.008716
vn -0.025783 -0.096225 0.008716
vn -0.025783 -0.096225 0.008716
vn -0.049810 -0.086273 0.008716
vn -0.049810 -0.086273 0.008716
vn -0.070442 -0.070442 0.008716
vn -0.070442 -0.070442 0.008716
vn -0.086273 -0.049810 0.008716
vn -0.086273 -0.049810 0.008716
vn -0.096593 -0.025882 0.000000
vn -0.096593 -0.025882 0.000000
vn -0.100000 -0.000000 0.000000
vn -0.100000 -0.000000 0.000000
vn -0.096593 0.025882 -0.000000
vn -0.096593 0.025882 -0.000000
vn -0.086603 0.050000 -0.000000
vn -0.086603 0.050000 -0.000000
vn -0.070711 0.070711 -0.000000
vn -0.070711 0.070711 -0.000000
vn -0.050000 0.086603 -0.000000
vn -0.050000 0.086603 -0.000000
vn -0.025882 0.096593 -0.000000
vn -0.025882 0.096593 -0.000000
vn 0.000000 0.100000 0.000000
vn 0.000000 0.100000 0.000000
vn 0.025882 0.096593 0.000000
vn 0.025882 0.096593 0.000000
vn 0.050000 0.086603 0.000000
vn 0.050000 0.086603 0.000000
vn 0.070711 0.070711 0.000000
vn 0.070711 0.070711 0.000000
vn 0.086603 0.050000 0.000000
vn 0.086603 0.050000 0.000000
vn 0.096593 0.025882 0.000000
vn 0.096593 0.025882 0.000000
vn 0.100000 0.000000 0.000000
vn 0.100000 0.000000 0.000000
vn 0.096593 -0.025882 0.000000
vn 0.096593 -0.025882 0.000000
vn 0.086603 -0.050000 0.000000
vn 0.086603 -0.050000 0.000000
vn 0.070711 -0.070711 0.000000
vn 0.070711 -0.070711 0.000000
vn 0.050000 -0.086603 0.000000
vn 0.050000 -0.086603 0.000000
vn 0.025882 -0.096593 0.000000
vn 0.025882 -0.096593 0.000000
vn 0.000000 -0.100000 0.000000
vn 0.000000 -0.100000 0.000000
vn -0.025882 -0.096593 0.000000
vn -0.025882 -0.096593 0.000000
vn -0.050000 -0.086603 0.000000
vn -0.050000 -0.086603 0.000000
vn -0.070711 -0.070711 0.000000
vn -0.070711 -0.070711 0.000000
vn -0.086603 -0.050000 0.000000
vn -0.086603 -0.050000 0.000000
vn 0.000000 0.000000 0.100000
vn 0.000000 0.000000 0.100000
vn 0.000000 0.000000 0.100000
vn 0.000000 0.000000 0.100000
vn 0.000000 0.000000 0.100000
vn 0.000000 0.000000 0.100000
vn 0.000000 0.000000 0.100000
vn 0.000000 0.000000 0.100000
vn 0.000000 0.000000 0.100000
vn 0.000000 0.000000 0.100000
vn 0.000000 0.000000 0.100000
vn 0.000000 0.000000 0.100000
vn 0.000000 0.000000 0.100000
vn 0.000000 0.000000 0.100000
vn 0.000000 0.000000 0.100000
vn 0.000000 0.000000 0.100000
vn 0.000000 0.000000 0.100000
vn 0.000000 0.000000 0.100000
vn 0.000000 0.000000 0.100000
vn 0.000000 0.000000 0.100000
vn 0.000000 0.000000 0.100000
vn 0.000000 0.000000 0.100000
vn 0.000000 0.000000 0.100000
vn 0.000000 0.000000 0.100000
vn -0.096225 -0.025783 0.008716
vn -0.096225 -0.025783 0.008716
vn -0.099619 -0.000000 0.008716
vn -0.099619 -0.000000 0.008716
vn -0.096225 0.025783 0.008716
vn -0.096225 0.025783 0.008716
vn -0.086273 0.049810 0.008716
vn -0.086273 0.049810 0.008716
vn -0.070442 0.070442 0.008716
vn -0.070442 0.070442 0.008716
vn -0.049810 0.086273 0.008716
vn -0.049810 0.086273 0.008716
vn -0.025783 0.096225 0.008716
vn -0.025783 0.096225 0.008716
vn 0.000000 0.099619 0.008716
vn 0.000000 0.099619 0.008716
vn 0.025783 0.096225 0.008716
vn 0.025783 0.096225 0.008716
vn 0.049810 0.086273 0.008716
vn 0.049810 0.086273 0.008716
vn 0.070442 0.070442 0.008716
vn 0.070442 0.070442 0.008716
vn 0.086273 0.049810 0.008716
vn 0.086273 0.049810 0.008716
vn 0.096225 0.025783 0.008716
vn 0.096225 0.025783 0.008716
vn 0.099619 -0.000000 0.008716
vn 0.099619 -0.000000 0.008716
vn 0.096225 -0.025783 0.008716
vn 0.096225 -0.025783 0.008716
vn 0.086273 -0.049810 0.008716
vn 0.086273 -0.049810 0.008716
vn 0.070442 -0.070442 0.008716
vn 0.070442 -0.070442 0.008716
vn 0.049810 -0.086273 0.008716
vn 0.049810 -0.086273 0.008716
vn 0.025783 -0.096225 0.008716
vn 0.025783 -0.096225 0.008716
vn 0.000000 -0.099619 0.008716
vn 0.000000 -0.099619 0.008716
vn -0.025783 -0.096225 0.008716
vn -0.025783 -0.096225 0.008716
vn -0.049810 -0.086273 0.008716
vn -0.049810 -0.086273 0.008716
vn -0.070442 -0.070442 0.008716
vn -0.070442 -0.070442 0.008716
vn -0.086273 -0.049810 0.008716
vn -0.086273 -0.049810 0.008716
vn -0.096593 -0.025882 0.000000
vn -0.096593 -0.025882 0.000000
vn -0.100000 -0.000000 0.000000
vn -0.100000 -0.000000 0.000000
vn -0.096593 0.025882 -0.000000
vn -0.096593 0.025882 -0.000000
vn -0.086603 0.050000 -0.000000
vn -0.086603 0.050000 -0.000000
vn -0.070711 0.070711 -0.000000
vn -0.070711 0.070711 -0.000000
vn -0.050000 0.086603 -0.000000
vn -0.050000 0.086603 -0.000000
vn -0.025882 0.096593 -0.000000
vn -0.025882 0.096593 -0.000000
vn 0.000000 0.100000 0.000000
vn 0.000000 0.100000 0.000000
vn 0.025882 0.096593 0.000000
vn 0.025882 0.096593 0.000000
vn 0.050000 0.086603 0.000000
vn 0.050000 0.086603 0.000000
vn 0.070711 0.070711 0.000000
vn 0.070711 0.070711 0.000000
vn 0.086603 0.050000 0.000000
vn 0.086603 0.050000 0.000000
vn 0.096593 0.025882 0.000000
vn 0.096593 0.025882 0.000000
vn 0.100000 0.000000 0.000000
vn 0.100000 0.000000 0.000000
vn 0.096593 -0.025882 0.000000
vn 0.096593 -0.025882 0.000000
vn 0.086603 -0.050000 0.000000
vn 0.086603 -0.050000 0.000000
vn 0.070711 -0.070711 0.000000
vn 0.070711 -0.070711 0.000000
vn 0.050000 -0.086603 0.000000
vn 0.050000 -0.086603 0.000000
vn 0.025882 -0.096593 0.000000
vn 0.025882 -0.096593 0.000000
vn 0.000000 -0.100000 0.000000
vn 0.000000 -0.100000 0.000000
vn -0.025882 -0.096593 0.000000
vn -0.025882 -0.096593 0.000000
vn -0.050000 -0.086603 0.000000
vn -0.050000 -0.086603 0.000000
vn -0.070711 -0.070711 0.000000
vn -0.070711 -0.070711 0.000000
vn -0.086603 -0.050000 0.000000
vn -0.086603 -0.050000 0.000000
vn 0.000000 0.000000 0.100000
vn 0.000000 0.000000 0.100000
vn 0.000000 0.000000 0.100000
vn 0.000000 0.000000 0.100000
vn 0.000000 0.000000 0.100000
vn 0.000000 0.000000 0.100000
vn 0.000000 0.000000 0.100000
vn 0.000000 0.000000 0.100000
vn 0.000000 0.000000 0.100000
vn 0.000000 0.000000 0.100000
vn 0.000000 0.000000 0.100000
vn 0.000000 0.000000 0.100000
vn 0.000000 0.000000 0.100000
vn 0.000000 0.000000 0.100000
vn 0.000000 0.000000 0.100000
vn 0.000000 0.000000 0.100000
vn 0.000000 0.000000 0.100000
vn 0.000000 0.000000 0.100000
vn 0.000000 0.000000 0.100000
vn 0.000000 0.000000 0.100000
vn 0.000000 0.000000 0.100000
vn 0.000000 0.000000 0.100000
vn 0.000000 0.000000 0.100000
vn 0.000000 0.000000 0.100000
vn -0.096225 -0.025783 0.008716
vn -0.096225 -0.025783 0.008716
vn -0.099619 -0.000000 0.008716
vn -0.099619 -0.000000 0.008716
vn -0.096225 0.025783 0.008716
vn -0.096225 0.025783 0.008716
vn -0.086273 0.049810 0.008716
vn -0.086273 0.049810 0.008716
vn -0.070442 0.070442 0.008716
vn -0.070442 0.070442 0.008716
vn -0.049810 0.086273 0.008716
vn -0.049810 0.086273 0.008716
vn -0.025783 0.096225 0.008716
vn -0.025783 0.096225 0.008716
vn 0.000000 0.099619 0.008716
vn 0.000000 0.099619 0.008716
vn 0.025783 0.096225 0.008716
vn 0.025783 0.096225 0.008716
vn 0.049810 0.086273 0.008716
vn 0.049810 0.086273 0.008716
vn 0.070442 0.070442 0.008716
vn 0.070442 0.070442 0.008716
vn 0.086273 0.049810 0.008716
vn 0.086273 0.049810 0.008716
vn 0.096225 0.025783 0.008716
vn 0.096225 0.025783 0.008716
vn 0.099619 -0.000000 0.008716
vn 0.099619 -0.000000 0.008716
vn 0.096225 -0.025783 0.008716
vn 0.096225 -0.025783 0.008716
vn 0.086273 -0.049810 0.008716
vn 0.086273 -0.049810 0.008716
vn 0.070442 -0.070442 0.008716
vn 0.070442 -0.070442 0.008716
vn 0.049810 -0.086273 0.008716
vn 0.049810 -0.086273 0.008716
vn 0.025783 -0.096225 0.008716
vn 0.025783 -0.096225 0.008716
vn 0.000000 -0.099619 0.008716
vn 0.000000 -0.099619 0.008716
vn -0.025783 -0.096225 0.008716
vn -0.025783 -0.096225 0.008716
vn -0.049810 -0.086273 0.008716
vn -0.049810 -0.086273 0.008716
vn -0.070442 -0.070442 0.008716
vn -0.070442 -0.070442 0.008716
vn -0.086273 -0.049810 0.008716
vn -0.086273 -0.049810 0.008716
vn -0.096593 -0.025882 0.000000
vn -0.096593 -0.025882 0.000000
vn -0.100000 -0.000000 0.000000
vn -0.100000 -0.000000 0.000000
vn -0.096593 0.025882 -0.000000
vn -0.096593 0.025882 -0.000000
vn -0.086603 0.050000 -0.000000
vn -0.086603 0.050000 -0.000000
vn -0.070711 0.070711 -0.000000
vn -0.070711 0.070711 -0.000000
vn -0.050000 0.086603 -0.000000
vn -0.050000 0.086603 -0.000000
vn -0.025882 0.096593 -0.000000
vn -0.025882 0.096593 -0.000000
vn 0.000000 0.100000 0.000000
vn 0.000000 0.100000 0.000000
vn 0.025882 0.096593 0.000000
vn 0.025882 0.096593 0.000000
vn 0.050000 0.086603 0.000000
vn 0.050000 0.086603 0.000000
vn 0.070711 0.070711 0.000000
vn 0.070711 0.070711 0.000000
vn 0.086603 0.050000 0.000000
vn 0.086603 0.050000 0.000000
vn 0.096593 0.025882 0.000000
vn 0.096593 0.025882 0.000000
vn 0.100000 0.000000 0.000000
vn 0.100000 0.000000 0.000000
vn 0.096593 -0.025882 0.000000
vn 0.096593 -0.025882 0.000000
vn 0.086603 -0.050000 0.000000
vn 0.086603 -0.050000 0.000000
vn 0.070711 -0.070711 0.000000
vn 0.070711 -0.070711 0.000000
vn 0.050000 -0.086603 0.000000
vn 0.050000 -0.086603 0.000000
vn 0.025882 -0.096593 0.000000
vn 0.025882 -0.096593 0.000000
vn 0.000000 -0.100000 0.000000
vn 0.000000 -0.100000 0.000000
vn -0.025882 -0.096593 0.000000
vn -0.025882 -0.096593 0.000000
vn -0.050000 -0.086603 0.000000
vn -0.050000 -0.086603 0.000000
vn -0.070711 -0.070711 0.000000
vn -0.070711 -0.070711 0.000000
vn -0.086603 -0.050000 0.000000
vn -0.086603 -0.050000 0.000000
vn 0.000000 0.000000 0.100000
vn 0.000000 0.000000 0.100000
vn 0.000000 0.000000 0.100000
vn 0.000000 0.000000 0.100000
vn 0.000000 0.000000 0.100000
vn 0.000000 0.000000 0.100000
vn 0.000000 0.000000 0.100000
vn 0.000000 0.000000 0.100000
vn 0.000000 0.000000 0.100000
vn 0.000000 0.000000 0.100000
vn 0.000000 0.000000 0.100000
vn 0.000000 0.000000 0.100000
vn 0.000000 0.000000 0.100000
vn 0.000000 0.000000 0.100000
vn 0.000000 0.000000 0.100000
vn 0.000000 0.000000 0.100000
vn 0.000000 0.000000 0.100000
vn 0.000000 0.000000 0.100000
vn 0.000000 0.000000 0.100000
vn 0.000000 0.000000 0.100000
vn 0.000000 0.000000 0.100000
vn 0.000000 0.000000 0.100000
vn 0.000000 0.000000 0.100000
vn 0.000000 0.000000 0.100000
vn -0.096225 -0.025783 0.008716
vn -0.096225 -0.025783 0.008716
vn -0.099619 -0.000000 0.008716
vn -0.099619 -0.000000 0.008716
vn -0.096225 0.025783 0.008716
vn -0.096225 0.025783 0.008716
vn -0.086273 0.049810 0.008716
vn -0.086273 0.049810 0.008716
vn -0.070442 0.070442 0.008716
vn -0.070442 0.070442 0.008716
vn -0.049810 0.086273 0.008716
vn -0.049810 0.086273 0.008716
vn -0.025783 0.096225 0.008716
vn -0.025783 0.096225 0.008716
vn 0.000000 0.099619 0.008716
vn 0.000000 0.099619 0.008716
vn 0.025783 0.096225 0.008716
vn 0.025783 0.096225 0.008716
vn 0.049810 0.086273 0.008716
vn 0.049810 0.086273 0.008716
vn 0.070442 0.070442 0.008716
vn 0.070442 0.070442 0.008716
vn 0.086273 0.049810 0.008716
vn 0.086273 0.049810 0.008716
vn 0.096225 0.025783 0.008716
vn 0.096225 0.025783 0.008716
vn 0.099619 -0.000000 0.008716
vn 0.099619 -0.000000 0.008716
vn 0.096225 -0.025783 0.008716
vn 0.096225 -0.025783 0.008716
vn 0.086273 -0.049810 0.008716
vn 0.086273 -0.049810 0.008716
vn 0.070442 -0.070442 0.008716
vn 0.070442 -0.070442 0.008716
vn 0.049810 -0.086273 0.008716
vn 0.049810 -0.086273 0.008716
vn 0.025783 -0.096225 0.008716
vn 0.025783 -0.096225 0.008716
vn 0.000000 -0.099619 0.008716
vn 0.000000 -0.099619 0.008716
vn -0.025783 -0.096225 0.008716
vn -0.025783 -0.096225 0.008716
vn -0.049810 -0.086273 0.008716
vn -0.049810 -0.086273 0.008716
vn -0.070442 -0.070442 0.008716
vn -0.070442 -0.070442 0.008716
vn -0.086273 -0.049810 0.008716
vn -0.086273 -0.049810 0.008716
vn -0.096593 -0.025882 0.000000
vn -0.096593 -0.025882 0.000000
vn -0.100000 -0.000000 0.000000
vn -0.100000 -0.000000 0.000000
vn -0.096593 0.025882 -0.000000
vn -0.096593 0.025882 -0.000000
vn -0.086603 0.050000 -0.000000
vn -0.086603 0.050000 -0.000000
vn -0.070711 0.070711 -0.000000
vn -0.070711 0.070711 -0.000000
vn -0.050000 0.086603 -0.000000
vn -0.050000 0.086603 -0.000000
vn -0.025882 0.096593 -0.000000
vn -0.025882 0.096593 -0.000000
vn 0.000000 0.100000 0.000000
vn 0.000000 0.100000 0.000000
vn 0.025882 0.096593 0.000000
vn 0.025882 0.096593 0.000000
vn 0.050000 0.086603 0.000000
vn 0.050000 0.086603 0.000000
vn 0.070711 0.070711 0.000000
vn 0.070711 0.070711 0.000000
vn 0.086603 0.050000 0.000000
vn 0.086603 0.050000 0.000000
vn 0.096593 0.025882 0.000000
vn 0.096593 0.025882 0.000000
vn 0.100000 0.000000 0.000000
vn 0.100000 0.000000 0.000000
vn 0.096593 -0.025882 0.000000
vn 0.096593 -0.025882 0.000000
vn 0.086603 -0.050000 0.000000
vn 0.086603 -0.050000 0.000000
vn 0.070711 -0.070711 0.000000
vn 0.070711 -0.070711 0.000000
vn 0.050000 -0.086603 0.000000
vn 0.050000 -0.086603 0.000000
vn 0.025882 -0.096593 0.000000
vn 0.025882 -0.096593 0.000000
vn 0.000000 -0.100000 0.000000
vn 0.000000 -0.100000 0.000000
vn -0.025882 -0.096593 0.000000
vn -0.025882 -0.096593 0.000000
vn -0.050000 -0.086603 0.000000
vn -0.050000 -0.086603 0.000000
vn -0.070711 -0.070711 0.000000
vn -0.070711 -0.070711 0.000000
vn -0.086603 -0.050000 0.000000
vn -0.086603 -0.050000 0.000000
vn 0.000000 0.000000 0.100000
vn 0.000000 0.000000 0.100000
vn 0.000000 0.000000 0.100000
vn 0.000000 0.000000 0.100000
vn 0.000000 0.000000 0.100000
vn 0.000000 0.000000 0.100000
vn 0.000000 0.000000 0.100000
vn 0.000000 0.000000 0.100000
vn 0.000000 0.000000 0.100000
vn 0.000000 0.000000 0.100000
vn 0.000000 0.000000 0.100000
vn 0.000000 0.000000 0.100000
vn 0.000000 0.000000 0.100000
vn 0.000000 0.000000 0.100000
vn 0.000000 0.000000 0.100000
vn 0.000000 0.000000 0.100000
vn 0.000000 0.000000 0.100000
vn 0.000000 0.000000 0.100000
vn 0.000000 0.000000 0.100000
vn 0.000000 0.000000 0.100000
vn 0.000000 0.000000 0.100000
vn 0.000000 0.000000 0.100000
vn 0.000000 0.000000 0.100000
vn 0.000000 0.000000 0.100000
vn -0.096225 -0.025783 0.008716
vn -0.096225 -0.025783 0.008716
vn -0.099619 -0.000000 0.008716
vn -0.099619 -0.000000 0.008716
vn -0.096225 0.025783 0.008716
vn -0.096225 0.025783 0.008716
vn -0.086273 0.049810 0.008716
vn -0.086273 0.049810 0.008716
vn -0.070442 0.070442 0.008716
vn -0.070442 0.070442 0.008716
vn -0.049810 0.086273 0.008716
vn -0.049810 0.086273 0.008716
vn -0.025783 0.096225 0.008716
vn -0.025783 0.096225 0.008716
vn 0.000000 0.099619 0.008716
vn 0.000000 0.099619 0.008716
vn 0.025783 0.096225 0.008716
vn 0.025783 0.096225 0.008716
vn 0.049810 0.086273 0.008716
vn 0.049810 0.086273 0.008716
vn 0.070442 0.070442 0.008716
vn 0.070442 0.070442 0.008716
vn 0.086273 0.049810 0.008716
vn 0.086273 0.049810 0.008716
vn 0.096225 0.025783 0.008716
vn 0.096225 0.025783 0.008716
vn 0.099619 -0.000000 0.008716
vn 0.099619 -0.000000 0.008716
vn 0.096225 -0.025783 0.008716
vn 0.096225 -0.025783 0.008716
vn 0.086273 -0.049810 0.008716
vn 0.086273 -0.049810 0.008716
vn 0.070442 -0.070442 0.008716
vn 0.070442 -0.070442 0.008716
vn 0.049810 -0.086273 0.008716
vn 0.049810 -0.086273 0.008716
vn 0.025783 -0.096225 0.008716
vn 0.025783 -0.096225 0.008716
vn 0.000000 -0.099619 0.008716
vn 0.000000 -0.099619 0.008716
vn -0.025783 -0.096225 0.008716
vn -0.025783 -0.096225 0.008716
vn -0.049810 -0.086273 0.008716
vn -0.049810 -0.086273 0.008716
vn -0.070442 -0.070442 0.008716
vn -0.070442 -0.070442 0.008716
vn -0.086273 -0.049810 0.008716
vn -0.086273 -0.049810 0.008716
vn -0.096593 -0.025882 0.000000
vn -0.096593 -0.025882 0.000000
vn -0.100000 -0.000000 0.000000
vn -0.100000 -0.000000 0.000000
vn -0.096593 0.025882 -0.000000
vn -0.096593 0.025882 -0.000000
vn -0.086603 0.050000 -0.000000
vn -0.086603 0.050000 -0.000000
vn -0.070711 0.070711 -0.000000
vn -0.070711 0.070711 -0.000000
vn -0.050000 0.086603 -0.000000
vn -0.050000 0.086603 -0.000000
vn -0.025882 0.096593 -0.000000
vn -0.025882 0.096593 -0.000000
vn 0.000000 0.100000 0.000000
vn 0.000000 0.100000 0.000000
vn 0.025882 0.096593 0.000000
vn 0.025882 0.096593 0.000000
vn 0.050000 0.086603 0.000000
vn 0.050000 0.086603 0.000000
vn 0.070711 0.070711 0.000000
vn 0.070711 0.070711 0.000000
vn 0.086603 0.050000 0.000000
vn 0.086603 0.050000 0.000000
vn 0.096593 0.025882 0.000000
vn 0.096593 0.025882 0.000000
vn 0.100000 0.000000 0.000000
vn 0.100000 0.000000 0.000000
vn 0.096593 -0.025882 0.000000
vn 0.096593 -0.025882 0.000000
vn 0.086603 -0.050000 0.000000
vn 0.086603 -0.050000 0.000000
vn 0.070711 -0.070711 0.000000
vn 0.070711 -0.070711 0.000000
vn 0.050000 -0.086603 0.000000
vn 0.050000 -0.086603 0.000000
vn 0.025882 -0.096593 0.000000
vn 0.025882 -0.096593 0.000000
vn 0.000000 -0.100000 0.000000
vn 0.000000 -0.100000 0.000000
vn -0.025882 -0.096593 0.000000
vn -0.025882 -0.096593 0.000000
vn -0.050000 -0.086603 0.000000
vn -0.050000 -0.086603 0.000000
vn -0.070711 -0.070711 0.000000
vn -0.070711 -0.070711 0.000000
vn -0.086603 -0.050000 0.000000
vn -0.086603 -0.050000 0.000000
vn 0.000000 0.000000 0.100000
vn 0.000000 0.000000 0.100000
vn 0.000000 0.000000 0.100000
vn 0.000000 0.000000 0.100000
vn 0.000000 0.000000 0.100000
vn 0.000000 0.000000 0.100000
vn 0.000000 0.000000 0.100000
vn 0.000000 0.000000 0.100000
vn 0.000000 0.000000 0.100000
vn 0.000000 0.000000 0.100000
vn 0.000000 0.000000 0.100000
vn 0.000000 0.000000 0.100000
vn 0.000000 0.000000 0.100000
vn 0.000000 0.000000 0.100000
vn 0.000000 0.000000 0.100000
vn 0.000000 0.000000 0.100000
vn 0.000000 0.000000 0.100000
vn 0.000000 0.000000 0.100000
vn 0.000000 0.000000 0.100000
vn 0.000000 0.000000 0.100000
vn 0.000000 0.000000 0.100000
vn 0.000000 0.000000 0.100000
vn 0.000000 0.000000 0.100000
vn 0.000000 0.000000 0.100000
vn -0.096225 -0.025783 0.008716
vn -0.096225 -0.025783 0.008716
vn -0.099619 -0.000000 0.008716
vn -0.099619 -0.000000 0.008716
vn -0.096225 0.025783 0.008716
vn -0.096225 0.025783 0.008716
vn -0.086273 0.049810 0.008716
vn -0.086273 0.049810 0.008716
vn -0.070442 0.070442 0.008716
vn -0.070442 0.070442 0.008716
vn -0.049810 0.086273 0.008716
vn -0.049810 0.086273 0.008716
vn -0.025783 0.096225 0.008716
vn -0.025783 0.096225 0.008716
vn 0.000000 0.099619 0.008716
vn 0.000000 0.099619 0.008716
vn 0.025783 0.096225 0.008716
vn 0.025783 0.096225 0.008716
vn 0.049810 0.086273 0.008716
vn 0.049810 0.086273 0.008716
vn 0.070442 0.070442 0.008716
vn 0.070442 0.070442 0.008716
vn 0.086273 0.049810 0.008716
vn 0.086273 0.049810 0.008716
vn 0.096225 0.025783 0.008716
vn 0.096225 0.025783 0.008716
vn 0.099619 -0.000000 0.008716
vn 0.099619 -0.000000 0.008716
vn 0.096225 -0.025783 0.008716
vn 0.096225 -0.025783 0.008716
vn 0.086273 -0.049810 0.008716
vn 0.086273 -0.049810 0.008716
vn 0.070442 -0.070442 0.008716
vn 0.070442 -0.070442 0.008716
vn 0.049810 -0.086273 0.008716
vn 0.049810 -0.086273 0.008716
vn 0.025783 -0.096225 0.008716
vn 0.025783 -0.096225 0.008716
vn 0.000000 -0.099619 0.008716
vn 0.000000 -0.099619 0.008716
vn -0.025783 -0.096225 0.008716
vn -0.025783 -0.096225 0.008716
vn -0.049810 -0.086273 0.008716
vn -0.049810 -0.086273 0.008716
vn -0.070442 -0.070442 0.008716
vn -0.070442 -0.070442 0.008716
vn -0.086273 -0.049810 0.008716
vn -0.086273 -0.049810 0.008716
vn -0.096593 -0.025882 0.000000
vn -0.096593 -0.025882 0.000000
vn -0.100000 -0.000000 0.000000
vn -0.100000 -0.000000 0.000000
vn -0.096593 0.025882 -0.000000
vn -0.096593 0.025882 -0.000000
vn -0.086603 0.050000 -0.000000
vn -0.086603 0.050000 -0.000000
vn -0.070711 0.070711 -0.000000
vn -0.070711 0.070711 -0.000000
vn -0.050000 0.086603 -0.000000
vn -0.050000 0.086603 -0.000000
vn -0.025882 0.096593 -0.000000
vn -0.025882 0.096593 -0.000000
vn 0.000000 0.100000 0.000000
vn 0.000000 0.100000 0.000000
vn 0.025882 0.096593 0.000000
vn 0.025882 0.096593 0.000000
vn 0.050000 0.086603 0.000000
vn 0.050000 0.086603 0.000000
vn 0.070711 0.070711 0.000000
vn 0.070711 0.070711 0.000000
vn 0.086603 0.050000 0.000000
vn 0.086603 0.050000 0.000000
vn 0.096593 0.025882 0.000000
vn 0.096593 0.025882 0.000000
vn 0.100000 0.000000 0.000000
vn 0.100000 0.000000 0.000000
vn 0.096593 -0.025882 0.000000
vn 0.096593 -0.025882 0.000000
vn 0.086603 -0.050000 0.000000
vn 0.086603 -0.050000 0.000000
vn 0.070711 -0.070711 0.000000
vn 0.070711 -0.070711 0.000000
vn 0.050000 -0.086603 0.000000
vn 0.050000 -0.086603 0.000000
vn 0.025882 -0.096593 0.000000
vn 0.025882 -0.096593 0.000000
vn 0.000000 -0.100000 0.000000
vn 0.000000 -0.100000 0.000000
vn -0.025882 -0.096593 0.000000
vn -0.025882 -0.096593 0.000000
vn -0.050000 -0.086603 0.000000
vn -0.050000 -0.086603 0.000000
vn -0.070711 -0.070711 0.000000
vn -0.070711 -0.070711 0.000000
vn -0.086603 -0.050000 0.000000
vn -0.086603 -0.050000 0.000000
vn 0.000000 0.000000 0.100000
vn 0.000000 0.000000 0.100000
vn 0.000000 0.000000 0.100000
vn 0.000000 0.000000 0.100000
vn 0.000000 0.000000 0.100000
vn 0.000000 0.000000 0.100000
vn 0.000000 0.000000 0.100000
vn 0.000000 0.000000 0.100000
vn 0.000000 0.000000 0.100000
vn 0.000000 0.000000 0.100000
vn 0.000000 0.000000 0.100000
vn 0.000000 0.000000 0.100000
vn 0.000000 0.000000 0.100000
vn 0.000000 0.000000 0.100000
vn 0.000000 0.000000 0.100000
vn 0.000000 0.000000 0.100000
vn 0.000000 0.000000 0.100000
vn 0.000000 0.000000 0.100000
vn 0.000000 0.000000 0.100000
vn 0.000000 0.000000 0.100000
vn 0.000000 0.000000 0.100000
vn 0.000000 0.000000 0.100000
vn 0.000000 0.000000 0.100000
vn 0.000000 0.000000 0.100000
vn -0.096225 -0.025783 0.008716
vn -0.096225 -0.025783 0.008716
vn -0.099619 -0.000000 0.008716
vn -0.099619 -0.000000 0.008716
vn -0.096225 0.025783 0.008716
vn -0.096225 0.025783 0.008716
vn -0.086273 0.049810 0.008716
vn -0.086273 0.049810 0.008716
vn -0.070442 0.070442 0.008716
vn -0.070442 0.070442 0.008716
vn -0.049810 0.086273 0.008716
vn -0.049810 0.086273 0.008716
vn -0.025783 0.096225 0.008716
vn -0.025783 0.096225 0.008716
vn 0.000000 0.099619 0.008716
vn 0.000000 0.099619 0.008716
vn 0.025783 0.096225 0.008716
vn 0.025783 0.096225 0.008716
vn 0.049810 0.086273 0.008716
vn 0.049810 0.086273 0.008716
vn 0.070442 0.070442 0.008716
vn 0.070442 0.070442 0.008716
vn 0.086273 0.049810 0.008716
vn 0.086273 0.049810 0.008716
vn 0.096225 0.025783 0.008716
vn 0.096225 0.025783 0.008716
vn 0.099619 -0.000000 0.008716
vn 0.099619 -0.000000 0.008716
vn 0.096225 -0.025783 0.008716
vn 0.096225 -0.025783 0.008716
vn 0.086273 -0.049810 0.008716
vn 0.086273 -0.049810 0.008716
vn 0.070442 -0.070442 0.008716
vn 0.070442 -0.070442 0.008716
vn 0.049810 -0.086273 0.008716
vn 0.049810 -0.086273 0.008716
vn 0.025783 -0.096225 0.008716
vn 0.025783 -0.096225 0.008716
vn 0.000000 -0.099619 0.008716
vn 0.000000 -0.099619 0.008716
vn -0.025783 -0.096225 0.008716
vn -0.025783 -0.096225 0.008716
vn -0.049810 -0.086273 0.008716
vn -0.049810 -0.086273 0.008716
vn -0.070442 -0.070442 0.008716
vn -0.070442 -0.070442 0.008716
vn -0.086273 -0.049810 0.008716
vn -0.086273 -0.049810 0.008716
vn -0.096593 -0.025882 0.000000
vn -0.096593 -0.025882 0.000000
vn -0.100000 -0.000000 0.000000
vn -0.100000 -0.000000 0.000000
vn -0.096593 0.025882 -0.000000
vn -0.096593 0.025882 -0.000000
vn -0.086603 0.050000 -0.000000
vn -0.086603 0.050000 -0.000000
vn -0.070711 0.070711 -0.000000
vn -0.070711 0.070711 -0.000000
vn -0.050000 0.086603 -0.000000
vn -0.050000 0.086603 -0.000000
vn -0.025882 0.096593 -0.000000
vn -0.025882 0.096593 -0.000000
vn 0.000000 0.100000 0.000000
vn 0.000000 0.100000 0.000000
vn 0.025882 0.096593 0.000000
vn 0.025882 0.096593 0.000000
vn 0.050000 0.086603 0.000000
vn 0.050000 0.086603 0.000000
vn 0.070711 0.070711 0.000000
vn 0.070711 0.070711 0.000000
vn 0.086603 0.050000 0.000000
vn 0.086603 0.050000 0.000000
vn 0.096593 0.025882 0.000000
vn 0.096593 0.025882 0.000000
vn 0.100000 0.000000 0.000000
vn 0.100000 0.000000 0.000000
vn 0.096593 -0.025882 0.000000
vn 0.096593 -0.025882 0.000000
vn 0.086603 -0.050000 0.000000
vn 0.086603 -0.050000 0.000000
vn 0.070711 -0.070711 0.000000
vn 0.070711 -0.070711 0.000000
vn 0.050000 -0.086603 0.000000
vn 0.050000 -0.086603 0.000000
vn 0.025882 -0.096593 0.000000
vn 0.025882 -0.096593 0.000000
vn 0.000000 -0.100000 0.000000
vn 0.000000 -0.100000 0.000000
vn -0.025882 -0.096593 0.000000
vn -0.025882 -0.096593 0.000000
vn -0.050000 -0.086603 0.000000
vn -0.050000 -0.086603 0.000000
vn -0.070711 -0.070711 0.000000
vn -0.070711 -0.070711 0.000000
vn -0.086603 -0.050000 0.000000
vn -0.086603 -0.050000 0.000000
vn 0.000000 0.000000 0.100000
vn 0.000000 0.000000 0.100000
vn 0.000000 0.000000 0.100000
vn 0.000000 0.000000 0.100000
vn 0.000000 0.000000 0.100000
vn 0.000000 0.000000 0.100000
vn 0.000000 0.000000 0.100000
vn 0.000000 0.000000 0.100000
vn 0.000000 0.000000 0.100000
vn 0.000000 0.000000 0.100000
vn 0.000000 0.000000 0.100000
vn 0.000000 0.000000 0.100000
vn 0.000000 0.000000 0.100000
vn 0.000000 0.000000 0.100000
vn 0.000000 0.000000 0.100000
vn 0.000000 0.000000 0.100000
vn 0.000000 0.000000 0.100000
vn 0.000000 0.000000 0.100000
vn 0.000000 0.000000 0.100000
vn 0.000000 0.000000 0.100000
vn 0.000000 0.000000 0.100000
vn 0.000000 0.000000 0.100000
vn 0.000000 0.000000 0.100000
vn 0.000000 0.000000 0.100000
vn -0.096225 -0.025783 0.008716
vn -0.096225 -0.025783 0.008716
vn -0.099619 -0.000000 0.008716
vn -0.099619 -0.000000 0.008716
vn -0.096225 0.025783 0.008716
vn -0.096225 0.025783 0.008716
vn -0.086273 0.049810 0.008716
vn -0.086273 0.049810 0.008716
vn -0.070442 0.070442 0.008716
vn -0.070442 0.070442 0.008716
vn -0.049810 0.086273 0.008716
vn -0.049810 0.086273 0.008716
vn -0.025783 0.096225 0.008716
vn -0.025783 0.096225 0.008716
vn 0.000000 0.099619 0.008716
vn 0.000000 0.099619 0.008716
vn 0.025783 0.096225 0.008716
vn 0.025783 0.096225 0.008716
vn 0.049810 0.086273 0.008716
vn 0.049810 0.086273 0.008716
vn 0.070442 0.070442 0.008716
vn 0.070442 0.070442 0.008716
vn 0.086273 0.049810 0.008716
vn 0.086273 0.049810 0.008716
vn 0.096225 0.025783 0.008716
vn 0.096225 0.025783 0.008716
vn 0.099619 -0.000000 0.008716
vn 0.099619 -0.000000 0.008716
vn 0.096225 -0.025783 0.008716
vn 0.096225 -0.025783 0.008716
vn 0.086273 -0.049810 0.008716
vn 0.086273 -0.049810 0.008716
vn 0.070442 -0.070442 0.008716
vn 0.070442 -0.070442 0.008716
vn 0.049810 -0.086273 0.008716
vn 0.049810 -0.086273 0.008716
vn 0.025783 -0.096225 0.008716
vn 0.025783 -0.096225 0.008716
vn 0.000000 -0.099619 0.008716
vn 0.000000 -0.099619 0.008716
vn -0.025783 -0.096225 0.008716
vn -0.025783 -0.096225 0.008716
vn -0.049810 -0.086273 0.008716
vn -0.049810 -0.086273 0.008716
vn -0.070442 -0.070442 0.008716
vn -0.070442 -0.070442 0.008716
vn -0.086273 -0.049810 0.008716
vn -0.086273 -0.049810 0.008716
vn -0.096593 -0.025882 0.000000
vn -0.096593 -0.025882 0.000000
vn -0.100000 -0.000000 0.000000
vn -0.100000 -0.000000 0.000000
vn -0.096593 0.025882 -0.000000
vn -0.096593 0.025882 -0.000000
vn -0.086603 0.050000 -0.000000
vn -0.086603 0.050000 -0.000000
vn -0.070711 0.070711 -0.000000
vn -0.070711 0.070711 -0.000000
vn -0.050000 0.086603 -0.000000
vn -0.050000 0.086603 -0.000000
vn -0.025882 0.096593 -0.000000
vn -0.025882 0.096593 -0.000000
vn 0.000000 0.100000 0.000000
vn 0.000000 0.100000 0.000000
vn 0.025882 0.096593 0.000000
vn 0.025882 0.096593 0.000000
vn 0.050000 0.086603 0.000000
vn 0.050000 0.086603 0.000000
vn 0.070711 0.070711 0.000000
vn 0.070711 0.070711 0.000000
vn 0.086603 0.050000 0.000000
vn 0.086603 0.050000 0.000000
vn 0.096593 0.025882 0.000000
vn 0.096593 0.025882 0.000000
vn 0.100000 0.000000 0.000000
vn 0.100000 0.000000 0.000000
vn 0.096593 -0.025882 0.000000
vn 0.096593 -0.025882 0.000000
vn 0.086603 -0.050000 0.000000
vn 0.086603 -0.050000 0.000000
vn 0.070711 -0.070711 0.000000
vn 0.070711 -0.070711 0.000000
vn 0.050000 -0.086603 0.000000
vn 0.050000 -0.086603 0.000000
vn 0.025882 -0.096593 0.000000
vn 0.025882 -0.096593 0.000000
vn 0.000000 -0.100000 0.000000
vn 0.000000 -0.100000 0.000000
vn -0.025882 -0.096593 0.000000
vn -0.025882 -0.096593 0.000000
vn -0.050000 -0.086603 0.000000
vn -0.050000 -0.086603 0.000000
vn -0.070711 -0.070711 0.000000
vn -0.070711 -0.070711 0.000000
vn -0.086603 -0.050000 0.000000
vn -0.086603 -0.050000 0.000000
vn 0.000000 0.000000 0.100000
vn 0.000000 0.000000 0.100000
vn 0.000000 0.000000 0.100000
vn 0.000000 0.000000 0.100000
vn 0.000000 0.000000 0.100000
vn 0.000000 0.000000 0.100000
vn 0.000000 0.000000 0.100000
vn 0.000000 0.000000 0.100000
vn 0.000000 0.000000 0.100000
vn 0.000000 0.000000 0.100000
vn 0.000000 0.000000 0.100000
vn 0.000000 0.000000 0.100000
vn 0.000000 0.000000 0.100000
vn 0.000000 0.000000 0.100000
vn 0.000000 0.000000 0.100000
vn 0.000000 0.000000 0.100000
vn 0.000000 0.000000 0.100000
vn 0.000000 0.000000 0.100000
vn 0.000000 0.000000 0.100000
vn 0.000000 0.000000 0.100000
vn 0.000000 0.000000 0.100000
vn 0.000000 0.000000 0.100000
vn 0.000000 0.000000 0.100000
vn 0.000000 0.000000 0.100000
vn -0.096225 -0.025783 0.008716
vn -0.096225 -0.025783 0.008716
vn -0.099619 -0.000000 0.008716
vn -0.099619 -0.000000 0.008716
vn -0.096225 0.025783 0.008716
vn -0.096225 0.025783 0.008716
vn -0.086273 0.049810 0.008716
vn -0.086273 0.049810 0.008716
vn -0.070442 0.070442 0.008716
vn -0.070442 0.070442 0.008716
vn -0.049810 0.086273 0.008716
vn -0.049810 0.086273 0.008716
vn -0.025783 0.096225 0.008716
vn -0.025783 0.096225 0.008716
vn 0.000000 0.099619 0.008716
vn 0.000000 0.099619 0.008716
vn 0.025783 0.096225 0.008716
vn 0.025783 0.096225 0.008716
vn 0.049810 0.086273 0.008716
vn 0.049810 0.086273 0.008716
vn 0.070442 0.070442 0.008716
vn 0.070442 0.070442 0.008716
vn 0.086273 0.049810 0.008716
vn 0.086273 0.049810 0.008716
vn 0.096225 0.025783 0.008716
vn 0.096225 0.025783 0.008716
vn 0.099619 -0.000000 0.008716
vn 0.099619 -0.000000 0.008716
vn 0.096225 -0.025783 0.008716
vn 0.096225 -0.025783 0.008716
vn 0.086273 -0.049810 0.008716
vn 0.086273 -0.049810 0.008716
vn 0.070442 -0.070442 0.008716
vn 0.070442 -0.070442 0.008716
vn 0.049810 -0.086273 0.008716
vn 0.049810 -0.086273 0.008716
vn 0.025783 -0.096225 0.008716
vn 0.025783 -0.096225 0.008716
vn 0.000000 -0.099619 0.008716
vn 0.000000 -0.099619 0.008716
vn -0.025783 -0.096225 0.008716
vn -0.025783 -0.096225 0.008716
vn -0.049810 -0.086273 0.008716
vn -0.049810 -0.086273 0.008716
vn -0.070442 -0.070442 0.008716
vn -0.070442 -0.070442 0.008716
vn -0.086273 -0.049810 0.008716
vn -0.086273 -0.049810 0.008716
vn -0.096593 -0.025882 0.000000
vn -0.096593 -0.025882 0.000000
vn -0.100000 -0.000000 0.000000
vn -0.100000 -0.000000 0.000000
vn -0.096593 0.025882 -0.000000
vn -0.096593 0.025882 -0.000000
vn -0.086603 0.050000 -0.000000
vn -0.086603 0.050000 -0.000000
vn -0.070711 0.070711 -0.000000
vn -0.070711 0.070711 -0.000000
vn -0.050000 0.086603 -0.000000
vn -0.050000 0.086603 -0.000000
vn -0.025882 0.096593 -0.000000
vn -0.025882 0.096593 -0.000000
vn 0.000000 0.100000 0.000000
vn 0.000000 0.100000 0.000000
vn 0.025882 0.096593 0.000000
vn 0.025882 0.096593 0.000000
vn 0.050000 0.086603 0.000000
vn 0.050000 0.086603 0.000000
vn 0.070711 0.070711 0.000000
vn 0.070711 0.070711 0.000000
vn 0.086603 0.050000 0.000000
vn 0.086603 0.050000 0.000000
vn 0.096593 0.025882 0.000000
vn 0.096593 0.025882 0.000000
vn 0.100000 0.000000 0.000000
vn 0.100000 0.000000 0.000000
vn 0.096593 -0.025882 0.000000
vn 0.096593 -0.025882 0.000000
vn 0.086603 -0.050000 0.000000
vn 0.086603 -0.050000 0.000000
vn 0.070711 -0.070711 0.000000
vn 0.070711 -0.070711 0.000000
vn 0.050000 -0.086603 0.000000
vn 0.050000 -0.086603 0.000000
vn 0.025882 -0.096593 0.000000
vn 0.025882 -0.096593 0.000000
vn 0.000000 -0.100000 0.000000
vn 0.000000 -0.100000 0.000000
vn -0.025882 -0.096593 0.000000
vn -0.025882 -0.096593 0.000000
vn -0.050000 -0.086603 0.000000
vn -0.050000 -0.086603 0.000000
vn -0.070711 -0.070711 0.000000
vn -0.070711 -0.070711 0.000000
vn -0.086603 -0.050000 0.000000
vn -0.086603 -0.050000 0.000000
vn 0.000000 0.000000 0.100000
vn 0.000000 0.000000 0.100000
vn 0.000000 0.000000 0.100000
vn 0.000000 0.000000 0.100000
vn 0.000000 0.000000 0.100000
vn 0.000000 0.000000 0.100000
vn 0.000000 0.000000 0.100000
vn 0.000000 0.000000 0.100000
vn 0.000000 0.000000 0.100000
vn 0.000000 0.000000 0.100000
vn 0.000000 0.000000 0.100000
vn 0.000000 0.000000 0.100000
vn 0.000000 0.000000 0.100000
vn 0.000000 0.000000 0.100000
vn 0.000000 0.000000 0.100000
vn 0.000000 0.000000 0.100000
vn 0.000000 0.000000 0.100000
vn 0.000000 0.000000 0.100000
vn 0.000000 0.000000 0.100000
vn 0.000000 0.000000 0.100000
vn 0.000000 0.000000 0.100000
vn 0.000000 0.000000 0.100000
vn 0.000000 0.000000 0.100000
vn 0.000000 0.000000 0.100000
vn -0.096225 -0.025783 0.008716
vn -0.096225 -0.025783 0.008716
vn -0.099619 -0.000000 0.008716
vn -0.099619 -0.000000 0.008716
vn -0.096225 0.025783 0.008716
vn -0.096225 0.025783 0.008716
vn -0.086273 0.049810 0.008716
vn -0.086273 0.049810 0.008716
vn -0.070442 0.070442 0.008716
vn -0.070442 0.070442 0.008716
vn -0.049810 0.086273 0.008716
vn -0.049810 0.086273 0.008716
vn -0.025783 0.096225 0.008716
vn -0.025783 0.096225 0.008716
vn 0.000000 0.099619 0.008716
vn 0.000000 0.099619 0.008716
vn 0.025783 0.096225 0.008716
vn 0.025783 0.096225 0.008716
vn 0.049810 0.086273 0.008716
vn 0.049810 0.086273 0.008716
vn 0.070442 0.070442 0.008716
vn 0.070442 0.070442 0.008716
vn 0.086273 0.049810 0.008716
vn 0.086273 0.049810 0.008716
vn 0.096225 0.025783 0.008716
vn 0.096225 0.025783 0.008716
vn 0.099619 -0.000000 0.008716
vn 0.099619 -0.000000 0.008716
vn 0.096225 -0.025783 0.008716
vn 0.096225 -0.025783 0.008716
vn 0.086273 -0.049810 0.008716
vn 0.086273 -0.049810 0.008716
vn 0.070442 -0.070442 0.008716
vn 0.070442 -0.070442 0.008716
vn 0.049810 -0.086273 0.008716
vn 0.049810 -0.086273 0.008716
vn 0.025783 -0.096225 0.008716
vn 0.025783 -0.096225 0.008716
vn 0.000000 -0.099619 0.008716
vn 0.000000 -0.099619 0.008716
vn -0.025783 -0.096225 0.008716
vn -0.025783 -0.096225 0.008716
vn -0.049810 -0.086273 0.008716
vn -0.049810 -0.086273 0.008716
vn -0.070442 -0.070442 0.008716
vn -0.070442 -0.070442 0.008716
vn -0.086273 -0.049810 0.008716
vn -0.086273 -0.049810 0.008716
vn -0.096593 -0.025882 0.000000
vn -0.096593 -0.025882 0.000000
vn -0.100000 -0.000000 0.000000
vn -0.100000 -0.000000 0.000000
vn -0.096593 0.025882 -0.000000
vn -0.096593 0.025882 -0.000000
vn -0.086603 0.050000 -0.000000
vn -0.086603 0.050000 -0.000000
vn -0.070711 0.070711 -0.000000
vn -0.070711 0.070711 -0.000000
vn -0.050000 0.086603 -0.000000
vn -0.050000 0.086603 -0.000000
vn -0.025882 0.096593 -0.000000
vn -0.025882 0.096593 -0.000000
vn 0.000000 0.100000 0.000000
vn 0.000000 0.100000 0.000000
vn 0.025882 0.096593 0.000000
vn 0.025882 0.096593 0.000000
vn 0.050000 0.086603 0.000000
vn 0.050000 0.086603 0.000000
vn 0.070711 0.070711 0.000000
vn 0.070711 0.070711 0.000000
vn 0.086603 0.050000 0.000000
vn 0.086603 0.050000 0.000000
vn 0.096593 0.025882 0.000000
vn 0.096593 0.025882 0.000000
vn 0.100000 0.000000 0.000000
vn 0.100000 0.000000 0.000000
vn 0.096593 -0.025882 0.000000
vn 0.096593 -0.025882 0.000000
vn 0.086603 -0.050000 0.000000
vn 0.086603 -0.050000 0.000000
vn 0.070711 -0.070711 0.000000
vn 0.070711 -0.070711 0.000000
vn 0.050000 -0.086603 0.000000
vn 0.050000 -0.086603 0.000000
vn 0.025882 -0.096593 0.000000
vn 0.025882 -0.096593 0.000000
vn 0.000000 -0.100000 0.000000
vn 0.000000 -0.100000 0.000000
vn -0.025882 -0.096593 0.000000
vn -0.025882 -0.096593 0.000000
vn -0.050000 -0.086603 0.000000
vn -0.050000 -0.086603 0.000000
vn -0.070711 -0.070711 0.000000
vn -0.070711 -0.070711 0.000000
vn -0.086603 -0.050000 0.000000
vn -0.086603 -0.050000 0.000000
vn 0.000000 0.000000 0.100000
vn 0.000000 0.000000 0.100000
vn 0.000000 0.000000 0.100000
vn 0.000000 0.000000 0.100000
vn 0.000000 0.000000 0.100000
vn 0.000000 0.000000 0.100000
vn 0.000000 0.000000 0.100000
vn 0.000000 0.000000 0.100000
vn 0.000000 0.000000 0.100000
vn 0.000000 0.000000 0.100000
vn 0.000000 0.000000 0.100000
vn 0.000000 0.000000 0.100000
vn 0.000000 0.000000 0.100000
vn 0.000000 0.000000 0.100000
vn 0.000000 0.000000 0.100000
vn 0.000000 0.000000 0.100000
vn 0.000000 0.000000 0.100000
vn 0.000000 0.000000 0.100000
vn 0.000000 0.000000 0.100000
vn 0.000000 0.000000 0.100000
vn 0.000000 0.000000 0.100000
vn 0.000000 0.000000 0.100000
vn 0.000000 0.000000 0.100000
vn 0.000000 0.000000 0.100000
vn -0.096225 -0.025783 0.008716
vn -0.096225 -0.025783 0.008716
vn -0.099619 -0.000000 0.008716
vn -0.099619 -0.000000 0.008716
vn -0.096225 0.025783 0.008716
vn -0.096225 0.025783 0.008716
vn -0.086273 0.049810 0.008716
vn -0.086273 0.049810 0.008716
vn -0.070442 0.070442 0.008716
vn -0.070442 0.070442 0.008716
vn -0.049810 0.086273 0.008716
vn -0.049810 0.086273 0.008716
vn -0.025783 0.096225 0.008716
vn -0.025783 0.096225 0.008716
vn 0.000000 0.099619 0.008716
vn 0.000000 0.099619 0.008716
vn 0.025783 0.096225 0.008716
vn 0.025783 0.096225 0.008716
vn 0.049810 0.086273 0.008716
vn 0.049810 0.086273 0.008716
vn 0.070442 0.070442 0.008716
vn 0.070442 0.070442 0.008716
vn 0.086273 0.049810 0.008716
vn 0.086273 0.049810 0.008716
vn 0.096225 0.025783 0.008716
vn 0.096225 0.025783 0.008716
vn 0.099619 -0.000000 0.008716
vn 0.099619 -0.000000 0.008716
vn 0.096225 -0.025783 0.008716
vn 0.096225 -0.025783 0.008716
vn 0.086273 -0.049810 0.008716
vn 0.086273 -0.049810 0.008716
vn 0.070442 -0.070442 0.008716
vn 0.070442 -0.070442 0.008716
vn 0.049810 -0.086273 0.008716
vn 0.049810 -0.086273 0.008716
vn 0.025783 -0.096225 0.008716
vn 0.025783 -0.096225 0.008716
vn 0.000000 -0.099619 0.008716
vn 0.000000 -0.099619 0.008716
vn -0.025783 -0.096225 0.008716
vn -0.025783 -0.096225 0.008716
vn -0.049810 -0.086273 0.008716
vn -0.049810 -0.086273 0.008716
vn -0.070442 -0.070442 0.008716
vn -0.070442 -0.070442 0.008716
vn -0.086273 -0.049810 0.008716
vn -0.086273 -0.049810 0.008716
vn -0.096593 -0.025882 0.000000
vn -0.096593 -0.025882 0.000000
vn -0.100000 -0.000000 0.000000
vn -0.100000 -0.000000 0.000000
vn -0.096593 0.025882 -0.000000
vn -0.096593 0.025882 -0.000000
vn -0.086603 0.050000 -0.000000
vn -0.086603 0.050000 -0.000000
vn -0.070711 0.070711 -0.000000
vn -0.070711 0.070711 -0.000000
vn -0.050000 0.086603 -0.000000
vn -0.050000 0.086603 -0.000000
vn -0.025882 0.096593 -0.000000
vn -0.025882 0.096593 -0.000000
vn 0.000000 0.100000 0.000000
vn 0.000000 0.100000 0.000000
vn 0.025882 0.096593 0.000000
vn 0.025882 0.096593 0.000000
vn 0.050000 0.086603 0.000000
vn 0.050000 0.086603 0.000000
vn 0.070711 0.070711 0.000000
vn 0.070711 0.070711 0.000000
vn 0.086603 0.050000 0.000000
vn 0.086603 0.050000 0.000000
vn 0.096593 0.025882 0.000000
vn 0.096593 0.025882 0.000000
vn 0.100000 0.000000 0.000000
vn 0.100000 0.000000 0.000000
vn 0.096593 -0.025882 0.000000
vn 0.096593 -0.025882 0.000000
vn 0.086603 -0.050000 0.000000
vn 0.086603 -0.050000 0.000000
vn 0.070711 -0.070711 0.000000
vn 0.070711 -0.070711 0.000000
vn 0.050000 -0.086603 0.000000
vn 0.050000 -0.086603 0.000000
vn 0.025882 -0.096593 0.000000
vn 0.025882 -0.096593 0.000000
vn 0.000000 -0.100000 0.000000
vn 0.000000 -0.100000 0.000000
vn -0.025882 -0.096593 0.000000
vn -0.025882 -0.096593 0.000000
vn -0.050000 -0.086603 0.000000
vn -0.050000 -0.086603 0.000000
vn -0.070711 -0.070711 0.000000
vn -0.070711 -0.070711 0.000000
vn -0.086603 -0.050000 0.000000
vn -0.086603 -0.050000 0.000000
vn 0.000000 0.000000 0.100000
vn 0.000000 0.000000 0.100000
vn 0.000000 0.000000 0.100000
vn 0.000000 0.000000 0.100000
vn 0.000000 0.000000 0.100000
vn 0.000000 0.000000 0.100000
vn 0.000000 0.000000 0.100000
vn 0.000000 0.000000 0.100000
vn 0.000000 0.000000 0.100000
vn 0.000000 0.000000 0.100000
vn 0.000000 0.000000 0.100000
vn 0.000000 0.000000 0.100000
vn 0.000000 0.000000 0.100000
vn 0.000000 0.000000 0.100000
vn 0.000000 0.000000 0.100000
vn 0.000000 0.000000 0.100000
vn 0.000000 0.000000 0.100000
vn 0.000000 0.000000 0.100000
vn 0.000000 0.000000 0.100000
vn 0.000000 0.000000 0.100000
vn 0.000000 0.000000 0.100000
vn 0.000000 0.000000 0.100000
vn 0.000000 0.000000 0.100000
vn 0.000000 0.000000 0.100000
vn -0.096225 -0.025783 0.008716
vn -0.096225 -0.025783 0.008716
vn -0.099619 -0.000000 0.008716
vn -0.099619 -0.000000 0.008716
vn -0.096225 0.025783 0.008716
vn -0.096225 0.025783 0.008716
vn -0.086273 0.049810 0.008716
vn -0.086273 0.049810 0.008716
vn -0.070442 0.070442 0.008716
vn -0.070442 0.070442 0.008716
vn -0.049810 0.086273 0.008716
vn -0.049810 0.086273 0.008716
vn -0.025783 0.096225 0.008716
vn -0.025783 0.096225 0.008716
vn 0.000000 0.099619 0.008716
vn 0.000000 0.099619 0.008716
vn 0.025783 0.096225 0.008716
vn 0.025783 0.096225 0.008716
vn 0.049810 0.086273 0.008716
vn 0.049810 0.086273 0.008716
vn 0.070442 0.070442 0.008716
vn 0.070442 0.070442 0.008716
vn 0.086273 0.049810 0.008716
vn 0.086273 0.049810 0.008716
vn 0.096225 0.025783 0.008716
vn 0.096225 0.025783 0.008716
vn 0.099619 -0.000000 0.008716
vn 0.099619 -0.000000 0.008716
vn 0.096225 -0.025783 0.008716
vn 0.096225 -0.025783 0.008716
vn 0.086273 -0.049810 0.008716
vn 0.086273 -0.049810 0.008716
vn 0.070442 -0.070442 0.008716
vn 0.070442 -0.070442 0.008716
vn 0.049810 -0.086273 0.008716
vn 0.049810 -0.086273 0.008716
vn 0.025783 -0.096225 0.008716
vn 0.025783 -0.096225 0.008716
vn 0.000000 -0.099619 0.008716
vn 0.000000 -0.099619 0.008716
vn -0.025783 -0.096225 0.008716
vn -0.025783 -0.096225 0.008716
vn -0.049810 -0.086273 0.008716
vn -0.049810 -0.086273 0.008716
vn -0.070442 -0.070442 0.008716
vn -0.070442 -0.070442 0.008716
vn -0.086273 -0.049810 0.008716
vn -0.086273 -0.049810 0.008716
vn -0.096593 -0.025882 0.000000
vn -0.096593 -0.025882 0.000000
vn -0.100000 -0.000000 0.000000
vn -0.100000 -0.000000 0.000000
vn -0.096593 0.025882 -0.000000
vn -0.096593 0.025882 -0.000000
vn -0.086603 0.050000 -0.000000
vn -0.086603 0.050000 -0.000000
vn -0.070711 0.070711 -0.000000
vn -0.070711 0.070711 -0.000000
vn -0.050000 0.086603 -0.000000
vn -0.050000 0.086603 -0.000000
vn -0.025882 0.096593 -0.000000
vn -0.025882 0.096593 -0.000000
vn 0.000000 0.100000 0.000000
vn 0.000000 0.100000 0.000000
vn 0.025882 0.096593 0.000000
vn 0.025882 0.096593 0.000000
vn 0.050000 0.086603 0.000000
vn 0.050000 0.086603 0.000000
vn 0.070711 0.070711 0.000000
vn 0.070711 0.070711 0.000000
vn 0.086603 0.050000 0.000000
vn 0.086603 0.050000 0.000000
vn 0.096593 0.025882 0.000000
vn 0.096593 0.025882 0.000000
vn 0.100000 0.000000 0.000000
vn 0.100000 0.000000 0.000000
vn 0.096593 -0.025882 0.000000
vn 0.096593 -0.025882 0.000000
vn 0.086603 -0.050000 0.000000
vn 0.086603 -0.050000 0.000000
vn 0.070711 -0.070711 0.000000
vn 0.070711 -0.070711 0.000000
vn 0.050000 -0.086603 0.000000
vn 0.050000 -0.086603 0.000000
vn 0.025882 -0.096593 0.000000
vn 0.025882 -0.096593 0.000000
vn 0.000000 -0.100000 0.000000
vn 0.000000 -0.100000 0.000000
vn -0.025882 -0.096593 0.000000
vn -0.025882 -0.096593 0.000000
vn -0.050000 -0.086603 0.000000
vn -0.050000 -0.086603 0.000000
vn -0.070711 -0.070711 0.000000
vn -0.070711 -0.070711 0.000000
vn -0.086603 -0.050000 0.000000
vn -0.086603 -0.050000 0.000000
vn 0.000000 0.000000 0.100000
vn 0.000000 0.000000 0.100000
vn 0.000000 0.000000 0.100000
vn 0.000000 0.000000 0.100000
vn 0.000000 0.000000 0.100000
vn 0.000000 0.000000 0.100000
vn 0.000000 0.000000 0.100000
vn 0.000000 0.000000 0.100000
vn 0.000000 0.000000 0.100000
vn 0.000000 0.000000 0.100000
vn 0.000000 0.000000 0.100000
vn 0.000000 0.000000 0.100000
vn 0.000000 0.000000 0.100000
vn 0.000000 0.000000 0.100000
vn 0.000000 0.000000 0.100000
vn 0.000000 0.000000 0.100000
vn 0.000000 0.000000 0.100000
vn 0.000000 0.000000 0.100000
vn 0.000000 0.000000 0.100000
vn 0.000000 0.000000 0.100000
vn 0.000000 0.000000 0.100000
vn 0.000000 0.000000 0.100000
vn 0.000000 0.000000 0.100000
vn 0.000000 0.000000 0.100000
vn -0.096225 -0.025783 0.008716
vn -0.096225 -0.025783 0.008716
vn -0.099619 -0.000000 0.008716
vn -0.099619 -0.000000 0.008716
vn -0.096225 0.025783 0.008716
vn -0.096225 0.025783 0.008716
vn -0.086273 0.049810 0.008716
vn -0.086273 0.049810 0.008716
vn -0.070442 0.070442 0.008716
vn -0.070442 0.070442 0.008716
vn -0.049810 0.086273 0.008716
vn -0.049810 0.086273 0.008716
vn -0.025783 0.096225 0.008716
vn -0.025783 0.096225 0.008716
vn 0.000000 0.099619 0.008716
vn 0.000000 0.099619 0.008716
vn 0.025783 0.096225 0.008716
vn 0.025783 0.096225 0.008716
vn 0.049810 0.086273 0.008716
vn 0.049810 0.086273 0.008716
vn 0.070442 0.070442 0.008716
vn 0.070442 0.070442 0.008716
vn 0.086273 0.049810 0.008716
vn 0.086273 0.049810 0.008716
vn 0.096225 0.025783 0.008716
vn 0.096225 0.025783 0.008716
vn 0.099619 -0.000000 0.008716
vn 0.099619 -0.000000 0.008716
vn 0.096225 -0.025783 0.008716
vn 0.096225 -0.025783 0.008716
vn 0.086273 -0.049810 0.008716
vn 0.086273 -0.049810 0.008716
vn 0.070442 -0.070442 0.008716
vn 0.070442 -0.070442 0.008716
vn 0.049810 -0.086273 0.008716
vn 0.049810 -0.086273 0.008716
vn 0.025783 -0.096225 0.008716
vn 0.025783 -0.096225 0.008716
vn 0.000000 -0.099619 0.008716
vn 0.000000 -0.099619 0.008716
vn -0.025783 -0.096225 0.008716
vn -0.025783 -0.096225 0.008716
vn -0.049810 -0.086273 0.008716
vn -0.049810 -0.086273 0.008716
vn -0.070442 -0.070442 0.008716
vn -0.070442 -0.070442 0.008716
vn -0.086273 -0.049810 0.008716
vn -0.086273 -0.049810 0.008716
vn -0.096593 -0.025882 0.000000
vn -0.096593 -0.025882 0.000000
vn -0.100000 -0.000000 0.000000
vn -0.100000 -0.000000 0.000000
vn -0.096593 0.025882 -0.000000
vn -0.096593 0.025882 -0.000000
vn -0.086603 0.050000 -0.000000
vn -0.086603 0.050000 -0.000000
vn -0.070711 0.070711 -0.000000
vn -0.070711 0.070711 -0.000000
vn -0.050000 0.086603 -0.000000
vn -0.050000 0.086603 -0.000000
vn -0.025882 0.096593 -0.000000
vn -0.025882 0.096593 -0.000000
vn 0.000000 0.100000 0.000000
vn 0.000000 0.100000 0.000000
vn 0.025882 0.096593 0.000000
vn 0.025882 0.096593 0.000000
vn 0.050000 0.086603 0.000000
vn 0.050000 0.086603 0.000000
vn 0.070711 0.070711 0.000000
vn 0.070711 0.070711 0.000000
vn 0.086603 0.050000 0.000000
vn 0.086603 0.050000 0.000000
vn 0.096593 0.025882 0.000000
vn 0.096593 0.025882 0.000000
vn 0.100000 0.000000 0.000000
vn 0.100000 0.000000 0.000000
vn 0.096593 -0.025882 0.000000
vn 0.096593 -0.025882 0.000000
vn 0.086603 -0.050000 0.000000
vn 0.086603 -0.050000 0.000000
vn 0.070711 -0.070711 0.000000
vn 0.070711 -0.070711 0.000000
vn 0.050000 -0.086603 0.000000
vn 0.050000 -0.086603 0.000000
vn 0.025882 -0.096593 0.000000
vn 0.025882 -0.096593 0.000000
vn 0.000000 -0.100000 0.000000
vn 0.000000 -0.100000 0.000000
vn -0.025882 -0.096593 0.000000
vn -0.025882 -0.096593 0.000000
vn -0.050000 -0.086603 0.000000
vn -0.050000 -0.086603 0.000000
vn -0.070711 -0.070711 0.000000
vn -0.070711 -0.070711 0.000000
vn -0.086603 -0.050000 0.000000
vn -0.086603 -0.050000 0.000000
vn 0.000000 0.000000 0.100000
vn 0.000000 0.000000 0.100000
vn 0.000000 0.000000 0.100000
vn 0.000000 0.000000 0.100000
vn 0.000000 0.000000 0.100000
vn 0.000000 0.000000 0.100000
vn 0.000000 0.000000 0.100000
vn 0.000000 0.000000 0.100000
vn 0.000000 0.000000 0.100000
vn 0.000000 0.000000 0.100000
vn 0.000000 0.000000 0.100000
vn 0.000000 0.000000 0.100000
vn 0.000000 0.000000 0.100000
vn 0.000000 0.000000 0.100000
vn 0.000000 0.000000 0.100000
vn 0.000000 0.000000 0.100000
vn 0.000000 0.000000 0.100000
vn 0.000000 0.000000 0.100000
vn 0.000000 0.000000 0.100000
vn 0.000000 0.000000 0.100000
vn 0.000000 0.000000 0.100000
vn 0.000000 0.000000 0.100000
vn 0.000000 0.000000 0.100000
vn 0.000000 0.000000 0.100000
vn 0.098193 -0.018925 0.000000
vn 0.098193 -0.018925 0.000000
vn 0.100000 -0.000000 0.000000
vn 0.100000 -0.000000 0.000000
vn 0.098193 0.018925 0.000000
vn 0.098193 0.018925 0.000000
vn 0.092837 0.037166 0.000000
vn 0.092837 0.037166 0.000000
vn 0.084125 0.054064 0.000000
vn 0.084125 0.054064 0.000000
vn 0.072373 0.069008 0.000000
vn 0.072373 0.069008 0.000000
vn 0.058006 0.081458 0.000000
vn 0.058006 0.081458 0.000000
vn 0.041542 0.090963 0.000000
vn 0.041542 0.090963 0.000000
vn 0.023576 0.097181 0.000000
vn 0.023576 0.097181 0.000000
vn 0.004758 0.099887 0.000000
vn 0.004758 0.099887 0.000000
vn -0.014231 0.098982 0.000000
vn -0.014231 0.098982 0.000000
vn -0.032707 0.094500 0.000000
vn -0.032707 0.094500 0.000000
vn -0.050000 0.086603 0.000000
vn -0.050000 0.086603 0.000000
vn -0.065486 0.075575 0.000000
vn -0.065486 0.075575 0.000000
vn -0.078605 0.061816 0.000000
vn -0.078605 0.061816 0.000000
vn -0.088884 0.045823 0.000000
vn -0.088884 0.045823 0.000000
vn -0.095949 0.028173 0.000000
vn -0.095949 0.028173 0.000000
vn -0.099547 0.009506 0.000000
vn -0.099547 0.009506 0.000000
vn -0.099547 -0.009506 0.000000
vn -0.099547 -0.009506 0.000000
vn -0.095949 -0.028173 0.000000
vn -0.095949 -0.028173 0.000000
vn -0.088884 -0.045823 0.000000
vn -0.088884 -0.045823 0.000000
vn -0.078605 -0.061816 0.000000
vn -0.078605 -0.061816 0.000000
vn -0.065486 -0.075575 0.000000
vn -0.065486 -0.075575 0.000000
vn -0.050000 -0.086603 0.000000
vn -0.050000 -0.086603 0.000000
vn -0.032707 -0.094500 0.000000
vn -0.032707 -0.094500 0.000000
vn -0.014231 -0.098982 0.000000
vn -0.014231 -0.098982 0.000000
vn 0.004758 -0.099887 0.000000
vn 0.004758 -0.099887 0.000000
vn 0.023576 -0.097181 0.000000
vn 0.023576 -0.097181 0.000000
vn 0.041542 -0.090963 0.000000
vn 0.041542 -0.090963 0.000000
vn 0.058006 -0.081458 0.000000
vn 0.058006 -0.081458 0.000000
vn 0.072373 -0.069008 0.000000
vn 0.072373 -0.069008 0.000000
vn 0.084125 -0.054064 0.000000
vn 0.084125 -0.054064 0.000000
vn 0.092837 -0.037166 0.000000
vn 0.092837 -0.037166 0.000000
vn 0.098193 -0.018925 0.000000
vn 0.098193 -0.018925 0.000000
vn 0.100000 -0.000000 0.000000
vn 0.100000 -0.000000 0.000000
vn 0.098193 0.018925 0.000000
vn 0.098193 0.018925 0.000000
vn 0.092837 0.037166 0.000000
vn 0.092837 0.037166 0.000000
vn 0.084125 0.054064 0.000000
vn 0.084125 0.054064 0.000000
vn 0.072373 0.069008 0.000000
vn 0.072373 0.069008 0.000000
vn 0.058006 0.081458 0.000000
vn 0.058006 0.081458 0.000000
vn 0.041542 0.090963 0.000000
vn 0.041542 0.090963 0.000000
vn 0.023576 0.097181 0.000000
vn 0.023576 0.097181 0.000000
vn 0.004758 0.099887 0.000000
vn 0.004758 0.099887 0.000000
vn -0.014231 0.098982 0.000000
vn -0.014231 0.098982 0.000000
vn -0.032707 0.094500 0.000000
vn -0.032707 0.094500 0.000000
vn -0.050000 0.086603 0.000000
vn -0.050000 0.086603 0.000000
vn -0.065486 0.075575 0.000000
vn -0.065486 0.075575 0.000000
vn -0.078605 0.061816 0.000000
vn -0.078605 0.061816 0.000000
vn -0.088884 0.045823 0.000000
vn -0.088884 0.045823 0.000000
vn -0.095949 0.028173 0.000000
vn -0.095949 0.028173 0.000000
vn -0.099547 0.009506 0.000000
vn -0.099547 0.009506 0.000000
vn -0.099547 -0.009506 0.000000
vn -0.099547 -0.009506 0.000000
vn -0.095949 -0.028173 0.000000
vn -0.095949 -0.028173 0.000000
vn -0.088884 -0.045823 0.000000
vn -0.088884 -0.045823 0.000000
vn -0.078605 -0.061816 0.000000
vn -0.078605 -0.061816 0.000000
vn -0.065486 -0.075575 0.000000
vn -0.065486 -0.075575 0.000000
vn -0.050000 -0.086603 0.000000
vn -0.050000 -0.086603 0.000000
vn -0.032707 -0.094500 0.000000
vn -0.032707 -0.094500 0.000000
vn -0.014231 -0.098982 0.000000
vn -0.014231 -0.098982 0.000000
vn 0.004758 -0.099887 0.000000
vn 0.004758 -0.099887 0.000000
vn 0.023576 -0.097181 0.000000
vn 0.023576 -0.097181 0.000000
vn 0.041542 -0.090963 0.000000
vn 0.041542 -0.090963 0.000000
vn 0.058006 -0.081458 0.000000
vn 0.058006 -0.081458 0.000000
vn 0.072373 -0.069008 0.000000
vn 0.072373 -0.069008 0.000000
vn 0.084125 -0.054064 0.000000
vn 0.084125 -0.054064 0.000000
vn 0.092837 -0.037166 0.000000
vn 0.092837 -0.037166 0.000000
vn 0.098193 -0.018925 0.000000
vn 0.098193 -0.018925 0.000000
vn 0.100000 -0.000000 0.000000
vn 0.100000 -0.000000 0.000000
vn 0.098193 0.018925 0.000000
vn 0.098193 0.018925 0.000000
vn 0.092837 0.037166 0.000000
vn 0.092837 0.037166 0.000000
vn 0.084125 0.054064 0.000000
vn 0.084125 0.054064 0.000000
vn 0.072373 0.069008 0.000000
vn 0.072373 0.069008 0.000000
vn 0.058006 0.081458 0.000000
vn 0.058006 0.081458 0.000000
vn 0.041542 0.090963 0.000000
vn 0.041542 0.090963 0.000000
vn 0.023576 0.097181 0.000000
vn 0.023576 0.097181 0.000000
vn 0.004758 0.099887 0.000000
vn 0.004758 0.099887 0.000000
vn -0.014231 0.098982 0.000000
vn -0.014231 0.098982 0.000000
vn -0.032707 0.094500 0.000000
vn -0.032707 0.094500 0.000000
vn -0.050000 0.086603 0.000000
vn -0.050000 0.086603 0.000000
vn -0.065486 0.075575 0.000000
vn -0.065486 0.075575 0.000000
vn -0.078605 0.061816 0.000000
vn -0.078605 0.061816 0.000000
vn -0.088884 0.045823 0.000000
vn -0.088884 0.045823 0.000000
vn -0.095949 0.028173 0.000000
vn -0.095949 0.028173 0.000000
vn -0.099547 0.009506 0.000000
vn -0.099547 0.009506 0.000000
vn -0.099547 -0.009506 0.000000
vn -0.099547 -0.009506 0.000000
vn -0.095949 -0.028173 0.000000
vn -0.095949 -0.028173 0.000000
vn -0.088884 -0.045823 0.000000
vn -0.088884 -0.045823 0.000000
vn -0.078605 -0.061816 0.000000
vn -0.078605 -0.061816 0.000000
vn -0.065486 -0.075575 0.000000
vn -0.065486 -0.075575 0.000000
vn -0.050000 -0.086603 0.000000
vn -0.050000 -0.086603 0.000000
vn -0.032707 -0.094500 0.000000
vn -0.032707 -0.094500 0.000000
vn -0.014231 -0.098982 0.000000
vn -0.014231 -0.098982 0.000000
vn 0.004758 -0.099887 0.000000
vn 0.004758 -0.099887 0.000000
vn 0.023576 -0.097181 0.000000
vn 0.023576 -0.097181 0.000000
vn 0.041542 -0.090963 0.000000
vn 0.041542 -0.090963 0.000000
vn 0.058006 -0.081458 0.000000
vn 0.058006 -0.081458 0.000000
vn 0.072373 -0.069008 0.000000
vn 0.072373 -0.069008 0.000000
vn 0.084125 -0.054064 0.000000
vn 0.084125 -0.054064 0.000000
vn 0.092837 -0.037166 0.000000
vn 0.092837 -0.037166 0.000000
vn 0.098193 -0.018925 0.000000
vn 0.098193 -0.018925 0.000000
vn 0.100000 -0.000000 0.000000
vn 0.100000 -0.000000 0.000000
vn 0.098193 0.018925 0.000000
vn 0.098193 0.018925 0.000000
vn 0.092837 0.037166 0.000000
vn 0.092837 0.037166 0.000000
vn 0.084125 0.054064 0.000000
vn 0.084125 0.054064 0.000000
vn 0.072373 0.069008 0.000000
vn 0.072373 0.069008 0.000000
vn 0.058006 0.081458 0.000000
vn 0.058006 0.081458 0.000000
vn 0.041542 0.090963 0.000000
vn 0.041542 0.090963 0.000000
vn 0.023576 0.097181 0.000000
vn 0.023576 0.097181 0.000000
vn 0.004758 0.099887 0.000000
vn 0.004758 0.099887 0.000000
vn -0.014231 0.098982 0.000000
vn -0.014231 0.098982 0.000000
vn -0.032707 0.094500 0.000000
vn -0.032707 0.094500 0.000000
vn -0.050000 0.086603 0.000000
vn -0.050000 0.086603 0.000000
vn -0.065486 0.075575 0.000000
vn -0.065486 0.075575 0.000000
vn -0.078605 0.061816 0.000000
vn -0.078605 0.061816 0.000000
vn -0.088884 0.045823 0.000000
vn -0.088884 0.045823 0.000000
vn -0.095949 0.028173 0.000000
vn -0.095949 0.028173 0.000000
vn -0.099547 0.009506 0.000000
vn -0.099547 0.009506 0.000000
vn -0.099547 -0.009506 0.000000
vn -0.099547 -0.009506 0.000000
vn -0.095949 -0.028173 0.000000
vn -0.095949 -0.028173 0.000000
vn -0.088884 -0.045823 0.000000
vn -0.088884 -0.045823 0.000000
vn -0.078605 -0.061816 0.000000
vn -0.078605 -0.061816 0.000000
vn -0.065486 -0.075575 0.000000
vn -0.065486 -0.075575 0.000000
vn -0.050000 -0.086603 0.000000
vn -0.050000 -0.086603 0.000000
vn -0.032707 -0.094500 0.000000
vn -0.032707 -0.094500 0.000000
vn -0.014231 -0.098982 0.000000
vn -0.014231 -0.098982 0.000000
vn 0.004758 -0.099887 0.000000
vn 0.004758 -0.099887 0.000000
vn 0.023576 -0.097181 0.000000
vn 0.023576 -0.097181 0.000000
vn 0.041542 -0.090963 0.000000
vn 0.041542 -0.090963 0.000000
vn 0.058006 -0.081458 0.000000
vn 0.058006 -0.081458 0.000000
vn 0.072373 -0.069008 0.000000
vn 0.072373 -0.069008 0.000000
vn 0.084125 -0.054064 0.000000
vn 0.084125 -0.054064 0.000000
vn 0.092837 -0.037166 0.000000
vn 0.092837 -0.037166 0.000000
vn 0.098193 -0.018925 0.000000
vn 0.098193 -0.018925 0.000000
vn 0.100000 -0.000000 0.000000
vn 0.100000 -0.000000 0.000000
vn 0.098193 0.018925 0.000000
vn 0.098193 0.018925 0.000000
vn 0.092837 0.037166 0.000000
vn 0.092837 0.037166 0.000000
vn 0.084125 0.054064 0.000000
vn 0.084125 0.054064 0.000000
vn 0.072373 0.069008 0.000000
vn 0.072373 0.069008 0.000000
vn 0.058006 0.081458 0.000000
vn 0.058006 0.081458 0.000000
vn 0.041542 0.090963 0.000000
vn 0.041542 0.090963 0.000000
vn 0.023576 0.097181 0.000000
vn 0.023576 0.097181 0.000000
vn 0.004758 0.099887 0.000000
vn 0.004758 0.099887 0.000000
vn -0.014231 0.098982 0.000000
vn -0.014231 0.098982 0.000000
vn -0.032707 0.094500 0.000000
vn -0.032707 0.094500 0.000000
vn -0.050000 0.086603 0.000000
vn -0.050000 0.086603 0.000000
vn -0.065486 0.075575 0.000000
vn -0.065486 0.075575 0.000000
vn -0.078605 0.061816 0.000000
vn -0.078605 0.061816 0.000000
vn -0.088884 0.045823 0.000000
vn -0.088884 0.045823 0.000000
vn -0.095949 0.028173 0.000000
vn -0.095949 0.028173 0.000000
vn -0.099547 0.009506 0.000000
vn -0.099547 0.009506 0.000000
vn -0.099547 -0.009506 0.000000
vn -0.099547 -0.009506 0.000000
vn -0.095949 -0.028173 0.000000
vn -0.095949 -0.028173 0.000000
vn -0.088884 -0.045823 0.000000
vn -0.088884 -0.045823 0.000000
vn -0.078605 -0.061816 0.000000
vn -0.078605 -0.061816 0.000000
vn -0.065486 -0.075575 0.000000
vn -0.065486 -0.075575 0.000000
vn -0.050000 -0.086603 0.000000
vn -0.050000 -0.086603 0.000000
vn -0.032707 -0.094500 0.000000
vn -0.032707 -0.094500 0.000000
vn -0.014231 -0.098982 0.000000
vn -0.014231 -0.098982 0.000000
vn 0.004758 -0.099887 0.000000
vn 0.004758 -0.099887 0.000000
vn 0.023576 -0.097181 0.000000
vn 0.023576 -0.097181 0.000000
vn 0.041542 -0.090963 0.000000
vn 0.041542 -0.090963 0.000000
vn 0.058006 -0.081458 0.000000
vn 0.058006 -0.081458 0.000000
vn 0.072373 -0.069008 0.000000
vn 0.072373 -0.069008 0.000000
vn 0.084125 -0.054064 0.000000
vn 0.084125 -0.054064 0.000000
vn 0.092837 -0.037166 0.000000
vn 0.092837 -0.037166 0.000000
vn 0.098193 -0.018925 0.000000
vn 0.098193 -0.018925 0.000000
vn 0.100000 -0.000000 0.000000
vn 0.100000 -0.000000 0.000000
vn 0.098193 0.018925 0.000000
vn 0.098193 0.018925 0.000000
vn 0.092837 0.037166 0.000000
vn 0.092837 0.037166 0.000000
vn 0.084125 0.054064 0.000000
vn 0.084125 0.054064 0.000000
vn 0.072373 0.069008 0.000000
vn 0.072373 0.069008 0.000000
vn 0.058006 0.081458 0.000000
vn 0.058006 0.081458 0.000000
vn 0.041542 0.090963 0.000000
vn 0.041542 0.090963 0.000000
vn 0.023576 0.097181 0.000000
vn 0.023576 0.097181 0.000000
vn 0.004758 0.099887 0.000000
vn 0.004758 0.099887 0.000000
vn -0.014231 0.098982 0.000000
vn -0.014231 0.098982 0.000000
vn -0.032707 0.094500 0.000000
vn -0.032707 0.094500 0.000000
vn -0.050000 0.086603 0.000000
vn -0.050000 0.086603 0.000000
vn -0.065486 0.075575 0.000000
vn -0.065486 0.075575 0.000000
vn -0.078605 0.061816 0.000000
vn -0.078605 0.061816 0.000000
vn -0.088884 0.045823 0.000000
vn -0.088884 0.045823 0.000000
vn -0.095949 0.028173 0.000000
vn -0.095949 0.028173 0.000000
vn -0.099547 0.009506 0.000000
vn -0.099547 0.009506 0.000000
vn -0.099547 -0.009506 0.000000
vn -0.099547 -0.009506 0.000000
vn -0.095949 -0.028173 0.000000
vn -0.095949 -0.028173 0.000000
vn -0.088884 -0.045823 0.000000
vn -0.088884 -0.045823 0.000000
vn -0.078605 -0.061816 0.000000
vn -0.078605 -0.061816 0.000000
vn -0.065486 -0.075575 0.000000
vn -0.065486 -0.075575 0.000000
vn -0.050000 -0.086603 0.000000
vn -0.050000 -0.086603 0.000000
vn -0.032707 -0.094500 0.000000
vn -0.032707 -0.094500 0.000000
vn -0.014231 -0.098982 0.000000
vn -0.014231 -0.098982 0.000000
vn 0.004758 -0.099887 0.000000
vn 0.004758 -0.099887 0.000000
vn 0.023576 -0.097181 0.000000
vn 0.023576 -0.097181 0.000000
vn 0.041542 -0.090963 0.000000
vn 0.041542 -0.090963 0.000000
vn 0.058006 -0.081458 0.000000
vn 0.058006 -0.081458 0.000000
vn 0.072373 -0.069008 0.000000
vn 0.072373 -0.069008 0.000000
vn 0.084125 -0.054064 0.000000
vn 0.084125 -0.054064 0.000000
vn 0.092837 -0.037166 0.000000
vn 0.092837 -0.037166 0.000000
vn 0.098193 -0.018925 0.000000
vn 0.098193 -0.018925 0.000000
vn 0.100000 -0.000000 0.000000
vn 0.100000 -0.000000 0.000000
vn 0.098193 0.018925 0.000000
vn 0.098193 0.018925 0.000000
vn 0.092837 0.037166 0.000000
vn 0.092837 0.037166 0.000000
vn 0.084125 0.054064 0.000000
vn 0.084125 0.054064 0.000000
vn 0.072373 0.069008 0.000000
vn 0.072373 0.069008 0.000000
vn 0.058006 0.081458 0.000000
vn 0.058006 0.081458 0.000000
vn 0.041542 0.090963 0.000000
vn 0.041542 0.090963 0.000000
vn 0.023576 0.097181 0.000000
vn 0.023576 0.097181 0.000000
vn 0.004758 0.099887 0.000000
vn 0.004758 0.099887 0.000000
vn -0.014231 0.098982 0.000000
vn -0.014231 0.098982 0.000000
vn -0.032707 0.094500 0.000000
vn -0.032707 0.094500 0.000000
vn -0.050000 0.086603 0.000000
vn -0.050000 0.086603 0.000000
vn -0.065486 0.075575 0.000000
vn -0.065486 0.075575 0.000000
vn -0.078605 0.061816 0.000000
vn -0.078605 0.061816 0.000000
vn -0.088884 0.045823 0.000000
vn -0.088884 0.045823 0.000000
vn -0.095949 0.028173 0.000000
vn -0.095949 0.028173 0.000000
vn -0.099547 0.009506 0.000000
vn -0.099547 0.009506 0.000000
vn -0.099547 -0.009506 0.000000
vn -0.099547 -0.009506 0.000000
vn -0.095949 -0.028173 0.000000
vn -0.095949 -0.028173 0.000000
vn -0.088884 -0.045823 0.000000
vn -0.088884 -0.045823 0.000000
vn -0.078605 -0.061816 0.000000
vn -0.078605 -0.061816 0.000000
vn -0.065486 -0.075575 0.000000
vn -0.065486 -0.075575 0.000000
vn -0.050000 -0.086603 0.000000
vn -0.050000 -0.086603 0.000000
vn -0.032707 -0.094500 0.000000
vn -0.032707 -0.094500 0.000000
vn -0.014231 -0.098982 0.000000
vn -0.014231 -0.098982 0.000000
vn 0.004758 -0.099887 0.000000
vn 0.004758 -0.099887 0.000000
vn 0.023576 -0.097181 0.000000
vn 0.023576 -0.097181 0.000000
vn 0.041542 -0.090963 0.000000
vn 0.041542 -0.090963 0.000000
vn 0.058006 -0.081458 0.000000
vn 0.058006 -0.081458 0.000000
vn 0.072373 -0.069008 0.000000
vn 0.072373 -0.069008 0.000000
vn 0.084125 -0.054064 0.000000
vn 0.084125 -0.054064 0.000000
vn 0.092837 -0.037166 0.000000
vn 0.092837 -0.037166 0.000000
vn 0.098193 -0.018925 0.000000
vn 0.098193 -0.018925 0.000000
vn 0.100000 -0.000000 0.000000
vn 0.100000 -0.000000 0.000000
vn 0.098193 0.018925 0.000000
vn 0.098193 0.018925 0.000000
vn 0.092837 0.037166 0.000000
vn 0.092837 0.037166 0.000000
vn 0.084125 0.054064 0.000000
vn 0.084125 0.054064 0.000000
vn 0.072373 0.069008 0.000000
vn 0.072373 0.069008 0.000000
vn 0.058006 0.081458 0.000000
vn 0.058006 0.081458 0.000000
vn 0.041542 0.090963 0.000000
vn 0.041542 0.090963 0.000000
vn 0.023576 0.097181 0.000000
vn 0.023576 0.097181 0.000000
vn 0.004758 0.099887 0.000000
vn 0.004758 0.099887 0.000000
vn -0.014231 0.098982 0.000000
vn -0.014231 0.098982 0.000000
vn -0.032707 0.094500 0.000000
vn -0.032707 0.094500 0.000000
vn -0.050000 0.086603 0.000000
vn -0.050000 0.086603 0.000000
vn -0.065486 0.075575 0.000000
vn -0.065486 0.075575 0.000000
vn -0.078605 0.061816 0.000000
vn -0.078605 0.061816 0.000000
vn -0.088884 0.045823 0.000000
vn -0.088884 0.045823 0.000000
vn -0.095949 0.028173 0.000000
vn -0.095949 0.028173 0.000000
vn -0.099547 0.009506 0.000000
vn -0.099547 0.009506 0.000000
vn -0.099547 -0.009506 0.000000
vn -0.099547 -0.009506 0.000000
vn -0.095949 -0.028173 0.000000
vn -0.095949 -0.028173 0.000000
vn -0.088884 -0.045823 0.000000
vn -0.088884 -0.045823 0.000000
vn -0.078605 -0.061816 0.000000
vn -0.078605 -0.061816 0.000000
vn -0.065486 -0.075575 0.000000
vn -0.065486 -0.075575 0.000000
vn -0.050000 -0.086603 0.000000
vn -0.050000 -0.086603 0.000000
vn -0.032707 -0.094500 0.000000
vn -0.032707 -0.094500 0.000000
vn -0.014231 -0.098982 0.000000
vn -0.014231 -0.098982 0.000000
vn 0.004758 -0.099887 0.000000
vn 0.004758 -0.099887 0.000000
vn 0.023576 -0.097181 0.000000
vn 0.023576 -0.097181 0.000000
vn 0.041542 -0.090963 0.000000
vn 0.041542 -0.090963 0.000000
vn 0.058006 -0.081458 0.000000
vn 0.058006 -0.081458 0.000000
vn 0.072373 -0.069008 0.000000
vn 0.072373 -0.069008 0.000000
vn 0.084125 -0.054064 0.000000
vn 0.084125 -0.054064 0.000000
vn 0.092837 -0.037166 0.000000
vn 0.092837 -0.037166 0.000000
vn 0.098193 -0.018925 0.000000
vn 0.098193 -0.018925 0.000000
vn 0.100000 -0.000000 0.000000
vn 0.100000 -0.000000 0.000000
vn 0.098193 0.018925 0.000000
vn 0.098193 0.018925 0.000000
vn 0.092837 0.037166 0.000000
vn 0.092837 0.037166 0.000000
vn 0.084125 0.054064 0.000000
vn 0.084125 0.054064 0.000000
vn 0.072373 0.069008 0.000000
vn 0.072373 0.069008 0.000000
vn 0.058006 0.081458 0.000000
vn 0.058006 0.081458 0.000000
vn 0.041542 0.090963 0.000000
vn 0.041542 0.090963 0.000000
vn 0.023576 0.097181 0.000000
vn 0.023576 0.097181 0.000000
vn 0.004758 0.099887 0.000000
vn 0.004758 0.099887 0.000000
vn -0.014231 0.098982 0.000000
vn -0.014231 0.098982 0.000000
vn -0.032707 0.094500 0.000000
vn -0.032707 0.094500 0.000000
vn -0.050000 0.086603 0.000000
vn -0.050000 0.086603 0.000000
vn -0.065486 0.075575 0.000000
vn -0.065486 0.075575 0.000000
vn -0.078605 0.061816 0.000000
vn -0.078605 0.061816 0.000000
vn -0.088884 0.045823 0.000000
vn -0.088884 0.045823 0.000000
vn -0.095949 0.028173 0.000000
vn -0.095949 0.028173 0.000000
vn -0.099547 0.009506 0.000000
vn -0.099547 0.009506 0.000000
vn -0.099547 -0.009506 0.000000
vn -0.099547 -0.009506 0.000000
vn -0.095949 -0.028173 0.000000
vn -0.095949 -0.028173 0.000000
vn -0.088884 -0.045823 0.000000
vn -0.088884 -0.045823 0.000000
vn -0.078605 -0.061816 0.000000
vn -0.078605 -0.061816 0.000000
vn -0.065486 -0.075575 0.000000
vn -0.065486 -0.075575 0.000000
vn -0.050000 -0.086603 0.000000
vn -0.050000 -0.086603 0.000000
vn -0.032707 -0.094500 0.000000
vn -0.032707 -0.094500 0.000000
vn -0.014231 -0.098982 0.000000
vn -0.014231 -0.098982 0.000000
vn 0.004758 -0.099887 0.000000
vn 0.004758 -0.099887 0.000000
vn 0.023576 -0.097181 0.000000
vn 0.023576 -0.097181 0.000000
vn 0.041542 -0.090963 0.000000
vn 0.041542 -0.090963 0.000000
vn 0.058006 -0.081458 0.000000
vn 0.058006 -0.081458 0.000000
vn 0.072373 -0.069008 0.000000
vn 0.072373 -0.069008 0.000000
vn 0.084125 -0.054064 0.000000
vn 0.084125 -0.054064 0.000000
vn 0.092837 -0.037166 0.000000
vn 0.092837 -0.037166 0.000000
vn 0.098193 -0.018925 0.000000
vn 0.098193 -0.018925 0.000000
vn 0.100000 -0.000000 0.000000
vn 0.100000 -0.000000 0.000000
vn 0.098193 0.018925 0.000000
vn 0.098193 0.018925 0.000000
vn 0.092837 0.037166 0.000000
vn 0.092837 0.037166 0.000000
vn 0.084125 0.054064 0.000000
vn 0.084125 0.054064 0.000000
vn 0.072373 0.069008 0.000000
vn 0.072373 0.069008 0.000000
vn 0.058006 0.081458 0.000000
vn 0.058006 0.081458 0.000000
vn 0.041542 0.090963 0.000000
vn 0.041542 0.090963 0.000000
vn 0.023576 0.097181 0.000000
vn 0.023576 0.097181 0.000000
vn 0.004758 0.099887 0.000000
vn 0.004758 0.099887 0.000000
vn -0.014231 0.098982 0.000000
vn -0.014231 0.098982 0.000000
vn -0.032707 0.094500 0.000000
vn -0.032707 0.094500 0.000000
vn -0.050000 0.086603 0.000000
vn -0.050000 0.086603 0.000000
vn -0.065486 0.075575 0.000000
vn -0.065486 0.075575 0.000000
vn -0.078605 0.061816 0.000000
vn -0.078605 0.061816 0.000000
vn -0.088884 0.045823 0.000000
vn -0.088884 0.045823 0.000000
vn -0.095949 0.028173 0.000000
vn -0.095949 0.028173 0.000000
vn -0.099547 0.009506 0.000000
vn -0.099547 0.009506 0.000000
vn -0.099547 -0.009506 0.000000
vn -0.099547 -0.009506 0.000000
vn -0.095949 -0.028173 0.000000
vn -0.095949 -0.028173 0.000000
vn -0.088884 -0.045823 0.000000
vn -0.088884 -0.045823 0.000000
vn -0.078605 -0.061816 0.000000
vn -0.078605 -0.061816 0.000000
vn -0.065486 -0.075575 0.000000
vn -0.065486 -0.075575 0.000000
vn -0.050000 -0.086603 0.000000
vn -0.050000 -0.086603 0.000000
vn -0.032707 -0.094500 0.000000
vn -0.032707 -0.094500 0.000000
vn -0.014231 -0.098982 0.000000
vn -0.014231 -0.098982 0.000000
vn 0.004758 -0.099887 0.000000
vn 0.004758 -0.099887 0.000000
vn 0.023576 -0.097181 0.000000
vn 0.023576 -0.097181 0.000000
vn 0.041542 -0.090963 0.000000
vn 0.041542 -0.090963 0.000000
vn 0.058006 -0.081458 0.000000
vn 0.058006 -0.081458 0.000000
vn 0.072373 -0.069008 0.000000
vn 0.072373 -0.069008 0.000000
vn 0.084125 -0.054064 0.000000
vn 0.084125 -0.054064 0.000000
vn 0.092837 -0.037166 0.000000
vn 0.092837 -0.037166 0.000000
vn 0.098193 -0.018925 0.000000
vn 0.098193 -0.018925 0.000000
vn 0.100000 -0.000000 0.000000
vn 0.100000 -0.000000 0.000000
vn 0.098193 0.018925 0.000000
vn 0.098193 0.018925 0.000000
vn 0.092837 0.037166 0.000000
vn 0.092837 0.037166 0.000000
vn 0.084125 0.054064 0.000000
vn 0.084125 0.054064 0.000000
vn 0.072373 0.069008 0.000000
vn 0.072373 0.069008 0.000000
vn 0.058006 0.081458 0.000000
vn 0.058006 0.081458 0.000000
vn 0.041542 0.090963 0.000000
vn 0.041542 0.090963 0.000000
vn 0.023576 0.097181 0.000000
vn 0.023576 0.097181 0.000000
vn 0.004758 0.099887 0.000000
vn 0.004758 0.099887 0.000000
vn -0.014231 0.098982 0.000000
vn -0.014231 0.098982 0.000000
vn -0.032707 0.094500 0.000000
vn -0.032707 0.094500 0.000000
vn -0.050000 0.086603 0.000000
vn -0.050000 0.086603 0.000000
vn -0.065486 0.075575 0.000000
vn -0.065486 0.075575 0.000000
vn -0.078605 0.061816 0.000000
vn -0.078605 0.061816 0.000000
vn -0.088884 0.045823 0.000000
vn -0.088884 0.045823 0.000000
vn -0.095949 0.028173 0.000000
vn -0.095949 0.028173 0.000000
vn -0.099547 0.009506 0.000000
vn -0.099547 0.009506 0.000000
vn -0.099547 -0.009506 0.000000
vn -0.099547 -0.009506 0.000000
vn -0.095949 -0.028173 0.000000
vn -0.095949 -0.028173 0.000000
vn -0.088884 -0.045823 0.000000
vn -0.088884 -0.045823 0.000000
vn -0.078605 -0.061816 0.000000
vn -0.078605 -0.061816 0.000000
vn -0.065486 -0.075575 0.000000
vn -0.065486 -0.075575 0.000000
vn -0.050000 -0.086603 0.000000
vn -0.050000 -0.086603 0.000000
vn -0.032707 -0.094500 0.000000
vn -0.032707 -0.094500 0.000000
vn -0.014231 -0.098982 0.000000
vn -0.014231 -0.098982 0.000000
vn 0.004758 -0.099887 0.000000
vn 0.004758 -0.099887 0.000000
vn 0.023576 -0.097181 0.000000
vn 0.023576 -0.097181 0.000000
vn 0.041542 -0.090963 0.000000
vn 0.041542 -0.090963 0.000000
vn 0.058006 -0.081458 0.000000
vn 0.058006 -0.081458 0.000000
vn 0.072373 -0.069008 0.000000
vn 0.072373 -0.069008 0.000000
vn 0.084125 -0.054064 0.000000
vn 0.084125 -0.054064 0.000000
vn 0.092837 -0.037166 0.000000
vn 0.092837 -0.037166 0.000000
vn 0.098193 -0.018925 0.000000
vn 0.098193 -0.018925 0.000000
vn 0.100000 -0.000000 0.000000
vn 0.100000 -0.000000 0.000000
vn 0.098193 0.018925 0.000000
vn 0.098193 0.018925 0.000000
vn 0.092837 0.037166 0.000000
vn 0.092837 0.037166 0.000000
vn 0.084125 0.054064 0.000000
vn 0.084125 0.054064 0.000000
vn 0.072373 0.069008 0.000000
vn 0.072373 0.069008 0.000000
vn 0.058006 0.081458 0.000000
vn 0.058006 0.081458 0.000000
vn 0.041542 0.090963 0.000000
vn 0.041542 0.090963 0.000000
vn 0.023576 0.097181 0.000000
vn 0.023576 0.097181 0.000000
vn 0.004758 0.099887 0.000000
vn 0.004758 0.099887 0.000000
vn -0.014231 0.098982 0.000000
vn -0.014231 0.098982 0.000000
vn -0.032707 0.094500 0.000000
vn -0.032707 0.094500 0.000000
vn -0.050000 0.086603 0.000000
vn -0.050000 0.086603 0.000000
vn -0.065486 0.075575 0.000000
vn -0.065486 0.075575 0.000000
vn -0.078605 0.061816 0.000000
vn -0.078605 0.061816 0.000000
vn -0.088884 0.045823 0.000000
vn -0.088884 0.045823 0.000000
vn -0.095949 0.028173 0.000000
vn -0.095949 0.028173 0.000000
vn -0.099547 0.009506 0.000000
vn -0.099547 0.009506 0.000000
vn -0.099547 -0.009506 0.000000
vn -0.099547 -0.009506 0.000000
vn -0.095949 -0.028173 0.000000
vn -0.095949 -0.028173 0.000000
vn -0.088884 -0.045823 0.000000
vn -0.088884 -0.045823 0.000000
vn -0.078605 -0.061816 0.000000
vn -0.078605 -0.061816 0.000000
vn -0.065486 -0.075575 0.000000
vn -0.065486 -0.075575 0.000000
vn -0.050000 -0.086603 0.000000
vn -0.050000 -0.086603 0.000000
vn -0.032707 -0.094500 0.000000
vn -0.032707 -0.094500 0.000000
vn -0.014231 -0.098982 0.000000
vn -0.014231 -0.098982 0.000000
vn 0.004758 -0.099887 0.000000
vn 0.004758 -0.099887 0.000000
vn 0.023576 -0.097181 0.000000
vn 0.023576 -0.097181 0.000000
vn 0.041542 -0.090963 0.000000
vn 0.041542 -0.090963 0.000000
vn 0.058006 -0.081458 0.000000
vn 0.058006 -0.081458 0.000000
vn 0.072373 -0.069008 0.000000
vn 0.072373 -0.069008 0.000000
vn 0.084125 -0.054064 0.000000
vn 0.084125 -0.054064 0.000000
vn 0.092837 -0.037166 0.000000
vn 0.092837 -0.037166 0.000000
vn 0.098193 -0.018925 0.000000
vn 0.098193 -0.018925 0.000000
vn 0.100000 -0.000000 0.000000
vn 0.100000 -0.000000 0.000000
vn 0.098193 0.018925 0.000000
vn 0.098193 0.018925 0.000000
vn 0.092837 0.037166 0.000000
vn 0.092837 0.037166 0.000000
vn 0.084125 0.054064 0.000000
vn 0.084125 0.054064 0.000000
vn 0.072373 0.069008 0.000000
vn 0.072373 0.069008 0.000000
vn 0.058006 0.081458 0.000000
vn 0.058006 0.081458 0.000000
vn 0.041542 0.090963 0.000000
vn 0.041542 0.090963 0.000000
vn 0.023576 0.097181 0.000000
vn 0.023576 0.097181 0.000000
vn 0.004758 0.099887 0.000000
vn 0.004758 0.099887 0.000000
vn -0.014231 0.098982 0.000000
vn -0.014231 0.098982 0.000000
vn -0.032707 0.094500 0.000000
vn -0.032707 0.094500 0.000000
vn -0.050000 0.086603 0.000000
vn -0.050000 0.086603 0.000000
vn -0.065486 0.075575 0.000000
vn -0.065486 0.075575 0.000000
vn -0.078605 0.061816 0.000000
vn -0.078605 0.061816 0.000000
vn -0.088884 0.045823 0.000000
vn -0.088884 0.045823 0.000000
vn -0.095949 0.028173 0.000000
vn -0.095949 0.028173 0.000000
vn -0.099547 0.009506 0.000000
vn -0.099547 0.009506 0.000000
vn -0.099547 -0.009506 0.000000
vn -0.099547 -0.009506 0.000000
vn -0.095949 -0.028173 0.000000
vn -0.095949 -0.028173 0.000000
vn -0.088884 -0.045823 0.000000
vn -0.088884 -0.045823 0.000000
vn -0.078605 -0.061816 0.000000
vn -0.078605 -0.061816 0.000000
vn -0.065486 -0.075575 0.000000
vn -0.065486 -0.075575 0.000000
vn -0.050000 -0.086603 0.000000
vn -0.050000 -0.086603 0.000000
vn -0.032707 -0.094500 0.000000
vn -0.032707 -0.094500 0.000000
vn -0.014231 -0.098982 0.000000
vn -0.014231 -0.098982 0.000000
vn 0.004758 -0.099887 0.000000
vn 0.004758 -0.099887 0.000000
vn 0.023576 -0.097181 0.000000
vn 0.023576 -0.097181 0.000000
vn 0.041542 -0.090963 0.000000
vn 0.041542 -0.090963 0.000000
vn 0.058006 -0.081458 0.000000
vn 0.058006 -0.081458 0.000000
vn 0.072373 -0.069008 0.000000
vn 0.072373 -0.069008 0.000000
vn 0.084125 -0.054064 0.000000
vn 0.084125 -0.054064 0.000000
vn 0.092837 -0.037166 0.000000
vn 0.092837 -0.037166 0.000000
vn 0.098193 -0.018925 0.000000
vn 0.098193 -0.018925 0.000000
vn 0.100000 -0.000000 0.000000
vn 0.100000 -0.000000 0.000000
vn 0.098193 0.018925 0.000000
vn 0.098193 0.018925 0.000000
vn 0.092837 0.037166 0.000000
vn 0.092837 0.037166 0.000000
vn 0.084125 0.054064 0.000000
vn 0.084125 0.054064 0.000000
vn 0.072373 0.069008 0.000000
vn 0.072373 0.069008 0.000000
vn 0.058006 0.081458 0.000000
vn 0.058006 0.081458 0.000000
vn 0.041542 0.090963 0.000000
vn 0.041542 0.090963 0.000000
vn 0.023576 0.097181 0.000000
vn 0.023576 0.097181 0.000000
vn 0.004758 0.099887 0.000000
vn 0.004758 0.099887 0.000000
vn -0.014231 0.098982 0.000000
vn -0.014231 0.098982 0.000000
vn -0.032707 0.094500 0.000000
vn -0.032707 0.094500 0.000000
vn -0.050000 0.086603 0.000000
vn -0.050000 0.086603 0.000000
vn -0.065486 0.075575 0.000000
vn -0.065486 0.075575 0.000000
vn -0.078605 0.061816 0.000000
vn -0.078605 0.061816 0.000000
vn -0.088884 0.045823 0.000000
vn -0.088884 0.045823 0.000000
vn -0.095949 0.028173 0.000000
vn -0.095949 0.028173 0.000000
vn -0.099547 0.009506 0.000000
vn -0.099547 0.009506 0.000000
vn -0.099547 -0.009506 0.000000
vn -0.099547 -0.009506 0.000000
vn -0.095949 -0.028173 0.000000
vn -0.095949 -0.028173 0.000000
vn -0.088884 -0.045823 0.000000
vn -0.088884 -0.045823 0.000000
vn -0.078605 -0.061816 0.000000
vn -0.078605 -0.061816 0.000000
vn -0.065486 -0.075575 0.000000
vn -0.065486 -0.075575 0.000000
vn -0.050000 -0.086603 0.000000
vn -0.050000 -0.086603 0.000000
vn -0.032707 -0.094500 0.000000
vn -0.032707 -0.094500 0.000000
vn -0.014231 -0.098982 0.000000
vn -0.014231 -0.098982 0.000000
vn 0.004758 -0.099887 0.000000
vn 0.004758 -0.099887 0.000000
vn 0.023576 -0.097181 0.000000
vn 0.023576 -0.097181 0.000000
vn 0.041542 -0.090963 0.000000
vn 0.041542 -0.090963 0.000000
vn 0.058006 -0.081458 0.000000
vn 0.058006 -0.081458 0.000000
vn 0.072373 -0.069008 0.000000
vn 0.072373 -0.069008 0.000000
vn 0.084125 -0.054064 0.000000
vn 0.084125 -0.054064 0.000000
vn 0.092837 -0.037166 0.000000
vn 0.092837 -0.037166 0.000000
vn 0.098193 -0.018925 0.000000
vn 0.098193 -0.018925 0.000000
vn 0.100000 -0.000000 0.000000
vn 0.100000 -0.000000 0.000000
vn 0.098193 0.018925 0.000000
vn 0.098193 0.018925 0.000000
vn 0.092837 0.037166 0.000000
vn 0.092837 0.037166 0.000000
vn 0.084125 0.054064 0.000000
vn 0.084125 0.054064 0.000000
vn 0.072373 0.069008 0.000000
vn 0.072373 0.069008 0.000000
vn 0.058006 0.081458 0.000000
vn 0.058006 0.081458 0.000000
vn 0.041542 0.090963 0.000000
vn 0.041542 0.090963 0.000000
vn 0.023576 0.097181 0.000000
vn 0.023576 0.097181 0.000000
vn 0.004758 0.099887 0.000000
vn 0.004758 0.099887 0.000000
vn -0.014231 0.098982 0.000000
vn -0.014231 0.098982 0.000000
vn -0.032707 0.094500 0.000000
vn -0.032707 0.094500 0.000000
vn -0.050000 0.086603 0.000000
vn -0.050000 0.086603 0.000000
vn -0.065486 0.075575 0.000000
vn -0.065486 0.075575 0.000000
vn -0.078605 0.061816 0.000000
vn -0.078605 0.061816 0.000000
vn -0.088884 0.045823 0.000000
vn -0.088884 0.045823 0.000000
vn -0.095949 0.028173 0.000000
vn -0.095949 0.028173 0.000000
vn -0.099547 0.009506 0.000000
vn -0.099547 0.009506 0.000000
vn -0.099547 -0.009506 0.000000
vn -0.099547 -0.009506 0.000000
vn -0.095949 -0.028173 0.000000
vn -0.095949 -0.028173 0.000000
vn -0.088884 -0.045823 0.000000
vn -0.088884 -0.045823 0.000000
vn -0.078605 -0.061816 0.000000
vn -0.078605 -0.061816 0.000000
vn -0.065486 -0.075575 0.000000
vn -0.065486 -0.075575 0.000000
vn -0.050000 -0.086603 0.000000
vn -0.050000 -0.086603 0.000000
vn -0.032707 -0.094500 0.000000
vn -0.032707 -0.094500 0.000000
vn -0.014231 -0.098982 0.000000
vn -0.014231 -0.098982 0.000000
vn 0.004758 -0.099887 0.000000
vn 0.004758 -0.099887 0.000000
vn 0.023576 -0.097181 0.000000
vn 0.023576 -0.097181 0.000000
vn 0.041542 -0.090963 0.000000
vn 0.041542 -0.090963 0.000000
vn 0.058006 -0.081458 0.000000
vn 0.058006 -0.081458 0.000000
vn 0.072373 -0.069008 0.000000
vn 0.072373 -0.069008 0.000000
vn 0.084125 -0.054064 0.000000
vn 0.084125 -0.054064 0.000000
vn 0.092837 -0.037166 0.000000
vn 0.092837 -0.037166 0.000000
vn 0.098193 -0.018925 0.000000
vn 0.098193 -0.018925 0.000000
vn 0.100000 -0.000000 0.000000
vn 0.100000 -0.000000 0.000000
vn 0.098193 0.018925 0.000000
vn 0.098193 0.018925 0.000000
vn 0.092837 0.037166 0.000000
vn 0.092837 0.037166 0.000000
vn 0.084125 0.054064 0.000000
vn 0.084125 0.054064 0.000000
vn 0.072373 0.069008 0.000000
vn 0.072373 0.069008 0.000000
vn 0.058006 0.081458 0.000000
vn 0.058006 0.081458 0.000000
vn 0.041542 0.090963 0.000000
vn 0.041542 0.090963 0.000000
vn 0.023576 0.097181 0.000000
vn 0.023576 0.097181 0.000000
vn 0.004758 0.099887 0.000000
vn 0.004758 0.099887 0.000000
vn -0.014231 0.098982 0.000000
vn -0.014231 0.098982 0.000000
vn -0.032707 0.094500 0.000000
vn -0.032707 0.094500 0.000000
vn -0.050000 0.086603 0.000000
vn -0.050000 0.086603 0.000000
vn -0.065486 0.075575 0.000000
vn -0.065486 0.075575 0.000000
vn -0.078605 0.061816 0.000000
vn -0.078605 0.061816 0.000000
vn -0.088884 0.045823 0.000000
vn -0.088884 0.045823 0.000000
vn -0.095949 0.028173 0.000000
vn -0.095949 0.028173 0.000000
vn -0.099547 0.009506 0.000000
vn -0.099547 0.009506 0.000000
vn -0.099547 -0.009506 0.000000
vn -0.099547 -0.009506 0.000000
vn -0.095949 -0.028173 0.000000
vn -0.095949 -0.028173 0.000000
vn -0.088884 -0.045823 0.000000
vn -0.088884 -0.045823 0.000000
vn -0.078605 -0.061816 0.000000
vn -0.078605 -0.061816 0.000000
vn -0.065486 -0.075575 0.000000
vn -0.065486 -0.075575 0.000000
vn -0.050000 -0.086603 0.000000
vn -0.050000 -0.086603 0.000000
vn -0.032707 -0.094500 0.000000
vn -0.032707 -0.094500 0.000000
vn -0.014231 -0.098982 0.000000
vn -0.014231 -0.098982 0.000000
vn 0.004758 -0.099887 0.000000
vn 0.004758 -0.099887 0.000000
vn 0.023576 -0.097181 0.000000
vn 0.023576 -0.097181 0.000000
vn 0.041542 -0.090963 0.000000
vn 0.041542 -0.090963 0.000000
vn 0.058006 -0.081458 0.000000
vn 0.058006 -0.081458 0.000000
vn 0.072373 -0.069008 0.000000
vn 0.072373 -0.069008 0.000000
vn 0.084125 -0.054064 0.000000
vn 0.084125 -0.054064 0.000000
vn 0.092837 -0.037166 0.000000
vn 0.092837 -0.037166 0.000000
vn 0.098193 -0.018925 0.000000
vn 0.098193 -0.018925 0.000000
vn 0.100000 -0.000000 0.000000
vn 0.100000 -0.000000 0.000000
vn 0.098193 0.018925 0.000000
vn 0.098193 0.018925 0.000000
vn 0.092837 0.037166 0.000000
vn 0.092837 0.037166 0.000000
vn 0.084125 0.054064 0.000000
vn 0.084125 0.054064 0.000000
vn 0.072373 0.069008 0.000000
vn 0.072373 0.069008 0.000000
vn 0.058006 0.081458 0.000000
vn 0.058006 0.081458 0.000000
vn 0.041542 0.090963 0.000000
vn 0.041542 0.090963 0.000000
vn 0.023576 0.097181 0.000000
vn 0.023576 0.097181 0.000000
vn 0.004758 0.099887 0.000000
vn 0.004758 0.099887 0.000000
vn -0.014231 0.098982 0.000000
vn -0.014231 0.098982 0.000000
vn -0.032707 0.094500 0.000000
vn -0.032707 0.094500 0.000000
vn -0.050000 0.086603 0.000000
vn -0.050000 0.086603 0.000000
vn -0.065486 0.075575 0.000000
vn -0.065486 0.075575 0.000000
vn -0.078605 0.061816 0.000000
vn -0.078605 0.061816 0.000000
vn -0.088884 0.045823 0.000000
vn -0.088884 0.045823 0.000000
vn -0.095949 0.028173 0.000000
vn -0.095949 0.028173 0.000000
vn -0.099547 0.009506 0.000000
vn -0.099547 0.009506 0.000000
vn -0.099547 -0.009506 0.000000
vn -0.099547 -0.009506 0.000000
vn -0.095949 -0.028173 0.000000
vn -0.095949 -0.028173 0.000000
vn -0.088884 -0.045823 0.000000
vn -0.088884 -0.045823 0.000000
vn -0.078605 -0.061816 0.000000
vn -0.078605 -0.061816 0.000000
vn -0.065486 -0.075575 0.000000
vn -0.065486 -0.075575 0.000000
vn -0.050000 -0.086603 0.000000
vn -0.050000 -0.086603 0.000000
vn -0.032707 -0.094500 0.000000
vn -0.032707 -0.094500 0.000000
vn -0.014231 -0.098982 0.000000
vn -0.014231 -0.098982 0.000000
vn 0.004758 -0.099887 0.000000
vn 0.004758 -0.099887 0.000000
vn 0.023576 -0.097181 0.000000
vn 0.023576 -0.097181 0.000000
vn 0.041542 -0.090963 0.000000
vn 0.041542 -0.090963 0.000000
vn 0.058006 -0.081458 0.000000
vn 0.058006 -0.081458 0.000000
vn 0.072373 -0.069008 0.000000
vn 0.072373 -0.069008 0.000000
vn 0.084125 -0.054064 0.000000
vn 0.084125 -0.054064 0.000000
vn 0.092837 -0.037166 0.000000
vn 0.092837 -0.037166 0.000000
vn 0.098193 -0.018925 0.000000
vn 0.098193 -0.018925 0.000000
vn 0.100000 -0.000000 0.000000
vn 0.100000 -0.000000 0.000000
vn 0.098193 0.018925 0.000000
vn 0.098193 0.018925 0.000000
vn 0.092837 0.037166 0.000000
vn 0.092837 0.037166 0.000000
vn 0.084125 0.054064 0.000000
vn 0.084125 0.054064 0.000000
vn 0.072373 0.069008 0.000000
vn 0.072373 0.069008 0.000000
vn 0.058006 0.081458 0.000000
vn 0.058006 0.081458 0.000000
vn 0.041542 0.090963 0.000000
vn 0.041542 0.090963 0.000000
vn 0.023576 0.097181 0.000000
vn 0.023576 0.097181 0.000000
vn 0.004758 0.099887 0.000000
vn 0.004758 0.099887 0.000000
vn -0.014231 0.098982 0.000000
vn -0.014231 0.098982 0.000000
vn -0.032707 0.094500 0.000000
vn -0.032707 0.094500 0.000000
vn -0.050000 0.086603 0.000000
vn -0.050000 0.086603 0.000000
vn -0.065486 0.075575 0.000000
vn -0.065486 0.075575 0.000000
vn -0.078605 0.061816 0.000000
vn -0.078605 0.061816 0.000000
vn -0.088884 0.045823 0.000000
vn -0.088884 0.045823 0.000000
vn -0.095949 0.028173 0.000000
vn -0.095949 0.028173 0.000000
vn -0.099547 0.009506 0.000000
vn -0.099547 0.009506 0.000000
vn -0.099547 -0.009506 0.000000
vn -0.099547 -0.009506 0.000000
vn -0.095949 -0.028173 0.000000
vn -0.095949 -0.028173 0.000000
vn -0.088884 -0.045823 0.000000
vn -0.088884 -0.045823 0.000000
vn -0.078605 -0.061816 0.000000
vn -0.078605 -0.061816 0.000000
vn -0.065486 -0.075575 0.000000
vn -0.065486 -0.075575 0.000000
vn -0.050000 -0.086603 0.000000
vn -0.050000 -0.086603 0.000000
vn -0.032707 -0.094500 0.000000
vn -0.032707 -0.094500 0.000000
vn -0.014231 -0.098982 0.000000
vn -0.014231 -0.098982 0.000000
vn 0.004758 -0.099887 0.000000
vn 0.004758 -0.099887 0.000000
vn 0.023576 -0.097181 0.000000
vn 0.023576 -0.097181 0.000000
vn 0.041542 -0.090963 0.000000
vn 0.041542 -0.090963 0.000000
vn 0.058006 -0.081458 0.000000
vn 0.058006 -0.081458 0.000000
vn 0.072373 -0.069008 0.000000
vn 0.072373 -0.069008 0.000000
vn 0.084125 -0.054064 0.000000
vn 0.084125 -0.054064 0.000000
vn 0.092837 -0.037166 0.000000
vn 0.092837 -0.037166 0.000000
vn 0.098193 -0.018925 0.000000
vn 0.098193 -0.018925 0.000000
vn 0.100000 -0.000000 0.000000
vn 0.100000 -0.000000 0.000000
vn 0.098193 0.018925 0.000000
vn 0.098193 0.018925 0.000000
vn 0.092837 0.037166 0.000000
vn 0.092837 0.037166 0.000000
vn 0.084125 0.054064 0.000000
vn 0.084125 0.054064 0.000000
vn 0.072373 0.069008 0.000000
vn 0.072373 0.069008 0.000000
vn 0.058006 0.081458 0.000000
vn 0.058006 0.081458 0.000000
vn 0.041542 0.090963 0.000000
vn 0.041542 0.090963 0.000000
vn 0.023576 0.097181 0.000000
vn 0.023576 0.097181 0.000000
vn 0.004758 0.099887 0.000000
vn 0.004758 0.099887 0.000000
vn -0.014231 0.098982 0.000000
vn -0.014231 0.098982 0.000000
vn -0.032707 0.094500 0.000000
vn -0.032707 0.094500 0.000000
vn -0.050000 0.086603 0.000000
vn -0.050000 0.086603 0.000000
vn -0.065486 0.075575 0.000000
vn -0.065486 0.075575 0.000000
vn -0.078605 0.061816 0.000000
vn -0.078605 0.061816 0.000000
vn -0.088884 0.045823 0.000000
vn -0.088884 0.045823 0.000000
vn -0.095949 0.028173 0.000000
vn -0.095949 0.028173 0.000000
vn -0.099547 0.009506 0.000000
vn -0.099547 0.009506 0.000000
vn -0.099547 -0.009506 0.000000
vn -0.099547 -0.009506 0.000000
vn -0.095949 -0.028173 0.000000
vn -0.095949 -0.028173 0.000000
vn -0.088884 -0.045823 0.000000
vn -0.088884 -0.045823 0.000000
vn -0.078605 -0.061816 0.000000
vn -0.078605 -0.061816 0.000000
vn -0.065486 -0.075575 0.000000
vn -0.065486 -0.075575 0.000000
vn -0.050000 -0.086603 0.000000
vn -0.050000 -0.086603 0.000000
vn -0.032707 -0.094500 0.000000
vn -0.032707 -0.094500 0.000000
vn -0.014231 -0.098982 0.000000
vn -0.014231 -0.098982 0.000000
vn 0.004758 -0.099887 0.000000
vn 0.004758 -0.099887 0.000000
vn 0.023576 -0.097181 0.000000
vn 0.023576 -0.097181 0.000000
vn 0.041542 -0.090963 0.000000
vn 0.041542 -0.090963 0.000000
vn 0.058006 -0.081458 0.000000
vn 0.058006 -0.081458 0.000000
vn 0.072373 -0.069008 0.000000
vn 0.072373 -0.069008 0.000000
vn 0.084125 -0.054064 0.000000
vn 0.084125 -0.054064 0.000000
vn 0.092837 -0.037166 0.000000
vn 0.092837 -0.037166 0.000000
vn 0.098193 -0.018925 0.000000
vn 0.098193 -0.018925 0.000000
vn 0.100000 -0.000000 0.000000
vn 0.100000 -0.000000 0.000000
vn 0.098193 0.018925 0.000000
vn 0.098193 0.018925 0.000000
vn 0.092837 0.037166 0.000000
vn 0.092837 0.037166 0.000000
vn 0.084125 0.054064 0.000000
vn 0.084125 0.054064 0.000000
vn 0.072373 0.069008 0.000000
vn 0.072373 0.069008 0.000000
vn 0.058006 0.081458 0.000000
vn 0.058006 0.081458 0.000000
vn 0.041542 0.090963 0.000000
vn 0.041542 0.090963 0.000000
vn 0.023576 0.097181 0.000000
vn 0.023576 0.097181 0.000000
vn 0.004758 0.099887 0.000000
vn 0.004758 0.099887 0.000000
vn -0.014231 0.098982 0.000000
vn -0.014231 0.098982 0.000000
vn -0.032707 0.094500 0.000000
vn -0.032707 0.094500 0.000000
vn -0.050000 0.086603 0.000000
vn -0.050000 0.086603 0.000000
vn -0.065486 0.075575 0.000000
vn -0.065486 0.075575 0.000000
vn -0.078605 0.061816 0.000000
vn -0.078605 0.061816 0.000000
vn -0.088884 0.045823 0.000000
vn -0.088884 0.045823 0.000000
vn -0.095949 0.028173 0.000000
vn -0.095949 0.028173 0.000000
vn -0.099547 0.009506 0.000000
vn -0.099547 0.009506 0.000000
vn -0.099547 -0.009506 0.000000
vn -0.099547 -0.009506 0.000000
vn -0.095949 -0.028173 0.000000
vn -0.095949 -0.028173 0.000000
vn -0.088884 -0.045823 0.000000
vn -0.088884 -0.045823 0.000000
vn -0.078605 -0.061816 0.000000
vn -0.078605 -0.061816 0.000000
vn -0.065486 -0.075575 0.000000
vn -0.065486 -0.075575 0.000000
vn -0.050000 -0.086603 0.000000
vn -0.050000 -0.086603 0.000000
vn -0.032707 -0.094500 0.000000
vn -0.032707 -0.094500 0.000000
vn -0.014231 -0.098982 0.000000
vn -0.014231 -0.098982 0.000000
vn 0.004758 -0.099887 0.000000
vn 0.004758 -0.099887 0.000000
vn 0.023576 -0.097181 0.000000
vn 0.023576 -0.097181 0.000000
vn 0.041542 -0.090963 0.000000
vn 0.041542 -0.090963 0.000000
vn 0.058006 -0.081458 0.000000
vn 0.058006 -0.081458 0.000000
vn 0.072373 -0.069008 0.000000
vn 0.072373 -0.069008 0.000000
vn 0.084125 -0.054064 0.000000
vn 0.084125 -0.054064 0.000000
vn 0.092837 -0.037166 0.000000
vn 0.092837 -0.037166 0.000000
vn 0.098193 -0.018925 0.000000
vn 0.098193 -0.018925 0.000000
vn 0.100000 -0.000000 0.000000
vn 0.100000 -0.000000 0.000000
vn 0.098193 0.018925 0.000000
vn 0.098193 0.018925 0.000000
vn 0.092837 0.037166 0.000000
vn 0.092837 0.037166 0.000000
vn 0.084125 0.054064 0.000000
vn 0.084125 0.054064 0.000000
vn 0.072373 0.069008 0.000000
vn 0.072373 0.069008 0.000000
vn 0.058006 0.081458 0.000000
vn 0.058006 0.081458 0.000000
vn 0.041542 0.090963 0.000000
vn 0.041542 0.090963 0.000000
vn 0.023576 0.097181 0.000000
vn 0.023576 0.097181 0.000000
vn 0.004758 0.099887 0.000000
vn 0.004758 0.099887 0.000000
vn -0.014231 0.098982 0.000000
vn -0.014231 0.098982 0.000000
vn -0.032707 0.094500 0.000000
vn -0.032707 0.094500 0.000000
vn -0.050000 0.086603 0.000000
vn -0.050000 0.086603 0.000000
vn -0.065486 0.075575 0.000000
vn -0.065486 0.075575 0.000000
vn -0.078605 0.061816 0.000000
vn -0.078605 0.061816 0.000000
vn -0.088884 0.045823 0.000000
vn -0.088884 0.045823 0.000000
vn -0.095949 0.028173 0.000000
vn -0.095949 0.028173 0.000000
vn -0.099547 0.009506 0.000000
vn -0.099547 0.009506 0.000000
vn -0.099547 -0.009506 0.000000
vn -0.099547 -0.009506 0.000000
vn -0.095949 -0.028173 0.000000
vn -0.095949 -0.028173 0.000000
vn -0.088884 -0.045823 0.000000
vn -0.088884 -0.045823 0.000000
vn -0.078605 -0.061816 0.000000
vn -0.078605 -0.061816 0.000000
vn -0.065486 -0.075575 0.000000
vn -0.065486 -0.075575 0.000000
vn -0.050000 -0.086603 0.000000
vn -0.050000 -0.086603 0.000000
vn -0.032707 -0.094500 0.000000
vn -0.032707 -0.094500 0.000000
vn -0.014231 -0.098982 0.000000
vn -0.014231 -0.098982 0.000000
vn 0.004758 -0.099887 0.000000
vn 0.004758 -0.099887 0.000000
vn 0.023576 -0.097181 0.000000
vn 0.023576 -0.097181 0.000000
vn 0.041542 -0.090963 0.000000
vn 0.041542 -0.090963 0.000000
vn 0.058006 -0.081458 0.000000
vn 0.058006 -0.081458 0.000000
vn 0.072373 -0.069008 0.000000
vn 0.072373 -0.069008 0.000000
vn 0.084125 -0.054064 0.000000
vn 0.084125 -0.054064 0.000000
vn 0.092837 -0.037166 0.000000
vn 0.092837 -0.037166 0.000000
vn 0.098193 -0.018925 0.000000
vn 0.098193 -0.018925 0.000000
vn 0.100000 -0.000000 0.000000
vn 0.100000 -0.000000 0.000000
vn 0.098193 0.018925 0.000000
vn 0.098193 0.018925 0.000000
vn 0.092837 0.037166 0.000000
vn 0.092837 0.037166 0.000000
vn 0.084125 0.054064 0.000000
vn 0.084125 0.054064 0.000000
vn 0.072373 0.069008 0.000000
vn 0.072373 0.069008 0.000000
vn 0.058006 0.081458 0.000000
vn 0.058006 0.081458 0.000000
vn 0.041542 0.090963 0.000000
vn 0.041542 0.090963 0.000000
vn 0.023576 0.097181 0.000000
vn 0.023576 0.097181 0.000000
vn 0.004758 0.099887 0.000000
vn 0.004758 0.099887 0.000000
vn -0.014231 0.098982 0.000000
vn -0.014231 0.098982 0.000000
vn -0.032707 0.094500 0.000000
vn -0.032707 0.094500 0.000000
vn -0.050000 0.086603 0.000000
vn -0.050000 0.086603 0.000000
vn -0.065486 0.075575 0.000000
vn -0.065486 0.075575 0.000000
vn -0.078605 0.061816 0.000000
vn -0.078605 0.061816 0.000000
vn -0.088884 0.045823 0.000000
vn -0.088884 0.045823 0.000000
vn -0.095949 0.028173 0.000000
vn -0.095949 0.028173 0.000000
vn -0.099547 0.009506 0.000000
vn -0.099547 0.009506 0.000000
vn -0.099547 -0.009506 0.000000
vn -0.099547 -0.009506 0.000000
vn -0.095949 -0.028173 0.000000
vn -0.095949 -0.028173 0.000000
vn -0.088884 -0.045823 0.000000
vn -0.088884 -0.045823 0.000000
vn -0.078605 -0.061816 0.000000
vn -0.078605 -0.061816 0.000000
vn -0.065486 -0.075575 0.000000
vn -0.065486 -0.075575 0.000000
vn -0.050000 -0.086603 0.000000
vn -0.050000 -0.086603 0.000000
vn -0.032707 -0.094500 0.000000
vn -0.032707 -0.094500 0.000000
vn -0.014231 -0.098982 0.000000
vn -0.014231 -0.098982 0.000000
vn 0.004758 -0.099887 0.000000
vn 0.004758 -0.099887 0.000000
vn 0.023576 -0.097181 0.000000
vn 0.023576 -0.097181 0.000000
vn 0.041542 -0.090963 0.000000
vn 0.041542 -0.090963 0.000000
vn 0.058006 -0.081458 0.000000
vn 0.058006 -0.081458 0.000000
vn 0.072373 -0.069008 0.000000
vn 0.072373 -0.069008 0.000000
vn 0.084125 -0.054064 0.000000
vn 0.084125 -0.054064 0.000000
vn 0.092837 -0.037166 0.000000
vn 0.092837 -0.037166 0.000000
vn 0.098193 -0.018925 0.000000
vn 0.098193 -0.018925 0.000000
vn 0.100000 -0.000000 0.000000
vn 0.100000 -0.000000 0.000000
vn 0.098193 0.018925 0.000000
vn 0.098193 0.018925 0.000000
vn 0.092837 0.037166 0.000000
vn 0.092837 0.037166 0.000000
vn 0.084125 0.054064 0.000000
vn 0.084125 0.054064 0.000000
vn 0.072373 0.069008 0.000000
vn 0.072373 0.069008 0.000000
vn 0.058006 0.081458 0.000000
vn 0.058006 0.081458 0.000000
vn 0.041542 0.090963 0.000000
vn 0.041542 0.090963 0.000000
vn 0.023576 0.097181 0.000000
vn 0.023576 0.097181 0.000000
vn 0.004758 0.099887 0.000000
vn 0.004758 0.099887 0.000000
vn -0.014231 0.098982 0.000000
vn -0.014231 0.098982 0.000000
vn -0.032707 0.094500 0.000000
vn -0.032707 0.094500 0.000000
vn -0.050000 0.086603 0.000000
vn -0.050000 0.086603 0.000000
vn -0.065486 0.075575 0.000000
vn -0.065486 0.075575 0.000000
vn -0.078605 0.061816 0.000000
vn -0.078605 0.061816 0.000000
vn -0.088884 0.045823 0.000000
vn -0.088884 0.045823 0.000000
vn -0.095949 0.028173 0.000000
vn -0.095949 0.028173 0.000000
vn -0.099547 0.009506 0.000000
vn -0.099547 0.009506 0.000000
vn -0.099547 -0.009506 0.000000
vn -0.099547 -0.009506 0.000000
vn -0.095949 -0.028173 0.000000
vn -0.095949 -0.028173 0.000000
vn -0.088884 -0.045823 0.000000
vn -0.088884 -0.045823 0.000000
vn -0.078605 -0.061816 0.000000
vn -0.078605 -0.061816 0.000000
vn -0.065486 -0.075575 0.000000
vn -0.065486 -0.075575 0.000000
vn -0.050000 -0.086603 0.000000
vn -0.050000 -0.086603 0.000000
vn -0.032707 -0.094500 0.000000
vn -0.032707 -0.094500 0.000000
vn -0.014231 -0.098982 0.000000
vn -0.014231 -0.098982 0.000000
vn 0.004758 -0.099887 0.000000
vn 0.004758 -0.099887 0.000000
vn 0.023576 -0.097181 0.000000
vn 0.023576 -0.097181 0.000000
vn 0.041542 -0.090963 0.000000
vn 0.041542 -0.090963 0.000000
vn 0.058006 -0.081458 0.000000
vn 0.058006 -0.081458 0.000000
vn 0.072373 -0.069008 0.000000
vn 0.072373 -0.069008 0.000000
vn 0.084125 -0.054064 0.000000
vn 0.084125 -0.054064 0.000000
vn 0.092837 -0.037166 0.000000
vn 0.092837 -0.037166 0.000000
vn 0.098193 -0.018925 0.000000
vn 0.098193 -0.018925 0.000000
vn 0.100000 -0.000000 0.000000
vn 0.100000 -0.000000 0.000000
vn 0.098193 0.018925 0.000000
vn 0.098193 0.018925 0.000000
vn 0.092837 0.037166 0.000000
vn 0.092837 0.037166 0.000000
vn 0.084125 0.054064 0.000000
vn 0.084125 0.054064 0.000000
vn 0.072373 0.069008 0.000000
vn 0.072373 0.069008 0.000000
vn 0.058006 0.081458 0.000000
vn 0.058006 0.081458 0.000000
vn 0.041542 0.090963 0.000000
vn 0.041542 0.090963 0.000000
vn 0.023576 0.097181 0.000000
vn 0.023576 0.097181 0.000000
vn 0.004758 0.099887 0.000000
vn 0.004758 0.099887 0.000000
vn -0.014231 0.098982 0.000000
vn -0.014231 0.098982 0.000000
vn -0.032707 0.094500 0.000000
vn -0.032707 0.094500 0.000000
vn -0.050000 0.086603 0.000000
vn -0.050000 0.086603 0.000000
vn -0.065486 0.075575 0.000000
vn -0.065486 0.075575 0.000000
vn -0.078605 0.061816 0.000000
vn -0.078605 0.061816 0.000000
vn -0.088884 0.045823 0.000000
vn -0.088884 0.045823 0.000000
vn -0.095949 0.028173 0.000000
vn -0.095949 0.028173 0.000000
vn -0.099547 0.009506 0.000000
vn -0.099547 0.009506 0.000000
vn -0.099547 -0.009506 0.000000
vn -0.099547 -0.009506 0.000000
vn -0.095949 -0.028173 0.000000
vn -0.095949 -0.028173 0.000000
vn -0.088884 -0.045823 0.000000
vn -0.088884 -0.045823 0.000000
vn -0.078605 -0.061816 0.000000
vn -0.078605 -0.061816 0.000000
vn -0.065486 -0.075575 0.000000
vn -0.065486 -0.075575 0.000000
vn -0.050000 -0.086603 0.000000
vn -0.050000 -0.086603 0.000000
vn -0.032707 -0.094500 0.000000
vn -0.032707 -0.094500 0.000000
vn -0.014231 -0.098982 0.000000
vn -0.014231 -0.098982 0.000000
vn 0.004758 -0.099887 0.000000
vn 0.004758 -0.099887 0.000000
vn 0.023576 -0.097181 0.000000
vn 0.023576 -0.097181 0.000000
vn 0.041542 -0.090963 0.000000
vn 0.041542 -0.090963 0.000000
vn 0.058006 -0.081458 0.000000
vn 0.058006 -0.081458 0.000000
vn 0.072373 -0.069008 0.000000
vn 0.072373 -0.069008 0.000000
vn 0.084125 -0.054064 0.000000
vn 0.084125 -0.054064 0.000000
vn 0.092837 -0.037166 0.000000
vn 0.092837 -0.037166 0.000000
vn 0.000000 0.100000 0.000000
vn 0.000000 0.100000 0.000000
vn 0.000000 0.100000 0.000000
vn 0.000000 0.100000 0.000000
vn 0.000000 -0.100000 0.000000
vn 0.000000 -0.100000 0.000000
vn 0.000000 -0.100000 0.000000
vn 0.000000 -0.100000 0.000000
vn 0.000000 -0.100000 0.000000
vn 0.000000 -0.100000 0.000000
vn 0.100000 -0.000000 0.000000
vn 0.100000 -0.000000 0.000000
vn 0.100000 -0.000000 0.000000
vn 0.100000 -0.000000 0.000000
vn 0.000000 0.000000 -0.100000
vn 0.000000 0.000000 -0.100000
vn 0.000000 0.000000 -0.100000
vn 0.000000 0.000000 -0.100000
vn 0.000000 0.000000 -0.100000
vn 0.000000 0.000000 -0.100000
vn 0.000000 0.000000 -0.100000
vn 0.000000 0.000000 -0.100000
vn 0.000000 0.000000 -0.100000
vn 0.000000 0.000000 -0.100000
vn 0.000000 0.000000 -0.100000
vn 0.000000 0.000000 -0.100000
vn 0.000000 0.000000 -0.100000
vn 0.000000 0.000000 -0.100000
vn 0.000000 0.000000 -0.100000
vn 0.000000 0.000000 -0.100000
vn 0.000000 0.000000 -0.100000
vn 0.000000 0.000000 -0.100000
vn 0.000000 0.000000 -0.100000
vn 0.000000 0.000000 -0.100000
vn 0.000000 0.000000 -0.100000
vn 0.000000 0.000000 -0.100000
vn 0.000000 0.000000 -0.100000
vn 0.000000 0.000000 -0.100000
vn 0.000000 0.000000 -0.100000
vn 0.000000 0.000000 -0.100000
vn 0.000000 0.000000 -0.100000
vn 0.000000 0.000000 -0.100000
vn 0.000000 0.000000 -0.100000
vn 0.000000 0.000000 -0.100000
vn 0.000000 0.000000 -0.100000
vn 0.000000 0.000000 -0.100000
vn 0.000000 0.000000 -0.100000
vn 0.000000 0.000000 -0.100000
vn 0.000000 0.000000 -0.100000
vn 0.000000 0.000000 -0.100000
vn 0.000000 0.000000 -0.100000
vn 0.000000 0.000000 -0.100000
vn 0.000000 0.000000 -0.100000
vn 0.000000 0.000000 -0.100000
vn 0.000000 0.000000 -0.100000
vn 0.000000 0.000000 -0.100000
vn 0.000000 0.000000 -0.100000
vn 0.000000 0.000000 -0.100000
vn 0.000000 0.000000 -0.100000
vn 0.000000 0.000000 -0.100000
vn 0.000000 0.000000 -0.100000
vn 0.000000 0.000000 -0.100000
vn 0.000000 0.000000 -0.100000
vn 0.000000 0.000000 -0.100000
vn 0.000000 0.000000 -0.100000
vn 0.000000 0.000000 -0.100000
vn 0.000000 0.000000 -0.100000
vn 0.000000 0.000000 -0.100000
vn 0.000000 0.000000 -0.100000
vn 0.000000 0.000000 -0.100000
vn 0.000000 0.000000 -0.100000
vn 0.000000 0.000000 -0.100000
vn 0.000000 0.000000 -0.100000
vn 0.000000 0.000000 -0.100000
vn 0.000000 0.000000 -0.100000
vn 0.000000 0.000000 -0.100000
vn 0.000000 0.000000 -0.100000
vn 0.000000 0.000000 -0.100000
vn 0.000000 0.000000 -0.100000
vn 0.000000 0.000000 -0.100000
vn 0.000000 0.000000 -0.100000
vn 0.000000 0.000000 -0.100000
vn 0.000000 0.000000 -0.100000
vn 0.000000 0.000000 -0.100000
vn 0.000000 0.000000 -0.100000
vn 0.000000 0.000000 -0.100000
vn 0.000000 0.000000 -0.100000
vn 0.000000 0.000000 -0.100000
vn 0.000000 0.000000 -0.100000
vn 0.000000 0.000000 -0.100000
vn 0.000000 0.000000 -0.100000
vn 0.000000 0.000000 -0.100000
vn 0.000000 0.000000 -0.100000
vn 0.000000 0.000000 -0.100000
vn 0.000000 0.000000 -0.100000
vn 0.000000 0.000000 -0.100000
vn 0.000000 0.000000 -0.100000
vn 0.000000 0.000000 -0.100000
vn 0.000000 0.000000 -0.100000
vn 0.000000 0.000000 -0.100000
vn 0.000000 0.000000 -0.100000
vn 0.000000 0.000000 -0.100000
vn 0.000000 0.000000 -0.100000
vn 0.000000 0.000000 -0.100000
vn 0.000000 0.000000 -0.100000
vn 0.000000 0.000000 -0.100000
vn 0.000000 0.000000 -0.100000
vn 0.000000 0.000000 -0.100000
vn 0.000000 0.000000 -0.100000
vn 0.000000 0.000000 -0.100000
vn 0.000000 0.000000 -0.100000
vn 0.000000 0.000000 -0.100000
vn 0.000000 0.000000 -0.100000
vn 0.000000 0.000000 -0.100000
vn 0.000000 0.000000 -0.100000
vn 0.000000 0.000000 -0.100000
vn 0.000000 0.000000 -0.100000
vn 0.000000 0.000000 -0.100000
vn 0.000000 0.000000 -0.100000
vn 0.000000 0.000000 -0.100000
vn 0.000000 0.000000 -0.100000
vn 0.000000 0.000000 -0.100000
vn 0.000000 0.000000 -0.100000
vn 0.000000 0.000000 -0.100000
vn 0.000000 0.000000 -0.100000
vn 0.000000 0.000000 -0.100000
vn 0.000000 0.000000 -0.100000
vn 0.000000 0.000000 -0.100000
vn 0.000000 0.000000 -0.100000
vn 0.000000 0.000000 -0.100000
vn 0.000000 0.000000 -0.100000
vn 0.000000 0.000000 -0.100000
vn 0.000000 0.000000 -0.100000
vn 0.000000 0.000000 -0.100000
vn 0.000000 0.000000 -0.100000
vn 0.000000 0.000000 -0.100000
vn 0.000000 0.000000 -0.100000
vn 0.000000 0.000000 -0.100000
vn 0.000000 0.000000 -0.100000
vn 0.000000 0.000000 -0.100000
vn 0.000000 0.000000 -0.100000
vn 0.000000 0.000000 -0.100000
vn 0.000000 0.000000 -0.100000
vn 0.000000 0.000000 -0.100000
vn 0.000000 0.000000 -0.100000
vn 0.000000 0.000000 -0.100000
vn 0.000000 0.000000 -0.100000
vn 0.000000 0.000000 -0.100000
vn 0.000000 0.000000 -0.100000
vn 0.000000 0.000000 -0.100000
vn 0.000000 0.000000 -0.100000
vn 0.000000 0.000000 -0.100000
vn 0.000000 0.000000 -0.100000
vn 0.000000 0.000000 -0.100000
vn 0.000000 0.000000 -0.100000
vn 0.000000 0.000000 -0.100000
vn 0.000000 0.000000 -0.100000
vn 0.000000 0.000000 -0.100000
vn 0.000000 0.000000 -0.100000
vn 0.000000 0.000000 -0.100000
vn 0.000000 0.000000 -0.100000
vn 0.000000 0.000000 -0.100000
vn 0.000000 0.000000 -0.100000
vn 0.000000 0.000000 -0.100000
vn 0.000000 0.000000 -0.100000
vn 0.000000 0.000000 -0.100000
vn 0.000000 0.000000 -0.100000
vn 0.000000 0.000000 -0.100000
vn 0.000000 0.000000 -0.100000
vn 0.000000 0.000000 -0.100000
vn 0.000000 0.000000 -0.100000
vn 0.000000 0.000000 -0.100000
vn 0.000000 0.000000 -0.100000
vn 0.000000 0.000000 -0.100000
vn 0.000000 0.000000 -0.100000
vn 0.000000 0.000000 -0.100000
vn 0.000000 0.000000 -0.100000
vn 0.000000 0.000000 -0.100000
vn 0.000000 0.000000 -0.100000
vn 0.000000 0.000000 -0.100000
vn 0.000000 0.000000 -0.100000
vn 0.000000 0.000000 -0.100000
vn 0.000000 0.000000 -0.100000
vn 0.000000 0.000000 -0.100000
vn 0.000000 0.000000 -0.100000
vn 0.000000 0.000000 -0.100000
vn 0.000000 0.000000 -0.100000
vn 0.000000 0.000000 -0.100000
vn 0.000000 0.000000 -0.100000
vn 0.000000 0.000000 -0.100000
vn 0.000000 0.000000 -0.100000
vn 0.000000 0.000000 -0.100000
vn 0.000000 0.000000 -0.100000
vn 0.000000 0.000000 -0.100000
vn 0.000000 0.000000 -0.100000
vn 0.000000 0.000000 -0.100000
vn 0.000000 0.000000 -0.100000
vn 0.000000 0.000000 -0.100000
vn 0.000000 0.000000 -0.100000
vn 0.000000 0.000000 -0.100000
vn 0.000000 0.000000 -0.100000
vn 0.000000 0.000000 -0.100000
vn 0.000000 0.000000 -0.100000
vn 0.000000 0.000000 -0.100000
vn 0.000000 0.000000 -0.100000
vn 0.000000 0.000000 -0.100000
vn 0.000000 0.000000 -0.100000
vn 0.000000 0.000000 -0.100000
vn 0.000000 0.000000 -0.100000
vn 0.000000 0.000000 -0.100000
vn 0.000000 0.000000 -0.100000
vn 0.000000 0.000000 -0.100000
vn 0.000000 0.000000 -0.100000
vn 0.000000 0.000000 -0.100000
vn 0.000000 0.000000 -0.100000
vn 0.000000 0.000000 -0.100000
vn 0.000000 0.000000 -0.100000
vn 0.000000 0.000000 -0.100000
vn 0.000000 0.000000 -0.100000
vn 0.000000 0.000000 -0.100000
vn 0.000000 0.000000 -0.100000
vn 0.000000 0.000000 -0.100000
vn 0.000000 0.000000 -0.100000
vn 0.000000 0.000000 -0.100000
vn 0.000000 0.000000 -0.100000
vn 0.000000 0.000000 -0.100000
vn 0.000000 0.000000 -0.100000
vn 0.000000 0.000000 -0.100000
vn 0.000000 0.000000 -0.100000
vn 0.000000 0.000000 -0.100000
vn 0.000000 0.000000 -0.100000
vn 0.000000 0.000000 -0.100000
vn 0.000000 0.000000 -0.100000
vn 0.000000 0.000000 -0.100000
vn 0.000000 0.000000 -0.100000
vn 0.000000 0.000000 -0.100000
vn 0.000000 0.000000 -0.100000
vn 0.000000 0.000000 -0.100000
vn 0.000000 0.000000 -0.100000
vn 0.000000 0.000000 -0.100000
vn 0.000000 0.000000 -0.100000
vn 0.000000 0.000000 -0.100000
vn 0.000000 0.000000 -0.100000
vn 0.000000 0.000000 -0.100000
vn 0.000000 0.000000 -0.100000
vn 0.000000 0.000000 -0.100000
vn 0.000000 0.000000 -0.100000
vn 0.000000 0.000000 -0.100000
vn 0.000000 0.000000 -0.100000
vn 0.000000 0.000000 -0.100000
vn 0.000000 0.000000 -0.100000
vn 0.000000 0.000000 -0.100000
vn 0.000000 0.000000 -0.100000
vn 0.000000 0.000000 -0.100000
vn 0.000000 0.000000 -0.100000
vn 0.000000 0.000000 -0.100000
vn 0.000000 0.000000 -0.100000
vn 0.000000 0.000000 -0.100000
vn 0.000000 0.000000 -0.100000
vn 0.000000 0.000000 -0.100000
vn 0.000000 0.000000 -0.100000
vn 0.000000 0.000000 -0.100000
vn 0.000000 0.000000 -0.100000
vn 0.000000 0.000000 -0.100000
vn 0.000000 0.000000 -0.100000
vn 0.000000 0.000000 -0.100000
vn 0.000000 0.000000 -0.100000
vn 0.000000 0.000000 -0.100000
vn 0.000000 0.000000 -0.100000
vn 0.000000 0.000000 -0.100000
vn 0.000000 0.000000 -0.100000
vn 0.000000 0.000000 -0.100000
vn 0.000000 0.000000 -0.100000
vn 0.000000 0.000000 -0.100000
vn 0.000000 0.000000 -0.100000
vn 0.000000 0.000000 -0.100000
vn 0.000000 0.000000 -0.100000
vn 0.000000 0.000000 -0.100000
vn 0.000000 0.000000 -0.100000
vn 0.000000 0.000000 -0.100000
vn 0.000000 0.000000 -0.100000
vn 0.000000 0.000000 -0.100000
vn 0.000000 0.000000 -0.100000
vn 0.000000 0.000000 -0.100000
vn 0.000000 0.000000 -0.100000
vn 0.000000 0.000000 -0.100000
vn 0.000000 0.000000 -0.100000
vn 0.000000 0.000000 -0.100000
vn 0.000000 0.000000 -0.100000
vn 0.000000 0.000000 -0.100000
vn 0.000000 0.000000 -0.100000
vn 0.000000 0.000000 -0.100000
vn 0.000000 0.000000 -0.100000
vn 0.000000 0.000000 -0.100000
vn 0.000000 0.000000 -0.100000
vn 0.000000 0.000000 -0.100000
vn 0.000000 0.000000 -0.100000
vn 0.000000 0.000000 -0.100000
vn 0.000000 0.000000 -0.100000
vn 0.000000 0.000000 -0.100000
vn 0.000000 0.000000 -0.100000
vn 0.000000 0.000000 -0.100000
vn 0.000000 0.000000 -0.100000
vn 0.000000 0.000000 -0.100000
vn 0.000000 0.000000 -0.100000
vn 0.000000 0.000000 -0.100000
vn 0.000000 0.000000 -0.100000
vn 0.000000 0.000000 -0.100000
vn 0.000000 0.000000 -0.100000
vn 0.000000 0.000000 -0.100000
vn 0.000000 0.000000 -0.100000
vn 0.000000 0.000000 -0.100000
vn 0.000000 0.000000 -0.100000
vn 0.000000 0.000000 -0.100000
vn 0.000000 0.000000 -0.100000
vn 0.000000 0.000000 -0.100000
vn 0.000000 0.000000 -0.100000
vn 0.000000 0.000000 -0.100000
vn 0.000000 0.000000 -0.100000
vn 0.000000 0.000000 -0.100000
vn 0.000000 0.000000 -0.100000
vn 0.000000 0.000000 -0.100000
vn 0.000000 0.000000 -0.100000
vn 0.000000 0.000000 -0.100000
vn 0.000000 0.000000 -0.100000
vn 0.000000 0.000000 -0.100000
vn 0.000000 0.000000 -0.100000
vn 0.000000 0.000000 -0.100000
vn 0.000000 0.000000 -0.100000
vn 0.000000 0.000000 -0.100000
vn 0.000000 0.000000 -0.100000
vn 0.000000 0.000000 -0.100000
vn 0.000000 0.000000 -0.100000
vn 0.000000 0.000000 -0.100000
vn 0.000000 0.000000 -0.100000
vn 0.000000 0.000000 -0.100000
vn 0.000000 0.000000 -0.100000
vn 0.000000 0.000000 -0.100000
vn 0.000000 0.000000 -0.100000
vn 0.000000 0.000000 -0.100000
vn 0.000000 0.000000 -0.100000
vn 0.000000 0.000000 -0.100000
vn 0.000000 0.000000 -0.100000
vn 0.000000 0.000000 -0.100000
vn 0.000000 0.000000 -0.100000
vn 0.000000 0.000000 -0.100000
vn 0.000000 0.000000 -0.100000
vn 0.000000 0.000000 -0.100000
vn 0.000000 0.000000 -0.100000
vn 0.000000 0.000000 -0.100000
vn 0.000000 0.000000 -0.100000
vn 0.000000 0.000000 -0.100000
vn 0.000000 0.000000 -0.100000
vn 0.000000 0.000000 -0.100000
vn 0.000000 0.000000 -0.100000
vn 0.000000 0.000000 -0.100000
vn 0.000000 0.000000 -0.100000
vn 0.000000 0.000000 -0.100000
vn 0.000000 0.000000 -0.100000
vn 0.000000 0.000000 -0.100000
vn 0.000000 0.000000 -0.100000
vn 0.000000 0.000000 -0.100000
vn 0.000000 0.000000 -0.100000
vn 0.000000 0.000000 -0.100000
vn 0.000000 0.000000 -0.100000
vn 0.000000 0.000000 -0.100000
vn 0.000000 0.000000 -0.100000
vn 0.000000 0.000000 -0.100000
vn 0.000000 0.000000 -0.100000
vn 0.000000 0.000000 -0.100000
vn 0.000000 0.000000 -0.100000
vn 0.000000 0.000000 -0.100000
vn 0.000000 0.000000 -0.100000
vn 0.000000 0.000000 -0.100000
vn 0.000000 0.000000 -0.100000
vn 0.000000 0.000000 -0.100000
vn 0.000000 0.000000 -0.100000
vn 0.000000 0.000000 -0.100000
vn 0.000000 0.000000 -0.100000
vn 0.000000 0.000000 -0.100000
vn 0.000000 0.000000 -0.100000
vn 0.000000 0.000000 -0.100000
vn 0.000000 0.000000 -0.100000
vn 0.000000 0.000000 -0.100000
vn 0.000000 0.000000 -0.100000
vn 0.000000 0.000000 -0.100000
vn 0.000000 0.000000 -0.100000
vn 0.000000 0.000000 -0.100000
vn 0.000000 0.000000 -0.100000
vn 0.000000 0.000000 -0.100000
vn 0.000000 0.000000 -0.100000
vn 0.000000 0.000000 -0.100000
vn 0.000000 0.000000 -0.100000
vn 0.000000 0.000000 -0.100000
vn 0.000000 0.000000 -0.100000
vn 0.000000 0.000000 -0.100000
vn 0.000000 0.000000 -0.100000
vn 0.000000 0.000000 -0.100000
vn 0.000000 0.000000 -0.100000
vn 0.000000 0.000000 -0.100000
vn 0.000000 0.000000 -0.100000
vn 0.000000 0.000000 -0.100000
vn 0.000000 0.000000 -0.100000
vn 0.000000 0.000000 -0.100000
vn 0.000000 0.000000 -0.100000
vn 0.000000 0.000000 -0.100000
vn 0.000000 0.000000 -0.100000
vn 0.000000 0.000000 -0.100000
vn 0.000000 0.000000 -0.100000
vn 0.000000 0.000000 -0.100000
vn 0.000000 0.000000 -0.100000
vn 0.000000 0.000000 -0.100000
vn 0.000000 0.000000 -0.100000
vn 0.000000 0.000000 -0.100000
vn 0.000000 0.000000 -0.100000
vn 0.000000 0.000000 -0.100000
vn 0.000000 0.000000 -0.100000
vn 0.000000 0.000000 -0.100000
vn 0.000000 0.000000 -0.100000
vn 0.000000 0.000000 -0.100000
vn 0.000000 0.000000 -0.100000
vn 0.000000 0.000000 -0.100000
vn 0.000000 0.000000 -0.100000
vn 0.000000 0.000000 -0.100000
vn 0.000000 0.000000 -0.100000
vn 0.000000 0.000000 -0.100000
vn 0.000000 0.000000 -0.100000
vn 0.000000 0.000000 -0.100000
vn 0.000000 0.000000 -0.100000
vn 0.000000 0.000000 -0.100000
vn 0.000000 0.000000 -0.100000
vn 0.000000 0.000000 -0.100000
vn 0.000000 0.000000 -0.100000
vn 0.000000 0.000000 -0.100000
vn 0.000000 0.000000 -0.100000
vn 0.000000 0.000000 -0.100000
vn 0.000000 0.000000 -0.100000
vn 0.000000 0.000000 -0.100000
vn 0.000000 0.000000 -0.100000
vn 0.000000 0.000000 -0.100000
vn 0.000000 0.000000 -0.100000
vn 0.000000 0.000000 -0.100000
vn 0.000000 0.000000 -0.100000
vn 0.000000 0.000000 -0.100000
vn 0.000000 0.000000 -0.100000
vn 0.000000 0.000000 -0.100000
vn 0.000000 0.000000 -0.100000
vn 0.000000 0.000000 -0.100000
vn 0.000000 0.000000 -0.100000
vn 0.000000 0.000000 -0.100000
vn 0.000000 0.000000 -0.100000
vn 0.000000 0.000000 -0.100000
vn 0.000000 0.000000 -0.100000
vn 0.000000 0.000000 -0.100000
vn 0.000000 0.000000 -0.100000
vn 0.000000 0.000000 -0.100000
vn 0.000000 0.000000 -0.100000
vn 0.000000 0.000000 -0.100000
vn 0.000000 0.000000 -0.100000
vn 0.000000 0.000000 -0.100000
vn 0.000000 0.000000 -0.100000
vn 0.000000 0.000000 -0.100000
vn 0.000000 0.000000 -0.100000
vn 0.000000 0.000000 -0.100000
vn 0.000000 0.000000 -0.100000
vn 0.000000 0.000000 -0.100000
vn 0.000000 0.000000 -0.100000
vn 0.000000 0.000000 -0.100000
vn 0.000000 0.000000 -0.100000
vn 0.000000 0.000000 -0.100000
vn 0.000000 0.000000 -0.100000
vn 0.000000 0.000000 -0.100000
vn 0.000000 0.000000 -0.100000
vn 0.000000 0.000000 -0.100000
vn 0.000000 0.000000 -0.100000
vn 0.000000 0.000000 -0.100000
vn 0.000000 0.000000 -0.100000
vn 0.000000 0.000000 -0.100000
vn 0.000000 0.000000 -0.100000
vn 0.000000 0.000000 -0.100000
vn 0.000000 0.000000 -0.100000
vn 0.000000 0.000000 -0.100000
vn 0.000000 0.000000 -0.100000
vn 0.000000 0.000000 -0.100000
vn 0.000000 0.000000 -0.100000
vn 0.000000 0.000000 -0.100000
vn 0.000000 0.000000 -0.100000
vn 0.000000 0.000000 -0.100000
vn 0.000000 0.000000 -0.100000
vn 0.000000 0.000000 -0.100000
vn 0.000000 0.000000 -0.100000
vn 0.000000 0.000000 -0.100000
vn 0.000000 0.000000 -0.100000
vn 0.000000 0.000000 -0.100000
vn 0.000000 0.000000 -0.100000
vn 0.000000 0.000000 -0.100000
vn 0.000000 0.000000 -0.100000
vn 0.000000 0.000000 -0.100000
vn 0.000000 0.000000 -0.100000
vn 0.000000 0.000000 -0.100000
vn 0.000000 0.000000 -0.100000
vn 0.000000 0.000000 -0.100000
vn 0.000000 0.000000 -0.100000
vn 0.000000 0.000000 -0.100000
vn 0.000000 0.000000 -0.100000
vn 0.000000 0.000000 -0.100000
vn 0.000000 0.000000 -0.100000
vn 0.000000 0.000000 -0.100000
vn 0.000000 0.000000 -0.100000
vn 0.000000 0.000000 -0.100000
vn 0.000000 0.000000 -0.100000
vn 0.000000 0.000000 -0.100000
vn 0.000000 0.000000 -0.100000
vn 0.000000 0.000000 -0.100000
vn 0.000000 0.000000 -0.100000
vn 0.000000 0.000000 -0.100000
vn 0.000000 0.000000 -0.100000
vn 0.000000 0.000000 -0.100000
vn 0.000000 0.000000 -0.100000
vn 0.000000 0.000000 -0.100000
vn 0.000000 0.000000 -0.100000
vn 0.000000 0.000000 -0.100000
vn 0.000000 0.000000 -0.100000
vn 0.000000 0.000000 -0.100000
vn 0.000000 0.000000 -0.100000
vn 0.000000 0.000000 -0.100000
vn 0.000000 0.000000 -0.100000
vn 0.000000 0.000000 -0.100000
vn 0.000000 0.000000 -0.100000
vn 0.000000 0.000000 -0.100000
vn 0.000000 0.000000 -0.100000
vn 0.000000 0.000000 -0.100000
vn 0.000000 0.000000 -0.100000
vn 0.000000 0.000000 -0.100000
vn 0.000000 0.000000 -0.100000
vn 0.000000 0.000000 -0.100000
vn 0.000000 0.000000 -0.100000
vn 0.000000 0.000000 -0.100000
vn 0.000000 0.000000 -0.100000
vn 0.000000 0.000000 -0.100000
vn 0.000000 0.000000 -0.100000
vn 0.000000 0.000000 -0.100000
vn 0.000000 0.000000 -0.100000
vn 0.000000 0.000000 -0.100000
vn 0.000000 0.000000 -0.100000
vn 0.000000 0.000000 -0.100000
vn 0.000000 0.000000 -0.100000
vn 0.000000 0.000000 -0.100000
vn 0.000000 0.000000 -0.100000
vn 0.000000 0.000000 -0.100000
vn 0.000000 0.000000 -0.100000
vn 0.000000 0.000000 -0.100000
vn 0.000000 0.000000 -0.100000
vn 0.000000 0.000000 -0.100000
vn 0.000000 0.000000 -0.100000
vn 0.000000 0.000000 -0.100000
vn 0.000000 0.000000 -0.100000
vn 0.000000 0.000000 -0.100000
vn 0.000000 0.000000 -0.100000
vn 0.000000 0.000000 -0.100000
vn 0.000000 0.000000 -0.100000
vn 0.000000 0.000000 -0.100000
vn 0.000000 0.000000 -0.100000
vn 0.000000 0.000000 -0.100000
vn 0.000000 0.000000 -0.100000
vn 0.000000 0.000000 -0.100000
vn 0.000000 0.000000 -0.100000
vn 0.000000 0.000000 -0.100000
vn 0.000000 0.000000 -0.100000
vn 0.000000 0.000000 -0.100000
vn 0.000000 0.000000 -0.100000
vn 0.000000 0.000000 -0.100000
vn 0.000000 0.000000 -0.100000
vn 0.000000 0.000000 -0.100000
vn 0.000000 0.000000 -0.100000
vn 0.000000 0.000000 -0.100000
vn 0.000000 0.000000 -0.100000
vn 0.000000 0.000000 -0.100000
vn 0.000000 0.000000 -0.100000
vn 0.000000 0.000000 -0.100000
vn 0.000000 0.000000 -0.100000
vn 0.000000 0.000000 -0.100000
vn 0.000000 0.000000 -0.100000
vn 0.000000 0.000000 -0.100000
vn 0.000000 0.000000 -0.100000
vn 0.000000 0.000000 -0.100000
vn 0.000000 0.000000 -0.100000
vn 0.000000 0.000000 -0.100000
vn 0.000000 0.000000 -0.100000
vn 0.000000 0.000000 -0.100000
vn 0.000000 0.000000 -0.100000
vn 0.000000 0.000000 -0.100000
vn 0.000000 0.000000 -0.100000
vn 0.000000 0.000000 -0.100000
vn 0.000000 0.000000 -0.100000
vn 0.000000 0.000000 -0.100000
vn 0.000000 0.000000 -0.100000
vn 0.000000 0.000000 -0.100000
vn 0.000000 0.000000 -0.100000
vn 0.000000 0.000000 -0.100000
vn 0.000000 0.000000 -0.100000
vn 0.000000 0.000000 -0.100000
vn 0.000000 0.000000 -0.100000
vn 0.000000 0.000000 -0.100000
vn 0.000000 0.000000 -0.100000
vn 0.000000 0.000000 -0.100000
vn 0.000000 0.000000 -0.100000
vn 0.000000 0.000000 -0.100000
vn 0.000000 0.000000 -0.100000
vn 0.000000 0.000000 -0.100000
vn 0.000000 0.000000 -0.100000
vn 0.000000 0.000000 -0.100000
vn 0.000000 0.000000 -0.100000
vn 0.000000 0.000000 -0.100000
vn 0.000000 0.000000 -0.100000
vn 0.000000 0.000000 -0.100000
vn 0.000000 0.000000 -0.100000
vn 0.000000 0.000000 -0.100000
vn 0.000000 0.000000 -0.100000
vn 0.000000 0.000000 -0.100000
vn 0.000000 0.000000 -0.100000
vn 0.000000 0.000000 -0.100000
vn 0.000000 0.000000 -0.100000
vn 0.000000 0.000000 -0.100000
vn 0.000000 0.000000 -0.100000
vn 0.000000 0.000000 -0.100000
vn 0.000000 0.000000 -0.100000
vn 0.000000 0.000000 -0.100000
vn 0.000000 0.000000 -0.100000
vn 0.000000 0.000000 -0.100000
vn 0.000000 0.000000 -0.100000
vn 0.000000 0.000000 -0.100000
vn 0.000000 0.000000 -0.100000
vn 0.000000 0.000000 -0.100000
vn 0.000000 0.000000 -0.100000
vn 0.000000 0.000000 -0.100000
vn 0.000000 0.000000 -0.100000
vn 0.000000 0.000000 -0.100000
vn 0.000000 0.000000 -0.100000
vn 0.000000 0.000000 -0.100000
vn 0.000000 0.000000 -0.100000
vn 0.000000 0.000000 -0.100000
vn 0.000000 0.000000 -0.100000
vn 0.000000 0.000000 -0.100000
vn 0.000000 0.000000 -0.100000
vn 0.000000 0.000000 -0.100000
vn 0.000000 0.000000 -0.100000
vn 0.000000 0.000000 -0.100000
vn 0.000000 0.000000 -0.100000
vn 0.000000 0.000000 -0.100000
vn 0.000000 0.000000 -0.100000
vn 0.000000 0.000000 -0.100000
vn 0.000000 0.000000 -0.100000
vn 0.000000 0.000000 -0.100000
vn 0.000000 0.000000 -0.100000
vn 0.000000 0.000000 -0.100000
vn 0.000000 0.000000 -0.100000
vn 0.000000 0.000000 -0.100000
vn 0.000000 0.000000 -0.100000
vn 0.000000 0.000000 -0.100000
vn 0.000000 0.000000 -0.100000
vn 0.000000 0.000000 -0.100000
vn 0.000000 0.000000 -0.100000
vn 0.000000 0.000000 -0.100000
vn 0.000000 0.000000 -0.100000
vn 0.000000 0.000000 -0.100000
vn 0.000000 0.000000 -0.100000
vn 0.000000 0.000000 -0.100000
vn 0.000000 0.000000 -0.100000
vn 0.000000 0.000000 -0.100000
vn 0.000000 0.000000 -0.100000
vn 0.000000 0.000000 -0.100000
vn 0.000000 0.000000 -0.100000
vn 0.000000 0.000000 -0.100000
vn 0.000000 0.000000 -0.100000
vn 0.000000 0.000000 -0.100000
vn 0.000000 0.000000 -0.100000
vn 0.000000 0.000000 -0.100000
vn 0.000000 0.000000 -0.100000
vn 0.000000 0.000000 -0.100000
vn 0.000000 0.000000 -0.100000
vn 0.000000 0.000000 -0.100000
vn 0.000000 0.000000 -0.100000
vn 0.000000 0.000000 -0.100000
vn 0.000000 0.000000 -0.100000
vn 0.000000 0.000000 -0.100000
vn 0.000000 0.000000 -0.100000
vn 0.000000 0.000000 -0.100000
vn 0.000000 0.000000 -0.100000
vn 0.000000 0.000000 -0.100000
vn 0.000000 0.000000 -0.100000
vn 0.000000 0.000000 -0.100000
vn 0.000000 0.000000 -0.100000
vn 0.000000 0.000000 -0.100000
vn 0.000000 0.000000 -0.100000
vn 0.000000 0.000000 -0.100000
vn 0.000000 0.000000 -0.100000
vn 0.000000 0.000000 -0.100000
vn 0.000000 0.000000 -0.100000
vn 0.000000 0.000000 -0.100000
vn 0.000000 0.000000 -0.100000
vn 0.000000 0.000000 -0.100000
vn 0.000000 0.000000 -0.100000
vn 0.000000 0.000000 -0.100000
vn 0.000000 0.000000 -0.100000
vn 0.000000 0.000000 -0.100000
vn 0.000000 0.000000 -0.100000
vn 0.000000 0.000000 -0.100000
vn 0.000000 0.000000 -0.100000
vn 0.000000 0.000000 -0.100000
vn 0.000000 0.000000 -0.100000
vn 0.000000 0.000000 -0.100000
vn 0.000000 0.000000 -0.100000
vn 0.000000 0.000000 -0.100000
vn 0.000000 0.000000 -0.100000
vn 0.000000 0.000000 -0.100000
vn 0.000000 0.000000 -0.100000
vn 0.000000 0.000000 -0.100000
vn 0.000000 0.000000 -0.100000
vn 0.000000 0.000000 -0.100000
vn 0.000000 0.000000 -0.100000
vn 0.000000 0.000000 -0.100000
vn 0.000000 0.000000 -0.100000
vn 0.000000 0.000000 -0.100000
vn 0.000000 0.000000 -0.100000
vn 0.000000 0.000000 -0.100000
vn 0.000000 0.000000 -0.100000
vn 0.000000 0.000000 -0.100000
vn 0.000000 0.000000 -0.100000
vn 0.000000 0.000000 -0.100000
vn 0.000000 0.000000 -0.100000
vn 0.000000 0.000000 -0.100000
vn 0.000000 0.000000 -0.100000
vn 0.000000 0.000000 -0.100000
vn 0.000000 0.000000 -0.100000
vn 0.000000 0.000000 -0.100000
vn 0.000000 0.000000 -0.100000
vn 0.000000 0.000000 -0.100000
vn 0.000000 0.000000 -0.100000
vn 0.000000 0.000000 -0.100000
vn 0.000000 0.000000 -0.100000
vn 0.000000 0.000000 -0.100000
vn 0.000000 0.000000 -0.100000
vn 0.000000 0.000000 -0.100000
vn 0.000000 0.000000 -0.100000
vn 0.000000 0.000000 -0.100000
vn 0.000000 0.000000 -0.100000
vn 0.000000 0.000000 -0.100000
vn 0.000000 0.000000 -0.100000
vn 0.000000 0.000000 -0.100000
vn 0.000000 0.000000 -0.100000
vn 0.000000 0.000000 -0.100000
vn 0.000000 0.000000 -0.100000
vn 0.000000 0.000000 -0.100000
vn 0.000000 0.000000 -0.100000
vn 0.000000 0.000000 -0.100000
vn 0.000000 0.000000 -0.100000
vn 0.000000 0.000000 -0.100000
vn 0.000000 0.000000 -0.100000
vn 0.000000 0.000000 -0.100000
vn 0.000000 0.000000 -0.100000
vn 0.000000 0.000000 -0.100000
vn 0.000000 0.000000 -0.100000
vn 0.000000 0.000000 -0.100000
vn 0.000000 0.000000 -0.100000
vn 0.000000 0.000000 -0.100000
vn 0.000000 0.000000 -0.100000
vn 0.000000 0.000000 -0.100000
vn 0.000000 0.000000 -0.100000
vn 0.000000 0.000000 -0.100000
vn 0.000000 0.000000 -0.100000
vn 0.000000 0.000000 -0.100000
vn 0.000000 0.000000 -0.100000
vn 0.000000 0.000000 -0.100000
vn 0.000000 0.000000 -0.100000
vn 0.000000 0.000000 -0.100000
vn 0.000000 0.000000 -0.100000
vn 0.000000 0.000000 -0.100000
vn 0.000000 0.000000 -0.100000
vn 0.000000 0.000000 -0.100000
vn 0.000000 0.000000 -0.100000
vn 0.000000 0.000000 -0.100000
vn 0.000000 0.000000 -0.100000
vn 0.000000 0.000000 -0.100000
vn 0.000000 0.000000 -0.100000
vn 0.000000 0.000000 -0.100000
vn 0.000000 0.000000 -0.100000
vn 0.000000 0.000000 -0.100000
vn 0.000000 0.000000 -0.100000
vn 0.000000 0.000000 -0.100000
vn 0.000000 0.000000 -0.100000
vn 0.000000 0.000000 -0.100000
vn 0.000000 0.000000 -0.100000
vn 0.000000 0.000000 -0.100000
vn 0.000000 0.000000 -0.100000
vn 0.000000 0.000000 -0.100000
vn 0.000000 0.000000 -0.100000
vn 0.000000 0.000000 -0.100000
vn 0.000000 0.000000 -0.100000
vn 0.000000 0.000000 -0.100000
vn 0.000000 0.000000 -0.100000
vn 0.000000 0.000000 -0.100000
vn 0.000000 0.000000 -0.100000
vn 0.000000 0.000000 -0.100000
vn 0.000000 0.000000 -0.100000
vn 0.000000 0.000000 -0.100000
vn 0.000000 0.000000 -0.100000
vn 0.000000 0.000000 -0.100000
vn 0.000000 0.000000 -0.100000
vn 0.000000 0.000000 -0.100000
usemtl Steel_-_Satin
f 1/1/1 2/2/2 4/3/3
f 4/3/3 2/2/2 3/4/4
f 5/5/5 6/6/6 8/7/7
f 8/7/7 6/6/6 7/8/8
f 8/9/9 7/10/10 10/11/11
f 10/11/11 7/10/10 9/12/12
f 10/11/11 9/12/12 4/13/13
f 4/13/13 3/14/14 10/11/11
f 9/15/15 7/16/16 13/17/17
f 13/17/17 7/16/16 12/18/18
f 12/18/18 7/16/16 11/19/19
f 11/19/19 7/16/16 6/20/20
f 5/21/21 14/22/22 6/23/23
f 6/23/23 14/22/22 11/24/24
f 11/24/24 14/22/22 15/25/25
f 11/24/24 15/25/25 18/26/26
f 18/26/26 15/25/25 17/27/27
f 17/27/27 15/25/25 16/28/28
f 17/27/27 16/28/28 1/29/29
f 1/29/29 16/28/28 2/30/30
f 5/31/31 8/32/32 14/33/33
f 14/33/33 8/32/32 20/34/34
f 20/34/34 8/32/32 19/35/35
f 19/35/35 8/32/32 10/36/36
f 21/37/37 22/38/38 15/39/39
f 15/39/39 22/38/38 16/40/40
f 2/41/41 16/42/42 3/43/43
f 3/43/43 16/42/42 22/44/44
f 3/43/43 22/44/44 19/45/45
f 19/45/45 10/46/46 3/43/43
f 20/47/47 21/48/48 14/49/49
f 14/49/49 21/48/48 15/50/50
f 21/51/51 726/52/52 22/53/53
f 22/53/53 726/52/52 727/54/54
f 22/53/53 727/54/54 858/55/55
f 858/55/55 727/54/54 728/56/56
f 858/55/55 728/56/56 857/57/57
f 857/57/57 728/56/56 856/58/58
f 856/58/58 728/56/56 729/59/59
f 856/58/58 729/59/59 730/60/60
f 20/61/61 1157/62/62 21/51/51
f 21/51/51 1157/62/62 197/63/63
f 21/51/51 197/63/63 101/64/64
f 101/64/64 197/63/63 100/65/65
f 100/65/65 197/63/63 198/66/66
f 100/65/65 198/66/66 99/67/67
f 99/67/67 198/66/66 199/68/68
f 99/67/67 199/68/68 98/69/69
f 98/69/69 199/68/68 200/70/70
f 98/69/69 200/70/70 97/71/71
f 97/71/71 200/70/70 201/72/72
f 97/71/71 201/72/72 96/73/73
f 96/73/73 201/72/72 202/74/74
f 96/73/73 202/74/74 95/75/75
f 95/75/75 202/74/74 203/76/76
f 95/75/75 203/76/76 118/77/77
f 118/77/77 203/76/76 204/78/78
f 118/77/77 204/78/78 117/79/79
f 117/79/79 204/78/78 205/80/80
f 117/79/79 205/80/80 116/81/81
f 116/81/81 205/80/80 206/82/82
f 116/81/81 206/82/82 115/83/83
f 115/83/83 206/82/82 207/84/84
f 115/83/83 207/84/84 114/85/85
f 114/85/85 207/84/84 208/86/86
f 114/85/85 208/86/86 113/87/87
f 113/87/87 208/86/86 209/88/88
f 113/87/87 209/88/88 980/89/89
f 980/89/89 209/88/88 886/90/90
f 980/89/89 886/90/90 979/91/91
f 979/91/91 886/90/90 887/92/92
f 979/91/91 887/92/92 978/93/93
f 978/93/93 887/92/92 888/94/94
f 978/93/93 888/94/94 977/95/95
f 977/95/95 888/94/94 889/96/96
f 977/95/95 889/96/96 976/97/97
f 976/97/97 889/96/96 890/98/98
f 976/97/97 890/98/98 975/99/99
f 975/99/99 890/98/98 891/100/100
f 975/99/99 891/100/100 974/101/101
f 974/101/101 891/100/100 892/102/102
f 974/101/101 892/102/102 1006/103/103
f 1006/103/103 892/102/102 893/104/104
f 1006/103/103 893/104/104 1005/105/105
f 1005/105/105 893/104/104 894/106/106
f 1005/105/105 894/106/106 1004/107/107
f 1004/107/107 894/106/106 895/108/108
f 1004/107/107 895/108/108 1003/109/109
f 1003/109/109 895/108/108 896/110/110
f 1003/109/109 896/110/110 1002/111/111
f 1002/111/111 896/110/110 616/112/112
f 1002/111/111 616/112/112 617/113/113
f 19/114/114 809/115/115 20/61/61
f 20/61/61 809/115/115 810/116/116
f 20/61/61 810/116/116 709/117/117
f 709/117/117 810/116/116 811/118/118
f 709/117/117 811/118/118 708/119/119
f 708/119/119 811/118/118 707/120/120
f 707/120/120 811/118/118 812/121/121
f 707/120/120 812/121/121 706/122/122
f 706/122/122 812/121/121 813/123/123
f 706/122/122 813/123/123 705/124/124
f 705/124/124 813/123/123 814/125/125
f 705/124/124 814/125/125 704/126/126
f 704/126/126 814/125/125 815/127/127
f 704/126/126 815/127/127 703/128/128
f 703/128/128 815/127/127 816/129/129
f 703/128/128 816/129/129 702/130/130
f 702/130/130 816/129/129 817/131/131
f 702/130/130 817/131/131 818/132/132
f 22/53/53 1049/133/133 19/114/114
f 19/114/114 1049/133/133 1121/134/134
f 19/114/114 1121/134/134 1025/135/135
f 1025/135/135 1121/134/134 1024/136/136
f 1024/136/136 1121/134/134 1122/137/137
f 1024/136/136 1122/137/137 1023/138/138
f 1023/138/138 1122/137/137 1123/139/139
f 1023/138/138 1123/139/139 1022/140/140
f 1022/140/140 1123/139/139 1124/141/141
f 1022/140/140 1124/141/141 1021/142/142
f 1021/142/142 1124/141/141 1125/143/143
f 1021/142/142 1125/143/143 1020/144/144
f 1020/144/144 1125/143/143 1126/145/145
f 1020/144/144 1126/145/145 1019/146/146
f 1019/146/146 1126/145/145 1103/147/147
f 1019/146/146 1103/147/147 1018/148/148
f 1018/148/148 1103/147/147 1104/149/149
f 1018/148/148 1104/149/149 1017/150/150
f 1017/150/150 1104/149/149 1105/151/151
f 1017/150/150 1105/151/151 1016/152/152
f 1016/152/152 1105/151/151 1106/153/153
f 1016/152/152 1106/153/153 1015/154/154
f 1015/154/154 1106/153/153 1107/155/155
f 1015/154/154 1107/155/155 1014/156/156
f 1014/156/156 1107/155/155 1108/157/157
f 1014/156/156 1108/157/157 1013/158/158
f 1013/158/158 1108/157/157 1109/159/159
f 1013/158/158 1109/159/159 566/160/160
f 566/160/160 1109/159/159 606/161/161
f 566/160/160 606/161/161 607/162/162
f 46/163/163 23/164/164 20/61/61
f 20/61/61 23/164/164 24/165/165
f 20/61/61 24/165/165 25/166/166
f 25/166/166 26/167/167 20/61/61
f 20/61/61 26/167/167 27/168/168
f 20/61/61 27/168/168 28/169/169
f 28/169/169 29/170/170 20/61/61
f 20/61/61 29/170/170 30/171/171
f 20/61/61 30/171/171 172/172/172
f 172/172/172 30/171/171 171/173/173
f 171/173/173 30/171/171 31/174/174
f 171/173/173 31/174/174 170/175/175
f 170/175/175 31/174/174 32/176/176
f 170/175/175 32/176/176 169/177/177
f 169/177/177 32/176/176 33/178/178
f 169/177/177 33/178/178 168/179/179
f 168/179/179 33/178/178 34/180/180
f 168/179/179 34/180/180 167/181/181
f 167/181/181 34/180/180 35/182/182
f 167/181/181 35/182/182 190/183/183
f 190/183/183 35/182/182 36/184/184
f 190/183/183 36/184/184 189/185/185
f 189/185/185 36/184/184 37/186/186
f 189/185/185 37/186/186 686/187/187
f 686/187/187 37/186/186 38/188/188
f 686/187/187 38/188/188 39/189/189
f 686/187/187 39/189/189 685/190/190
f 685/190/190 39/189/189 40/191/191
f 685/190/190 40/191/191 684/192/192
f 684/192/192 40/191/191 41/193/193
f 684/192/192 41/193/193 683/194/194
f 683/194/194 41/193/193 42/195/195
f 683/194/194 42/195/195 682/196/196
f 682/196/196 42/195/195 681/197/197
f 681/197/197 42/195/195 43/198/198
f 681/197/197 43/198/198 680/199/199
f 680/199/199 43/198/198 44/200/200
f 680/199/199 44/200/200 679/201/201
f 679/201/201 44/200/200 678/202/202
f 678/202/202 44/200/200 20/61/61
f 678/202/202 20/61/61 677/203/203
f 677/203/203 20/61/61 709/117/117
f 44/200/200 45/204/204 20/61/61
f 20/61/61 45/204/204 46/163/163
f 48/205/205 154/206/206 47/207/207
f 47/207/207 154/206/206 155/208/208
f 47/207/207 155/208/208 70/209/209
f 70/209/209 155/208/208 156/210/210
f 70/209/209 156/210/210 69/211/211
f 69/211/211 156/210/210 157/212/212
f 69/211/211 157/212/212 68/213/213
f 68/213/213 157/212/212 158/214/214
f 68/213/213 158/214/214 67/215/215
f 67/215/215 158/214/214 159/216/216
f 67/215/215 159/216/216 66/217/217
f 66/217/217 159/216/216 160/218/218
f 66/217/217 160/218/218 65/219/219
f 65/219/219 160/218/218 161/220/220
f 65/219/219 161/220/220 22/53/53
f 22/53/53 161/220/220 1145/221/221
f 22/53/53 1145/221/221 1049/133/133
f 1049/133/133 1145/221/221 1048/222/222
f 1048/222/222 1145/221/221 1146/223/223
f 1048/222/222 1146/223/223 1047/224/224
f 1047/224/224 1146/223/223 1147/225/225
f 1047/224/224 1147/225/225 1046/226/226
f 1046/226/226 1147/225/225 1148/227/227
f 1046/226/226 1148/227/227 1045/228/228
f 1045/228/228 1148/227/227 1149/229/229
f 1045/228/228 1149/229/229 1044/230/230
f 1044/230/230 1149/229/229 1150/231/231
f 1044/230/230 1150/231/231 1043/232/232
f 1043/232/232 1150/231/231 1127/233/233
f 1043/232/232 1127/233/233 1042/234/234
f 1042/234/234 1127/233/233 1128/235/235
f 1042/234/234 1128/235/235 1041/236/236
f 1041/236/236 1128/235/235 1129/237/237
f 1041/236/236 1129/237/237 1040/238/238
f 1040/238/238 1129/237/237 1130/239/239
f 1040/238/238 1130/239/239 1039/240/240
f 1039/240/240 1130/239/239 1131/241/241
f 1039/240/240 1131/241/241 1038/242/242
f 1038/242/242 1131/241/241 1132/243/243
f 1038/242/242 1132/243/243 1037/244/244
f 1037/244/244 1132/243/243 1133/245/245
f 1037/244/244 1133/245/245 368/246/246
f 368/246/246 1133/245/245 408/247/247
f 368/246/246 408/247/247 409/248/248
f 154/206/206 48/205/205 153/249/249
f 153/249/249 48/205/205 49/250/250
f 153/249/249 49/250/250 152/251/251
f 152/251/251 49/250/250 50/252/252
f 152/251/251 50/252/252 151/253/253
f 151/253/253 50/252/252 51/254/254
f 151/253/253 51/254/254 150/255/255
f 150/255/255 51/254/254 52/256/256
f 150/255/255 52/256/256 149/257/257
f 149/257/257 52/256/256 53/258/258
f 149/257/257 53/258/258 764/259/259
f 764/259/259 53/258/258 441/260/260
f 764/259/259 441/260/260 442/261/261
f 441/260/260 53/258/258 440/262/262
f 440/262/262 53/258/258 54/263/263
f 440/262/262 54/263/263 439/264/264
f 439/264/264 54/263/263 55/265/265
f 439/264/264 55/265/265 438/266/266
f 438/266/266 55/265/265 56/267/267
f 438/266/266 56/267/267 57/268/268
f 57/268/268 58/269/269 438/266/266
f 438/266/266 58/269/269 437/270/270
f 437/270/270 58/269/269 59/271/271
f 437/270/270 59/271/271 60/272/272
f 61/273/273 1197/274/274 60/272/272
f 60/272/272 1197/274/274 1198/275/275
f 60/272/272 1198/275/275 437/270/270
f 437/270/270 1198/275/275 868/276/276
f 437/270/270 868/276/276 436/277/277
f 436/277/277 868/276/276 869/278/278
f 436/277/277 869/278/278 435/279/279
f 435/279/279 869/278/278 870/280/280
f 435/279/279 870/280/280 434/281/281
f 434/281/281 870/280/280 871/282/282
f 434/281/281 871/282/282 433/283/283
f 433/283/283 871/282/282 872/284/284
f 433/283/283 872/284/284 432/285/285
f 432/285/285 872/284/284 873/286/286
f 432/285/285 873/286/286 431/287/287
f 431/287/287 873/286/286 874/288/288
f 431/287/287 874/288/288 430/289/289
f 430/289/289 874/288/288 842/290/290
f 430/289/289 842/290/290 429/291/291
f 429/291/291 842/290/290 843/292/292
f 429/291/291 843/292/292 428/293/293
f 428/293/293 843/292/292 844/294/294
f 428/293/293 844/294/294 427/295/295
f 427/295/295 844/294/294 845/296/296
f 427/295/295 845/296/296 426/297/297
f 426/297/297 845/296/296 846/298/298
f 426/297/297 846/298/298 425/299/299
f 425/299/299 846/298/298 847/300/300
f 425/299/299 847/300/300 424/301/301
f 424/301/301 847/300/300 633/302/302
f 424/301/301 633/302/302 634/303/303
f 1197/274/274 61/273/273 1196/304/304
f 1196/304/304 61/273/273 62/305/305
f 1196/304/304 62/305/305 1195/306/306
f 1195/306/306 62/305/305 63/307/307
f 1195/306/306 63/307/307 1194/308/308
f 1194/308/308 63/307/307 64/309/309
f 1194/308/308 64/309/309 22/53/53
f 22/53/53 64/309/309 65/219/219
f 72/310/310 178/311/311 71/312/312
f 71/312/312 178/311/311 179/313/313
f 71/312/312 179/313/313 94/314/314
f 94/314/314 179/313/313 180/315/315
f 94/314/314 180/315/315 93/316/316
f 93/316/316 180/315/315 181/317/317
f 93/316/316 181/317/317 92/318/318
f 92/318/318 181/317/317 182/319/319
f 92/318/318 182/319/319 91/320/320
f 91/320/320 182/319/319 183/321/321
f 91/320/320 183/321/321 90/322/322
f 90/322/322 183/321/321 184/323/323
f 90/322/322 184/323/323 89/324/324
f 89/324/324 184/323/323 185/325/325
f 89/324/324 185/325/325 947/326/326
f 947/326/326 185/325/325 292/327/327
f 947/326/326 292/327/327 946/328/328
f 946/328/328 292/327/327 293/329/329
f 946/328/328 293/329/329 945/330/330
f 945/330/330 293/329/329 294/331/331
f 945/330/330 294/331/331 944/332/332
f 944/332/332 294/331/331 295/333/333
f 944/332/332 295/333/333 943/334/334
f 943/334/334 295/333/333 296/335/335
f 943/334/334 296/335/335 942/336/336
f 942/336/336 296/335/335 297/337/337
f 942/336/336 297/337/337 941/338/338
f 941/338/338 297/337/337 298/339/339
f 941/338/338 298/339/339 973/340/340
f 973/340/340 298/339/339 299/341/341
f 973/340/340 299/341/341 972/342/342
f 972/342/342 299/341/341 300/343/343
f 972/342/342 300/343/343 971/344/344
f 971/344/344 300/343/343 301/345/345
f 971/344/344 301/345/345 970/346/346
f 970/346/346 301/345/345 302/347/347
f 970/346/346 302/347/347 969/348/348
f 969/348/348 302/347/347 781/349/349
f 969/348/348 781/349/349 782/350/350
f 178/311/311 72/310/310 177/351/351
f 177/351/351 72/310/310 73/352/352
f 177/351/351 73/352/352 176/353/353
f 176/353/353 73/352/352 74/354/354
f 176/353/353 74/354/354 175/355/355
f 175/355/355 74/354/354 75/356/356
f 175/355/355 75/356/356 174/357/357
f 174/357/357 75/356/356 76/358/358
f 174/357/357 76/358/358 173/359/359
f 173/359/359 76/358/358 77/360/360
f 173/359/359 77/360/360 20/61/61
f 20/61/61 77/360/360 1061/361/361
f 20/61/61 1061/361/361 1157/62/62
f 1157/62/62 1061/361/361 1156/362/362
f 1156/362/362 1061/361/361 1062/363/363
f 1156/362/362 1062/363/363 1155/364/364
f 1155/364/364 1062/363/363 1063/365/365
f 1155/364/364 1063/365/365 1154/366/366
f 1154/366/366 1063/365/365 1064/367/367
f 1154/366/366 1064/367/367 1153/368/368
f 1153/368/368 1064/367/367 1065/369/369
f 1153/368/368 1065/369/369 1152/370/370
f 1152/370/370 1065/369/369 1066/371/371
f 1152/370/370 1066/371/371 1151/372/372
f 1151/372/372 1066/371/371 1067/373/373
f 1151/372/372 1067/373/373 1174/374/374
f 1174/374/374 1067/373/373 1068/375/375
f 1174/374/374 1068/375/375 1173/376/376
f 1173/376/376 1068/375/375 1069/377/377
f 1173/376/376 1069/377/377 1172/378/378
f 1172/378/378 1069/377/377 1070/379/379
f 1172/378/378 1070/379/379 1171/380/380
f 1171/380/380 1070/379/379 1071/381/381
f 1171/380/380 1071/381/381 1170/382/382
f 1170/382/382 1071/381/381 1072/383/383
f 1170/382/382 1072/383/383 1169/384/384
f 1169/384/384 1072/383/383 1073/385/385
f 1169/384/384 1073/385/385 254/386/386
f 254/386/386 1073/385/385 226/387/387
f 254/386/386 226/387/387 253/388/388
f 253/388/388 226/387/387 227/389/389
f 253/388/388 227/389/389 252/390/390
f 252/390/390 227/389/389 228/391/391
f 252/390/390 228/391/391 251/392/392
f 251/392/392 228/391/391 229/393/393
f 251/392/392 229/393/393 250/394/394
f 250/394/394 229/393/393 230/395/395
f 250/394/394 230/395/395 249/396/396
f 249/396/396 230/395/395 231/397/397
f 249/396/396 231/397/397 248/398/398
f 248/398/398 231/397/397 232/399/399
f 248/398/398 232/399/399 280/400/400
f 280/400/400 232/399/399 233/401/401
f 280/400/400 233/401/401 279/402/402
f 279/402/402 233/401/401 234/403/403
f 279/402/402 234/403/403 278/404/404
f 278/404/404 234/403/403 235/405/405
f 278/404/404 235/405/405 277/406/406
f 277/406/406 235/405/405 236/407/407
f 277/406/406 236/407/407 276/408/408
f 276/408/408 236/407/407 484/409/409
f 276/408/408 484/409/409 485/410/410
f 1061/361/361 77/360/360 1060/411/411
f 1060/411/411 77/360/360 78/412/412
f 1060/411/411 78/412/412 1059/413/413
f 1059/413/413 78/412/412 79/414/414
f 1059/413/413 79/414/414 1058/415/415
f 1058/415/415 79/414/414 80/416/416
f 1058/415/415 80/416/416 1057/417/417
f 1057/417/417 80/416/416 81/418/418
f 1057/417/417 81/418/418 1056/419/419
f 1056/419/419 81/418/418 82/420/420
f 1056/419/419 82/420/420 1055/421/421
f 1055/421/421 82/420/420 83/422/422
f 1055/421/421 83/422/422 1078/423/423
f 1078/423/423 83/422/422 84/424/424
f 1078/423/423 84/424/424 1077/425/425
f 1077/425/425 84/424/424 85/426/426
f 1077/425/425 85/426/426 950/427/427
f 950/427/427 85/426/426 86/428/428
f 950/427/427 86/428/428 87/429/429
f 950/427/427 87/429/429 949/430/430
f 949/430/430 87/429/429 88/431/431
f 949/430/430 88/431/431 948/432/432
f 948/432/432 88/431/431 89/324/324
f 948/432/432 89/324/324 947/326/326
f 101/64/64 102/433/433 21/51/51
f 21/51/51 102/433/433 1084/434/434
f 21/51/51 1084/434/434 1085/435/435
f 1084/434/434 102/433/433 1083/436/436
f 1083/436/436 102/433/433 103/437/437
f 1083/436/436 103/437/437 1082/438/438
f 1082/438/438 103/437/437 104/439/439
f 1082/438/438 104/439/439 1081/440/440
f 1081/440/440 104/439/439 105/441/441
f 1081/440/440 105/441/441 1080/442/442
f 1080/442/442 105/441/441 106/443/443
f 1080/442/442 106/443/443 1079/444/444
f 1079/444/444 106/443/443 107/445/445
f 1079/444/444 107/445/445 1102/446/446
f 1102/446/446 107/445/445 108/447/447
f 1102/446/446 108/447/447 1101/448/448
f 1101/448/448 108/447/447 109/449/449
f 1101/448/448 109/449/449 983/450/450
f 983/450/450 109/449/449 110/451/451
f 983/450/450 110/451/451 111/452/452
f 983/450/450 111/452/452 982/453/453
f 982/453/453 111/452/452 112/454/454
f 982/453/453 112/454/454 981/455/455
f 981/455/455 112/454/454 113/87/87
f 981/455/455 113/87/87 980/89/89
f 142/456/456 119/457/457 19/114/114
f 19/114/114 119/457/457 120/458/458
f 19/114/114 120/458/458 121/459/459
f 122/460/460 940/461/461 121/459/459
f 121/459/459 940/461/461 908/462/462
f 121/459/459 908/462/462 19/114/114
f 19/114/114 908/462/462 909/463/463
f 19/114/114 909/463/463 841/464/464
f 841/464/464 909/463/463 910/465/465
f 841/464/464 910/465/465 840/466/466
f 840/466/466 910/465/465 911/467/467
f 840/466/466 911/467/467 839/468/468
f 839/468/468 911/467/467 838/469/469
f 838/469/469 911/467/467 912/470/470
f 838/469/469 912/470/470 837/471/471
f 837/471/471 912/470/470 913/472/472
f 837/471/471 913/472/472 836/473/473
f 836/473/473 913/472/472 914/474/474
f 836/473/473 914/474/474 835/475/475
f 835/475/475 914/474/474 915/476/476
f 835/475/475 915/476/476 834/477/477
f 834/477/477 915/476/476 916/478/478
f 834/477/477 916/478/478 917/479/479
f 940/461/461 122/460/460 939/480/480
f 939/480/480 122/460/460 123/481/481
f 939/480/480 123/481/481 938/482/482
f 938/482/482 123/481/481 124/483/483
f 938/482/482 124/483/483 937/484/484
f 937/484/484 124/483/483 936/485/485
f 936/485/485 124/483/483 125/486/486
f 936/485/485 125/486/486 935/487/487
f 935/487/487 125/486/486 126/488/488
f 935/487/487 126/488/488 934/489/489
f 934/489/489 126/488/488 127/490/490
f 934/489/489 127/490/490 933/491/491
f 933/491/491 127/490/490 128/492/492
f 933/491/491 128/492/492 129/493/493
f 129/493/493 130/494/494 933/491/491
f 933/491/491 130/494/494 932/495/495
f 932/495/495 130/494/494 131/496/496
f 932/495/495 131/496/496 132/497/497
f 133/498/498 1029/499/499 132/497/497
f 132/497/497 1029/499/499 1030/500/500
f 132/497/497 1030/500/500 932/495/495
f 932/495/495 1030/500/500 571/501/501
f 932/495/495 571/501/501 931/502/502
f 931/502/502 571/501/501 572/503/503
f 931/502/502 572/503/503 930/504/504
f 930/504/504 572/503/503 573/505/505
f 930/504/504 573/505/505 929/506/506
f 929/506/506 573/505/505 574/507/507
f 929/506/506 574/507/507 928/508/508
f 928/508/508 574/507/507 575/509/509
f 928/508/508 575/509/509 927/510/510
f 927/510/510 575/509/509 576/511/511
f 927/510/510 576/511/511 926/512/512
f 926/512/512 576/511/511 577/513/513
f 926/512/512 577/513/513 925/514/514
f 925/514/514 577/513/513 545/515/515
f 925/514/514 545/515/515 924/516/516
f 924/516/516 545/515/515 546/517/517
f 924/516/516 546/517/517 923/518/518
f 923/518/518 546/517/517 547/519/519
f 923/518/518 547/519/519 922/520/520
f 922/520/520 547/519/519 548/521/521
f 922/520/520 548/521/521 921/522/522
f 921/522/522 548/521/521 549/523/523
f 921/522/522 549/523/523 920/524/524
f 920/524/524 549/523/523 550/525/525
f 920/524/524 550/525/525 919/526/526
f 919/526/526 550/525/525 831/527/527
f 919/526/526 831/527/527 832/528/528
f 1029/499/499 133/498/498 1028/529/529
f 1028/529/529 133/498/498 134/530/530
f 1028/529/529 134/530/530 1027/531/531
f 1027/531/531 134/530/530 135/532/532
f 1027/531/531 135/532/532 1026/533/533
f 1026/533/533 135/532/532 136/534/534
f 1026/533/533 136/534/534 19/114/114
f 19/114/114 136/534/534 137/535/535
f 19/114/114 137/535/535 138/536/536
f 138/536/536 139/537/537 19/114/114
f 19/114/114 139/537/537 140/538/538
f 19/114/114 140/538/538 141/539/539
f 141/539/539 142/456/456 19/114/114
f 144/540/540 768/541/541 143/542/542
f 143/542/542 768/541/541 769/543/543
f 143/542/542 769/543/543 166/544/544
f 166/544/544 769/543/543 404/545/545
f 166/544/544 404/545/545 1140/546/546
f 1140/546/546 404/545/545 1139/547/547
f 1139/547/547 404/545/545 1138/548/548
f 1138/548/548 404/545/545 405/549/549
f 1138/548/548 405/549/549 1137/550/550
f 1137/550/550 405/549/549 1136/551/551
f 1136/551/551 405/549/549 1135/552/552
f 1135/552/552 405/549/549 406/553/553
f 1135/552/552 406/553/553 1134/554/554
f 1134/554/554 406/553/553 407/555/555
f 1134/554/554 407/555/555 1133/245/245
f 1133/245/245 407/555/555 408/247/247
f 144/540/540 145/556/556 768/541/541
f 768/541/541 145/556/556 767/557/557
f 767/557/557 145/556/556 146/558/558
f 767/557/557 146/558/558 147/559/559
f 767/557/557 147/559/559 766/560/560
f 766/560/560 147/559/559 148/561/561
f 766/560/560 148/561/561 765/562/562
f 765/562/562 148/561/561 149/257/257
f 765/562/562 149/257/257 764/259/259
f 1145/221/221 161/220/220 1144/563/563
f 1144/563/563 161/220/220 162/564/564
f 1144/563/563 162/564/564 1143/565/565
f 1143/565/565 162/564/564 163/566/566
f 1143/565/565 163/566/566 1142/567/567
f 1142/567/567 163/566/566 164/568/568
f 1142/567/567 164/568/568 1141/569/569
f 1141/569/569 164/568/568 165/570/570
f 1141/569/569 165/570/570 1140/546/546
f 1140/546/546 165/570/570 166/544/544
f 172/172/172 173/359/359 20/61/61
f 186/571/571 290/572/572 185/325/325
f 185/325/325 290/572/572 291/573/573
f 185/325/325 291/573/573 292/327/327
f 186/571/571 187/574/574 290/572/572
f 290/572/572 187/574/574 289/575/575
f 289/575/575 187/574/574 188/576/576
f 289/575/575 188/576/576 288/577/577
f 288/577/577 188/576/576 189/185/185
f 288/577/577 189/185/185 686/187/187
f 192/578/578 1162/579/579 191/580/580
f 191/580/580 1162/579/579 1163/581/581
f 191/580/580 1163/581/581 214/582/582
f 214/582/582 1163/581/581 1164/583/583
f 214/582/582 1164/583/583 213/584/584
f 213/584/584 1164/583/583 1165/585/585
f 213/584/584 1165/585/585 257/586/586
f 257/586/586 1165/585/585 1166/587/587
f 257/586/586 1166/587/587 1167/588/588
f 1162/579/579 192/578/578 1161/589/589
f 1161/589/589 192/578/578 193/590/590
f 1161/589/589 193/590/590 1160/591/591
f 1160/591/591 193/590/590 194/592/592
f 1160/591/591 194/592/592 1159/593/593
f 1159/593/593 194/592/592 195/594/594
f 1159/593/593 195/594/594 1158/595/595
f 1158/595/595 195/594/594 196/596/596
f 1158/595/595 196/596/596 1157/62/62
f 1157/62/62 196/596/596 197/63/63
f 210/597/597 884/598/598 209/88/88
f 209/88/88 884/598/598 885/599/599
f 209/88/88 885/599/599 886/90/90
f 210/597/597 211/600/600 884/598/598
f 884/598/598 211/600/600 883/601/601
f 883/601/601 211/600/600 212/602/602
f 883/601/601 212/602/602 882/603/603
f 882/603/603 212/602/602 213/584/584
f 882/603/603 213/584/584 257/586/586
f 216/604/604 957/605/605 215/606/606
f 215/606/606 957/605/605 958/607/607
f 215/606/606 958/607/607 247/608/608
f 247/608/608 958/607/607 959/609/609
f 247/608/608 959/609/609 246/610/610
f 246/610/610 959/609/609 960/611/611
f 246/610/610 960/611/611 245/612/612
f 245/612/612 960/611/611 961/613/613
f 245/612/612 961/613/613 244/614/614
f 244/614/614 961/613/613 962/615/615
f 244/614/614 962/615/615 243/616/616
f 243/616/616 962/615/615 963/617/617
f 243/616/616 963/617/617 242/618/618
f 242/618/618 963/617/617 452/619/619
f 242/618/618 452/619/619 241/620/620
f 241/620/620 452/619/619 453/621/621
f 241/620/620 453/621/621 240/622/622
f 240/622/622 453/621/621 454/623/623
f 240/622/622 454/623/623 455/624/624
f 957/605/605 216/604/604 956/625/625
f 956/625/625 216/604/604 217/626/626
f 956/625/625 217/626/626 955/627/627
f 955/627/627 217/626/626 218/628/628
f 955/627/627 218/628/628 954/629/629
f 954/629/629 218/628/628 219/630/630
f 954/629/629 219/630/630 953/631/631
f 953/631/631 219/630/630 220/632/632
f 953/631/631 220/632/632 952/633/633
f 952/633/633 220/632/632 221/634/634
f 952/633/633 221/634/634 951/635/635
f 951/635/635 221/634/634 222/636/636
f 951/635/635 222/636/636 950/427/427
f 950/427/427 222/636/636 1077/425/425
f 1077/425/425 222/636/636 1076/637/637
f 1076/637/637 222/636/636 223/638/638
f 1076/637/637 223/638/638 1075/639/639
f 1075/639/639 223/638/638 224/640/640
f 1075/639/639 224/640/640 1074/641/641
f 1074/641/641 224/640/640 1073/385/385
f 1073/385/385 224/640/640 225/642/642
f 1073/385/385 225/642/642 226/387/387
f 484/409/409 236/407/407 458/643/643
f 458/643/643 236/407/407 237/644/644
f 458/643/643 237/644/644 457/645/645
f 457/645/645 237/644/644 238/646/646
f 457/645/645 238/646/646 456/647/647
f 456/647/647 238/646/646 239/648/648
f 456/647/647 239/648/648 455/624/624
f 455/624/624 239/648/648 240/622/622
f 254/386/386 255/649/649 1169/384/384
f 1169/384/384 255/649/649 1168/650/650
f 1168/650/650 255/649/649 256/651/651
f 1168/650/650 256/651/651 1167/588/588
f 1167/588/588 256/651/651 257/586/586
f 257/586/586 258/652/652 882/603/603
f 882/603/603 258/652/652 881/653/653
f 881/653/653 258/652/652 259/654/654
f 881/653/653 259/654/654 880/655/655
f 880/655/655 259/654/654 260/656/656
f 880/655/655 260/656/656 879/657/657
f 879/657/657 260/656/656 261/658/658
f 879/657/657 261/658/658 878/659/659
f 878/659/659 261/658/658 262/660/660
f 878/659/659 262/660/660 877/661/661
f 877/661/661 262/660/660 263/662/662
f 877/661/661 263/662/662 876/663/663
f 876/663/663 263/662/662 264/664/664
f 876/663/663 264/664/664 875/665/665
f 875/665/665 264/664/664 265/666/666
f 875/665/665 265/666/666 907/667/667
f 907/667/667 265/666/666 266/668/668
f 907/667/667 266/668/668 906/669/669
f 906/669/669 266/668/668 267/670/670
f 906/669/669 267/670/670 905/671/671
f 905/671/671 267/670/670 268/672/672
f 905/671/671 268/672/672 904/673/673
f 904/673/673 268/672/672 269/674/674
f 904/673/673 269/674/674 903/675/675
f 903/675/675 269/674/674 270/676/676
f 903/675/675 270/676/676 902/677/677
f 902/677/677 270/676/676 320/678/678
f 902/677/677 320/678/678 901/679/679
f 901/679/679 320/678/678 321/680/680
f 901/679/679 321/680/680 900/681/681
f 900/681/681 321/680/680 322/682/682
f 900/681/681 322/682/682 323/683/683
f 271/684/684 490/685/685 270/676/676
f 270/676/676 490/685/685 319/686/686
f 270/676/676 319/686/686 320/678/678
f 490/685/685 271/684/684 489/687/687
f 489/687/687 271/684/684 272/688/688
f 489/687/687 272/688/688 488/689/689
f 488/689/689 272/688/688 273/690/690
f 488/689/689 273/690/690 487/691/691
f 487/691/691 273/690/690 486/692/692
f 486/692/692 273/690/690 274/693/693
f 486/692/692 274/693/693 485/410/410
f 485/410/410 274/693/693 275/694/694
f 485/410/410 275/694/694 276/408/408
f 282/695/695 693/696/696 281/697/697
f 281/697/697 693/696/696 694/698/698
f 281/697/697 694/698/698 313/699/699
f 313/699/699 694/698/698 695/700/700
f 313/699/699 695/700/700 312/701/701
f 312/701/701 695/700/700 696/702/702
f 312/701/701 696/702/702 311/703/703
f 311/703/703 696/702/702 697/704/704
f 311/703/703 697/704/704 310/705/705
f 310/705/705 697/704/704 698/706/706
f 310/705/705 698/706/706 309/707/707
f 309/707/707 698/706/706 699/708/708
f 309/707/707 699/708/708 308/709/709
f 308/709/709 699/708/708 518/710/710
f 308/709/709 518/710/710 307/711/711
f 307/711/711 518/710/710 519/712/712
f 307/711/711 519/712/712 306/713/713
f 306/713/713 519/712/712 520/714/714
f 306/713/713 520/714/714 521/715/715
f 693/696/696 282/695/695 692/716/716
f 692/716/716 282/695/695 283/717/717
f 692/716/716 283/717/717 691/718/718
f 691/718/718 283/717/717 284/719/719
f 691/718/718 284/719/719 690/720/720
f 690/720/720 284/719/719 285/721/721
f 690/720/720 285/721/721 689/722/722
f 689/722/722 285/721/721 286/723/723
f 689/722/722 286/723/723 688/724/724
f 688/724/724 286/723/723 287/725/725
f 688/724/724 287/725/725 687/726/726
f 687/726/726 287/725/725 288/577/577
f 687/726/726 288/577/577 686/187/187
f 781/349/349 302/347/347 524/727/727
f 524/727/727 302/347/347 303/728/728
f 524/727/727 303/728/728 523/729/729
f 523/729/729 303/728/728 304/730/730
f 523/729/729 304/730/730 522/731/731
f 522/731/731 304/730/730 305/732/732
f 522/731/731 305/732/732 521/715/715
f 521/715/715 305/732/732 306/713/713
f 315/733/733 495/734/734 314/735/735
f 314/735/735 495/734/734 496/736/736
f 314/735/735 496/736/736 346/737/737
f 346/737/737 496/736/736 497/738/738
f 346/737/737 497/738/738 345/739/739
f 345/739/739 497/738/738 498/740/740
f 345/739/739 498/740/740 344/741/741
f 344/741/741 498/740/740 499/742/742
f 344/741/741 499/742/742 343/743/743
f 343/743/743 499/742/742 500/744/744
f 343/743/743 500/744/744 342/745/745
f 342/745/745 500/744/744 501/746/746
f 342/745/745 501/746/746 341/747/747
f 341/747/747 501/746/746 749/748/748
f 341/747/747 749/748/748 340/749/749
f 340/749/749 749/748/748 750/750/750
f 340/749/749 750/750/750 339/751/751
f 339/751/751 750/750/750 751/752/752
f 339/751/751 751/752/752 752/753/753
f 495/734/734 315/733/733 494/754/754
f 494/754/754 315/733/733 316/755/755
f 494/754/754 316/755/755 493/756/756
f 493/756/756 316/755/755 317/757/757
f 493/756/756 317/757/757 492/758/758
f 492/758/758 317/757/757 318/759/759
f 492/758/758 318/759/759 491/760/760
f 491/760/760 318/759/759 319/686/686
f 491/760/760 319/686/686 490/685/685
f 900/681/681 323/683/683 899/761/761
f 899/761/761 323/683/683 324/762/762
f 899/761/761 324/762/762 898/763/763
f 898/763/763 324/762/762 325/764/764
f 898/763/763 325/764/764 897/765/765
f 897/765/765 325/764/764 326/766/766
f 897/765/765 326/766/766 896/110/110
f 896/110/110 326/766/766 616/112/112
f 616/112/112 326/766/766 615/767/767
f 615/767/767 326/766/766 327/768/768
f 615/767/767 327/768/768 614/769/769
f 614/769/769 327/768/768 328/770/770
f 614/769/769 328/770/770 613/771/771
f 613/771/771 328/770/770 329/772/772
f 613/771/771 329/772/772 612/773/773
f 612/773/773 329/772/772 330/774/774
f 612/773/773 330/774/774 611/775/775
f 611/775/775 330/774/774 331/776/776
f 611/775/775 331/776/776 643/777/777
f 643/777/777 331/776/776 332/778/778
f 643/777/777 332/778/778 642/779/779
f 642/779/779 332/778/778 333/780/780
f 642/779/779 333/780/780 641/781/781
f 641/781/781 333/780/780 334/782/782
f 641/781/781 334/782/782 640/783/783
f 640/783/783 334/782/782 335/784/784
f 640/783/783 335/784/784 639/785/785
f 639/785/785 335/784/784 418/786/786
f 639/785/785 418/786/786 419/787/787
f 418/786/786 335/784/784 755/788/788
f 755/788/788 335/784/784 336/789/789
f 755/788/788 336/789/789 754/790/790
f 754/790/790 336/789/789 337/791/791
f 754/790/790 337/791/791 753/792/792
f 753/792/792 337/791/791 338/793/793
f 753/792/792 338/793/793 752/753/753
f 752/753/753 338/793/793 339/751/751
f 348/794/794 594/795/795 347/796/796
f 347/796/796 594/795/795 595/797/797
f 347/796/796 595/797/797 379/798/798
f 379/798/798 595/797/797 596/799/799
f 379/798/798 596/799/799 378/800/800
f 378/800/800 596/799/799 597/801/801
f 378/800/800 597/801/801 377/802/802
f 377/802/802 597/801/801 598/803/803
f 377/802/802 598/803/803 376/804/804
f 376/804/804 598/803/803 599/805/805
f 376/804/804 599/805/805 375/806/806
f 375/806/806 599/805/805 600/807/807
f 375/806/806 600/807/807 374/808/808
f 374/808/808 600/807/807 601/809/809
f 374/808/808 601/809/809 373/810/810
f 373/810/810 601/809/809 602/811/811
f 373/810/810 602/811/811 1054/812/812
f 1054/812/812 602/811/811 1116/813/813
f 1054/812/812 1116/813/813 1053/814/814
f 1053/814/814 1116/813/813 1117/815/815
f 1053/814/814 1117/815/815 1052/816/816
f 1052/816/816 1117/815/815 1118/817/817
f 1052/816/816 1118/817/817 1051/818/818
f 1051/818/818 1118/817/817 1119/819/819
f 1051/818/818 1119/819/819 1050/820/820
f 1050/820/820 1119/819/819 1120/821/821
f 1050/820/820 1120/821/821 1049/133/133
f 1049/133/133 1120/821/821 1121/134/134
f 594/795/795 348/794/794 593/822/822
f 593/822/822 348/794/794 349/823/823
f 593/822/822 349/823/823 592/824/824
f 592/824/824 349/823/823 350/825/825
f 592/824/824 350/825/825 591/826/826
f 591/826/826 350/825/825 351/827/827
f 591/826/826 351/827/827 590/828/828
f 590/828/828 351/827/827 352/829/829
f 590/828/828 352/829/829 589/830/830
f 589/830/830 352/829/829 798/831/831
f 589/830/830 798/831/831 799/832/832
f 352/829/829 353/833/833 798/831/831
f 798/831/831 353/833/833 473/834/834
f 798/831/831 473/834/834 474/835/835
f 473/834/834 353/833/833 472/836/836
f 472/836/836 353/833/833 354/837/837
f 472/836/836 354/837/837 471/838/838
f 471/838/838 354/837/837 355/839/839
f 471/838/838 355/839/839 356/840/840
f 471/838/838 356/840/840 470/841/841
f 470/841/841 356/840/840 357/842/842
f 470/841/841 357/842/842 469/843/843
f 469/843/843 357/842/842 358/844/844
f 469/843/843 358/844/844 468/845/845
f 468/845/845 358/844/844 359/846/846
f 468/845/845 359/846/846 467/847/847
f 467/847/847 359/846/846 385/848/848
f 467/847/847 385/848/848 507/849/849
f 507/849/849 385/848/848 386/850/850
f 507/849/849 386/850/850 506/851/851
f 506/851/851 386/850/850 505/852/852
f 505/852/852 386/850/850 387/853/853
f 505/852/852 387/853/853 504/854/854
f 504/854/854 387/853/853 388/855/855
f 504/854/854 388/855/855 389/856/856
f 385/848/848 359/846/846 384/857/857
f 384/857/857 359/846/846 360/858/858
f 384/857/857 360/858/858 383/859/859
f 383/859/859 360/858/858 361/860/860
f 383/859/859 361/860/860 382/861/861
f 382/861/861 361/860/860 362/862/862
f 382/861/861 362/862/862 381/863/863
f 381/863/863 362/862/862 363/864/864
f 381/863/863 363/864/864 380/865/865
f 380/865/865 363/864/864 364/866/866
f 380/865/865 364/866/866 412/867/867
f 412/867/867 364/866/866 365/868/868
f 412/867/867 365/868/868 411/869/869
f 411/869/869 365/868/868 366/870/870
f 411/869/869 366/870/870 410/871/871
f 410/871/871 366/870/870 367/872/872
f 410/871/871 367/872/872 409/248/248
f 409/248/248 367/872/872 368/246/246
f 368/246/246 369/873/873 1037/244/244
f 1037/244/244 369/873/873 1036/874/874
f 1036/874/874 369/873/873 370/875/875
f 1036/874/874 370/875/875 1035/876/876
f 1035/876/876 370/875/875 371/877/877
f 1035/876/876 371/877/877 1034/878/878
f 1034/878/878 371/877/877 1033/879/879
f 1033/879/879 371/877/877 372/880/880
f 1033/879/879 372/880/880 1032/881/881
f 1032/881/881 372/880/880 1031/882/882
f 1031/882/882 372/880/880 373/810/810
f 1031/882/882 373/810/810 1054/812/812
f 504/854/854 389/856/856 503/883/883
f 503/883/883 389/856/856 390/884/884
f 503/883/883 390/884/884 502/885/885
f 502/885/885 390/884/884 391/886/886
f 502/885/885 391/886/886 501/746/746
f 501/746/746 391/886/886 748/887/887
f 501/746/746 748/887/887 749/748/748
f 391/886/886 392/888/888 748/887/887
f 748/887/887 392/888/888 747/889/889
f 747/889/889 392/888/888 393/890/890
f 747/889/889 393/890/890 746/891/891
f 746/891/891 393/890/890 394/892/892
f 746/891/891 394/892/892 745/893/893
f 745/893/893 394/892/892 395/894/894
f 745/893/893 395/894/894 744/895/895
f 744/895/895 395/894/894 396/896/896
f 744/895/895 396/896/896 743/897/897
f 743/897/897 396/896/896 397/898/898
f 743/897/897 397/898/898 775/899/899
f 775/899/899 397/898/898 398/900/900
f 775/899/899 398/900/900 774/901/901
f 774/901/901 398/900/900 399/902/902
f 774/901/901 399/902/902 773/903/903
f 773/903/903 399/902/902 400/904/904
f 773/903/903 400/904/904 772/905/905
f 772/905/905 400/904/904 401/906/906
f 772/905/905 401/906/906 771/907/907
f 771/907/907 401/906/906 402/908/908
f 771/907/907 402/908/908 770/909/909
f 770/909/909 402/908/908 403/910/910
f 770/909/909 403/910/910 769/543/543
f 769/543/543 403/910/910 404/545/545
f 414/911/911 759/912/912 413/913/913
f 413/913/913 759/912/912 760/914/914
f 413/913/913 760/914/914 445/915/915
f 445/915/915 760/914/914 761/916/916
f 445/915/915 761/916/916 444/917/917
f 444/917/917 761/916/916 762/918/918
f 444/917/917 762/918/918 443/919/919
f 443/919/919 762/918/918 763/920/920
f 443/919/919 763/920/920 442/261/261
f 442/261/261 763/920/920 764/259/259
f 759/912/912 414/911/911 758/921/921
f 758/921/921 414/911/911 415/922/922
f 758/921/921 415/922/922 757/923/923
f 757/923/923 415/922/922 416/924/924
f 757/923/923 416/924/924 756/925/925
f 756/925/925 416/924/924 417/926/926
f 756/925/925 417/926/926 755/788/788
f 755/788/788 417/926/926 418/786/786
f 420/927/927 637/928/928 419/787/787
f 419/787/787 637/928/928 638/929/929
f 419/787/787 638/929/929 639/785/785
f 637/928/928 420/927/927 636/930/930
f 636/930/930 420/927/927 421/931/931
f 636/930/930 421/931/931 422/932/932
f 636/930/930 422/932/932 635/933/933
f 635/933/933 422/932/932 423/934/934
f 635/933/933 423/934/934 634/303/303
f 634/303/303 423/934/934 424/301/301
f 447/935/935 792/936/936 446/937/937
f 446/937/937 792/936/936 793/938/938
f 446/937/937 793/938/938 478/939/939
f 478/939/939 793/938/938 794/940/940
f 478/939/939 794/940/940 477/941/941
f 477/941/941 794/940/940 795/942/942
f 477/941/941 795/942/942 476/943/943
f 476/943/943 795/942/942 796/944/944
f 476/943/943 796/944/944 475/945/945
f 475/945/945 796/944/944 797/946/946
f 475/945/945 797/946/946 474/835/835
f 474/835/835 797/946/946 798/831/831
f 792/936/936 447/935/935 791/947/947
f 791/947/947 447/935/935 448/948/948
f 791/947/947 448/948/948 790/949/949
f 790/949/949 448/948/948 449/950/950
f 790/949/949 449/950/950 789/951/951
f 789/951/951 449/950/950 450/952/952
f 789/951/951 450/952/952 788/953/953
f 788/953/953 450/952/952 451/954/954
f 788/953/953 451/954/954 787/955/955
f 787/955/955 451/954/954 963/617/617
f 787/955/955 963/617/617 964/956/956
f 451/954/954 452/619/619 963/617/617
f 484/409/409 458/643/643 483/957/957
f 483/957/957 458/643/643 459/958/958
f 483/957/957 459/958/958 482/959/959
f 482/959/959 459/958/958 460/960/960
f 482/959/959 460/960/960 481/961/961
f 481/961/961 460/960/960 461/962/962
f 481/961/961 461/962/962 480/963/963
f 480/963/963 461/962/962 462/964/964
f 480/963/963 462/964/964 479/965/965
f 479/965/965 462/964/964 463/966/966
f 479/965/965 463/966/966 511/967/967
f 511/967/967 463/966/966 464/968/968
f 511/967/967 464/968/968 510/969/969
f 510/969/969 464/968/968 465/970/970
f 510/969/969 465/970/970 509/971/971
f 509/971/971 465/970/970 466/972/972
f 509/971/971 466/972/972 508/973/973
f 508/973/973 466/972/972 467/847/847
f 508/973/973 467/847/847 507/849/849
f 513/974/974 825/975/975 512/976/976
f 512/976/976 825/975/975 826/977/977
f 512/976/976 826/977/977 544/978/978
f 544/978/978 826/977/977 827/979/979
f 544/978/978 827/979/979 543/980/980
f 543/980/980 827/979/979 828/981/981
f 543/980/980 828/981/981 542/982/982
f 542/982/982 828/981/981 829/983/983
f 542/982/982 829/983/983 541/984/984
f 541/984/984 829/983/983 830/985/985
f 541/984/984 830/985/985 540/986/986
f 540/986/986 830/985/985 831/527/527
f 540/986/986 831/527/527 539/987/987
f 539/987/987 831/527/527 551/988/988
f 539/987/987 551/988/988 538/989/989
f 538/989/989 551/988/988 552/990/990
f 538/989/989 552/990/990 537/991/991
f 537/991/991 552/990/990 553/992/992
f 537/991/991 553/992/992 554/993/993
f 825/975/975 513/974/974 824/994/994
f 824/994/994 513/974/974 514/995/995
f 824/994/994 514/995/995 823/996/996
f 823/996/996 514/995/995 515/997/997
f 823/996/996 515/997/997 822/998/998
f 822/998/998 515/997/997 516/999/999
f 822/998/998 516/999/999 821/1000/1000
f 821/1000/1000 516/999/999 517/1001/1001
f 821/1000/1000 517/1001/1001 820/1002/1002
f 820/1002/1002 517/1001/1001 699/708/708
f 820/1002/1002 699/708/708 700/1003/1003
f 517/1001/1001 518/710/710 699/708/708
f 781/349/349 524/727/727 780/1004/1004
f 780/1004/1004 524/727/727 525/1005/1005
f 780/1004/1004 525/1005/1005 779/1006/1006
f 779/1006/1006 525/1005/1005 526/1007/1007
f 779/1006/1006 526/1007/1007 778/1008/1008
f 778/1008/1008 526/1007/1007 527/1009/1009
f 778/1008/1008 527/1009/1009 777/1010/1010
f 777/1010/1010 527/1009/1009 528/1011/1011
f 777/1010/1010 528/1011/1011 776/1012/1012
f 776/1012/1012 528/1011/1011 529/1013/1013
f 776/1012/1012 529/1013/1013 808/1014/1014
f 808/1014/1014 529/1013/1013 530/1015/1015
f 808/1014/1014 530/1015/1015 807/1016/1016
f 807/1016/1016 530/1015/1015 531/1017/1017
f 807/1016/1016 531/1017/1017 806/1018/1018
f 806/1018/1018 531/1017/1017 532/1019/1019
f 806/1018/1018 532/1019/1019 805/1020/1020
f 805/1020/1020 532/1019/1019 533/1021/1021
f 805/1020/1020 533/1021/1021 804/1022/1022
f 804/1022/1022 533/1021/1021 583/1023/1023
f 804/1022/1022 583/1023/1023 584/1024/1024
f 583/1023/1023 533/1021/1021 557/1025/1025
f 557/1025/1025 533/1021/1021 534/1026/1026
f 557/1025/1025 534/1026/1026 556/1027/1027
f 556/1027/1027 534/1026/1026 535/1028/1028
f 556/1027/1027 535/1028/1028 555/1029/1029
f 555/1029/1029 535/1028/1028 536/1030/1030
f 555/1029/1029 536/1030/1030 554/993/993
f 554/993/993 536/1030/1030 537/991/991
f 550/525/525 551/988/988 831/527/527
f 583/1023/1023 557/1025/1025 582/1031/1031
f 582/1031/1031 557/1025/1025 558/1032/1032
f 582/1031/1031 558/1032/1032 581/1033/1033
f 581/1033/1033 558/1032/1032 559/1034/1034
f 581/1033/1033 559/1034/1034 580/1035/1035
f 580/1035/1035 559/1034/1034 560/1036/1036
f 580/1035/1035 560/1036/1036 579/1037/1037
f 579/1037/1037 560/1036/1036 561/1038/1038
f 579/1037/1037 561/1038/1038 578/1039/1039
f 578/1039/1039 561/1038/1038 562/1040/1040
f 578/1039/1039 562/1040/1040 610/1041/1041
f 610/1041/1041 562/1040/1040 563/1042/1042
f 610/1041/1041 563/1042/1042 609/1043/1043
f 609/1043/1043 563/1042/1042 564/1044/1044
f 609/1043/1043 564/1044/1044 608/1045/1045
f 608/1045/1045 564/1044/1044 565/1046/1046
f 608/1045/1045 565/1046/1046 607/162/162
f 607/162/162 565/1046/1046 566/160/160
f 566/160/160 567/1047/1047 1013/158/158
f 1013/158/158 567/1047/1047 1012/1048/1048
f 1012/1048/1048 567/1047/1047 568/1049/1049
f 1012/1048/1048 568/1049/1049 1011/1050/1050
f 1011/1050/1050 568/1049/1049 569/1051/1051
f 1011/1050/1050 569/1051/1051 1010/1052/1052
f 1010/1052/1052 569/1051/1051 1009/1053/1053
f 1009/1053/1053 569/1051/1051 570/1054/1054
f 1009/1053/1053 570/1054/1054 1008/1055/1055
f 1008/1055/1055 570/1054/1054 1007/1056/1056
f 1007/1056/1056 570/1054/1054 571/501/501
f 1007/1056/1056 571/501/501 1030/500/500
f 585/1057/1057 802/1058/1058 584/1024/1024
f 584/1024/1024 802/1058/1058 803/1059/1059
f 584/1024/1024 803/1059/1059 804/1022/1022
f 802/1058/1058 585/1057/1057 801/1060/1060
f 801/1060/1060 585/1057/1057 586/1061/1061
f 801/1060/1060 586/1061/1061 587/1062/1062
f 801/1060/1060 587/1062/1062 800/1063/1063
f 800/1063/1063 587/1062/1062 588/1064/1064
f 800/1063/1063 588/1064/1064 799/832/832
f 799/832/832 588/1064/1064 589/830/830
f 603/1065/1065 1114/1066/1066 602/811/811
f 602/811/811 1114/1066/1066 1115/1067/1067
f 602/811/811 1115/1067/1067 1116/813/813
f 604/1068/1068 1111/1069/1069 603/1065/1065
f 603/1065/1065 1111/1069/1069 1112/1070/1070
f 603/1065/1065 1112/1070/1070 1113/1071/1071
f 1111/1069/1069 604/1068/1068 1110/1072/1072
f 1110/1072/1072 604/1068/1068 605/1073/1073
f 1110/1072/1072 605/1073/1073 1109/159/159
f 1109/159/159 605/1073/1073 606/161/161
f 618/1074/1074 1000/1075/1075 617/113/113
f 617/113/113 1000/1075/1075 1001/1076/1076
f 617/113/113 1001/1076/1076 1002/111/111
f 1000/1075/1075 618/1074/1074 999/1077/1077
f 999/1077/1077 618/1074/1074 619/1078/1078
f 999/1077/1077 619/1078/1078 620/1079/1079
f 999/1077/1077 620/1079/1079 998/1080/1080
f 998/1080/1080 620/1079/1079 621/1081/1081
f 998/1080/1080 621/1081/1081 997/1082/1082
f 997/1082/1082 621/1081/1081 622/1083/1083
f 997/1082/1082 622/1083/1083 996/1084/1084
f 996/1084/1084 622/1083/1083 715/1085/1085
f 996/1084/1084 715/1085/1085 716/1086/1086
f 622/1083/1083 623/1087/1087 715/1085/1085
f 715/1085/1085 623/1087/1087 714/1088/1088
f 714/1088/1088 623/1087/1087 624/1089/1089
f 714/1088/1088 624/1089/1089 713/1090/1090
f 713/1090/1090 624/1089/1089 625/1091/1091
f 713/1090/1090 625/1091/1091 712/1092/1092
f 712/1092/1092 625/1091/1091 626/1093/1093
f 712/1092/1092 626/1093/1093 711/1094/1094
f 711/1094/1094 626/1093/1093 627/1095/1095
f 711/1094/1094 627/1095/1095 710/1096/1096
f 710/1096/1096 627/1095/1095 628/1097/1097
f 710/1096/1096 628/1097/1097 742/1098/1098
f 742/1098/1098 628/1097/1097 629/1099/1099
f 742/1098/1098 629/1099/1099 741/1100/1100
f 741/1100/1100 629/1099/1099 630/1101/1101
f 741/1100/1100 630/1101/1101 740/1102/1102
f 740/1102/1102 630/1101/1101 631/1103/1103
f 740/1102/1102 631/1103/1103 739/1104/1104
f 739/1104/1104 631/1103/1103 632/1105/1105
f 739/1104/1104 632/1105/1105 738/1106/1106
f 738/1106/1106 632/1105/1105 633/302/302
f 738/1106/1106 633/302/302 737/1107/1107
f 737/1107/1107 633/302/302 848/1108/1108
f 737/1107/1107 848/1108/1108 736/1109/1109
f 736/1109/1109 848/1108/1108 849/1110/1110
f 736/1109/1109 849/1110/1110 735/1111/1111
f 735/1111/1111 849/1110/1110 850/1112/1112
f 735/1111/1111 850/1112/1112 851/1113/1113
f 645/1114/1114 990/1115/1115 644/1116/1116
f 644/1116/1116 990/1115/1115 991/1117/1117
f 644/1116/1116 991/1117/1117 676/1118/1118
f 676/1118/1118 991/1117/1117 992/1119/1119
f 676/1118/1118 992/1119/1119 675/1120/1120
f 675/1120/1120 992/1119/1119 993/1121/1121
f 675/1120/1120 993/1121/1121 674/1122/1122
f 674/1122/1122 993/1121/1121 994/1123/1123
f 674/1122/1122 994/1123/1123 673/1124/1124
f 673/1124/1124 994/1123/1123 995/1125/1125
f 673/1124/1124 995/1125/1125 672/1126/1126
f 672/1126/1126 995/1125/1125 996/1084/1084
f 672/1126/1126 996/1084/1084 671/1127/1127
f 671/1127/1127 996/1084/1084 716/1086/1086
f 671/1127/1127 716/1086/1086 670/1128/1128
f 670/1128/1128 716/1086/1086 717/1129/1129
f 670/1128/1128 717/1129/1129 669/1130/1130
f 669/1130/1130 717/1129/1129 718/1131/1131
f 669/1130/1130 718/1131/1131 719/1132/1132
f 990/1115/1115 645/1114/1114 989/1133/1133
f 989/1133/1133 645/1114/1114 646/1134/1134
f 989/1133/1133 646/1134/1134 988/1135/1135
f 988/1135/1135 646/1134/1134 647/1136/1136
f 988/1135/1135 647/1136/1136 987/1137/1137
f 987/1137/1137 647/1136/1136 648/1138/1138
f 987/1137/1137 648/1138/1138 986/1139/1139
f 986/1139/1139 648/1138/1138 649/1140/1140
f 986/1139/1139 649/1140/1140 985/1141/1141
f 985/1141/1141 649/1140/1140 650/1142/1142
f 985/1141/1141 650/1142/1142 984/1143/1143
f 984/1143/1143 650/1142/1142 651/1144/1144
f 984/1143/1143 651/1144/1144 983/450/450
f 983/450/450 651/1144/1144 1101/448/448
f 1101/448/448 651/1144/1144 1100/1145/1145
f 1100/1145/1145 651/1144/1144 652/1146/1146
f 1100/1145/1145 652/1146/1146 1099/1147/1147
f 1099/1147/1147 652/1146/1146 653/1148/1148
f 1099/1147/1147 653/1148/1148 1098/1149/1149
f 1098/1149/1149 653/1148/1148 1097/1150/1150
f 1097/1150/1150 653/1148/1148 654/1151/1151
f 1097/1150/1150 654/1151/1151 655/1152/1152
f 1097/1150/1150 655/1152/1152 1096/1153/1153
f 1096/1153/1153 655/1152/1152 656/1154/1154
f 1096/1153/1153 656/1154/1154 1095/1155/1155
f 1095/1155/1155 656/1154/1154 657/1156/1156
f 1095/1155/1155 657/1156/1156 658/1157/1157
f 1095/1155/1155 658/1157/1157 1094/1158/1158
f 1094/1158/1158 658/1157/1157 659/1159/1159
f 1094/1158/1158 659/1159/1159 21/51/51
f 21/51/51 659/1159/1159 660/1160/1160
f 21/51/51 660/1160/1160 661/1161/1161
f 662/1162/1162 725/1163/1163 661/1161/1161
f 661/1161/1161 725/1163/1163 726/52/52
f 661/1161/1161 726/52/52 21/51/51
f 662/1162/1162 663/1164/1164 725/1163/1163
f 725/1163/1163 663/1164/1164 724/1165/1165
f 724/1165/1165 663/1164/1164 664/1166/1166
f 724/1165/1165 664/1166/1166 723/1167/1167
f 723/1167/1167 664/1166/1166 665/1168/1168
f 723/1167/1167 665/1168/1168 722/1169/1169
f 722/1169/1169 665/1168/1168 666/1170/1170
f 722/1169/1169 666/1170/1170 721/1171/1171
f 721/1171/1171 666/1170/1170 667/1172/1172
f 721/1171/1171 667/1172/1172 720/1173/1173
f 720/1173/1173 667/1172/1172 668/1174/1174
f 720/1173/1173 668/1174/1174 719/1132/1132
f 719/1132/1132 668/1174/1174 669/1130/1130
f 820/1002/1002 700/1003/1003 819/1175/1175
f 819/1175/1175 700/1003/1003 701/1176/1176
f 819/1175/1175 701/1176/1176 818/132/132
f 818/132/132 701/1176/1176 702/130/130
f 856/58/58 730/60/60 855/1177/1177
f 855/1177/1177 730/60/60 731/1178/1178
f 855/1177/1177 731/1178/1178 854/1179/1179
f 854/1179/1179 731/1178/1178 732/1180/1180
f 854/1179/1179 732/1180/1180 853/1181/1181
f 853/1181/1181 732/1180/1180 733/1182/1182
f 853/1181/1181 733/1182/1182 852/1183/1183
f 852/1183/1183 733/1182/1182 734/1184/1184
f 852/1183/1183 734/1184/1184 851/1113/1113
f 851/1113/1113 734/1184/1184 735/1111/1111
f 783/1185/1185 967/1186/1186 782/350/350
f 782/350/350 967/1186/1186 968/1187/1187
f 782/350/350 968/1187/1187 969/348/348
f 967/1186/1186 783/1185/1185 966/1188/1188
f 966/1188/1188 783/1185/1185 784/1189/1189
f 966/1188/1188 784/1189/1189 785/1190/1190
f 966/1188/1188 785/1190/1190 965/1191/1191
f 965/1191/1191 785/1190/1190 786/1192/1192
f 965/1191/1191 786/1192/1192 964/956/956
f 964/956/956 786/1192/1192 787/955/955
f 919/526/526 832/528/528 918/1193/1193
f 918/1193/1193 832/528/528 833/1194/1194
f 918/1193/1193 833/1194/1194 917/479/479
f 917/479/479 833/1194/1194 834/477/477
f 841/464/464 809/115/115 19/114/114
f 847/300/300 848/1108/1108 633/302/302
f 22/53/53 858/55/55 1185/1195/1195
f 1185/1195/1195 858/55/55 859/1196/1196
f 1185/1195/1195 859/1196/1196 1184/1197/1197
f 1184/1197/1197 859/1196/1196 860/1198/1198
f 1184/1197/1197 860/1198/1198 1183/1199/1199
f 1183/1199/1199 860/1198/1198 861/1200/1200
f 1183/1199/1199 861/1200/1200 862/1201/1201
f 1183/1199/1199 862/1201/1201 1182/1202/1202
f 1182/1202/1202 862/1201/1201 863/1203/1203
f 1182/1202/1202 863/1203/1203 1181/1204/1204
f 1181/1204/1204 863/1203/1203 864/1205/1205
f 1181/1204/1204 864/1205/1205 1180/1206/1206
f 1180/1206/1206 864/1205/1205 865/1207/1207
f 1180/1206/1206 865/1207/1207 1179/1208/1208
f 1179/1208/1208 865/1207/1207 866/1209/1209
f 1179/1208/1208 866/1209/1209 1178/1210/1210
f 1178/1210/1210 866/1209/1209 1177/1211/1211
f 1177/1211/1211 866/1209/1209 867/1212/1212
f 1177/1211/1211 867/1212/1212 1176/1213/1213
f 1176/1213/1213 867/1212/1212 1175/1214/1214
f 1175/1214/1214 867/1212/1212 868/276/276
f 1175/1214/1214 868/276/276 1198/275/275
f 1025/135/135 1026/533/533 19/114/114
f 1085/435/435 1086/1215/1215 21/51/51
f 21/51/51 1086/1215/1215 1087/1216/1216
f 21/51/51 1087/1216/1216 1088/1217/1217
f 1088/1217/1217 1089/1218/1218 21/51/51
f 21/51/51 1089/1218/1218 1090/1219/1219
f 21/51/51 1090/1219/1219 1091/1220/1220
f 1091/1220/1220 1092/1221/1221 21/51/51
f 21/51/51 1092/1221/1221 1093/1222/1222
f 21/51/51 1093/1222/1222 1094/1158/1158
f 1113/1071/1071 1114/1066/1066 603/1065/1065
f 1185/1195/1195 1186/1223/1223 22/53/53
f 22/53/53 1186/1223/1223 1187/1224/1224
f 22/53/53 1187/1224/1224 1188/1225/1225
f 1188/1225/1225 1189/1226/1226 22/53/53
f 22/53/53 1189/1226/1226 1190/1227/1227
f 22/53/53 1190/1227/1227 1191/1228/1228
f 1191/1228/1228 1192/1229/1229 22/53/53
f 22/53/53 1192/1229/1229 1193/1230/1230
f 22/53/53 1193/1230/1230 1194/308/308
f 1200/1231/1231 1246/1232/1232 1199/1233/1233
f 1199/1233/1233 1246/1232/1232 1223/1234/1234
f 1199/1235/1233 1223/1236/1234 1222/1237/1235
f 1222/1237/1235 1223/1236/1234 1224/1238/1236
f 1222/1237/1235 1224/1238/1236 1221/1239/1237
f 1221/1239/1237 1224/1238/1236 1225/1240/1238
f 1221/1239/1237 1225/1240/1238 1220/1241/1239
f 1220/1241/1239 1225/1240/1238 1226/1242/1240
f 1220/1241/1239 1226/1242/1240 1219/1243/1241
f 1219/1243/1241 1226/1242/1240 1227/1244/1242
f 1219/1243/1241 1227/1244/1242 1218/1245/1243
f 1218/1245/1243 1227/1244/1242 1228/1246/1244
f 1218/1245/1243 1228/1246/1244 1217/1247/1245
f 1217/1247/1245 1228/1246/1244 1229/1248/1246
f 1217/1247/1245 1229/1248/1246 1216/1249/1247
f 1216/1249/1247 1229/1248/1246 1230/1250/1248
f 1216/1249/1247 1230/1250/1248 1215/1251/1249
f 1215/1251/1249 1230/1250/1248 1231/1252/1250
f 1215/1251/1249 1231/1252/1250 1214/1253/1251
f 1214/1253/1251 1231/1252/1250 1232/1254/1252
f 1214/1253/1251 1232/1254/1252 1213/1255/1253
f 1213/1255/1253 1232/1254/1252 1233/1256/1254
f 1213/1255/1253 1233/1256/1254 1212/1257/1255
f 1212/1257/1255 1233/1256/1254 1234/1258/1256
f 1212/1257/1255 1234/1258/1256 1211/1259/1257
f 1211/1259/1257 1234/1258/1256 1235/1260/1258
f 1211/1259/1257 1235/1260/1258 1210/1261/1259
f 1210/1261/1259 1235/1260/1258 1236/1262/1260
f 1210/1261/1259 1236/1262/1260 1209/1263/1261
f 1209/1263/1261 1236/1262/1260 1237/1264/1262
f 1209/1263/1261 1237/1264/1262 1208/1265/1263
f 1208/1265/1263 1237/1264/1262 1238/1266/1264
f 1208/1265/1263 1238/1266/1264 1207/1267/1265
f 1207/1267/1265 1238/1266/1264 1239/1268/1266
f 1207/1267/1265 1239/1268/1266 1206/1269/1267
f 1206/1269/1267 1239/1268/1266 1240/1270/1268
f 1206/1269/1267 1240/1270/1268 1205/1271/1269
f 1205/1271/1269 1240/1270/1268 1241/1272/1270
f 1205/1271/1269 1241/1272/1270 1204/1273/1271
f 1204/1273/1271 1241/1272/1270 1242/1274/1272
f 1204/1273/1271 1242/1274/1272 1203/1275/1273
f 1203/1275/1273 1242/1274/1272 1243/1276/1274
f 1203/1275/1273 1243/1276/1274 1202/1277/1275
f 1202/1277/1275 1243/1276/1274 1244/1278/1276
f 1202/1277/1275 1244/1278/1276 1201/1279/1277
f 1201/1279/1277 1244/1278/1276 1245/1280/1278
f 1201/1279/1277 1245/1280/1278 1200/1231/1231
f 1200/1231/1231 1245/1280/1278 1246/1232/1232
f 46/1281/1279 1200/1282/1280 23/1283/1281
f 23/1283/1281 1200/1282/1280 1199/1284/1282
f 23/1285/1281 1199/1286/1282 24/1287/1283
f 24/1287/1283 1199/1286/1282 1222/1288/1284
f 24/1287/1283 1222/1288/1284 25/1289/1285
f 25/1289/1285 1222/1288/1284 1221/1290/1286
f 25/1289/1285 1221/1290/1286 26/1291/1287
f 26/1291/1287 1221/1290/1286 1220/1292/1288
f 26/1291/1287 1220/1292/1288 27/1293/1289
f 27/1293/1289 1220/1292/1288 1219/1294/1290
f 27/1293/1289 1219/1294/1290 28/1295/1291
f 28/1295/1291 1219/1294/1290 1218/1296/1292
f 28/1295/1291 1218/1296/1292 29/1297/1293
f 29/1297/1293 1218/1296/1292 1217/1298/1294
f 29/1297/1293 1217/1298/1294 30/1299/1295
f 30/1299/1295 1217/1298/1294 1216/1300/1296
f 30/1299/1295 1216/1300/1296 31/1301/1297
f 31/1301/1297 1216/1300/1296 1215/1302/1298
f 31/1301/1297 1215/1302/1298 32/1303/1299
f 32/1303/1299 1215/1302/1298 1214/1304/1300
f 32/1303/1299 1214/1304/1300 33/1305/1301
f 33/1305/1301 1214/1304/1300 1213/1306/1302
f 33/1305/1301 1213/1306/1302 34/1307/1303
f 34/1307/1303 1213/1306/1302 1212/1308/1304
f 34/1307/1303 1212/1308/1304 35/1309/1305
f 35/1309/1305 1212/1308/1304 1211/1310/1306
f 35/1309/1305 1211/1310/1306 36/1311/1307
f 36/1311/1307 1211/1310/1306 1210/1312/1308
f 36/1311/1307 1210/1312/1308 37/1313/1309
f 37/1313/1309 1210/1312/1308 1209/1314/1310
f 37/1313/1309 1209/1314/1310 38/1315/1311
f 38/1315/1311 1209/1314/1310 1208/1316/1312
f 38/1315/1311 1208/1316/1312 39/1317/1313
f 39/1317/1313 1208/1316/1312 1207/1318/1314
f 39/1317/1313 1207/1318/1314 40/1319/1315
f 40/1319/1315 1207/1318/1314 1206/1320/1316
f 40/1319/1315 1206/1320/1316 41/1321/1317
f 41/1321/1317 1206/1320/1316 1205/1322/1318
f 41/1321/1317 1205/1322/1318 42/1323/1319
f 42/1323/1319 1205/1322/1318 1204/1324/1320
f 42/1323/1319 1204/1324/1320 43/1325/1321
f 43/1325/1321 1204/1324/1320 1203/1326/1322
f 43/1325/1321 1203/1326/1322 44/1327/1323
f 44/1327/1323 1203/1326/1322 1202/1328/1324
f 44/1327/1323 1202/1328/1324 45/1329/1325
f 45/1329/1325 1202/1328/1324 1201/1330/1326
f 45/1329/1325 1201/1330/1326 46/1281/1279
f 46/1281/1279 1201/1330/1326 1200/1282/1280
f 1246/1331/1327 1236/1332/1328 1223/1333/1329
f 1223/1333/1329 1236/1332/1328 1235/1334/1330
f 1223/1333/1329 1235/1334/1330 1224/1335/1331
f 1224/1335/1331 1235/1334/1330 1234/1336/1332
f 1224/1335/1331 1234/1336/1332 1225/1337/1333
f 1225/1337/1333 1234/1336/1332 1233/1338/1334
f 1225/1337/1333 1233/1338/1334 1226/1339/1335
f 1226/1339/1335 1233/1338/1334 1232/1340/1336
f 1226/1339/1335 1232/1340/1336 1227/1341/1337
f 1227/1341/1337 1232/1340/1336 1231/1342/1338
f 1227/1341/1337 1231/1342/1338 1228/1343/1339
f 1228/1343/1339 1231/1342/1338 1230/1344/1340
f 1228/1343/1339 1230/1344/1340 1229/1345/1341
f 1236/1332/1328 1246/1331/1327 1237/1346/1342
f 1237/1346/1342 1246/1331/1327 1245/1347/1343
f 1237/1346/1342 1245/1347/1343 1238/1348/1344
f 1238/1348/1344 1245/1347/1343 1244/1349/1345
f 1238/1348/1344 1244/1349/1345 1239/1350/1346
f 1239/1350/1346 1244/1349/1345 1243/1351/1347
f 1239/1350/1346 1243/1351/1347 1240/1352/1348
f 1240/1352/1348 1243/1351/1347 1242/1353/1349
f 1240/1352/1348 1242/1353/1349 1241/1354/1350
f 1248/1355/1351 1294/1356/1352 1247/1357/1353
f 1247/1357/1353 1294/1356/1352 1271/1358/1354
f 1247/1359/1353 1271/1360/1354 1270/1361/1355
f 1270/1361/1355 1271/1360/1354 1272/1362/1356
f 1270/1361/1355 1272/1362/1356 1269/1363/1357
f 1269/1363/1357 1272/1362/1356 1273/1364/1358
f 1269/1363/1357 1273/1364/1358 1268/1365/1359
f 1268/1365/1359 1273/1364/1358 1274/1366/1360
f 1268/1365/1359 1274/1366/1360 1267/1367/1361
f 1267/1367/1361 1274/1366/1360 1275/1368/1362
f 1267/1367/1361 1275/1368/1362 1266/1369/1363
f 1266/1369/1363 1275/1368/1362 1276/1370/1364
f 1266/1369/1363 1276/1370/1364 1265/1371/1365
f 1265/1371/1365 1276/1370/1364 1277/1372/1366
f 1265/1371/1365 1277/1372/1366 1264/1373/1367
f 1264/1373/1367 1277/1372/1366 1278/1374/1368
f 1264/1373/1367 1278/1374/1368 1263/1375/1369
f 1263/1375/1369 1278/1374/1368 1279/1376/1370
f 1263/1375/1369 1279/1376/1370 1262/1377/1371
f 1262/1377/1371 1279/1376/1370 1280/1378/1372
f 1262/1377/1371 1280/1378/1372 1261/1379/1373
f 1261/1379/1373 1280/1378/1372 1281/1380/1374
f 1261/1379/1373 1281/1380/1374 1260/1381/1375
f 1260/1381/1375 1281/1380/1374 1282/1382/1376
f 1260/1381/1375 1282/1382/1376 1259/1383/1377
f 1259/1383/1377 1282/1382/1376 1283/1384/1378
f 1259/1383/1377 1283/1384/1378 1258/1385/1379
f 1258/1385/1379 1283/1384/1378 1284/1386/1380
f 1258/1385/1379 1284/1386/1380 1257/1387/1381
f 1257/1387/1381 1284/1386/1380 1285/1388/1382
f 1257/1387/1381 1285/1388/1382 1256/1389/1383
f 1256/1389/1383 1285/1388/1382 1286/1390/1384
f 1256/1389/1383 1286/1390/1384 1255/1391/1385
f 1255/1391/1385 1286/1390/1384 1287/1392/1386
f 1255/1391/1385 1287/1392/1386 1254/1393/1387
f 1254/1393/1387 1287/1392/1386 1288/1394/1388
f 1254/1393/1387 1288/1394/1388 1253/1395/1389
f 1253/1395/1389 1288/1394/1388 1289/1396/1390
f 1253/1395/1389 1289/1396/1390 1252/1397/1391
f 1252/1397/1391 1289/1396/1390 1290/1398/1392
f 1252/1397/1391 1290/1398/1392 1251/1399/1393
f 1251/1399/1393 1290/1398/1392 1291/1400/1394
f 1251/1399/1393 1291/1400/1394 1250/1401/1395
f 1250/1401/1395 1291/1400/1394 1292/1402/1396
f 1250/1401/1395 1292/1402/1396 1249/1403/1397
f 1249/1403/1397 1292/1402/1396 1293/1404/1398
f 1249/1403/1397 1293/1404/1398 1248/1355/1351
f 1248/1355/1351 1293/1404/1398 1294/1356/1352
f 190/1405/1399 1248/1406/1400 167/1407/1401
f 167/1407/1401 1248/1406/1400 1247/1408/1402
f 167/1409/1401 1247/1410/1402 168/1411/1403
f 168/1411/1403 1247/1410/1402 1270/1412/1404
f 168/1411/1403 1270/1412/1404 169/1413/1405
f 169/1413/1405 1270/1412/1404 1269/1414/1406
f 169/1413/1405 1269/1414/1406 170/1415/1407
f 170/1415/1407 1269/1414/1406 1268/1416/1408
f 170/1415/1407 1268/1416/1408 171/1417/1409
f 171/1417/1409 1268/1416/1408 1267/1418/1410
f 171/1417/1409 1267/1418/1410 172/1419/1411
f 172/1419/1411 1267/1418/1410 1266/1420/1412
f 172/1419/1411 1266/1420/1412 173/1421/1413
f 173/1421/1413 1266/1420/1412 1265/1422/1414
f 173/1421/1413 1265/1422/1414 174/1423/1415
f 174/1423/1415 1265/1422/1414 1264/1424/1416
f 174/1423/1415 1264/1424/1416 175/1425/1417
f 175/1425/1417 1264/1424/1416 1263/1426/1418
f 175/1425/1417 1263/1426/1418 176/1427/1419
f 176/1427/1419 1263/1426/1418 1262/1428/1420
f 176/1427/1419 1262/1428/1420 177/1429/1421
f 177/1429/1421 1262/1428/1420 1261/1430/1422
f 177/1429/1421 1261/1430/1422 178/1431/1423
f 178/1431/1423 1261/1430/1422 1260/1432/1424
f 178/1431/1423 1260/1432/1424 179/1433/1425
f 179/1433/1425 1260/1432/1424 1259/1434/1426
f 179/1433/1425 1259/1434/1426 180/1435/1427
f 180/1435/1427 1259/1434/1426 1258/1436/1428
f 180/1435/1427 1258/1436/1428 181/1437/1429
f 181/1437/1429 1258/1436/1428 1257/1438/1430
f 181/1437/1429 1257/1438/1430 182/1439/1431
f 182/1439/1431 1257/1438/1430 1256/1440/1432
f 182/1439/1431 1256/1440/1432 183/1441/1433
f 183/1441/1433 1256/1440/1432 1255/1442/1434
f 183/1441/1433 1255/1442/1434 184/1443/1435
f 184/1443/1435 1255/1442/1434 1254/1444/1436
f 184/1443/1435 1254/1444/1436 185/1445/1437
f 185/1445/1437 1254/1444/1436 1253/1446/1438
f 185/1445/1437 1253/1446/1438 186/1447/1439
f 186/1447/1439 1253/1446/1438 1252/1448/1440
f 186/1447/1439 1252/1448/1440 187/1449/1441
f 187/1449/1441 1252/1448/1440 1251/1450/1442
f 187/1449/1441 1251/1450/1442 188/1451/1443
f 188/1451/1443 1251/1450/1442 1250/1452/1444
f 188/1451/1443 1250/1452/1444 189/1453/1445
f 189/1453/1445 1250/1452/1444 1249/1454/1446
f 189/1453/1445 1249/1454/1446 190/1405/1399
f 190/1405/1399 1249/1454/1446 1248/1406/1400
f 1294/1455/1447 1284/1456/1448 1271/1457/1449
f 1271/1457/1449 1284/1456/1448 1283/1458/1450
f 1271/1457/1449 1283/1458/1450 1272/1459/1451
f 1272/1459/1451 1283/1458/1450 1282/1460/1452
f 1272/1459/1451 1282/1460/1452 1273/1461/1453
f 1273/1461/1453 1282/1460/1452 1281/1462/1454
f 1273/1461/1453 1281/1462/1454 1274/1463/1455
f 1274/1463/1455 1281/1462/1454 1280/1464/1456
f 1274/1463/1455 1280/1464/1456 1275/1465/1457
f 1275/1465/1457 1280/1464/1456 1279/1466/1458
f 1275/1465/1457 1279/1466/1458 1276/1467/1459
f 1276/1467/1459 1279/1466/1458 1278/1468/1460
f 1276/1467/1459 1278/1468/1460 1277/1469/1461
f 1284/1456/1448 1294/1455/1447 1285/1470/1462
f 1285/1470/1462 1294/1455/1447 1293/1471/1463
f 1285/1470/1462 1293/1471/1463 1286/1472/1464
f 1286/1472/1464 1293/1471/1463 1292/1473/1465
f 1286/1472/1464 1292/1473/1465 1287/1474/1466
f 1287/1474/1466 1292/1473/1465 1291/1475/1467
f 1287/1474/1466 1291/1475/1467 1288/1476/1468
f 1288/1476/1468 1291/1475/1467 1290/1477/1469
f 1288/1476/1468 1290/1477/1469 1289/1478/1470
f 1296/1479/1471 1342/1480/1472 1295/1481/1473
f 1295/1481/1473 1342/1480/1472 1319/1482/1474
f 1295/1483/1473 1319/1484/1474 1318/1485/1475
f 1318/1485/1475 1319/1484/1474 1320/1486/1476
f 1318/1485/1475 1320/1486/1476 1317/1487/1477
f 1317/1487/1477 1320/1486/1476 1321/1488/1478
f 1317/1487/1477 1321/1488/1478 1316/1489/1479
f 1316/1489/1479 1321/1488/1478 1322/1490/1480
f 1316/1489/1479 1322/1490/1480 1315/1491/1481
f 1315/1491/1481 1322/1490/1480 1323/1492/1482
f 1315/1491/1481 1323/1492/1482 1314/1493/1483
f 1314/1493/1483 1323/1492/1482 1324/1494/1484
f 1314/1493/1483 1324/1494/1484 1313/1495/1485
f 1313/1495/1485 1324/1494/1484 1325/1496/1486
f 1313/1495/1485 1325/1496/1486 1312/1497/1487
f 1312/1497/1487 1325/1496/1486 1326/1498/1488
f 1312/1497/1487 1326/1498/1488 1311/1499/1489
f 1311/1499/1489 1326/1498/1488 1327/1500/1490
f 1311/1499/1489 1327/1500/1490 1310/1501/1491
f 1310/1501/1491 1327/1500/1490 1328/1502/1492
f 1310/1501/1491 1328/1502/1492 1309/1503/1493
f 1309/1503/1493 1328/1502/1492 1329/1504/1494
f 1309/1503/1493 1329/1504/1494 1308/1505/1495
f 1308/1505/1495 1329/1504/1494 1330/1506/1496
f 1308/1505/1495 1330/1506/1496 1307/1507/1497
f 1307/1507/1497 1330/1506/1496 1331/1508/1498
f 1307/1507/1497 1331/1508/1498 1306/1509/1499
f 1306/1509/1499 1331/1508/1498 1332/1510/1500
f 1306/1509/1499 1332/1510/1500 1305/1511/1501
f 1305/1511/1501 1332/1510/1500 1333/1512/1502
f 1305/1511/1501 1333/1512/1502 1304/1513/1503
f 1304/1513/1503 1333/1512/1502 1334/1514/1504
f 1304/1513/1503 1334/1514/1504 1303/1515/1505
f 1303/1515/1505 1334/1514/1504 1335/1516/1506
f 1303/1515/1505 1335/1516/1506 1302/1517/1507
f 1302/1517/1507 1335/1516/1506 1336/1518/1508
f 1302/1517/1507 1336/1518/1508 1301/1519/1509
f 1301/1519/1509 1336/1518/1508 1337/1520/1510
f 1301/1519/1509 1337/1520/1510 1300/1521/1511
f 1300/1521/1511 1337/1520/1510 1338/1522/1512
f 1300/1521/1511 1338/1522/1512 1299/1523/1513
f 1299/1523/1513 1338/1522/1512 1339/1524/1514
f 1299/1523/1513 1339/1524/1514 1298/1525/1515
f 1298/1525/1515 1339/1524/1514 1340/1526/1516
f 1298/1525/1515 1340/1526/1516 1297/1527/1517
f 1297/1527/1517 1340/1526/1516 1341/1528/1518
f 1297/1527/1517 1341/1528/1518 1296/1479/1471
f 1296/1479/1471 1341/1528/1518 1342/1480/1472
f 94/1529/1519 1296/1530/1520 71/1531/1521
f 71/1531/1521 1296/1530/1520 1295/1532/1522
f 71/1533/1521 1295/1534/1522 72/1535/1523
f 72/1535/1523 1295/1534/1522 1318/1536/1524
f 72/1535/1523 1318/1536/1524 73/1537/1525
f 73/1537/1525 1318/1536/1524 1317/1538/1526
f 73/1537/1525 1317/1538/1526 74/1539/1527
f 74/1539/1527 1317/1538/1526 1316/1540/1528
f 74/1539/1527 1316/1540/1528 75/1541/1529
f 75/1541/1529 1316/1540/1528 1315/1542/1530
f 75/1541/1529 1315/1542/1530 76/1543/1531
f 76/1543/1531 1315/1542/1530 1314/1544/1532
f 76/1543/1531 1314/1544/1532 77/1545/1533
f 77/1545/1533 1314/1544/1532 1313/1546/1534
f 77/1545/1533 1313/1546/1534 78/1547/1535
f 78/1547/1535 1313/1546/1534 1312/1548/1536
f 78/1547/1535 1312/1548/1536 79/1549/1537
f 79/1549/1537 1312/1548/1536 1311/1550/1538
f 79/1549/1537 1311/1550/1538 80/1551/1539
f 80/1551/1539 1311/1550/1538 1310/1552/1540
f 80/1551/1539 1310/1552/1540 81/1553/1541
f 81/1553/1541 1310/1552/1540 1309/1554/1542
f 81/1553/1541 1309/1554/1542 82/1555/1543
f 82/1555/1543 1309/1554/1542 1308/1556/1544
f 82/1555/1543 1308/1556/1544 83/1557/1545
f 83/1557/1545 1308/1556/1544 1307/1558/1546
f 83/1557/1545 1307/1558/1546 84/1559/1547
f 84/1559/1547 1307/1558/1546 1306/1560/1548
f 84/1559/1547 1306/1560/1548 85/1561/1549
f 85/1561/1549 1306/1560/1548 1305/1562/1550
f 85/1561/1549 1305/1562/1550 86/1563/1551
f 86/1563/1551 1305/1562/1550 1304/1564/1552
f 86/1563/1551 1304/1564/1552 87/1565/1553
f 87/1565/1553 1304/1564/1552 1303/1566/1554
f 87/1565/1553 1303/1566/1554 88/1567/1555
f 88/1567/1555 1303/1566/1554 1302/1568/1556
f 88/1567/1555 1302/1568/1556 89/1569/1557
f 89/1569/1557 1302/1568/1556 1301/1570/1558
f 89/1569/1557 1301/1570/1558 90/1571/1559
f 90/1571/1559 1301/1570/1558 1300/1572/1560
f 90/1571/1559 1300/1572/1560 91/1573/1561
f 91/1573/1561 1300/1572/1560 1299/1574/1562
f 91/1573/1561 1299/1574/1562 92/1575/1563
f 92/1575/1563 1299/1574/1562 1298/1576/1564
f 92/1575/1563 1298/1576/1564 93/1577/1565
f 93/1577/1565 1298/1576/1564 1297/1578/1566
f 93/1577/1565 1297/1578/1566 94/1529/1519
f 94/1529/1519 1297/1578/1566 1296/1530/1520
f 1342/1579/1567 1332/1580/1568 1319/1581/1569
f 1319/1581/1569 1332/1580/1568 1331/1582/1570
f 1319/1581/1569 1331/1582/1570 1320/1583/1571
f 1320/1583/1571 1331/1582/1570 1330/1584/1572
f 1320/1583/1571 1330/1584/1572 1321/1585/1573
f 1321/1585/1573 1330/1584/1572 1329/1586/1574
f 1321/1585/1573 1329/1586/1574 1322/1587/1575
f 1322/1587/1575 1329/1586/1574 1328/1588/1576
f 1322/1587/1575 1328/1588/1576 1323/1589/1577
f 1323/1589/1577 1328/1588/1576 1327/1590/1578
f 1323/1589/1577 1327/1590/1578 1324/1591/1579
f 1324/1591/1579 1327/1590/1578 1326/1592/1580
f 1324/1591/1579 1326/1592/1580 1325/1593/1581
f 1332/1580/1568 1342/1579/1567 1333/1594/1582
f 1333/1594/1582 1342/1579/1567 1341/1595/1583
f 1333/1594/1582 1341/1595/1583 1334/1596/1584
f 1334/1596/1584 1341/1595/1583 1340/1597/1585
f 1334/1596/1584 1340/1597/1585 1335/1598/1586
f 1335/1598/1586 1340/1597/1585 1339/1599/1587
f 1335/1598/1586 1339/1599/1587 1336/1600/1588
f 1336/1600/1588 1339/1599/1587 1338/1601/1589
f 1336/1600/1588 1338/1601/1589 1337/1602/1590
f 1344/1603/1591 1390/1604/1592 1343/1605/1593
f 1343/1605/1593 1390/1604/1592 1367/1606/1594
f 1343/1607/1593 1367/1608/1594 1366/1609/1595
f 1366/1609/1595 1367/1608/1594 1368/1610/1596
f 1366/1609/1595 1368/1610/1596 1365/1611/1597
f 1365/1611/1597 1368/1610/1596 1369/1612/1598
f 1365/1611/1597 1369/1612/1598 1364/1613/1599
f 1364/1613/1599 1369/1612/1598 1370/1614/1600
f 1364/1613/1599 1370/1614/1600 1363/1615/1601
f 1363/1615/1601 1370/1614/1600 1371/1616/1602
f 1363/1615/1601 1371/1616/1602 1362/1617/1603
f 1362/1617/1603 1371/1616/1602 1372/1618/1604
f 1362/1617/1603 1372/1618/1604 1361/1619/1605
f 1361/1619/1605 1372/1618/1604 1373/1620/1606
f 1361/1619/1605 1373/1620/1606 1360/1621/1607
f 1360/1621/1607 1373/1620/1606 1374/1622/1608
f 1360/1621/1607 1374/1622/1608 1359/1623/1609
f 1359/1623/1609 1374/1622/1608 1375/1624/1610
f 1359/1623/1609 1375/1624/1610 1358/1625/1611
f 1358/1625/1611 1375/1624/1610 1376/1626/1612
f 1358/1625/1611 1376/1626/1612 1357/1627/1613
f 1357/1627/1613 1376/1626/1612 1377/1628/1614
f 1357/1627/1613 1377/1628/1614 1356/1629/1615
f 1356/1629/1615 1377/1628/1614 1378/1630/1616
f 1356/1629/1615 1378/1630/1616 1355/1631/1617
f 1355/1631/1617 1378/1630/1616 1379/1632/1618
f 1355/1631/1617 1379/1632/1618 1354/1633/1619
f 1354/1633/1619 1379/1632/1618 1380/1634/1620
f 1354/1633/1619 1380/1634/1620 1353/1635/1621
f 1353/1635/1621 1380/1634/1620 1381/1636/1622
f 1353/1635/1621 1381/1636/1622 1352/1637/1623
f 1352/1637/1623 1381/1636/1622 1382/1638/1624
f 1352/1637/1623 1382/1638/1624 1351/1639/1625
f 1351/1639/1625 1382/1638/1624 1383/1640/1626
f 1351/1639/1625 1383/1640/1626 1350/1641/1627
f 1350/1641/1627 1383/1640/1626 1384/1642/1628
f 1350/1641/1627 1384/1642/1628 1349/1643/1629
f 1349/1643/1629 1384/1642/1628 1385/1644/1630
f 1349/1643/1629 1385/1644/1630 1348/1645/1631
f 1348/1645/1631 1385/1644/1630 1386/1646/1632
f 1348/1645/1631 1386/1646/1632 1347/1647/1633
f 1347/1647/1633 1386/1646/1632 1387/1648/1634
f 1347/1647/1633 1387/1648/1634 1346/1649/1635
f 1346/1649/1635 1387/1648/1634 1388/1650/1636
f 1346/1649/1635 1388/1650/1636 1345/1651/1637
f 1345/1651/1637 1388/1650/1636 1389/1652/1638
f 1345/1651/1637 1389/1652/1638 1344/1603/1591
f 1344/1603/1591 1389/1652/1638 1390/1604/1592
f 1078/1653/1639 1344/1654/1640 1055/1655/1641
f 1055/1655/1641 1344/1654/1640 1343/1656/1642
f 1055/1657/1641 1343/1658/1642 1056/1659/1643
f 1056/1659/1643 1343/1658/1642 1366/1660/1644
f 1056/1659/1643 1366/1660/1644 1057/1661/1645
f 1057/1661/1645 1366/1660/1644 1365/1662/1646
f 1057/1661/1645 1365/1662/1646 1058/1663/1647
f 1058/1663/1647 1365/1662/1646 1364/1664/1648
f 1058/1663/1647 1364/1664/1648 1059/1665/1649
f 1059/1665/1649 1364/1664/1648 1363/1666/1650
f 1059/1665/1649 1363/1666/1650 1060/1667/1651
f 1060/1667/1651 1363/1666/1650 1362/1668/1652
f 1060/1667/1651 1362/1668/1652 1061/1669/1653
f 1061/1669/1653 1362/1668/1652 1361/1670/1654
f 1061/1669/1653 1361/1670/1654 1062/1671/1655
f 1062/1671/1655 1361/1670/1654 1360/1672/1656
f 1062/1671/1655 1360/1672/1656 1063/1673/1657
f 1063/1673/1657 1360/1672/1656 1359/1674/1658
f 1063/1673/1657 1359/1674/1658 1064/1675/1659
f 1064/1675/1659 1359/1674/1658 1358/1676/1660
f 1064/1675/1659 1358/1676/1660 1065/1677/1661
f 1065/1677/1661 1358/1676/1660 1357/1678/1662
f 1065/1677/1661 1357/1678/1662 1066/1679/1663
f 1066/1679/1663 1357/1678/1662 1356/1680/1664
f 1066/1679/1663 1356/1680/1664 1067/1681/1665
f 1067/1681/1665 1356/1680/1664 1355/1682/1666
f 1067/1681/1665 1355/1682/1666 1068/1683/1667
f 1068/1683/1667 1355/1682/1666 1354/1684/1668
f 1068/1683/1667 1354/1684/1668 1069/1685/1669
f 1069/1685/1669 1354/1684/1668 1353/1686/1670
f 1069/1685/1669 1353/1686/1670 1070/1687/1671
f 1070/1687/1671 1353/1686/1670 1352/1688/1672
f 1070/1687/1671 1352/1688/1672 1071/1689/1673
f 1071/1689/1673 1352/1688/1672 1351/1690/1674
f 1071/1689/1673 1351/1690/1674 1072/1691/1675
f 1072/1691/1675 1351/1690/1674 1350/1692/1676
f 1072/1691/1675 1350/1692/1676 1073/1693/1677
f 1073/1693/1677 1350/1692/1676 1349/1694/1678
f 1073/1693/1677 1349/1694/1678 1074/1695/1679
f 1074/1695/1679 1349/1694/1678 1348/1696/1680
f 1074/1695/1679 1348/1696/1680 1075/1697/1681
f 1075/1697/1681 1348/1696/1680 1347/1698/1682
f 1075/1697/1681 1347/1698/1682 1076/1699/1683
f 1076/1699/1683 1347/1698/1682 1346/1700/1684
f 1076/1699/1683 1346/1700/1684 1077/1701/1685
f 1077/1701/1685 1346/1700/1684 1345/1702/1686
f 1077/1701/1685 1345/1702/1686 1078/1653/1639
f 1078/1653/1639 1345/1702/1686 1344/1654/1640
f 1390/1703/1687 1380/1704/1688 1367/1705/1689
f 1367/1705/1689 1380/1704/1688 1379/1706/1690
f 1367/1705/1689 1379/1706/1690 1368/1707/1691
f 1368/1707/1691 1379/1706/1690 1378/1708/1692
f 1368/1707/1691 1378/1708/1692 1369/1709/1693
f 1369/1709/1693 1378/1708/1692 1377/1710/1694
f 1369/1709/1693 1377/1710/1694 1370/1711/1695
f 1370/1711/1695 1377/1710/1694 1376/1712/1696
f 1370/1711/1695 1376/1712/1696 1371/1713/1697
f 1371/1713/1697 1376/1712/1696 1375/1714/1698
f 1371/1713/1697 1375/1714/1698 1372/1715/1699
f 1372/1715/1699 1375/1714/1698 1374/1716/1700
f 1372/1715/1699 1374/1716/1700 1373/1717/1701
f 1380/1704/1688 1390/1703/1687 1381/1718/1702
f 1381/1718/1702 1390/1703/1687 1389/1719/1703
f 1381/1718/1702 1389/1719/1703 1382/1720/1704
f 1382/1720/1704 1389/1719/1703 1388/1721/1705
f 1382/1720/1704 1388/1721/1705 1383/1722/1706
f 1383/1722/1706 1388/1721/1705 1387/1723/1707
f 1383/1722/1706 1387/1723/1707 1384/1724/1708
f 1384/1724/1708 1387/1723/1707 1386/1725/1709
f 1384/1724/1708 1386/1725/1709 1385/1726/1710
f 1392/1727/1711 1438/1728/1712 1391/1729/1713
f 1391/1729/1713 1438/1728/1712 1415/1730/1714
f 1391/1731/1713 1415/1732/1714 1414/1733/1715
f 1414/1733/1715 1415/1732/1714 1416/1734/1716
f 1414/1733/1715 1416/1734/1716 1413/1735/1717
f 1413/1735/1717 1416/1734/1716 1417/1736/1718
f 1413/1735/1717 1417/1736/1718 1412/1737/1719
f 1412/1737/1719 1417/1736/1718 1418/1738/1720
f 1412/1737/1719 1418/1738/1720 1411/1739/1721
f 1411/1739/1721 1418/1738/1720 1419/1740/1722
f 1411/1739/1721 1419/1740/1722 1410/1741/1723
f 1410/1741/1723 1419/1740/1722 1420/1742/1724
f 1410/1741/1723 1420/1742/1724 1409/1743/1725
f 1409/1743/1725 1420/1742/1724 1421/1744/1726
f 1409/1743/1725 1421/1744/1726 1408/1745/1727
f 1408/1745/1727 1421/1744/1726 1422/1746/1728
f 1408/1745/1727 1422/1746/1728 1407/1747/1729
f 1407/1747/1729 1422/1746/1728 1423/1748/1730
f 1407/1747/1729 1423/1748/1730 1406/1749/1731
f 1406/1749/1731 1423/1748/1730 1424/1750/1732
f 1406/1749/1731 1424/1750/1732 1405/1751/1733
f 1405/1751/1733 1424/1750/1732 1425/1752/1734
f 1405/1751/1733 1425/1752/1734 1404/1753/1735
f 1404/1753/1735 1425/1752/1734 1426/1754/1736
f 1404/1753/1735 1426/1754/1736 1403/1755/1737
f 1403/1755/1737 1426/1754/1736 1427/1756/1738
f 1403/1755/1737 1427/1756/1738 1402/1757/1739
f 1402/1757/1739 1427/1756/1738 1428/1758/1740
f 1402/1757/1739 1428/1758/1740 1401/1759/1741
f 1401/1759/1741 1428/1758/1740 1429/1760/1742
f 1401/1759/1741 1429/1760/1742 1400/1761/1743
f 1400/1761/1743 1429/1760/1742 1430/1762/1744
f 1400/1761/1743 1430/1762/1744 1399/1763/1745
f 1399/1763/1745 1430/1762/1744 1431/1764/1746
f 1399/1763/1745 1431/1764/1746 1398/1765/1747
f 1398/1765/1747 1431/1764/1746 1432/1766/1748
f 1398/1765/1747 1432/1766/1748 1397/1767/1749
f 1397/1767/1749 1432/1766/1748 1433/1768/1750
f 1397/1767/1749 1433/1768/1750 1396/1769/1751
f 1396/1769/1751 1433/1768/1750 1434/1770/1752
f 1396/1769/1751 1434/1770/1752 1395/1771/1753
f 1395/1771/1753 1434/1770/1752 1435/1772/1754
f 1395/1771/1753 1435/1772/1754 1394/1773/1755
f 1394/1773/1755 1435/1772/1754 1436/1774/1756
f 1394/1773/1755 1436/1774/1756 1393/1775/1757
f 1393/1775/1757 1436/1774/1756 1437/1776/1758
f 1393/1775/1757 1437/1776/1758 1392/1727/1711
f 1392/1727/1711 1437/1776/1758 1438/1728/1712
f 1174/1777/1759 1392/1778/1760 1151/1779/1761
f 1151/1779/1761 1392/1778/1760 1391/1780/1762
f 1151/1781/1761 1391/1782/1762 1152/1783/1763
f 1152/1783/1763 1391/1782/1762 1414/1784/1764
f 1152/1783/1763 1414/1784/1764 1153/1785/1765
f 1153/1785/1765 1414/1784/1764 1413/1786/1766
f 1153/1785/1765 1413/1786/1766 1154/1787/1767
f 1154/1787/1767 1413/1786/1766 1412/1788/1768
f 1154/1787/1767 1412/1788/1768 1155/1789/1769
f 1155/1789/1769 1412/1788/1768 1411/1790/1770
f 1155/1789/1769 1411/1790/1770 1156/1791/1771
f 1156/1791/1771 1411/1790/1770 1410/1792/1772
f 1156/1791/1771 1410/1792/1772 1157/1793/1773
f 1157/1793/1773 1410/1792/1772 1409/1794/1774
f 1157/1793/1773 1409/1794/1774 1158/1795/1775
f 1158/1795/1775 1409/1794/1774 1408/1796/1776
f 1158/1795/1775 1408/1796/1776 1159/1797/1777
f 1159/1797/1777 1408/1796/1776 1407/1798/1778
f 1159/1797/1777 1407/1798/1778 1160/1799/1779
f 1160/1799/1779 1407/1798/1778 1406/1800/1780
f 1160/1799/1779 1406/1800/1780 1161/1801/1781
f 1161/1801/1781 1406/1800/1780 1405/1802/1782
f 1161/1801/1781 1405/1802/1782 1162/1803/1783
f 1162/1803/1783 1405/1802/1782 1404/1804/1784
f 1162/1803/1783 1404/1804/1784 1163/1805/1785
f 1163/1805/1785 1404/1804/1784 1403/1806/1786
f 1163/1805/1785 1403/1806/1786 1164/1807/1787
f 1164/1807/1787 1403/1806/1786 1402/1808/1788
f 1164/1807/1787 1402/1808/1788 1165/1809/1789
f 1165/1809/1789 1402/1808/1788 1401/1810/1790
f 1165/1809/1789 1401/1810/1790 1166/1811/1791
f 1166/1811/1791 1401/1810/1790 1400/1812/1792
f 1166/1811/1791 1400/1812/1792 1167/1813/1793
f 1167/1813/1793 1400/1812/1792 1399/1814/1794
f 1167/1813/1793 1399/1814/1794 1168/1815/1795
f 1168/1815/1795 1399/1814/1794 1398/1816/1796
f 1168/1815/1795 1398/1816/1796 1169/1817/1797
f 1169/1817/1797 1398/1816/1796 1397/1818/1798
f 1169/1817/1797 1397/1818/1798 1170/1819/1799
f 1170/1819/1799 1397/1818/1798 1396/1820/1800
f 1170/1819/1799 1396/1820/1800 1171/1821/1801
f 1171/1821/1801 1396/1820/1800 1395/1822/1802
f 1171/1821/1801 1395/1822/1802 1172/1823/1803
f 1172/1823/1803 1395/1822/1802 1394/1824/1804
f 1172/1823/1803 1394/1824/1804 1173/1825/1805
f 1173/1825/1805 1394/1824/1804 1393/1826/1806
f 1173/1825/1805 1393/1826/1806 1174/1777/1759
f 1174/1777/1759 1393/1826/1806 1392/1778/1760
f 1438/1827/1807 1428/1828/1808 1415/1829/1809
f 1415/1829/1809 1428/1828/1808 1427/1830/1810
f 1415/1829/1809 1427/1830/1810 1416/1831/1811
f 1416/1831/1811 1427/1830/1810 1426/1832/1812
f 1416/1831/1811 1426/1832/1812 1417/1833/1813
f 1417/1833/1813 1426/1832/1812 1425/1834/1814
f 1417/1833/1813 1425/1834/1814 1418/1835/1815
f 1418/1835/1815 1425/1834/1814 1424/1836/1816
f 1418/1835/1815 1424/1836/1816 1419/1837/1817
f 1419/1837/1817 1424/1836/1816 1423/1838/1818
f 1419/1837/1817 1423/1838/1818 1420/1839/1819
f 1420/1839/1819 1423/1838/1818 1422/1840/1820
f 1420/1839/1819 1422/1840/1820 1421/1841/1821
f 1428/1828/1808 1438/1827/1807 1429/1842/1822
f 1429/1842/1822 1438/1827/1807 1437/1843/1823
f 1429/1842/1822 1437/1843/1823 1430/1844/1824
f 1430/1844/1824 1437/1843/1823 1436/1845/1825
f 1430/1844/1824 1436/1845/1825 1431/1846/1826
f 1431/1846/1826 1436/1845/1825 1435/1847/1827
f 1431/1846/1826 1435/1847/1827 1432/1848/1828
f 1432/1848/1828 1435/1847/1827 1434/1849/1829
f 1432/1848/1828 1434/1849/1829 1433/1850/1830
f 1440/1851/1831 1486/1852/1832 1439/1853/1833
f 1439/1853/1833 1486/1852/1832 1463/1854/1834
f 1439/1855/1833 1463/1856/1834 1462/1857/1835
f 1462/1857/1835 1463/1856/1834 1464/1858/1836
f 1462/1857/1835 1464/1858/1836 1461/1859/1837
f 1461/1859/1837 1464/1858/1836 1465/1860/1838
f 1461/1859/1837 1465/1860/1838 1460/1861/1839
f 1460/1861/1839 1465/1860/1838 1466/1862/1840
f 1460/1861/1839 1466/1862/1840 1459/1863/1841
f 1459/1863/1841 1466/1862/1840 1467/1864/1842
f 1459/1863/1841 1467/1864/1842 1458/1865/1843
f 1458/1865/1843 1467/1864/1842 1468/1866/1844
f 1458/1865/1843 1468/1866/1844 1457/1867/1845
f 1457/1867/1845 1468/1866/1844 1469/1868/1846
f 1457/1867/1845 1469/1868/1846 1456/1869/1847
f 1456/1869/1847 1469/1868/1846 1470/1870/1848
f 1456/1869/1847 1470/1870/1848 1455/1871/1849
f 1455/1871/1849 1470/1870/1848 1471/1872/1850
f 1455/1871/1849 1471/1872/1850 1454/1873/1851
f 1454/1873/1851 1471/1872/1850 1472/1874/1852
f 1454/1873/1851 1472/1874/1852 1453/1875/1853
f 1453/1875/1853 1472/1874/1852 1473/1876/1854
f 1453/1875/1853 1473/1876/1854 1452/1877/1855
f 1452/1877/1855 1473/1876/1854 1474/1878/1856
f 1452/1877/1855 1474/1878/1856 1451/1879/1857
f 1451/1879/1857 1474/1878/1856 1475/1880/1858
f 1451/1879/1857 1475/1880/1858 1450/1881/1859
f 1450/1881/1859 1475/1880/1858 1476/1882/1860
f 1450/1881/1859 1476/1882/1860 1449/1883/1861
f 1449/1883/1861 1476/1882/1860 1477/1884/1862
f 1449/1883/1861 1477/1884/1862 1448/1885/1863
f 1448/1885/1863 1477/1884/1862 1478/1886/1864
f 1448/1885/1863 1478/1886/1864 1447/1887/1865
f 1447/1887/1865 1478/1886/1864 1479/1888/1866
f 1447/1887/1865 1479/1888/1866 1446/1889/1867
f 1446/1889/1867 1479/1888/1866 1480/1890/1868
f 1446/1889/1867 1480/1890/1868 1445/1891/1869
f 1445/1891/1869 1480/1890/1868 1481/1892/1870
f 1445/1891/1869 1481/1892/1870 1444/1893/1871
f 1444/1893/1871 1481/1892/1870 1482/1894/1872
f 1444/1893/1871 1482/1894/1872 1443/1895/1873
f 1443/1895/1873 1482/1894/1872 1483/1896/1874
f 1443/1895/1873 1483/1896/1874 1442/1897/1875
f 1442/1897/1875 1483/1896/1874 1484/1898/1876
f 1442/1897/1875 1484/1898/1876 1441/1899/1877
f 1441/1899/1877 1484/1898/1876 1485/1900/1878
f 1441/1899/1877 1485/1900/1878 1440/1851/1831
f 1440/1851/1831 1485/1900/1878 1486/1852/1832
f 214/1901/1879 1440/1902/1880 191/1903/1881
f 191/1903/1881 1440/1902/1880 1439/1904/1882
f 191/1905/1881 1439/1906/1882 192/1907/1883
f 192/1907/1883 1439/1906/1882 1462/1908/1884
f 192/1907/1883 1462/1908/1884 193/1909/1885
f 193/1909/1885 1462/1908/1884 1461/1910/1886
f 193/1909/1885 1461/1910/1886 194/1911/1887
f 194/1911/1887 1461/1910/1886 1460/1912/1888
f 194/1911/1887 1460/1912/1888 195/1913/1889
f 195/1913/1889 1460/1912/1888 1459/1914/1890
f 195/1913/1889 1459/1914/1890 196/1915/1891
f 196/1915/1891 1459/1914/1890 1458/1916/1892
f 196/1915/1891 1458/1916/1892 197/1917/1893
f 197/1917/1893 1458/1916/1892 1457/1918/1894
f 197/1917/1893 1457/1918/1894 198/1919/1895
f 198/1919/1895 1457/1918/1894 1456/1920/1896
f 198/1919/1895 1456/1920/1896 199/1921/1897
f 199/1921/1897 1456/1920/1896 1455/1922/1898
f 199/1921/1897 1455/1922/1898 200/1923/1899
f 200/1923/1899 1455/1922/1898 1454/1924/1900
f 200/1923/1899 1454/1924/1900 201/1925/1901
f 201/1925/1901 1454/1924/1900 1453/1926/1902
f 201/1925/1901 1453/1926/1902 202/1927/1903
f 202/1927/1903 1453/1926/1902 1452/1928/1904
f 202/1927/1903 1452/1928/1904 203/1929/1905
f 203/1929/1905 1452/1928/1904 1451/1930/1906
f 203/1929/1905 1451/1930/1906 204/1931/1907
f 204/1931/1907 1451/1930/1906 1450/1932/1908
f 204/1931/1907 1450/1932/1908 205/1933/1909
f 205/1933/1909 1450/1932/1908 1449/1934/1910
f 205/1933/1909 1449/1934/1910 206/1935/1911
f 206/1935/1911 1449/1934/1910 1448/1936/1912
f 206/1935/1911 1448/1936/1912 207/1937/1913
f 207/1937/1913 1448/1936/1912 1447/1938/1914
f 207/1937/1913 1447/1938/1914 208/1939/1915
f 208/1939/1915 1447/1938/1914 1446/1940/1916
f 208/1939/1915 1446/1940/1916 209/1941/1917
f 209/1941/1917 1446/1940/1916 1445/1942/1918
f 209/1941/1917 1445/1942/1918 210/1943/1919
f 210/1943/1919 1445/1942/1918 1444/1944/1920
f 210/1943/1919 1444/1944/1920 211/1945/1921
f 211/1945/1921 1444/1944/1920 1443/1946/1922
f 211/1945/1921 1443/1946/1922 212/1947/1923
f 212/1947/1923 1443/1946/1922 1442/1948/1924
f 212/1947/1923 1442/1948/1924 213/1949/1925
f 213/1949/1925 1442/1948/1924 1441/1950/1926
f 213/1949/1925 1441/1950/1926 214/1901/1879
f 214/1901/1879 1441/1950/1926 1440/1902/1880
f 1486/1951/1927 1476/1952/1928 1463/1953/1929
f 1463/1953/1929 1476/1952/1928 1475/1954/1930
f 1463/1953/1929 1475/1954/1930 1464/1955/1931
f 1464/1955/1931 1475/1954/1930 1474/1956/1932
f 1464/1955/1931 1474/1956/1932 1465/1957/1933
f 1465/1957/1933 1474/1956/1932 1473/1958/1934
f 1465/1957/1933 1473/1958/1934 1466/1959/1935
f 1466/1959/1935 1473/1958/1934 1472/1960/1936
f 1466/1959/1935 1472/1960/1936 1467/1961/1937
f 1467/1961/1937 1472/1960/1936 1471/1962/1938
f 1467/1961/1937 1471/1962/1938 1468/1963/1939
f 1468/1963/1939 1471/1962/1938 1470/1964/1940
f 1468/1963/1939 1470/1964/1940 1469/1965/1941
f 1476/1952/1928 1486/1951/1927 1477/1966/1942
f 1477/1966/1942 1486/1951/1927 1485/1967/1943
f 1477/1966/1942 1485/1967/1943 1478/1968/1944
f 1478/1968/1944 1485/1967/1943 1484/1969/1945
f 1478/1968/1944 1484/1969/1945 1479/1970/1946
f 1479/1970/1946 1484/1969/1945 1483/1971/1947
f 1479/1970/1946 1483/1971/1947 1480/1972/1948
f 1480/1972/1948 1483/1971/1947 1482/1973/1949
f 1480/1972/1948 1482/1973/1949 1481/1974/1950
f 1488/1975/1951 1534/1976/1952 1487/1977/1953
f 1487/1977/1953 1534/1976/1952 1511/1978/1954
f 1487/1979/1953 1511/1980/1954 1510/1981/1955
f 1510/1981/1955 1511/1980/1954 1512/1982/1956
f 1510/1981/1955 1512/1982/1956 1509/1983/1957
f 1509/1983/1957 1512/1982/1956 1513/1984/1958
f 1509/1983/1957 1513/1984/1958 1508/1985/1959
f 1508/1985/1959 1513/1984/1958 1514/1986/1960
f 1508/1985/1959 1514/1986/1960 1507/1987/1961
f 1507/1987/1961 1514/1986/1960 1515/1988/1962
f 1507/1987/1961 1515/1988/1962 1506/1989/1963
f 1506/1989/1963 1515/1988/1962 1516/1990/1964
f 1506/1989/1963 1516/1990/1964 1505/1991/1965
f 1505/1991/1965 1516/1990/1964 1517/1992/1966
f 1505/1991/1965 1517/1992/1966 1504/1993/1967
f 1504/1993/1967 1517/1992/1966 1518/1994/1968
f 1504/1993/1967 1518/1994/1968 1503/1995/1969
f 1503/1995/1969 1518/1994/1968 1519/1996/1970
f 1503/1995/1969 1519/1996/1970 1502/1997/1971
f 1502/1997/1971 1519/1996/1970 1520/1998/1972
f 1502/1997/1971 1520/1998/1972 1501/1999/1973
f 1501/1999/1973 1520/1998/1972 1521/2000/1974
f 1501/1999/1973 1521/2000/1974 1500/2001/1975
f 1500/2001/1975 1521/2000/1974 1522/2002/1976
f 1500/2001/1975 1522/2002/1976 1499/2003/1977
f 1499/2003/1977 1522/2002/1976 1523/2004/1978
f 1499/2003/1977 1523/2004/1978 1498/2005/1979
f 1498/2005/1979 1523/2004/1978 1524/2006/1980
f 1498/2005/1979 1524/2006/1980 1497/2007/1981
f 1497/2007/1981 1524/2006/1980 1525/2008/1982
f 1497/2007/1981 1525/2008/1982 1496/2009/1983
f 1496/2009/1983 1525/2008/1982 1526/2010/1984
f 1496/2009/1983 1526/2010/1984 1495/2011/1985
f 1495/2011/1985 1526/2010/1984 1527/2012/1986
f 1495/2011/1985 1527/2012/1986 1494/2013/1987
f 1494/2013/1987 1527/2012/1986 1528/2014/1988
f 1494/2013/1987 1528/2014/1988 1493/2015/1989
f 1493/2015/1989 1528/2014/1988 1529/2016/1990
f 1493/2015/1989 1529/2016/1990 1492/2017/1991
f 1492/2017/1991 1529/2016/1990 1530/2018/1992
f 1492/2017/1991 1530/2018/1992 1491/2019/1993
f 1491/2019/1993 1530/2018/1992 1531/2020/1994
f 1491/2019/1993 1531/2020/1994 1490/2021/1995
f 1490/2021/1995 1531/2020/1994 1532/2022/1996
f 1490/2021/1995 1532/2022/1996 1489/2023/1997
f 1489/2023/1997 1532/2022/1996 1533/2024/1998
f 1489/2023/1997 1533/2024/1998 1488/1975/1951
f 1488/1975/1951 1533/2024/1998 1534/1976/1952
f 118/2025/1999 1488/2026/2000 95/2027/2001
f 95/2027/2001 1488/2026/2000 1487/2028/2002
f 95/2029/2001 1487/2030/2002 96/2031/2003
f 96/2031/2003 1487/2030/2002 1510/2032/2004
f 96/2031/2003 1510/2032/2004 97/2033/2005
f 97/2033/2005 1510/2032/2004 1509/2034/2006
f 97/2033/2005 1509/2034/2006 98/2035/2007
f 98/2035/2007 1509/2034/2006 1508/2036/2008
f 98/2035/2007 1508/2036/2008 99/2037/2009
f 99/2037/2009 1508/2036/2008 1507/2038/2010
f 99/2037/2009 1507/2038/2010 100/2039/2011
f 100/2039/2011 1507/2038/2010 1506/2040/2012
f 100/2039/2011 1506/2040/2012 101/2041/2013
f 101/2041/2013 1506/2040/2012 1505/2042/2014
f 101/2041/2013 1505/2042/2014 102/2043/2015
f 102/2043/2015 1505/2042/2014 1504/2044/2016
f 102/2043/2015 1504/2044/2016 103/2045/2017
f 103/2045/2017 1504/2044/2016 1503/2046/2018
f 103/2045/2017 1503/2046/2018 104/2047/2019
f 104/2047/2019 1503/2046/2018 1502/2048/2020
f 104/2047/2019 1502/2048/2020 105/2049/2021
f 105/2049/2021 1502/2048/2020 1501/2050/2022
f 105/2049/2021 1501/2050/2022 106/2051/2023
f 106/2051/2023 1501/2050/2022 1500/2052/2024
f 106/2051/2023 1500/2052/2024 107/2053/2025
f 107/2053/2025 1500/2052/2024 1499/2054/2026
f 107/2053/2025 1499/2054/2026 108/2055/2027
f 108/2055/2027 1499/2054/2026 1498/2056/2028
f 108/2055/2027 1498/2056/2028 109/2057/2029
f 109/2057/2029 1498/2056/2028 1497/2058/2030
f 109/2057/2029 1497/2058/2030 110/2059/2031
f 110/2059/2031 1497/2058/2030 1496/2060/2032
f 110/2059/2031 1496/2060/2032 111/2061/2033
f 111/2061/2033 1496/2060/2032 1495/2062/2034
f 111/2061/2033 1495/2062/2034 112/2063/2035
f 112/2063/2035 1495/2062/2034 1494/2064/2036
f 112/2063/2035 1494/2064/2036 113/2065/2037
f 113/2065/2037 1494/2064/2036 1493/2066/2038
f 113/2065/2037 1493/2066/2038 114/2067/2039
f 114/2067/2039 1493/2066/2038 1492/2068/2040
f 114/2067/2039 1492/2068/2040 115/2069/2041
f 115/2069/2041 1492/2068/2040 1491/2070/2042
f 115/2069/2041 1491/2070/2042 116/2071/2043
f 116/2071/2043 1491/2070/2042 1490/2072/2044
f 116/2071/2043 1490/2072/2044 117/2073/2045
f 117/2073/2045 1490/2072/2044 1489/2074/2046
f 117/2073/2045 1489/2074/2046 118/2025/1999
f 118/2025/1999 1489/2074/2046 1488/2026/2000
f 1534/2075/2047 1524/2076/2048 1511/2077/2049
f 1511/2077/2049 1524/2076/2048 1523/2078/2050
f 1511/2077/2049 1523/2078/2050 1512/2079/2051
f 1512/2079/2051 1523/2078/2050 1522/2080/2052
f 1512/2079/2051 1522/2080/2052 1513/2081/2053
f 1513/2081/2053 1522/2080/2052 1521/2082/2054
f 1513/2081/2053 1521/2082/2054 1514/2083/2055
f 1514/2083/2055 1521/2082/2054 1520/2084/2056
f 1514/2083/2055 1520/2084/2056 1515/2085/2057
f 1515/2085/2057 1520/2084/2056 1519/2086/2058
f 1515/2085/2057 1519/2086/2058 1516/2087/2059
f 1516/2087/2059 1519/2086/2058 1518/2088/2060
f 1516/2087/2059 1518/2088/2060 1517/2089/2061
f 1524/2076/2048 1534/2075/2047 1525/2090/2062
f 1525/2090/2062 1534/2075/2047 1533/2091/2063
f 1525/2090/2062 1533/2091/2063 1526/2092/2064
f 1526/2092/2064 1533/2091/2063 1532/2093/2065
f 1526/2092/2064 1532/2093/2065 1527/2094/2066
f 1527/2094/2066 1532/2093/2065 1531/2095/2067
f 1527/2094/2066 1531/2095/2067 1528/2096/2068
f 1528/2096/2068 1531/2095/2067 1530/2097/2069
f 1528/2096/2068 1530/2097/2069 1529/2098/2070
f 1536/2099/2071 1582/2100/2072 1535/2101/2073
f 1535/2101/2073 1582/2100/2072 1559/2102/2074
f 1535/2103/2073 1559/2104/2074 1558/2105/2075
f 1558/2105/2075 1559/2104/2074 1560/2106/2076
f 1558/2105/2075 1560/2106/2076 1557/2107/2077
f 1557/2107/2077 1560/2106/2076 1561/2108/2078
f 1557/2107/2077 1561/2108/2078 1556/2109/2079
f 1556/2109/2079 1561/2108/2078 1562/2110/2080
f 1556/2109/2079 1562/2110/2080 1555/2111/2081
f 1555/2111/2081 1562/2110/2080 1563/2112/2082
f 1555/2111/2081 1563/2112/2082 1554/2113/2083
f 1554/2113/2083 1563/2112/2082 1564/2114/2084
f 1554/2113/2083 1564/2114/2084 1553/2115/2085
f 1553/2115/2085 1564/2114/2084 1565/2116/2086
f 1553/2115/2085 1565/2116/2086 1552/2117/2087
f 1552/2117/2087 1565/2116/2086 1566/2118/2088
f 1552/2117/2087 1566/2118/2088 1551/2119/2089
f 1551/2119/2089 1566/2118/2088 1567/2120/2090
f 1551/2119/2089 1567/2120/2090 1550/2121/2091
f 1550/2121/2091 1567/2120/2090 1568/2122/2092
f 1550/2121/2091 1568/2122/2092 1549/2123/2093
f 1549/2123/2093 1568/2122/2092 1569/2124/2094
f 1549/2123/2093 1569/2124/2094 1548/2125/2095
f 1548/2125/2095 1569/2124/2094 1570/2126/2096
f 1548/2125/2095 1570/2126/2096 1547/2127/2097
f 1547/2127/2097 1570/2126/2096 1571/2128/2098
f 1547/2127/2097 1571/2128/2098 1546/2129/2099
f 1546/2129/2099 1571/2128/2098 1572/2130/2100
f 1546/2129/2099 1572/2130/2100 1545/2131/2101
f 1545/2131/2101 1572/2130/2100 1573/2132/2102
f 1545/2131/2101 1573/2132/2102 1544/2133/2103
f 1544/2133/2103 1573/2132/2102 1574/2134/2104
f 1544/2133/2103 1574/2134/2104 1543/2135/2105
f 1543/2135/2105 1574/2134/2104 1575/2136/2106
f 1543/2135/2105 1575/2136/2106 1542/2137/2107
f 1542/2137/2107 1575/2136/2106 1576/2138/2108
f 1542/2137/2107 1576/2138/2108 1541/2139/2109
f 1541/2139/2109 1576/2138/2108 1577/2140/2110
f 1541/2139/2109 1577/2140/2110 1540/2141/2111
f 1540/2141/2111 1577/2140/2110 1578/2142/2112
f 1540/2141/2111 1578/2142/2112 1539/2143/2113
f 1539/2143/2113 1578/2142/2112 1579/2144/2114
f 1539/2143/2113 1579/2144/2114 1538/2145/2115
f 1538/2145/2115 1579/2144/2114 1580/2146/2116
f 1538/2145/2115 1580/2146/2116 1537/2147/2117
f 1537/2147/2117 1580/2146/2116 1581/2148/2118
f 1537/2147/2117 1581/2148/2118 1536/2099/2071
f 1536/2099/2071 1581/2148/2118 1582/2100/2072
f 1102/2149/2119 1536/2150/2120 1079/2151/2121
f 1079/2151/2121 1536/2150/2120 1535/2152/2122
f 1079/2153/2121 1535/2154/2122 1080/2155/2123
f 1080/2155/2123 1535/2154/2122 1558/2156/2124
f 1080/2155/2123 1558/2156/2124 1081/2157/2125
f 1081/2157/2125 1558/2156/2124 1557/2158/2126
f 1081/2157/2125 1557/2158/2126 1082/2159/2127
f 1082/2159/2127 1557/2158/2126 1556/2160/2128
f 1082/2159/2127 1556/2160/2128 1083/2161/2129
f 1083/2161/2129 1556/2160/2128 1555/2162/2130
f 1083/2161/2129 1555/2162/2130 1084/2163/2131
f 1084/2163/2131 1555/2162/2130 1554/2164/2132
f 1084/2163/2131 1554/2164/2132 1085/2165/2133
f 1085/2165/2133 1554/2164/2132 1553/2166/2134
f 1085/2165/2133 1553/2166/2134 1086/2167/2135
f 1086/2167/2135 1553/2166/2134 1552/2168/2136
f 1086/2167/2135 1552/2168/2136 1087/2169/2137
f 1087/2169/2137 1552/2168/2136 1551/2170/2138
f 1087/2169/2137 1551/2170/2138 1088/2171/2139
f 1088/2171/2139 1551/2170/2138 1550/2172/2140
f 1088/2171/2139 1550/2172/2140 1089/2173/2141
f 1089/2173/2141 1550/2172/2140 1549/2174/2142
f 1089/2173/2141 1549/2174/2142 1090/2175/2143
f 1090/2175/2143 1549/2174/2142 1548/2176/2144
f 1090/2175/2143 1548/2176/2144 1091/2177/2145
f 1091/2177/2145 1548/2176/2144 1547/2178/2146
f 1091/2177/2145 1547/2178/2146 1092/2179/2147
f 1092/2179/2147 1547/2178/2146 1546/2180/2148
f 1092/2179/2147 1546/2180/2148 1093/2181/2149
f 1093/2181/2149 1546/2180/2148 1545/2182/2150
f 1093/2181/2149 1545/2182/2150 1094/2183/2151
f 1094/2183/2151 1545/2182/2150 1544/2184/2152
f 1094/2183/2151 1544/2184/2152 1095/2185/2153
f 1095/2185/2153 1544/2184/2152 1543/2186/2154
f 1095/2185/2153 1543/2186/2154 1096/2187/2155
f 1096/2187/2155 1543/2186/2154 1542/2188/2156
f 1096/2187/2155 1542/2188/2156 1097/2189/2157
f 1097/2189/2157 1542/2188/2156 1541/2190/2158
f 1097/2189/2157 1541/2190/2158 1098/2191/2159
f 1098/2191/2159 1541/2190/2158 1540/2192/2160
f 1098/2191/2159 1540/2192/2160 1099/2193/2161
f 1099/2193/2161 1540/2192/2160 1539/2194/2162
f 1099/2193/2161 1539/2194/2162 1100/2195/2163
f 1100/2195/2163 1539/2194/2162 1538/2196/2164
f 1100/2195/2163 1538/2196/2164 1101/2197/2165
f 1101/2197/2165 1538/2196/2164 1537/2198/2166
f 1101/2197/2165 1537/2198/2166 1102/2149/2119
f 1102/2149/2119 1537/2198/2166 1536/2150/2120
f 1582/2199/2167 1572/2200/2168 1559/2201/2169
f 1559/2201/2169 1572/2200/2168 1571/2202/2170
f 1559/2201/2169 1571/2202/2170 1560/2203/2171
f 1560/2203/2171 1571/2202/2170 1570/2204/2172
f 1560/2203/2171 1570/2204/2172 1561/2205/2173
f 1561/2205/2173 1570/2204/2172 1569/2206/2174
f 1561/2205/2173 1569/2206/2174 1562/2207/2175
f 1562/2207/2175 1569/2206/2174 1568/2208/2176
f 1562/2207/2175 1568/2208/2176 1563/2209/2177
f 1563/2209/2177 1568/2208/2176 1567/2210/2178
f 1563/2209/2177 1567/2210/2178 1564/2211/2179
f 1564/2211/2179 1567/2210/2178 1566/2212/2180
f 1564/2211/2179 1566/2212/2180 1565/2213/2181
f 1572/2200/2168 1582/2199/2167 1573/2214/2182
f 1573/2214/2182 1582/2199/2167 1581/2215/2183
f 1573/2214/2182 1581/2215/2183 1574/2216/2184
f 1574/2216/2184 1581/2215/2183 1580/2217/2185
f 1574/2216/2184 1580/2217/2185 1575/2218/2186
f 1575/2218/2186 1580/2217/2185 1579/2219/2187
f 1575/2218/2186 1579/2219/2187 1576/2220/2188
f 1576/2220/2188 1579/2219/2187 1578/2221/2189
f 1576/2220/2188 1578/2221/2189 1577/2222/2190
f 1584/2223/2191 1630/2224/2192 1583/2225/2193
f 1583/2225/2193 1630/2224/2192 1607/2226/2194
f 1583/2227/2193 1607/2228/2194 1606/2229/2195
f 1606/2229/2195 1607/2228/2194 1608/2230/2196
f 1606/2229/2195 1608/2230/2196 1605/2231/2197
f 1605/2231/2197 1608/2230/2196 1609/2232/2198
f 1605/2231/2197 1609/2232/2198 1604/2233/2199
f 1604/2233/2199 1609/2232/2198 1610/2234/2200
f 1604/2233/2199 1610/2234/2200 1603/2235/2201
f 1603/2235/2201 1610/2234/2200 1611/2236/2202
f 1603/2235/2201 1611/2236/2202 1602/2237/2203
f 1602/2237/2203 1611/2236/2202 1612/2238/2204
f 1602/2237/2203 1612/2238/2204 1601/2239/2205
f 1601/2239/2205 1612/2238/2204 1613/2240/2206
f 1601/2239/2205 1613/2240/2206 1600/2241/2207
f 1600/2241/2207 1613/2240/2206 1614/2242/2208
f 1600/2241/2207 1614/2242/2208 1599/2243/2209
f 1599/2243/2209 1614/2242/2208 1615/2244/2210
f 1599/2243/2209 1615/2244/2210 1598/2245/2211
f 1598/2245/2211 1615/2244/2210 1616/2246/2212
f 1598/2245/2211 1616/2246/2212 1597/2247/2213
f 1597/2247/2213 1616/2246/2212 1617/2248/2214
f 1597/2247/2213 1617/2248/2214 1596/2249/2215
f 1596/2249/2215 1617/2248/2214 1618/2250/2216
f 1596/2249/2215 1618/2250/2216 1595/2251/2217
f 1595/2251/2217 1618/2250/2216 1619/2252/2218
f 1595/2251/2217 1619/2252/2218 1594/2253/2219
f 1594/2253/2219 1619/2252/2218 1620/2254/2220
f 1594/2253/2219 1620/2254/2220 1593/2255/2221
f 1593/2255/2221 1620/2254/2220 1621/2256/2222
f 1593/2255/2221 1621/2256/2222 1592/2257/2223
f 1592/2257/2223 1621/2256/2222 1622/2258/2224
f 1592/2257/2223 1622/2258/2224 1591/2259/2225
f 1591/2259/2225 1622/2258/2224 1623/2260/2226
f 1591/2259/2225 1623/2260/2226 1590/2261/2227
f 1590/2261/2227 1623/2260/2226 1624/2262/2228
f 1590/2261/2227 1624/2262/2228 1589/2263/2229
f 1589/2263/2229 1624/2262/2228 1625/2264/2230
f 1589/2263/2229 1625/2264/2230 1588/2265/2231
f 1588/2265/2231 1625/2264/2230 1626/2266/2232
f 1588/2265/2231 1626/2266/2232 1587/2267/2233
f 1587/2267/2233 1626/2266/2232 1627/2268/2234
f 1587/2267/2233 1627/2268/2234 1586/2269/2235
f 1586/2269/2235 1627/2268/2234 1628/2270/2236
f 1586/2269/2235 1628/2270/2236 1585/2271/2237
f 1585/2271/2237 1628/2270/2236 1629/2272/2238
f 1585/2271/2237 1629/2272/2238 1584/2223/2191
f 1584/2223/2191 1629/2272/2238 1630/2224/2192
f 1198/2273/2239 1584/2274/2240 1175/2275/2241
f 1175/2275/2241 1584/2274/2240 1583/2276/2242
f 1175/2277/2241 1583/2278/2242 1176/2279/2243
f 1176/2279/2243 1583/2278/2242 1606/2280/2244
f 1176/2279/2243 1606/2280/2244 1177/2281/2245
f 1177/2281/2245 1606/2280/2244 1605/2282/2246
f 1177/2281/2245 1605/2282/2246 1178/2283/2247
f 1178/2283/2247 1605/2282/2246 1604/2284/2248
f 1178/2283/2247 1604/2284/2248 1179/2285/2249
f 1179/2285/2249 1604/2284/2248 1603/2286/2250
f 1179/2285/2249 1603/2286/2250 1180/2287/2251
f 1180/2287/2251 1603/2286/2250 1602/2288/2252
f 1180/2287/2251 1602/2288/2252 1181/2289/2253
f 1181/2289/2253 1602/2288/2252 1601/2290/2254
f 1181/2289/2253 1601/2290/2254 1182/2291/2255
f 1182/2291/2255 1601/2290/2254 1600/2292/2256
f 1182/2291/2255 1600/2292/2256 1183/2293/2257
f 1183/2293/2257 1600/2292/2256 1599/2294/2258
f 1183/2293/2257 1599/2294/2258 1184/2295/2259
f 1184/2295/2259 1599/2294/2258 1598/2296/2260
f 1184/2295/2259 1598/2296/2260 1185/2297/2261
f 1185/2297/2261 1598/2296/2260 1597/2298/2262
f 1185/2297/2261 1597/2298/2262 1186/2299/2263
f 1186/2299/2263 1597/2298/2262 1596/2300/2264
f 1186/2299/2263 1596/2300/2264 1187/2301/2265
f 1187/2301/2265 1596/2300/2264 1595/2302/2266
f 1187/2301/2265 1595/2302/2266 1188/2303/2267
f 1188/2303/2267 1595/2302/2266 1594/2304/2268
f 1188/2303/2267 1594/2304/2268 1189/2305/2269
f 1189/2305/2269 1594/2304/2268 1593/2306/2270
f 1189/2305/2269 1593/2306/2270 1190/2307/2271
f 1190/2307/2271 1593/2306/2270 1592/2308/2272
f 1190/2307/2271 1592/2308/2272 1191/2309/2273
f 1191/2309/2273 1592/2308/2272 1591/2310/2274
f 1191/2309/2273 1591/2310/2274 1192/2311/2275
f 1192/2311/2275 1591/2310/2274 1590/2312/2276
f 1192/2311/2275 1590/2312/2276 1193/2313/2277
f 1193/2313/2277 1590/2312/2276 1589/2314/2278
f 1193/2313/2277 1589/2314/2278 1194/2315/2279
f 1194/2315/2279 1589/2314/2278 1588/2316/2280
f 1194/2315/2279 1588/2316/2280 1195/2317/2281
f 1195/2317/2281 1588/2316/2280 1587/2318/2282
f 1195/2317/2281 1587/2318/2282 1196/2319/2283
f 1196/2319/2283 1587/2318/2282 1586/2320/2284
f 1196/2319/2283 1586/2320/2284 1197/2321/2285
f 1197/2321/2285 1586/2320/2284 1585/2322/2286
f 1197/2321/2285 1585/2322/2286 1198/2273/2239
f 1198/2273/2239 1585/2322/2286 1584/2274/2240
f 1630/2323/2287 1620/2324/2288 1607/2325/2289
f 1607/2325/2289 1620/2324/2288 1619/2326/2290
f 1607/2325/2289 1619/2326/2290 1608/2327/2291
f 1608/2327/2291 1619/2326/2290 1618/2328/2292
f 1608/2327/2291 1618/2328/2292 1609/2329/2293
f 1609/2329/2293 1618/2328/2292 1617/2330/2294
f 1609/2329/2293 1617/2330/2294 1610/2331/2295
f 1610/2331/2295 1617/2330/2294 1616/2332/2296
f 1610/2331/2295 1616/2332/2296 1611/2333/2297
f 1611/2333/2297 1616/2332/2296 1615/2334/2298
f 1611/2333/2297 1615/2334/2298 1612/2335/2299
f 1612/2335/2299 1615/2334/2298 1614/2336/2300
f 1612/2335/2299 1614/2336/2300 1613/2337/2301
f 1620/2324/2288 1630/2323/2287 1621/2338/2302
f 1621/2338/2302 1630/2323/2287 1629/2339/2303
f 1621/2338/2302 1629/2339/2303 1622/2340/2304
f 1622/2340/2304 1629/2339/2303 1628/2341/2305
f 1622/2340/2304 1628/2341/2305 1623/2342/2306
f 1623/2342/2306 1628/2341/2305 1627/2343/2307
f 1623/2342/2306 1627/2343/2307 1624/2344/2308
f 1624/2344/2308 1627/2343/2307 1626/2345/2309
f 1624/2344/2308 1626/2345/2309 1625/2346/2310
f 1632/2347/2311 1678/2348/2312 1631/2349/2313
f 1631/2349/2313 1678/2348/2312 1655/2350/2314
f 1631/2351/2313 1655/2352/2314 1654/2353/2315
f 1654/2353/2315 1655/2352/2314 1656/2354/2316
f 1654/2353/2315 1656/2354/2316 1653/2355/2317
f 1653/2355/2317 1656/2354/2316 1657/2356/2318
f 1653/2355/2317 1657/2356/2318 1652/2357/2319
f 1652/2357/2319 1657/2356/2318 1658/2358/2320
f 1652/2357/2319 1658/2358/2320 1651/2359/2321
f 1651/2359/2321 1658/2358/2320 1659/2360/2322
f 1651/2359/2321 1659/2360/2322 1650/2361/2323
f 1650/2361/2323 1659/2360/2322 1660/2362/2324
f 1650/2361/2323 1660/2362/2324 1649/2363/2325
f 1649/2363/2325 1660/2362/2324 1661/2364/2326
f 1649/2363/2325 1661/2364/2326 1648/2365/2327
f 1648/2365/2327 1661/2364/2326 1662/2366/2328
f 1648/2365/2327 1662/2366/2328 1647/2367/2329
f 1647/2367/2329 1662/2366/2328 1663/2368/2330
f 1647/2367/2329 1663/2368/2330 1646/2369/2331
f 1646/2369/2331 1663/2368/2330 1664/2370/2332
f 1646/2369/2331 1664/2370/2332 1645/2371/2333
f 1645/2371/2333 1664/2370/2332 1665/2372/2334
f 1645/2371/2333 1665/2372/2334 1644/2373/2335
f 1644/2373/2335 1665/2372/2334 1666/2374/2336
f 1644/2373/2335 1666/2374/2336 1643/2375/2337
f 1643/2375/2337 1666/2374/2336 1667/2376/2338
f 1643/2375/2337 1667/2376/2338 1642/2377/2339
f 1642/2377/2339 1667/2376/2338 1668/2378/2340
f 1642/2377/2339 1668/2378/2340 1641/2379/2341
f 1641/2379/2341 1668/2378/2340 1669/2380/2342
f 1641/2379/2341 1669/2380/2342 1640/2381/2343
f 1640/2381/2343 1669/2380/2342 1670/2382/2344
f 1640/2381/2343 1670/2382/2344 1639/2383/2345
f 1639/2383/2345 1670/2382/2344 1671/2384/2346
f 1639/2383/2345 1671/2384/2346 1638/2385/2347
f 1638/2385/2347 1671/2384/2346 1672/2386/2348
f 1638/2385/2347 1672/2386/2348 1637/2387/2349
f 1637/2387/2349 1672/2386/2348 1673/2388/2350
f 1637/2387/2349 1673/2388/2350 1636/2389/2351
f 1636/2389/2351 1673/2388/2350 1674/2390/2352
f 1636/2389/2351 1674/2390/2352 1635/2391/2353
f 1635/2391/2353 1674/2390/2352 1675/2392/2354
f 1635/2391/2353 1675/2392/2354 1634/2393/2355
f 1634/2393/2355 1675/2392/2354 1676/2394/2356
f 1634/2393/2355 1676/2394/2356 1633/2395/2357
f 1633/2395/2357 1676/2394/2356 1677/2396/2358
f 1633/2395/2357 1677/2396/2358 1632/2347/2311
f 1632/2347/2311 1677/2396/2358 1678/2348/2312
f 70/2397/2359 1632/2398/2360 47/2399/2361
f 47/2399/2361 1632/2398/2360 1631/2400/2362
f 47/2401/2361 1631/2402/2362 48/2403/2363
f 48/2403/2363 1631/2402/2362 1654/2404/2364
f 48/2403/2363 1654/2404/2364 49/2405/2365
f 49/2405/2365 1654/2404/2364 1653/2406/2366
f 49/2405/2365 1653/2406/2366 50/2407/2367
f 50/2407/2367 1653/2406/2366 1652/2408/2368
f 50/2407/2367 1652/2408/2368 51/2409/2369
f 51/2409/2369 1652/2408/2368 1651/2410/2370
f 51/2409/2369 1651/2410/2370 52/2411/2371
f 52/2411/2371 1651/2410/2370 1650/2412/2372
f 52/2411/2371 1650/2412/2372 53/2413/2373
f 53/2413/2373 1650/2412/2372 1649/2414/2374
f 53/2413/2373 1649/2414/2374 54/2415/2375
f 54/2415/2375 1649/2414/2374 1648/2416/2376
f 54/2415/2375 1648/2416/2376 55/2417/2377
f 55/2417/2377 1648/2416/2376 1647/2418/2378
f 55/2417/2377 1647/2418/2378 56/2419/2379
f 56/2419/2379 1647/2418/2378 1646/2420/2380
f 56/2419/2379 1646/2420/2380 57/2421/2381
f 57/2421/2381 1646/2420/2380 1645/2422/2382
f 57/2421/2381 1645/2422/2382 58/2423/2383
f 58/2423/2383 1645/2422/2382 1644/2424/2384
f 58/2423/2383 1644/2424/2384 59/2425/2385
f 59/2425/2385 1644/2424/2384 1643/2426/2386
f 59/2425/2385 1643/2426/2386 60/2427/2387
f 60/2427/2387 1643/2426/2386 1642/2428/2388
f 60/2427/2387 1642/2428/2388 61/2429/2389
f 61/2429/2389 1642/2428/2388 1641/2430/2390
f 61/2429/2389 1641/2430/2390 62/2431/2391
f 62/2431/2391 1641/2430/2390 1640/2432/2392
f 62/2431/2391 1640/2432/2392 63/2433/2393
f 63/2433/2393 1640/2432/2392 1639/2434/2394
f 63/2433/2393 1639/2434/2394 64/2435/2395
f 64/2435/2395 1639/2434/2394 1638/2436/2396
f 64/2435/2395 1638/2436/2396 65/2437/2397
f 65/2437/2397 1638/2436/2396 1637/2438/2398
f 65/2437/2397 1637/2438/2398 66/2439/2399
f 66/2439/2399 1637/2438/2398 1636/2440/2400
f 66/2439/2399 1636/2440/2400 67/2441/2401
f 67/2441/2401 1636/2440/2400 1635/2442/2402
f 67/2441/2401 1635/2442/2402 68/2443/2403
f 68/2443/2403 1635/2442/2402 1634/2444/2404
f 68/2443/2403 1634/2444/2404 69/2445/2405
f 69/2445/2405 1634/2444/2404 1633/2446/2406
f 69/2445/2405 1633/2446/2406 70/2397/2359
f 70/2397/2359 1633/2446/2406 1632/2398/2360
f 1678/2447/2407 1668/2448/2408 1655/2449/2409
f 1655/2449/2409 1668/2448/2408 1667/2450/2410
f 1655/2449/2409 1667/2450/2410 1656/2451/2411
f 1656/2451/2411 1667/2450/2410 1666/2452/2412
f 1656/2451/2411 1666/2452/2412 1657/2453/2413
f 1657/2453/2413 1666/2452/2412 1665/2454/2414
f 1657/2453/2413 1665/2454/2414 1658/2455/2415
f 1658/2455/2415 1665/2454/2414 1664/2456/2416
f 1658/2455/2415 1664/2456/2416 1659/2457/2417
f 1659/2457/2417 1664/2456/2416 1663/2458/2418
f 1659/2457/2417 1663/2458/2418 1660/2459/2419
f 1660/2459/2419 1663/2458/2418 1662/2460/2420
f 1660/2459/2419 1662/2460/2420 1661/2461/2421
f 1668/2448/2408 1678/2447/2407 1669/2462/2422
f 1669/2462/2422 1678/2447/2407 1677/2463/2423
f 1669/2462/2422 1677/2463/2423 1670/2464/2424
f 1670/2464/2424 1677/2463/2423 1676/2465/2425
f 1670/2464/2424 1676/2465/2425 1671/2466/2426
f 1671/2466/2426 1676/2465/2425 1675/2467/2427
f 1671/2466/2426 1675/2467/2427 1672/2468/2428
f 1672/2468/2428 1675/2467/2427 1674/2469/2429
f 1672/2468/2428 1674/2469/2429 1673/2470/2430
f 1680/2471/2431 1726/2472/2432 1679/2473/2433
f 1679/2473/2433 1726/2472/2432 1703/2474/2434
f 1679/2475/2433 1703/2476/2434 1702/2477/2435
f 1702/2477/2435 1703/2476/2434 1704/2478/2436
f 1702/2477/2435 1704/2478/2436 1701/2479/2437
f 1701/2479/2437 1704/2478/2436 1705/2480/2438
f 1701/2479/2437 1705/2480/2438 1700/2481/2439
f 1700/2481/2439 1705/2480/2438 1706/2482/2440
f 1700/2481/2439 1706/2482/2440 1699/2483/2441
f 1699/2483/2441 1706/2482/2440 1707/2484/2442
f 1699/2483/2441 1707/2484/2442 1698/2485/2443
f 1698/2485/2443 1707/2484/2442 1708/2486/2444
f 1698/2485/2443 1708/2486/2444 1697/2487/2445
f 1697/2487/2445 1708/2486/2444 1709/2488/2446
f 1697/2487/2445 1709/2488/2446 1696/2489/2447
f 1696/2489/2447 1709/2488/2446 1710/2490/2448
f 1696/2489/2447 1710/2490/2448 1695/2491/2449
f 1695/2491/2449 1710/2490/2448 1711/2492/2450
f 1695/2491/2449 1711/2492/2450 1694/2493/2451
f 1694/2493/2451 1711/2492/2450 1712/2494/2452
f 1694/2493/2451 1712/2494/2452 1693/2495/2453
f 1693/2495/2453 1712/2494/2452 1713/2496/2454
f 1693/2495/2453 1713/2496/2454 1692/2497/2455
f 1692/2497/2455 1713/2496/2454 1714/2498/2456
f 1692/2497/2455 1714/2498/2456 1691/2499/2457
f 1691/2499/2457 1714/2498/2456 1715/2500/2458
f 1691/2499/2457 1715/2500/2458 1690/2501/2459
f 1690/2501/2459 1715/2500/2458 1716/2502/2460
f 1690/2501/2459 1716/2502/2460 1689/2503/2461
f 1689/2503/2461 1716/2502/2460 1717/2504/2462
f 1689/2503/2461 1717/2504/2462 1688/2505/2463
f 1688/2505/2463 1717/2504/2462 1718/2506/2464
f 1688/2505/2463 1718/2506/2464 1687/2507/2465
f 1687/2507/2465 1718/2506/2464 1719/2508/2466
f 1687/2507/2465 1719/2508/2466 1686/2509/2467
f 1686/2509/2467 1719/2508/2466 1720/2510/2468
f 1686/2509/2467 1720/2510/2468 1685/2511/2469
f 1685/2511/2469 1720/2510/2468 1721/2512/2470
f 1685/2511/2469 1721/2512/2470 1684/2513/2471
f 1684/2513/2471 1721/2512/2470 1722/2514/2472
f 1684/2513/2471 1722/2514/2472 1683/2515/2473
f 1683/2515/2473 1722/2514/2472 1723/2516/2474
f 1683/2515/2473 1723/2516/2474 1682/2517/2475
f 1682/2517/2475 1723/2516/2474 1724/2518/2476
f 1682/2517/2475 1724/2518/2476 1681/2519/2477
f 1681/2519/2477 1724/2518/2476 1725/2520/2478
f 1681/2519/2477 1725/2520/2478 1680/2471/2431
f 1680/2471/2431 1725/2520/2478 1726/2472/2432
f 166/2521/2479 1680/2522/2480 143/2523/2481
f 143/2523/2481 1680/2522/2480 1679/2524/2482
f 143/2525/2481 1679/2526/2482 144/2527/2483
f 144/2527/2483 1679/2526/2482 1702/2528/2484
f 144/2527/2483 1702/2528/2484 145/2529/2485
f 145/2529/2485 1702/2528/2484 1701/2530/2486
f 145/2529/2485 1701/2530/2486 146/2531/2487
f 146/2531/2487 1701/2530/2486 1700/2532/2488
f 146/2531/2487 1700/2532/2488 147/2533/2489
f 147/2533/2489 1700/2532/2488 1699/2534/2490
f 147/2533/2489 1699/2534/2490 148/2535/2491
f 148/2535/2491 1699/2534/2490 1698/2536/2492
f 148/2535/2491 1698/2536/2492 149/2537/2493
f 149/2537/2493 1698/2536/2492 1697/2538/2494
f 149/2537/2493 1697/2538/2494 150/2539/2495
f 150/2539/2495 1697/2538/2494 1696/2540/2496
f 150/2539/2495 1696/2540/2496 151/2541/2497
f 151/2541/2497 1696/2540/2496 1695/2542/2498
f 151/2541/2497 1695/2542/2498 152/2543/2499
f 152/2543/2499 1695/2542/2498 1694/2544/2500
f 152/2543/2499 1694/2544/2500 153/2545/2501
f 153/2545/2501 1694/2544/2500 1693/2546/2502
f 153/2545/2501 1693/2546/2502 154/2547/2503
f 154/2547/2503 1693/2546/2502 1692/2548/2504
f 154/2547/2503 1692/2548/2504 155/2549/2505
f 155/2549/2505 1692/2548/2504 1691/2550/2506
f 155/2549/2505 1691/2550/2506 156/2551/2507
f 156/2551/2507 1691/2550/2506 1690/2552/2508
f 156/2551/2507 1690/2552/2508 157/2553/2509
f 157/2553/2509 1690/2552/2508 1689/2554/2510
f 157/2553/2509 1689/2554/2510 158/2555/2511
f 158/2555/2511 1689/2554/2510 1688/2556/2512
f 158/2555/2511 1688/2556/2512 159/2557/2513
f 159/2557/2513 1688/2556/2512 1687/2558/2514
f 159/2557/2513 1687/2558/2514 160/2559/2515
f 160/2559/2515 1687/2558/2514 1686/2560/2516
f 160/2559/2515 1686/2560/2516 161/2561/2517
f 161/2561/2517 1686/2560/2516 1685/2562/2518
f 161/2561/2517 1685/2562/2518 162/2563/2519
f 162/2563/2519 1685/2562/2518 1684/2564/2520
f 162/2563/2519 1684/2564/2520 163/2565/2521
f 163/2565/2521 1684/2564/2520 1683/2566/2522
f 163/2565/2521 1683/2566/2522 164/2567/2523
f 164/2567/2523 1683/2566/2522 1682/2568/2524
f 164/2567/2523 1682/2568/2524 165/2569/2525
f 165/2569/2525 1682/2568/2524 1681/2570/2526
f 165/2569/2525 1681/2570/2526 166/2521/2479
f 166/2521/2479 1681/2570/2526 1680/2522/2480
f 1726/2571/2527 1716/2572/2528 1703/2573/2529
f 1703/2573/2529 1716/2572/2528 1715/2574/2530
f 1703/2573/2529 1715/2574/2530 1704/2575/2531
f 1704/2575/2531 1715/2574/2530 1714/2576/2532
f 1704/2575/2531 1714/2576/2532 1705/2577/2533
f 1705/2577/2533 1714/2576/2532 1713/2578/2534
f 1705/2577/2533 1713/2578/2534 1706/2579/2535
f 1706/2579/2535 1713/2578/2534 1712/2580/2536
f 1706/2579/2535 1712/2580/2536 1707/2581/2537
f 1707/2581/2537 1712/2580/2536 1711/2582/2538
f 1707/2581/2537 1711/2582/2538 1708/2583/2539
f 1708/2583/2539 1711/2582/2538 1710/2584/2540
f 1708/2583/2539 1710/2584/2540 1709/2585/2541
f 1716/2572/2528 1726/2571/2527 1717/2586/2542
f 1717/2586/2542 1726/2571/2527 1725/2587/2543
f 1717/2586/2542 1725/2587/2543 1718/2588/2544
f 1718/2588/2544 1725/2587/2543 1724/2589/2545
f 1718/2588/2544 1724/2589/2545 1719/2590/2546
f 1719/2590/2546 1724/2589/2545 1723/2591/2547
f 1719/2590/2546 1723/2591/2547 1720/2592/2548
f 1720/2592/2548 1723/2591/2547 1722/2593/2549
f 1720/2592/2548 1722/2593/2549 1721/2594/2550
f 1728/2595/2551 1774/2596/2552 1727/2597/2553
f 1727/2597/2553 1774/2596/2552 1751/2598/2554
f 1727/2599/2553 1751/2600/2554 1750/2601/2555
f 1750/2601/2555 1751/2600/2554 1752/2602/2556
f 1750/2601/2555 1752/2602/2556 1749/2603/2557
f 1749/2603/2557 1752/2602/2556 1753/2604/2558
f 1749/2603/2557 1753/2604/2558 1748/2605/2559
f 1748/2605/2559 1753/2604/2558 1754/2606/2560
f 1748/2605/2559 1754/2606/2560 1747/2607/2561
f 1747/2607/2561 1754/2606/2560 1755/2608/2562
f 1747/2607/2561 1755/2608/2562 1746/2609/2563
f 1746/2609/2563 1755/2608/2562 1756/2610/2564
f 1746/2609/2563 1756/2610/2564 1745/2611/2565
f 1745/2611/2565 1756/2610/2564 1757/2612/2566
f 1745/2611/2565 1757/2612/2566 1744/2613/2567
f 1744/2613/2567 1757/2612/2566 1758/2614/2568
f 1744/2613/2567 1758/2614/2568 1743/2615/2569
f 1743/2615/2569 1758/2614/2568 1759/2616/2570
f 1743/2615/2569 1759/2616/2570 1742/2617/2571
f 1742/2617/2571 1759/2616/2570 1760/2618/2572
f 1742/2617/2571 1760/2618/2572 1741/2619/2573
f 1741/2619/2573 1760/2618/2572 1761/2620/2574
f 1741/2619/2573 1761/2620/2574 1740/2621/2575
f 1740/2621/2575 1761/2620/2574 1762/2622/2576
f 1740/2621/2575 1762/2622/2576 1739/2623/2577
f 1739/2623/2577 1762/2622/2576 1763/2624/2578
f 1739/2623/2577 1763/2624/2578 1738/2625/2579
f 1738/2625/2579 1763/2624/2578 1764/2626/2580
f 1738/2625/2579 1764/2626/2580 1737/2627/2581
f 1737/2627/2581 1764/2626/2580 1765/2628/2582
f 1737/2627/2581 1765/2628/2582 1736/2629/2583
f 1736/2629/2583 1765/2628/2582 1766/2630/2584
f 1736/2629/2583 1766/2630/2584 1735/2631/2585
f 1735/2631/2585 1766/2630/2584 1767/2632/2586
f 1735/2631/2585 1767/2632/2586 1734/2633/2587
f 1734/2633/2587 1767/2632/2586 1768/2634/2588
f 1734/2633/2587 1768/2634/2588 1733/2635/2589
f 1733/2635/2589 1768/2634/2588 1769/2636/2590
f 1733/2635/2589 1769/2636/2590 1732/2637/2591
f 1732/2637/2591 1769/2636/2590 1770/2638/2592
f 1732/2637/2591 1770/2638/2592 1731/2639/2593
f 1731/2639/2593 1770/2638/2592 1771/2640/2594
f 1731/2639/2593 1771/2640/2594 1730/2641/2595
f 1730/2641/2595 1771/2640/2594 1772/2642/2596
f 1730/2641/2595 1772/2642/2596 1729/2643/2597
f 1729/2643/2597 1772/2642/2596 1773/2644/2598
f 1729/2643/2597 1773/2644/2598 1728/2595/2551
f 1728/2595/2551 1773/2644/2598 1774/2596/2552
f 1150/2645/2599 1728/2646/2600 1127/2647/2601
f 1127/2647/2601 1728/2646/2600 1727/2648/2602
f 1127/2649/2601 1727/2650/2602 1128/2651/2603
f 1128/2651/2603 1727/2650/2602 1750/2652/2604
f 1128/2651/2603 1750/2652/2604 1129/2653/2605
f 1129/2653/2605 1750/2652/2604 1749/2654/2606
f 1129/2653/2605 1749/2654/2606 1130/2655/2607
f 1130/2655/2607 1749/2654/2606 1748/2656/2608
f 1130/2655/2607 1748/2656/2608 1131/2657/2609
f 1131/2657/2609 1748/2656/2608 1747/2658/2610
f 1131/2657/2609 1747/2658/2610 1132/2659/2611
f 1132/2659/2611 1747/2658/2610 1746/2660/2612
f 1132/2659/2611 1746/2660/2612 1133/2661/2613
f 1133/2661/2613 1746/2660/2612 1745/2662/2614
f 1133/2661/2613 1745/2662/2614 1134/2663/2615
f 1134/2663/2615 1745/2662/2614 1744/2664/2616
f 1134/2663/2615 1744/2664/2616 1135/2665/2617
f 1135/2665/2617 1744/2664/2616 1743/2666/2618
f 1135/2665/2617 1743/2666/2618 1136/2667/2619
f 1136/2667/2619 1743/2666/2618 1742/2668/2620
f 1136/2667/2619 1742/2668/2620 1137/2669/2621
f 1137/2669/2621 1742/2668/2620 1741/2670/2622
f 1137/2669/2621 1741/2670/2622 1138/2671/2623
f 1138/2671/2623 1741/2670/2622 1740/2672/2624
f 1138/2671/2623 1740/2672/2624 1139/2673/2625
f 1139/2673/2625 1740/2672/2624 1739/2674/2626
f 1139/2673/2625 1739/2674/2626 1140/2675/2627
f 1140/2675/2627 1739/2674/2626 1738/2676/2628
f 1140/2675/2627 1738/2676/2628 1141/2677/2629
f 1141/2677/2629 1738/2676/2628 1737/2678/2630
f 1141/2677/2629 1737/2678/2630 1142/2679/2631
f 1142/2679/2631 1737/2678/2630 1736/2680/2632
f 1142/2679/2631 1736/2680/2632 1143/2681/2633
f 1143/2681/2633 1736/2680/2632 1735/2682/2634
f 1143/2681/2633 1735/2682/2634 1144/2683/2635
f 1144/2683/2635 1735/2682/2634 1734/2684/2636
f 1144/2683/2635 1734/2684/2636 1145/2685/2637
f 1145/2685/2637 1734/2684/2636 1733/2686/2638
f 1145/2685/2637 1733/2686/2638 1146/2687/2639
f 1146/2687/2639 1733/2686/2638 1732/2688/2640
f 1146/2687/2639 1732/2688/2640 1147/2689/2641
f 1147/2689/2641 1732/2688/2640 1731/2690/2642
f 1147/2689/2641 1731/2690/2642 1148/2691/2643
f 1148/2691/2643 1731/2690/2642 1730/2692/2644
f 1148/2691/2643 1730/2692/2644 1149/2693/2645
f 1149/2693/2645 1730/2692/2644 1729/2694/2646
f 1149/2693/2645 1729/2694/2646 1150/2645/2599
f 1150/2645/2599 1729/2694/2646 1728/2646/2600
f 1774/2695/2647 1764/2696/2648 1751/2697/2649
f 1751/2697/2649 1764/2696/2648 1763/2698/2650
f 1751/2697/2649 1763/2698/2650 1752/2699/2651
f 1752/2699/2651 1763/2698/2650 1762/2700/2652
f 1752/2699/2651 1762/2700/2652 1753/2701/2653
f 1753/2701/2653 1762/2700/2652 1761/2702/2654
f 1753/2701/2653 1761/2702/2654 1754/2703/2655
f 1754/2703/2655 1761/2702/2654 1760/2704/2656
f 1754/2703/2655 1760/2704/2656 1755/2705/2657
f 1755/2705/2657 1760/2704/2656 1759/2706/2658
f 1755/2705/2657 1759/2706/2658 1756/2707/2659
f 1756/2707/2659 1759/2706/2658 1758/2708/2660
f 1756/2707/2659 1758/2708/2660 1757/2709/2661
f 1764/2696/2648 1774/2695/2647 1765/2710/2662
f 1765/2710/2662 1774/2695/2647 1773/2711/2663
f 1765/2710/2662 1773/2711/2663 1766/2712/2664
f 1766/2712/2664 1773/2711/2663 1772/2713/2665
f 1766/2712/2664 1772/2713/2665 1767/2714/2666
f 1767/2714/2666 1772/2713/2665 1771/2715/2667
f 1767/2714/2666 1771/2715/2667 1768/2716/2668
f 1768/2716/2668 1771/2715/2667 1770/2717/2669
f 1768/2716/2668 1770/2717/2669 1769/2718/2670
f 1776/2719/2671 1822/2720/2672 1775/2721/2673
f 1775/2721/2673 1822/2720/2672 1799/2722/2674
f 1775/2723/2673 1799/2724/2674 1798/2725/2675
f 1798/2725/2675 1799/2724/2674 1800/2726/2676
f 1798/2725/2675 1800/2726/2676 1797/2727/2677
f 1797/2727/2677 1800/2726/2676 1801/2728/2678
f 1797/2727/2677 1801/2728/2678 1796/2729/2679
f 1796/2729/2679 1801/2728/2678 1802/2730/2680
f 1796/2729/2679 1802/2730/2680 1795/2731/2681
f 1795/2731/2681 1802/2730/2680 1803/2732/2682
f 1795/2731/2681 1803/2732/2682 1794/2733/2683
f 1794/2733/2683 1803/2732/2682 1804/2734/2684
f 1794/2733/2683 1804/2734/2684 1793/2735/2685
f 1793/2735/2685 1804/2734/2684 1805/2736/2686
f 1793/2735/2685 1805/2736/2686 1792/2737/2687
f 1792/2737/2687 1805/2736/2686 1806/2738/2688
f 1792/2737/2687 1806/2738/2688 1791/2739/2689
f 1791/2739/2689 1806/2738/2688 1807/2740/2690
f 1791/2739/2689 1807/2740/2690 1790/2741/2691
f 1790/2741/2691 1807/2740/2690 1808/2742/2692
f 1790/2741/2691 1808/2742/2692 1789/2743/2693
f 1789/2743/2693 1808/2742/2692 1809/2744/2694
f 1789/2743/2693 1809/2744/2694 1788/2745/2695
f 1788/2745/2695 1809/2744/2694 1810/2746/2696
f 1788/2745/2695 1810/2746/2696 1787/2747/2697
f 1787/2747/2697 1810/2746/2696 1811/2748/2698
f 1787/2747/2697 1811/2748/2698 1786/2749/2699
f 1786/2749/2699 1811/2748/2698 1812/2750/2700
f 1786/2749/2699 1812/2750/2700 1785/2751/2701
f 1785/2751/2701 1812/2750/2700 1813/2752/2702
f 1785/2751/2701 1813/2752/2702 1784/2753/2703
f 1784/2753/2703 1813/2752/2702 1814/2754/2704
f 1784/2753/2703 1814/2754/2704 1783/2755/2705
f 1783/2755/2705 1814/2754/2704 1815/2756/2706
f 1783/2755/2705 1815/2756/2706 1782/2757/2707
f 1782/2757/2707 1815/2756/2706 1816/2758/2708
f 1782/2757/2707 1816/2758/2708 1781/2759/2709
f 1781/2759/2709 1816/2758/2708 1817/2760/2710
f 1781/2759/2709 1817/2760/2710 1780/2761/2711
f 1780/2761/2711 1817/2760/2710 1818/2762/2712
f 1780/2761/2711 1818/2762/2712 1779/2763/2713
f 1779/2763/2713 1818/2762/2712 1819/2764/2714
f 1779/2763/2713 1819/2764/2714 1778/2765/2715
f 1778/2765/2715 1819/2764/2714 1820/2766/2716
f 1778/2765/2715 1820/2766/2716 1777/2767/2717
f 1777/2767/2717 1820/2766/2716 1821/2768/2718
f 1777/2767/2717 1821/2768/2718 1776/2719/2671
f 1776/2719/2671 1821/2768/2718 1822/2720/2672
f 1054/2769/2719 1776/2770/2720 1031/2771/2721
f 1031/2771/2721 1776/2770/2720 1775/2772/2722
f 1031/2773/2721 1775/2774/2722 1032/2775/2723
f 1032/2775/2723 1775/2774/2722 1798/2776/2724
f 1032/2775/2723 1798/2776/2724 1033/2777/2725
f 1033/2777/2725 1798/2776/2724 1797/2778/2726
f 1033/2777/2725 1797/2778/2726 1034/2779/2727
f 1034/2779/2727 1797/2778/2726 1796/2780/2728
f 1034/2779/2727 1796/2780/2728 1035/2781/2729
f 1035/2781/2729 1796/2780/2728 1795/2782/2730
f 1035/2781/2729 1795/2782/2730 1036/2783/2731
f 1036/2783/2731 1795/2782/2730 1794/2784/2732
f 1036/2783/2731 1794/2784/2732 1037/2785/2733
f 1037/2785/2733 1794/2784/2732 1793/2786/2734
f 1037/2785/2733 1793/2786/2734 1038/2787/2735
f 1038/2787/2735 1793/2786/2734 1792/2788/2736
f 1038/2787/2735 1792/2788/2736 1039/2789/2737
f 1039/2789/2737 1792/2788/2736 1791/2790/2738
f 1039/2789/2737 1791/2790/2738 1040/2791/2739
f 1040/2791/2739 1791/2790/2738 1790/2792/2740
f 1040/2791/2739 1790/2792/2740 1041/2793/2741
f 1041/2793/2741 1790/2792/2740 1789/2794/2742
f 1041/2793/2741 1789/2794/2742 1042/2795/2743
f 1042/2795/2743 1789/2794/2742 1788/2796/2744
f 1042/2795/2743 1788/2796/2744 1043/2797/2745
f 1043/2797/2745 1788/2796/2744 1787/2798/2746
f 1043/2797/2745 1787/2798/2746 1044/2799/2747
f 1044/2799/2747 1787/2798/2746 1786/2800/2748
f 1044/2799/2747 1786/2800/2748 1045/2801/2749
f 1045/2801/2749 1786/2800/2748 1785/2802/2750
f 1045/2801/2749 1785/2802/2750 1046/2803/2751
f 1046/2803/2751 1785/2802/2750 1784/2804/2752
f 1046/2803/2751 1784/2804/2752 1047/2805/2753
f 1047/2805/2753 1784/2804/2752 1783/2806/2754
f 1047/2805/2753 1783/2806/2754 1048/2807/2755
f 1048/2807/2755 1783/2806/2754 1782/2808/2756
f 1048/2807/2755 1782/2808/2756 1049/2809/2757
f 1049/2809/2757 1782/2808/2756 1781/2810/2758
f 1049/2809/2757 1781/2810/2758 1050/2811/2759
f 1050/2811/2759 1781/2810/2758 1780/2812/2760
f 1050/2811/2759 1780/2812/2760 1051/2813/2761
f 1051/2813/2761 1780/2812/2760 1779/2814/2762
f 1051/2813/2761 1779/2814/2762 1052/2815/2763
f 1052/2815/2763 1779/2814/2762 1778/2816/2764
f 1052/2815/2763 1778/2816/2764 1053/2817/2765
f 1053/2817/2765 1778/2816/2764 1777/2818/2766
f 1053/2817/2765 1777/2818/2766 1054/2769/2719
f 1054/2769/2719 1777/2818/2766 1776/2770/2720
f 1822/2819/2767 1812/2820/2768 1799/2821/2769
f 1799/2821/2769 1812/2820/2768 1811/2822/2770
f 1799/2821/2769 1811/2822/2770 1800/2823/2771
f 1800/2823/2771 1811/2822/2770 1810/2824/2772
f 1800/2823/2771 1810/2824/2772 1801/2825/2773
f 1801/2825/2773 1810/2824/2772 1809/2826/2774
f 1801/2825/2773 1809/2826/2774 1802/2827/2775
f 1802/2827/2775 1809/2826/2774 1808/2828/2776
f 1802/2827/2775 1808/2828/2776 1803/2829/2777
f 1803/2829/2777 1808/2828/2776 1807/2830/2778
f 1803/2829/2777 1807/2830/2778 1804/2831/2779
f 1804/2831/2779 1807/2830/2778 1806/2832/2780
f 1804/2831/2779 1806/2832/2780 1805/2833/2781
f 1812/2820/2768 1822/2819/2767 1813/2834/2782
f 1813/2834/2782 1822/2819/2767 1821/2835/2783
f 1813/2834/2782 1821/2835/2783 1814/2836/2784
f 1814/2836/2784 1821/2835/2783 1820/2837/2785
f 1814/2836/2784 1820/2837/2785 1815/2838/2786
f 1815/2838/2786 1820/2837/2785 1819/2839/2787
f 1815/2838/2786 1819/2839/2787 1816/2840/2788
f 1816/2840/2788 1819/2839/2787 1818/2841/2789
f 1816/2840/2788 1818/2841/2789 1817/2842/2790
f 1824/2843/2791 1870/2844/2792 1823/2845/2793
f 1823/2845/2793 1870/2844/2792 1847/2846/2794
f 1823/2847/2793 1847/2848/2794 1846/2849/2795
f 1846/2849/2795 1847/2848/2794 1848/2850/2796
f 1846/2849/2795 1848/2850/2796 1845/2851/2797
f 1845/2851/2797 1848/2850/2796 1849/2852/2798
f 1845/2851/2797 1849/2852/2798 1844/2853/2799
f 1844/2853/2799 1849/2852/2798 1850/2854/2800
f 1844/2853/2799 1850/2854/2800 1843/2855/2801
f 1843/2855/2801 1850/2854/2800 1851/2856/2802
f 1843/2855/2801 1851/2856/2802 1842/2857/2803
f 1842/2857/2803 1851/2856/2802 1852/2858/2804
f 1842/2857/2803 1852/2858/2804 1841/2859/2805
f 1841/2859/2805 1852/2858/2804 1853/2860/2806
f 1841/2859/2805 1853/2860/2806 1840/2861/2807
f 1840/2861/2807 1853/2860/2806 1854/2862/2808
f 1840/2861/2807 1854/2862/2808 1839/2863/2809
f 1839/2863/2809 1854/2862/2808 1855/2864/2810
f 1839/2863/2809 1855/2864/2810 1838/2865/2811
f 1838/2865/2811 1855/2864/2810 1856/2866/2812
f 1838/2865/2811 1856/2866/2812 1837/2867/2813
f 1837/2867/2813 1856/2866/2812 1857/2868/2814
f 1837/2867/2813 1857/2868/2814 1836/2869/2815
f 1836/2869/2815 1857/2868/2814 1858/2870/2816
f 1836/2869/2815 1858/2870/2816 1835/2871/2817
f 1835/2871/2817 1858/2870/2816 1859/2872/2818
f 1835/2871/2817 1859/2872/2818 1834/2873/2819
f 1834/2873/2819 1859/2872/2818 1860/2874/2820
f 1834/2873/2819 1860/2874/2820 1833/2875/2821
f 1833/2875/2821 1860/2874/2820 1861/2876/2822
f 1833/2875/2821 1861/2876/2822 1832/2877/2823
f 1832/2877/2823 1861/2876/2822 1862/2878/2824
f 1832/2877/2823 1862/2878/2824 1831/2879/2825
f 1831/2879/2825 1862/2878/2824 1863/2880/2826
f 1831/2879/2825 1863/2880/2826 1830/2881/2827
f 1830/2881/2827 1863/2880/2826 1864/2882/2828
f 1830/2881/2827 1864/2882/2828 1829/2883/2829
f 1829/2883/2829 1864/2882/2828 1865/2884/2830
f 1829/2883/2829 1865/2884/2830 1828/2885/2831
f 1828/2885/2831 1865/2884/2830 1866/2886/2832
f 1828/2885/2831 1866/2886/2832 1827/2887/2833
f 1827/2887/2833 1866/2886/2832 1867/2888/2834
f 1827/2887/2833 1867/2888/2834 1826/2889/2835
f 1826/2889/2835 1867/2888/2834 1868/2890/2836
f 1826/2889/2835 1868/2890/2836 1825/2891/2837
f 1825/2891/2837 1868/2890/2836 1869/2892/2838
f 1825/2891/2837 1869/2892/2838 1824/2843/2791
f 1824/2843/2791 1869/2892/2838 1870/2844/2792
f 1126/2893/2839 1824/2894/2840 1103/2895/2841
f 1103/2895/2841 1824/2894/2840 1823/2896/2842
f 1103/2897/2841 1823/2898/2842 1104/2899/2843
f 1104/2899/2843 1823/2898/2842 1846/2900/2844
f 1104/2899/2843 1846/2900/2844 1105/2901/2845
f 1105/2901/2845 1846/2900/2844 1845/2902/2846
f 1105/2901/2845 1845/2902/2846 1106/2903/2847
f 1106/2903/2847 1845/2902/2846 1844/2904/2848
f 1106/2903/2847 1844/2904/2848 1107/2905/2849
f 1107/2905/2849 1844/2904/2848 1843/2906/2850
f 1107/2905/2849 1843/2906/2850 1108/2907/2851
f 1108/2907/2851 1843/2906/2850 1842/2908/2852
f 1108/2907/2851 1842/2908/2852 1109/2909/2853
f 1109/2909/2853 1842/2908/2852 1841/2910/2854
f 1109/2909/2853 1841/2910/2854 1110/2911/2855
f 1110/2911/2855 1841/2910/2854 1840/2912/2856
f 1110/2911/2855 1840/2912/2856 1111/2913/2857
f 1111/2913/2857 1840/2912/2856 1839/2914/2858
f 1111/2913/2857 1839/2914/2858 1112/2915/2859
f 1112/2915/2859 1839/2914/2858 1838/2916/2860
f 1112/2915/2859 1838/2916/2860 1113/2917/2861
f 1113/2917/2861 1838/2916/2860 1837/2918/2862
f 1113/2917/2861 1837/2918/2862 1114/2919/2863
f 1114/2919/2863 1837/2918/2862 1836/2920/2864
f 1114/2919/2863 1836/2920/2864 1115/2921/2865
f 1115/2921/2865 1836/2920/2864 1835/2922/2866
f 1115/2921/2865 1835/2922/2866 1116/2923/2867
f 1116/2923/2867 1835/2922/2866 1834/2924/2868
f 1116/2923/2867 1834/2924/2868 1117/2925/2869
f 1117/2925/2869 1834/2924/2868 1833/2926/2870
f 1117/2925/2869 1833/2926/2870 1118/2927/2871
f 1118/2927/2871 1833/2926/2870 1832/2928/2872
f 1118/2927/2871 1832/2928/2872 1119/2929/2873
f 1119/2929/2873 1832/2928/2872 1831/2930/2874
f 1119/2929/2873 1831/2930/2874 1120/2931/2875
f 1120/2931/2875 1831/2930/2874 1830/2932/2876
f 1120/2931/2875 1830/2932/2876 1121/2933/2877
f 1121/2933/2877 1830/2932/2876 1829/2934/2878
f 1121/2933/2877 1829/2934/2878 1122/2935/2879
f 1122/2935/2879 1829/2934/2878 1828/2936/2880
f 1122/2935/2879 1828/2936/2880 1123/2937/2881
f 1123/2937/2881 1828/2936/2880 1827/2938/2882
f 1123/2937/2881 1827/2938/2882 1124/2939/2883
f 1124/2939/2883 1827/2938/2882 1826/2940/2884
f 1124/2939/2883 1826/2940/2884 1125/2941/2885
f 1125/2941/2885 1826/2940/2884 1825/2942/2886
f 1125/2941/2885 1825/2942/2886 1126/2893/2839
f 1126/2893/2839 1825/2942/2886 1824/2894/2840
f 1870/2943/2887 1860/2944/2888 1847/2945/2889
f 1847/2945/2889 1860/2944/2888 1859/2946/2890
f 1847/2945/2889 1859/2946/2890 1848/2947/2891
f 1848/2947/2891 1859/2946/2890 1858/2948/2892
f 1848/2947/2891 1858/2948/2892 1849/2949/2893
f 1849/2949/2893 1858/2948/2892 1857/2950/2894
f 1849/2949/2893 1857/2950/2894 1850/2951/2895
f 1850/2951/2895 1857/2950/2894 1856/2952/2896
f 1850/2951/2895 1856/2952/2896 1851/2953/2897
f 1851/2953/2897 1856/2952/2896 1855/2954/2898
f 1851/2953/2897 1855/2954/2898 1852/2955/2899
f 1852/2955/2899 1855/2954/2898 1854/2956/2900
f 1852/2955/2899 1854/2956/2900 1853/2957/2901
f 1860/2944/2888 1870/2943/2887 1861/2958/2902
f 1861/2958/2902 1870/2943/2887 1869/2959/2903
f 1861/2958/2902 1869/2959/2903 1862/2960/2904
f 1862/2960/2904 1869/2959/2903 1868/2961/2905
f 1862/2960/2904 1868/2961/2905 1863/2962/2906
f 1863/2962/2906 1868/2961/2905 1867/2963/2907
f 1863/2962/2906 1867/2963/2907 1864/2964/2908
f 1864/2964/2908 1867/2963/2907 1866/2965/2909
f 1864/2964/2908 1866/2965/2909 1865/2966/2910
f 1872/2967/2911 1918/2968/2912 1871/2969/2913
f 1871/2969/2913 1918/2968/2912 1895/2970/2914
f 1871/2971/2913 1895/2972/2914 1894/2973/2915
f 1894/2973/2915 1895/2972/2914 1896/2974/2916
f 1894/2973/2915 1896/2974/2916 1893/2975/2917
f 1893/2975/2917 1896/2974/2916 1897/2976/2918
f 1893/2975/2917 1897/2976/2918 1892/2977/2919
f 1892/2977/2919 1897/2976/2918 1898/2978/2920
f 1892/2977/2919 1898/2978/2920 1891/2979/2921
f 1891/2979/2921 1898/2978/2920 1899/2980/2922
f 1891/2979/2921 1899/2980/2922 1890/2981/2923
f 1890/2981/2923 1899/2980/2922 1900/2982/2924
f 1890/2981/2923 1900/2982/2924 1889/2983/2925
f 1889/2983/2925 1900/2982/2924 1901/2984/2926
f 1889/2983/2925 1901/2984/2926 1888/2985/2927
f 1888/2985/2927 1901/2984/2926 1902/2986/2928
f 1888/2985/2927 1902/2986/2928 1887/2987/2929
f 1887/2987/2929 1902/2986/2928 1903/2988/2930
f 1887/2987/2929 1903/2988/2930 1886/2989/2931
f 1886/2989/2931 1903/2988/2930 1904/2990/2932
f 1886/2989/2931 1904/2990/2932 1885/2991/2933
f 1885/2991/2933 1904/2990/2932 1905/2992/2934
f 1885/2991/2933 1905/2992/2934 1884/2993/2935
f 1884/2993/2935 1905/2992/2934 1906/2994/2936
f 1884/2993/2935 1906/2994/2936 1883/2995/2937
f 1883/2995/2937 1906/2994/2936 1907/2996/2938
f 1883/2995/2937 1907/2996/2938 1882/2997/2939
f 1882/2997/2939 1907/2996/2938 1908/2998/2940
f 1882/2997/2939 1908/2998/2940 1881/2999/2941
f 1881/2999/2941 1908/2998/2940 1909/3000/2942
f 1881/2999/2941 1909/3000/2942 1880/3001/2943
f 1880/3001/2943 1909/3000/2942 1910/3002/2944
f 1880/3001/2943 1910/3002/2944 1879/3003/2945
f 1879/3003/2945 1910/3002/2944 1911/3004/2946
f 1879/3003/2945 1911/3004/2946 1878/3005/2947
f 1878/3005/2947 1911/3004/2946 1912/3006/2948
f 1878/3005/2947 1912/3006/2948 1877/3007/2949
f 1877/3007/2949 1912/3006/2948 1913/3008/2950
f 1877/3007/2949 1913/3008/2950 1876/3009/2951
f 1876/3009/2951 1913/3008/2950 1914/3010/2952
f 1876/3009/2951 1914/3010/2952 1875/3011/2953
f 1875/3011/2953 1914/3010/2952 1915/3012/2954
f 1875/3011/2953 1915/3012/2954 1874/3013/2955
f 1874/3013/2955 1915/3012/2954 1916/3014/2956
f 1874/3013/2955 1916/3014/2956 1873/3015/2957
f 1873/3015/2957 1916/3014/2956 1917/3016/2958
f 1873/3015/2957 1917/3016/2958 1872/2967/2911
f 1872/2967/2911 1917/3016/2958 1918/2968/2912
f 1030/3017/2959 1872/3018/2960 1007/3019/2961
f 1007/3019/2961 1872/3018/2960 1871/3020/2962
f 1007/3021/2961 1871/3022/2962 1008/3023/2963
f 1008/3023/2963 1871/3022/2962 1894/3024/2964
f 1008/3023/2963 1894/3024/2964 1009/3025/2965
f 1009/3025/2965 1894/3024/2964 1893/3026/2966
f 1009/3025/2965 1893/3026/2966 1010/3027/2967
f 1010/3027/2967 1893/3026/2966 1892/3028/2968
f 1010/3027/2967 1892/3028/2968 1011/3029/2969
f 1011/3029/2969 1892/3028/2968 1891/3030/2970
f 1011/3029/2969 1891/3030/2970 1012/3031/2971
f 1012/3031/2971 1891/3030/2970 1890/3032/2972
f 1012/3031/2971 1890/3032/2972 1013/3033/2973
f 1013/3033/2973 1890/3032/2972 1889/3034/2974
f 1013/3033/2973 1889/3034/2974 1014/3035/2975
f 1014/3035/2975 1889/3034/2974 1888/3036/2976
f 1014/3035/2975 1888/3036/2976 1015/3037/2977
f 1015/3037/2977 1888/3036/2976 1887/3038/2978
f 1015/3037/2977 1887/3038/2978 1016/3039/2979
f 1016/3039/2979 1887/3038/2978 1886/3040/2980
f 1016/3039/2979 1886/3040/2980 1017/3041/2981
f 1017/3041/2981 1886/3040/2980 1885/3042/2982
f 1017/3041/2981 1885/3042/2982 1018/3043/2983
f 1018/3043/2983 1885/3042/2982 1884/3044/2984
f 1018/3043/2983 1884/3044/2984 1019/3045/2985
f 1019/3045/2985 1884/3044/2984 1883/3046/2986
f 1019/3045/2985 1883/3046/2986 1020/3047/2987
f 1020/3047/2987 1883/3046/2986 1882/3048/2988
f 1020/3047/2987 1882/3048/2988 1021/3049/2989
f 1021/3049/2989 1882/3048/2988 1881/3050/2990
f 1021/3049/2989 1881/3050/2990 1022/3051/2991
f 1022/3051/2991 1881/3050/2990 1880/3052/2992
f 1022/3051/2991 1880/3052/2992 1023/3053/2993
f 1023/3053/2993 1880/3052/2992 1879/3054/2994
f 1023/3053/2993 1879/3054/2994 1024/3055/2995
f 1024/3055/2995 1879/3054/2994 1878/3056/2996
f 1024/3055/2995 1878/3056/2996 1025/3057/2997
f 1025/3057/2997 1878/3056/2996 1877/3058/2998
f 1025/3057/2997 1877/3058/2998 1026/3059/2999
f 1026/3059/2999 1877/3058/2998 1876/3060/3000
f 1026/3059/2999 1876/3060/3000 1027/3061/3001
f 1027/3061/3001 1876/3060/3000 1875/3062/3002
f 1027/3061/3001 1875/3062/3002 1028/3063/3003
f 1028/3063/3003 1875/3062/3002 1874/3064/3004
f 1028/3063/3003 1874/3064/3004 1029/3065/3005
f 1029/3065/3005 1874/3064/3004 1873/3066/3006
f 1029/3065/3005 1873/3066/3006 1030/3017/2959
f 1030/3017/2959 1873/3066/3006 1872/3018/2960
f 1918/3067/3007 1908/3068/3008 1895/3069/3009
f 1895/3069/3009 1908/3068/3008 1907/3070/3010
f 1895/3069/3009 1907/3070/3010 1896/3071/3011
f 1896/3071/3011 1907/3070/3010 1906/3072/3012
f 1896/3071/3011 1906/3072/3012 1897/3073/3013
f 1897/3073/3013 1906/3072/3012 1905/3074/3014
f 1897/3073/3013 1905/3074/3014 1898/3075/3015
f 1898/3075/3015 1905/3074/3014 1904/3076/3016
f 1898/3075/3015 1904/3076/3016 1899/3077/3017
f 1899/3077/3017 1904/3076/3016 1903/3078/3018
f 1899/3077/3017 1903/3078/3018 1900/3079/3019
f 1900/3079/3019 1903/3078/3018 1902/3080/3020
f 1900/3079/3019 1902/3080/3020 1901/3081/3021
f 1908/3068/3008 1918/3067/3007 1909/3082/3022
f 1909/3082/3022 1918/3067/3007 1917/3083/3023
f 1909/3082/3022 1917/3083/3023 1910/3084/3024
f 1910/3084/3024 1917/3083/3023 1916/3085/3025
f 1910/3084/3024 1916/3085/3025 1911/3086/3026
f 1911/3086/3026 1916/3085/3025 1915/3087/3027
f 1911/3086/3026 1915/3087/3027 1912/3088/3028
f 1912/3088/3028 1915/3087/3027 1914/3089/3029
f 1912/3088/3028 1914/3089/3029 1913/3090/3030
f 1920/3091/3031 1966/3092/3032 1919/3093/3033
f 1919/3093/3033 1966/3092/3032 1943/3094/3034
f 1919/3095/3033 1943/3096/3034 1942/3097/3035
f 1942/3097/3035 1943/3096/3034 1944/3098/3036
f 1942/3097/3035 1944/3098/3036 1941/3099/3037
f 1941/3099/3037 1944/3098/3036 1945/3100/3038
f 1941/3099/3037 1945/3100/3038 1940/3101/3039
f 1940/3101/3039 1945/3100/3038 1946/3102/3040
f 1940/3101/3039 1946/3102/3040 1939/3103/3041
f 1939/3103/3041 1946/3102/3040 1947/3104/3042
f 1939/3103/3041 1947/3104/3042 1938/3105/3043
f 1938/3105/3043 1947/3104/3042 1948/3106/3044
f 1938/3105/3043 1948/3106/3044 1937/3107/3045
f 1937/3107/3045 1948/3106/3044 1949/3108/3046
f 1937/3107/3045 1949/3108/3046 1936/3109/3047
f 1936/3109/3047 1949/3108/3046 1950/3110/3048
f 1936/3109/3047 1950/3110/3048 1935/3111/3049
f 1935/3111/3049 1950/3110/3048 1951/3112/3050
f 1935/3111/3049 1951/3112/3050 1934/3113/3051
f 1934/3113/3051 1951/3112/3050 1952/3114/3052
f 1934/3113/3051 1952/3114/3052 1933/3115/3053
f 1933/3115/3053 1952/3114/3052 1953/3116/3054
f 1933/3115/3053 1953/3116/3054 1932/3117/3055
f 1932/3117/3055 1953/3116/3054 1954/3118/3056
f 1932/3117/3055 1954/3118/3056 1931/3119/3057
f 1931/3119/3057 1954/3118/3056 1955/3120/3058
f 1931/3119/3057 1955/3120/3058 1930/3121/3059
f 1930/3121/3059 1955/3120/3058 1956/3122/3060
f 1930/3121/3059 1956/3122/3060 1929/3123/3061
f 1929/3123/3061 1956/3122/3060 1957/3124/3062
f 1929/3123/3061 1957/3124/3062 1928/3125/3063
f 1928/3125/3063 1957/3124/3062 1958/3126/3064
f 1928/3125/3063 1958/3126/3064 1927/3127/3065
f 1927/3127/3065 1958/3126/3064 1959/3128/3066
f 1927/3127/3065 1959/3128/3066 1926/3129/3067
f 1926/3129/3067 1959/3128/3066 1960/3130/3068
f 1926/3129/3067 1960/3130/3068 1925/3131/3069
f 1925/3131/3069 1960/3130/3068 1961/3132/3070
f 1925/3131/3069 1961/3132/3070 1924/3133/3071
f 1924/3133/3071 1961/3132/3070 1962/3134/3072
f 1924/3133/3071 1962/3134/3072 1923/3135/3073
f 1923/3135/3073 1962/3134/3072 1963/3136/3074
f 1923/3135/3073 1963/3136/3074 1922/3137/3075
f 1922/3137/3075 1963/3136/3074 1964/3138/3076
f 1922/3137/3075 1964/3138/3076 1921/3139/3077
f 1921/3139/3077 1964/3138/3076 1965/3140/3078
f 1921/3139/3077 1965/3140/3078 1920/3091/3031
f 1920/3091/3031 1965/3140/3078 1966/3092/3032
f 142/3141/3079 1920/3142/3080 119/3143/3081
f 119/3143/3081 1920/3142/3080 1919/3144/3082
f 119/3145/3081 1919/3146/3082 120/3147/3083
f 120/3147/3083 1919/3146/3082 1942/3148/3084
f 120/3147/3083 1942/3148/3084 121/3149/3085
f 121/3149/3085 1942/3148/3084 1941/3150/3086
f 121/3149/3085 1941/3150/3086 122/3151/3087
f 122/3151/3087 1941/3150/3086 1940/3152/3088
f 122/3151/3087 1940/3152/3088 123/3153/3089
f 123/3153/3089 1940/3152/3088 1939/3154/3090
f 123/3153/3089 1939/3154/3090 124/3155/3091
f 124/3155/3091 1939/3154/3090 1938/3156/3092
f 124/3155/3091 1938/3156/3092 125/3157/3093
f 125/3157/3093 1938/3156/3092 1937/3158/3094
f 125/3157/3093 1937/3158/3094 126/3159/3095
f 126/3159/3095 1937/3158/3094 1936/3160/3096
f 126/3159/3095 1936/3160/3096 127/3161/3097
f 127/3161/3097 1936/3160/3096 1935/3162/3098
f 127/3161/3097 1935/3162/3098 128/3163/3099
f 128/3163/3099 1935/3162/3098 1934/3164/3100
f 128/3163/3099 1934/3164/3100 129/3165/3101
f 129/3165/3101 1934/3164/3100 1933/3166/3102
f 129/3165/3101 1933/3166/3102 130/3167/3103
f 130/3167/3103 1933/3166/3102 1932/3168/3104
f 130/3167/3103 1932/3168/3104 131/3169/3105
f 131/3169/3105 1932/3168/3104 1931/3170/3106
f 131/3169/3105 1931/3170/3106 132/3171/3107
f 132/3171/3107 1931/3170/3106 1930/3172/3108
f 132/3171/3107 1930/3172/3108 133/3173/3109
f 133/3173/3109 1930/3172/3108 1929/3174/3110
f 133/3173/3109 1929/3174/3110 134/3175/3111
f 134/3175/3111 1929/3174/3110 1928/3176/3112
f 134/3175/3111 1928/3176/3112 135/3177/3113
f 135/3177/3113 1928/3176/3112 1927/3178/3114
f 135/3177/3113 1927/3178/3114 136/3179/3115
f 136/3179/3115 1927/3178/3114 1926/3180/3116
f 136/3179/3115 1926/3180/3116 137/3181/3117
f 137/3181/3117 1926/3180/3116 1925/3182/3118
f 137/3181/3117 1925/3182/3118 138/3183/3119
f 138/3183/3119 1925/3182/3118 1924/3184/3120
f 138/3183/3119 1924/3184/3120 139/3185/3121
f 139/3185/3121 1924/3184/3120 1923/3186/3122
f 139/3185/3121 1923/3186/3122 140/3187/3123
f 140/3187/3123 1923/3186/3122 1922/3188/3124
f 140/3187/3123 1922/3188/3124 141/3189/3125
f 141/3189/3125 1922/3188/3124 1921/3190/3126
f 141/3189/3125 1921/3190/3126 142/3141/3079
f 142/3141/3079 1921/3190/3126 1920/3142/3080
f 1966/3191/3127 1956/3192/3128 1943/3193/3129
f 1943/3193/3129 1956/3192/3128 1955/3194/3130
f 1943/3193/3129 1955/3194/3130 1944/3195/3131
f 1944/3195/3131 1955/3194/3130 1954/3196/3132
f 1944/3195/3131 1954/3196/3132 1945/3197/3133
f 1945/3197/3133 1954/3196/3132 1953/3198/3134
f 1945/3197/3133 1953/3198/3134 1946/3199/3135
f 1946/3199/3135 1953/3198/3134 1952/3200/3136
f 1946/3199/3135 1952/3200/3136 1947/3201/3137
f 1947/3201/3137 1952/3200/3136 1951/3202/3138
f 1947/3201/3137 1951/3202/3138 1948/3203/3139
f 1948/3203/3139 1951/3202/3138 1950/3204/3140
f 1948/3203/3139 1950/3204/3140 1949/3205/3141
f 1956/3192/3128 1966/3191/3127 1957/3206/3142
f 1957/3206/3142 1966/3191/3127 1965/3207/3143
f 1957/3206/3142 1965/3207/3143 1958/3208/3144
f 1958/3208/3144 1965/3207/3143 1964/3209/3145
f 1958/3208/3144 1964/3209/3145 1959/3210/3146
f 1959/3210/3146 1964/3209/3145 1963/3211/3147
f 1959/3210/3146 1963/3211/3147 1960/3212/3148
f 1960/3212/3148 1963/3211/3147 1962/3213/3149
f 1960/3212/3148 1962/3213/3149 1961/3214/3150
f 1968/3215/3151 216/3216/3152 1967/3217/3153
f 1967/3217/3153 216/3216/3152 215/3218/3154
f 1967/3219/3153 215/3220/3154 1999/3221/3155
f 1999/3221/3155 215/3220/3154 247/3222/3156
f 1999/3221/3155 247/3222/3156 1998/3223/3157
f 1998/3223/3157 247/3222/3156 246/3224/3158
f 1998/3223/3157 246/3224/3158 1997/3225/3159
f 1997/3225/3159 246/3224/3158 245/3226/3160
f 1997/3225/3159 245/3226/3160 1996/3227/3161
f 1996/3227/3161 245/3226/3160 244/3228/3162
f 1996/3227/3161 244/3228/3162 1995/3229/3163
f 1995/3229/3163 244/3228/3162 243/3230/3164
f 1995/3229/3163 243/3230/3164 1994/3231/3165
f 1994/3231/3165 243/3230/3164 242/3232/3166
f 1994/3231/3165 242/3232/3166 1993/3233/3167
f 1993/3233/3167 242/3232/3166 241/3234/3168
f 1993/3233/3167 241/3234/3168 1992/3235/3169
f 1992/3235/3169 241/3234/3168 240/3236/3170
f 1992/3235/3169 240/3236/3170 1991/3237/3171
f 1991/3237/3171 240/3236/3170 239/3238/3172
f 1991/3237/3171 239/3238/3172 1990/3239/3173
f 1990/3239/3173 239/3238/3172 238/3240/3174
f 1990/3239/3173 238/3240/3174 1989/3241/3175
f 1989/3241/3175 238/3240/3174 237/3242/3176
f 1989/3241/3175 237/3242/3176 1988/3243/3177
f 1988/3243/3177 237/3242/3176 236/3244/3178
f 1988/3243/3177 236/3244/3178 1987/3245/3179
f 1987/3245/3179 236/3244/3178 235/3246/3180
f 1987/3245/3179 235/3246/3180 1986/3247/3181
f 1986/3247/3181 235/3246/3180 234/3248/3182
f 1986/3247/3181 234/3248/3182 1985/3249/3183
f 1985/3249/3183 234/3248/3182 233/3250/3184
f 1985/3249/3183 233/3250/3184 1984/3251/3185
f 1984/3251/3185 233/3250/3184 232/3252/3186
f 1984/3251/3185 232/3252/3186 1983/3253/3187
f 1983/3253/3187 232/3252/3186 231/3254/3188
f 1983/3253/3187 231/3254/3188 1982/3255/3189
f 1982/3255/3189 231/3254/3188 230/3256/3190
f 1982/3255/3189 230/3256/3190 1981/3257/3191
f 1981/3257/3191 230/3256/3190 229/3258/3192
f 1981/3257/3191 229/3258/3192 1980/3259/3193
f 1980/3259/3193 229/3258/3192 228/3260/3194
f 1980/3259/3193 228/3260/3194 1979/3261/3195
f 1979/3261/3195 228/3260/3194 227/3262/3196
f 1979/3261/3195 227/3262/3196 1978/3263/3197
f 1978/3263/3197 227/3262/3196 226/3264/3198
f 1978/3263/3197 226/3264/3198 1977/3265/3199
f 1977/3265/3199 226/3264/3198 225/3266/3200
f 1977/3265/3199 225/3266/3200 1976/3267/3201
f 1976/3267/3201 225/3266/3200 224/3268/3202
f 1976/3267/3201 224/3268/3202 1975/3269/3203
f 1975/3269/3203 224/3268/3202 223/3270/3204
f 1975/3269/3203 223/3270/3204 1974/3271/3205
f 1974/3271/3205 223/3270/3204 222/3272/3206
f 1974/3271/3205 222/3272/3206 1973/3273/3207
f 1973/3273/3207 222/3272/3206 221/3274/3208
f 1973/3273/3207 221/3274/3208 1972/3275/3209
f 1972/3275/3209 221/3274/3208 220/3276/3210
f 1972/3275/3209 220/3276/3210 1971/3277/3211
f 1971/3277/3211 220/3276/3210 219/3278/3212
f 1971/3277/3211 219/3278/3212 1970/3279/3213
f 1970/3279/3213 219/3278/3212 218/3280/3214
f 1970/3279/3213 218/3280/3214 1969/3281/3215
f 1969/3281/3215 218/3280/3214 217/3282/3216
f 1969/3281/3215 217/3282/3216 1968/3215/3151
f 1968/3215/3151 217/3282/3216 216/3216/3152
f 2001/3283/3217 249/3284/3218 2000/3285/3219
f 2000/3285/3219 249/3284/3218 248/3286/3220
f 2000/3287/3219 248/3288/3220 2032/3289/3221
f 2032/3289/3221 248/3288/3220 280/3290/3222
f 2032/3289/3221 280/3290/3222 2031/3291/3223
f 2031/3291/3223 280/3290/3222 279/3292/3224
f 2031/3291/3223 279/3292/3224 2030/3293/3225
f 2030/3293/3225 279/3292/3224 278/3294/3226
f 2030/3293/3225 278/3294/3226 2029/3295/3227
f 2029/3295/3227 278/3294/3226 277/3296/3228
f 2029/3295/3227 277/3296/3228 2028/3297/3229
f 2028/3297/3229 277/3296/3228 276/3298/3230
f 2028/3297/3229 276/3298/3230 2027/3299/3231
f 2027/3299/3231 276/3298/3230 275/3300/3232
f 2027/3299/3231 275/3300/3232 2026/3301/3233
f 2026/3301/3233 275/3300/3232 274/3302/3234
f 2026/3301/3233 274/3302/3234 2025/3303/3235
f 2025/3303/3235 274/3302/3234 273/3304/3236
f 2025/3303/3235 273/3304/3236 2024/3305/3237
f 2024/3305/3237 273/3304/3236 272/3306/3238
f 2024/3305/3237 272/3306/3238 2023/3307/3239
f 2023/3307/3239 272/3306/3238 271/3308/3240
f 2023/3307/3239 271/3308/3240 2022/3309/3241
f 2022/3309/3241 271/3308/3240 270/3310/3242
f 2022/3309/3241 270/3310/3242 2021/3311/3243
f 2021/3311/3243 270/3310/3242 269/3312/3244
f 2021/3311/3243 269/3312/3244 2020/3313/3245
f 2020/3313/3245 269/3312/3244 268/3314/3246
f 2020/3313/3245 268/3314/3246 2019/3315/3247
f 2019/3315/3247 268/3314/3246 267/3316/3248
f 2019/3315/3247 267/3316/3248 2018/3317/3249
f 2018/3317/3249 267/3316/3248 266/3318/3250
f 2018/3317/3249 266/3318/3250 2017/3319/3251
f 2017/3319/3251 266/3318/3250 265/3320/3252
f 2017/3319/3251 265/3320/3252 2016/3321/3253
f 2016/3321/3253 265/3320/3252 264/3322/3254
f 2016/3321/3253 264/3322/3254 2015/3323/3255
f 2015/3323/3255 264/3322/3254 263/3324/3256
f 2015/3323/3255 263/3324/3256 2014/3325/3257
f 2014/3325/3257 263/3324/3256 262/3326/3258
f 2014/3325/3257 262/3326/3258 2013/3327/3259
f 2013/3327/3259 262/3326/3258 261/3328/3260
f 2013/3327/3259 261/3328/3260 2012/3329/3261
f 2012/3329/3261 261/3328/3260 260/3330/3262
f 2012/3329/3261 260/3330/3262 2011/3331/3263
f 2011/3331/3263 260/3330/3262 259/3332/3264
f 2011/3331/3263 259/3332/3264 2010/3333/3265
f 2010/3333/3265 259/3332/3264 258/3334/3266
f 2010/3333/3265 258/3334/3266 2009/3335/3267
f 2009/3335/3267 258/3334/3266 257/3336/3268
f 2009/3335/3267 257/3336/3268 2008/3337/3269
f 2008/3337/3269 257/3336/3268 256/3338/3270
f 2008/3337/3269 256/3338/3270 2007/3339/3271
f 2007/3339/3271 256/3338/3270 255/3340/3272
f 2007/3339/3271 255/3340/3272 2006/3341/3273
f 2006/3341/3273 255/3340/3272 254/3342/3274
f 2006/3341/3273 254/3342/3274 2005/3343/3275
f 2005/3343/3275 254/3342/3274 253/3344/3276
f 2005/3343/3275 253/3344/3276 2004/3345/3277
f 2004/3345/3277 253/3344/3276 252/3346/3278
f 2004/3345/3277 252/3346/3278 2003/3347/3279
f 2003/3347/3279 252/3346/3278 251/3348/3280
f 2003/3347/3279 251/3348/3280 2002/3349/3281
f 2002/3349/3281 251/3348/3280 250/3350/3282
f 2002/3349/3281 250/3350/3282 2001/3283/3217
f 2001/3283/3217 250/3350/3282 249/3284/3218
f 2034/3351/3283 282/3352/3284 2033/3353/3285
f 2033/3353/3285 282/3352/3284 281/3354/3286
f 2033/3355/3285 281/3356/3286 2065/3357/3287
f 2065/3357/3287 281/3356/3286 313/3358/3288
f 2065/3357/3287 313/3358/3288 2064/3359/3289
f 2064/3359/3289 313/3358/3288 312/3360/3290
f 2064/3359/3289 312/3360/3290 2063/3361/3291
f 2063/3361/3291 312/3360/3290 311/3362/3292
f 2063/3361/3291 311/3362/3292 2062/3363/3293
f 2062/3363/3293 311/3362/3292 310/3364/3294
f 2062/3363/3293 310/3364/3294 2061/3365/3295
f 2061/3365/3295 310/3364/3294 309/3366/3296
f 2061/3365/3295 309/3366/3296 2060/3367/3297
f 2060/3367/3297 309/3366/3296 308/3368/3298
f 2060/3367/3297 308/3368/3298 2059/3369/3299
f 2059/3369/3299 308/3368/3298 307/3370/3300
f 2059/3369/3299 307/3370/3300 2058/3371/3301
f 2058/3371/3301 307/3370/3300 306/3372/3302
f 2058/3371/3301 306/3372/3302 2057/3373/3303
f 2057/3373/3303 306/3372/3302 305/3374/3304
f 2057/3373/3303 305/3374/3304 2056/3375/3305
f 2056/3375/3305 305/3374/3304 304/3376/3306
f 2056/3375/3305 304/3376/3306 2055/3377/3307
f 2055/3377/3307 304/3376/3306 303/3378/3308
f 2055/3377/3307 303/3378/3308 2054/3379/3309
f 2054/3379/3309 303/3378/3308 302/3380/3310
f 2054/3379/3309 302/3380/3310 2053/3381/3311
f 2053/3381/3311 302/3380/3310 301/3382/3312
f 2053/3381/3311 301/3382/3312 2052/3383/3313
f 2052/3383/3313 301/3382/3312 300/3384/3314
f 2052/3383/3313 300/3384/3314 2051/3385/3315
f 2051/3385/3315 300/3384/3314 299/3386/3316
f 2051/3385/3315 299/3386/3316 2050/3387/3317
f 2050/3387/3317 299/3386/3316 298/3388/3318
f 2050/3387/3317 298/3388/3318 2049/3389/3319
f 2049/3389/3319 298/3388/3318 297/3390/3320
f 2049/3389/3319 297/3390/3320 2048/3391/3321
f 2048/3391/3321 297/3390/3320 296/3392/3322
f 2048/3391/3321 296/3392/3322 2047/3393/3323
f 2047/3393/3323 296/3392/3322 295/3394/3324
f 2047/3393/3323 295/3394/3324 2046/3395/3325
f 2046/3395/3325 295/3394/3324 294/3396/3326
f 2046/3395/3325 294/3396/3326 2045/3397/3327
f 2045/3397/3327 294/3396/3326 293/3398/3328
f 2045/3397/3327 293/3398/3328 2044/3399/3329
f 2044/3399/3329 293/3398/3328 292/3400/3330
f 2044/3399/3329 292/3400/3330 2043/3401/3331
f 2043/3401/3331 292/3400/3330 291/3402/3332
f 2043/3401/3331 291/3402/3332 2042/3403/3333
f 2042/3403/3333 291/3402/3332 290/3404/3334
f 2042/3403/3333 290/3404/3334 2041/3405/3335
f 2041/3405/3335 290/3404/3334 289/3406/3336
f 2041/3405/3335 289/3406/3336 2040/3407/3337
f 2040/3407/3337 289/3406/3336 288/3408/3338
f 2040/3407/3337 288/3408/3338 2039/3409/3339
f 2039/3409/3339 288/3408/3338 287/3410/3340
f 2039/3409/3339 287/3410/3340 2038/3411/3341
f 2038/3411/3341 287/3410/3340 286/3412/3342
f 2038/3411/3341 286/3412/3342 2037/3413/3343
f 2037/3413/3343 286/3412/3342 285/3414/3344
f 2037/3413/3343 285/3414/3344 2036/3415/3345
f 2036/3415/3345 285/3414/3344 284/3416/3346
f 2036/3415/3345 284/3416/3346 2035/3417/3347
f 2035/3417/3347 284/3416/3346 283/3418/3348
f 2035/3417/3347 283/3418/3348 2034/3351/3283
f 2034/3351/3283 283/3418/3348 282/3352/3284
f 2067/3419/3349 315/3420/3350 2066/3421/3351
f 2066/3421/3351 315/3420/3350 314/3422/3352
f 2066/3423/3351 314/3424/3352 2098/3425/3353
f 2098/3425/3353 314/3424/3352 346/3426/3354
f 2098/3425/3353 346/3426/3354 2097/3427/3355
f 2097/3427/3355 346/3426/3354 345/3428/3356
f 2097/3427/3355 345/3428/3356 2096/3429/3357
f 2096/3429/3357 345/3428/3356 344/3430/3358
f 2096/3429/3357 344/3430/3358 2095/3431/3359
f 2095/3431/3359 344/3430/3358 343/3432/3360
f 2095/3431/3359 343/3432/3360 2094/3433/3361
f 2094/3433/3361 343/3432/3360 342/3434/3362
f 2094/3433/3361 342/3434/3362 2093/3435/3363
f 2093/3435/3363 342/3434/3362 341/3436/3364
f 2093/3435/3363 341/3436/3364 2092/3437/3365
f 2092/3437/3365 341/3436/3364 340/3438/3366
f 2092/3437/3365 340/3438/3366 2091/3439/3367
f 2091/3439/3367 340/3438/3366 339/3440/3368
f 2091/3439/3367 339/3440/3368 2090/3441/3369
f 2090/3441/3369 339/3440/3368 338/3442/3370
f 2090/3441/3369 338/3442/3370 2089/3443/3371
f 2089/3443/3371 338/3442/3370 337/3444/3372
f 2089/3443/3371 337/3444/3372 2088/3445/3373
f 2088/3445/3373 337/3444/3372 336/3446/3374
f 2088/3445/3373 336/3446/3374 2087/3447/3375
f 2087/3447/3375 336/3446/3374 335/3448/3376
f 2087/3447/3375 335/3448/3376 2086/3449/3377
f 2086/3449/3377 335/3448/3376 334/3450/3378
f 2086/3449/3377 334/3450/3378 2085/3451/3379
f 2085/3451/3379 334/3450/3378 333/3452/3380
f 2085/3451/3379 333/3452/3380 2084/3453/3381
f 2084/3453/3381 333/3452/3380 332/3454/3382
f 2084/3453/3381 332/3454/3382 2083/3455/3383
f 2083/3455/3383 332/3454/3382 331/3456/3384
f 2083/3455/3383 331/3456/3384 2082/3457/3385
f 2082/3457/3385 331/3456/3384 330/3458/3386
f 2082/3457/3385 330/3458/3386 2081/3459/3387
f 2081/3459/3387 330/3458/3386 329/3460/3388
f 2081/3459/3387 329/3460/3388 2080/3461/3389
f 2080/3461/3389 329/3460/3388 328/3462/3390
f 2080/3461/3389 328/3462/3390 2079/3463/3391
f 2079/3463/3391 328/3462/3390 327/3464/3392
f 2079/3463/3391 327/3464/3392 2078/3465/3393
f 2078/3465/3393 327/3464/3392 326/3466/3394
f 2078/3465/3393 326/3466/3394 2077/3467/3395
f 2077/3467/3395 326/3466/3394 325/3468/3396
f 2077/3467/3395 325/3468/3396 2076/3469/3397
f 2076/3469/3397 325/3468/3396 324/3470/3398
f 2076/3469/3397 324/3470/3398 2075/3471/3399
f 2075/3471/3399 324/3470/3398 323/3472/3400
f 2075/3471/3399 323/3472/3400 2074/3473/3401
f 2074/3473/3401 323/3472/3400 322/3474/3402
f 2074/3473/3401 322/3474/3402 2073/3475/3403
f 2073/3475/3403 322/3474/3402 321/3476/3404
f 2073/3475/3403 321/3476/3404 2072/3477/3405
f 2072/3477/3405 321/3476/3404 320/3478/3406
f 2072/3477/3405 320/3478/3406 2071/3479/3407
f 2071/3479/3407 320/3478/3406 319/3480/3408
f 2071/3479/3407 319/3480/3408 2070/3481/3409
f 2070/3481/3409 319/3480/3408 318/3482/3410
f 2070/3481/3409 318/3482/3410 2069/3483/3411
f 2069/3483/3411 318/3482/3410 317/3484/3412
f 2069/3483/3411 317/3484/3412 2068/3485/3413
f 2068/3485/3413 317/3484/3412 316/3486/3414
f 2068/3485/3413 316/3486/3414 2067/3419/3349
f 2067/3419/3349 316/3486/3414 315/3420/3350
f 2100/3487/3415 348/3488/3416 2099/3489/3417
f 2099/3489/3417 348/3488/3416 347/3490/3418
f 2099/3491/3417 347/3492/3418 2131/3493/3419
f 2131/3493/3419 347/3492/3418 379/3494/3420
f 2131/3493/3419 379/3494/3420 2130/3495/3421
f 2130/3495/3421 379/3494/3420 378/3496/3422
f 2130/3495/3421 378/3496/3422 2129/3497/3423
f 2129/3497/3423 378/3496/3422 377/3498/3424
f 2129/3497/3423 377/3498/3424 2128/3499/3425
f 2128/3499/3425 377/3498/3424 376/3500/3426
f 2128/3499/3425 376/3500/3426 2127/3501/3427
f 2127/3501/3427 376/3500/3426 375/3502/3428
f 2127/3501/3427 375/3502/3428 2126/3503/3429
f 2126/3503/3429 375/3502/3428 374/3504/3430
f 2126/3503/3429 374/3504/3430 2125/3505/3431
f 2125/3505/3431 374/3504/3430 373/3506/3432
f 2125/3505/3431 373/3506/3432 2124/3507/3433
f 2124/3507/3433 373/3506/3432 372/3508/3434
f 2124/3507/3433 372/3508/3434 2123/3509/3435
f 2123/3509/3435 372/3508/3434 371/3510/3436
f 2123/3509/3435 371/3510/3436 2122/3511/3437
f 2122/3511/3437 371/3510/3436 370/3512/3438
f 2122/3511/3437 370/3512/3438 2121/3513/3439
f 2121/3513/3439 370/3512/3438 369/3514/3440
f 2121/3513/3439 369/3514/3440 2120/3515/3441
f 2120/3515/3441 369/3514/3440 368/3516/3442
f 2120/3515/3441 368/3516/3442 2119/3517/3443
f 2119/3517/3443 368/3516/3442 367/3518/3444
f 2119/3517/3443 367/3518/3444 2118/3519/3445
f 2118/3519/3445 367/3518/3444 366/3520/3446
f 2118/3519/3445 366/3520/3446 2117/3521/3447
f 2117/3521/3447 366/3520/3446 365/3522/3448
f 2117/3521/3447 365/3522/3448 2116/3523/3449
f 2116/3523/3449 365/3522/3448 364/3524/3450
f 2116/3523/3449 364/3524/3450 2115/3525/3451
f 2115/3525/3451 364/3524/3450 363/3526/3452
f 2115/3525/3451 363/3526/3452 2114/3527/3453
f 2114/3527/3453 363/3526/3452 362/3528/3454
f 2114/3527/3453 362/3528/3454 2113/3529/3455
f 2113/3529/3455 362/3528/3454 361/3530/3456
f 2113/3529/3455 361/3530/3456 2112/3531/3457
f 2112/3531/3457 361/3530/3456 360/3532/3458
f 2112/3531/3457 360/3532/3458 2111/3533/3459
f 2111/3533/3459 360/3532/3458 359/3534/3460
f 2111/3533/3459 359/3534/3460 2110/3535/3461
f 2110/3535/3461 359/3534/3460 358/3536/3462
f 2110/3535/3461 358/3536/3462 2109/3537/3463
f 2109/3537/3463 358/3536/3462 357/3538/3464
f 2109/3537/3463 357/3538/3464 2108/3539/3465
f 2108/3539/3465 357/3538/3464 356/3540/3466
f 2108/3539/3465 356/3540/3466 2107/3541/3467
f 2107/3541/3467 356/3540/3466 355/3542/3468
f 2107/3541/3467 355/3542/3468 2106/3543/3469
f 2106/3543/3469 355/3542/3468 354/3544/3470
f 2106/3543/3469 354/3544/3470 2105/3545/3471
f 2105/3545/3471 354/3544/3470 353/3546/3472
f 2105/3545/3471 353/3546/3472 2104/3547/3473
f 2104/3547/3473 353/3546/3472 352/3548/3474
f 2104/3547/3473 352/3548/3474 2103/3549/3475
f 2103/3549/3475 352/3548/3474 351/3550/3476
f 2103/3549/3475 351/3550/3476 2102/3551/3477
f 2102/3551/3477 351/3550/3476 350/3552/3478
f 2102/3551/3477 350/3552/3478 2101/3553/3479
f 2101/3553/3479 350/3552/3478 349/3554/3480
f 2101/3553/3479 349/3554/3480 2100/3487/3415
f 2100/3487/3415 349/3554/3480 348/3488/3416
f 2133/3555/3481 381/3556/3482 2132/3557/3483
f 2132/3557/3483 381/3556/3482 380/3558/3484
f 2132/3559/3483 380/3560/3484 2164/3561/3485
f 2164/3561/3485 380/3560/3484 412/3562/3486
f 2164/3561/3485 412/3562/3486 2163/3563/3487
f 2163/3563/3487 412/3562/3486 411/3564/3488
f 2163/3563/3487 411/3564/3488 2162/3565/3489
f 2162/3565/3489 411/3564/3488 410/3566/3490
f 2162/3565/3489 410/3566/3490 2161/3567/3491
f 2161/3567/3491 410/3566/3490 409/3568/3492
f 2161/3567/3491 409/3568/3492 2160/3569/3493
f 2160/3569/3493 409/3568/3492 408/3570/3494
f 2160/3569/3493 408/3570/3494 2159/3571/3495
f 2159/3571/3495 408/3570/3494 407/3572/3496
f 2159/3571/3495 407/3572/3496 2158/3573/3497
f 2158/3573/3497 407/3572/3496 406/3574/3498
f 2158/3573/3497 406/3574/3498 2157/3575/3499
f 2157/3575/3499 406/3574/3498 405/3576/3500
f 2157/3575/3499 405/3576/3500 2156/3577/3501
f 2156/3577/3501 405/3576/3500 404/3578/3502
f 2156/3577/3501 404/3578/3502 2155/3579/3503
f 2155/3579/3503 404/3578/3502 403/3580/3504
f 2155/3579/3503 403/3580/3504 2154/3581/3505
f 2154/3581/3505 403/3580/3504 402/3582/3506
f 2154/3581/3505 402/3582/3506 2153/3583/3507
f 2153/3583/3507 402/3582/3506 401/3584/3508
f 2153/3583/3507 401/3584/3508 2152/3585/3509
f 2152/3585/3509 401/3584/3508 400/3586/3510
f 2152/3585/3509 400/3586/3510 2151/3587/3511
f 2151/3587/3511 400/3586/3510 399/3588/3512
f 2151/3587/3511 399/3588/3512 2150/3589/3513
f 2150/3589/3513 399/3588/3512 398/3590/3514
f 2150/3589/3513 398/3590/3514 2149/3591/3515
f 2149/3591/3515 398/3590/3514 397/3592/3516
f 2149/3591/3515 397/3592/3516 2148/3593/3517
f 2148/3593/3517 397/3592/3516 396/3594/3518
f 2148/3593/3517 396/3594/3518 2147/3595/3519
f 2147/3595/3519 396/3594/3518 395/3596/3520
f 2147/3595/3519 395/3596/3520 2146/3597/3521
f 2146/3597/3521 395/3596/3520 394/3598/3522
f 2146/3597/3521 394/3598/3522 2145/3599/3523
f 2145/3599/3523 394/3598/3522 393/3600/3524
f 2145/3599/3523 393/3600/3524 2144/3601/3525
f 2144/3601/3525 393/3600/3524 392/3602/3526
f 2144/3601/3525 392/3602/3526 2143/3603/3527
f 2143/3603/3527 392/3602/3526 391/3604/3528
f 2143/3603/3527 391/3604/3528 2142/3605/3529
f 2142/3605/3529 391/3604/3528 390/3606/3530
f 2142/3605/3529 390/3606/3530 2141/3607/3531
f 2141/3607/3531 390/3606/3530 389/3608/3532
f 2141/3607/3531 389/3608/3532 2140/3609/3533
f 2140/3609/3533 389/3608/3532 388/3610/3534
f 2140/3609/3533 388/3610/3534 2139/3611/3535
f 2139/3611/3535 388/3610/3534 387/3612/3536
f 2139/3611/3535 387/3612/3536 2138/3613/3537
f 2138/3613/3537 387/3612/3536 386/3614/3538
f 2138/3613/3537 386/3614/3538 2137/3615/3539
f 2137/3615/3539 386/3614/3538 385/3616/3540
f 2137/3615/3539 385/3616/3540 2136/3617/3541
f 2136/3617/3541 385/3616/3540 384/3618/3542
f 2136/3617/3541 384/3618/3542 2135/3619/3543
f 2135/3619/3543 384/3618/3542 383/3620/3544
f 2135/3619/3543 383/3620/3544 2134/3621/3545
f 2134/3621/3545 383/3620/3544 382/3622/3546
f 2134/3621/3545 382/3622/3546 2133/3555/3481
f 2133/3555/3481 382/3622/3546 381/3556/3482
f 2166/3623/3547 414/3624/3548 2165/3625/3549
f 2165/3625/3549 414/3624/3548 413/3626/3550
f 2165/3627/3549 413/3628/3550 2197/3629/3551
f 2197/3629/3551 413/3628/3550 445/3630/3552
f 2197/3629/3551 445/3630/3552 2196/3631/3553
f 2196/3631/3553 445/3630/3552 444/3632/3554
f 2196/3631/3553 444/3632/3554 2195/3633/3555
f 2195/3633/3555 444/3632/3554 443/3634/3556
f 2195/3633/3555 443/3634/3556 2194/3635/3557
f 2194/3635/3557 443/3634/3556 442/3636/3558
f 2194/3635/3557 442/3636/3558 2193/3637/3559
f 2193/3637/3559 442/3636/3558 441/3638/3560
f 2193/3637/3559 441/3638/3560 2192/3639/3561
f 2192/3639/3561 441/3638/3560 440/3640/3562
f 2192/3639/3561 440/3640/3562 2191/3641/3563
f 2191/3641/3563 440/3640/3562 439/3642/3564
f 2191/3641/3563 439/3642/3564 2190/3643/3565
f 2190/3643/3565 439/3642/3564 438/3644/3566
f 2190/3643/3565 438/3644/3566 2189/3645/3567
f 2189/3645/3567 438/3644/3566 437/3646/3568
f 2189/3645/3567 437/3646/3568 2188/3647/3569
f 2188/3647/3569 437/3646/3568 436/3648/3570
f 2188/3647/3569 436/3648/3570 2187/3649/3571
f 2187/3649/3571 436/3648/3570 435/3650/3572
f 2187/3649/3571 435/3650/3572 2186/3651/3573
f 2186/3651/3573 435/3650/3572 434/3652/3574
f 2186/3651/3573 434/3652/3574 2185/3653/3575
f 2185/3653/3575 434/3652/3574 433/3654/3576
f 2185/3653/3575 433/3654/3576 2184/3655/3577
f 2184/3655/3577 433/3654/3576 432/3656/3578
f 2184/3655/3577 432/3656/3578 2183/3657/3579
f 2183/3657/3579 432/3656/3578 431/3658/3580
f 2183/3657/3579 431/3658/3580 2182/3659/3581
f 2182/3659/3581 431/3658/3580 430/3660/3582
f 2182/3659/3581 430/3660/3582 2181/3661/3583
f 2181/3661/3583 430/3660/3582 429/3662/3584
f 2181/3661/3583 429/3662/3584 2180/3663/3585
f 2180/3663/3585 429/3662/3584 428/3664/3586
f 2180/3663/3585 428/3664/3586 2179/3665/3587
f 2179/3665/3587 428/3664/3586 427/3666/3588
f 2179/3665/3587 427/3666/3588 2178/3667/3589
f 2178/3667/3589 427/3666/3588 426/3668/3590
f 2178/3667/3589 426/3668/3590 2177/3669/3591
f 2177/3669/3591 426/3668/3590 425/3670/3592
f 2177/3669/3591 425/3670/3592 2176/3671/3593
f 2176/3671/3593 425/3670/3592 424/3672/3594
f 2176/3671/3593 424/3672/3594 2175/3673/3595
f 2175/3673/3595 424/3672/3594 423/3674/3596
f 2175/3673/3595 423/3674/3596 2174/3675/3597
f 2174/3675/3597 423/3674/3596 422/3676/3598
f 2174/3675/3597 422/3676/3598 2173/3677/3599
f 2173/3677/3599 422/3676/3598 421/3678/3600
f 2173/3677/3599 421/3678/3600 2172/3679/3601
f 2172/3679/3601 421/3678/3600 420/3680/3602
f 2172/3679/3601 420/3680/3602 2171/3681/3603
f 2171/3681/3603 420/3680/3602 419/3682/3604
f 2171/3681/3603 419/3682/3604 2170/3683/3605
f 2170/3683/3605 419/3682/3604 418/3684/3606
f 2170/3683/3605 418/3684/3606 2169/3685/3607
f 2169/3685/3607 418/3684/3606 417/3686/3608
f 2169/3685/3607 417/3686/3608 2168/3687/3609
f 2168/3687/3609 417/3686/3608 416/3688/3610
f 2168/3687/3609 416/3688/3610 2167/3689/3611
f 2167/3689/3611 416/3688/3610 415/3690/3612
f 2167/3689/3611 415/3690/3612 2166/3623/3547
f 2166/3623/3547 415/3690/3612 414/3624/3548
f 2199/3691/3613 447/3692/3614 2198/3693/3615
f 2198/3693/3615 447/3692/3614 446/3694/3616
f 2198/3695/3615 446/3696/3616 2230/3697/3617
f 2230/3697/3617 446/3696/3616 478/3698/3618
f 2230/3697/3617 478/3698/3618 2229/3699/3619
f 2229/3699/3619 478/3698/3618 477/3700/3620
f 2229/3699/3619 477/3700/3620 2228/3701/3621
f 2228/3701/3621 477/3700/3620 476/3702/3622
f 2228/3701/3621 476/3702/3622 2227/3703/3623
f 2227/3703/3623 476/3702/3622 475/3704/3624
f 2227/3703/3623 475/3704/3624 2226/3705/3625
f 2226/3705/3625 475/3704/3624 474/3706/3626
f 2226/3705/3625 474/3706/3626 2225/3707/3627
f 2225/3707/3627 474/3706/3626 473/3708/3628
f 2225/3707/3627 473/3708/3628 2224/3709/3629
f 2224/3709/3629 473/3708/3628 472/3710/3630
f 2224/3709/3629 472/3710/3630 2223/3711/3631
f 2223/3711/3631 472/3710/3630 471/3712/3632
f 2223/3711/3631 471/3712/3632 2222/3713/3633
f 2222/3713/3633 471/3712/3632 470/3714/3634
f 2222/3713/3633 470/3714/3634 2221/3715/3635
f 2221/3715/3635 470/3714/3634 469/3716/3636
f 2221/3715/3635 469/3716/3636 2220/3717/3637
f 2220/3717/3637 469/3716/3636 468/3718/3638
f 2220/3717/3637 468/3718/3638 2219/3719/3639
f 2219/3719/3639 468/3718/3638 467/3720/3640
f 2219/3719/3639 467/3720/3640 2218/3721/3641
f 2218/3721/3641 467/3720/3640 466/3722/3642
f 2218/3721/3641 466/3722/3642 2217/3723/3643
f 2217/3723/3643 466/3722/3642 465/3724/3644
f 2217/3723/3643 465/3724/3644 2216/3725/3645
f 2216/3725/3645 465/3724/3644 464/3726/3646
f 2216/3725/3645 464/3726/3646 2215/3727/3647
f 2215/3727/3647 464/3726/3646 463/3728/3648
f 2215/3727/3647 463/3728/3648 2214/3729/3649
f 2214/3729/3649 463/3728/3648 462/3730/3650
f 2214/3729/3649 462/3730/3650 2213/3731/3651
f 2213/3731/3651 462/3730/3650 461/3732/3652
f 2213/3731/3651 461/3732/3652 2212/3733/3653
f 2212/3733/3653 461/3732/3652 460/3734/3654
f 2212/3733/3653 460/3734/3654 2211/3735/3655
f 2211/3735/3655 460/3734/3654 459/3736/3656
f 2211/3735/3655 459/3736/3656 2210/3737/3657
f 2210/3737/3657 459/3736/3656 458/3738/3658
f 2210/3737/3657 458/3738/3658 2209/3739/3659
f 2209/3739/3659 458/3738/3658 457/3740/3660
f 2209/3739/3659 457/3740/3660 2208/3741/3661
f 2208/3741/3661 457/3740/3660 456/3742/3662
f 2208/3741/3661 456/3742/3662 2207/3743/3663
f 2207/3743/3663 456/3742/3662 455/3744/3664
f 2207/3743/3663 455/3744/3664 2206/3745/3665
f 2206/3745/3665 455/3744/3664 454/3746/3666
f 2206/3745/3665 454/3746/3666 2205/3747/3667
f 2205/3747/3667 454/3746/3666 453/3748/3668
f 2205/3747/3667 453/3748/3668 2204/3749/3669
f 2204/3749/3669 453/3748/3668 452/3750/3670
f 2204/3749/3669 452/3750/3670 2203/3751/3671
f 2203/3751/3671 452/3750/3670 451/3752/3672
f 2203/3751/3671 451/3752/3672 2202/3753/3673
f 2202/3753/3673 451/3752/3672 450/3754/3674
f 2202/3753/3673 450/3754/3674 2201/3755/3675
f 2201/3755/3675 450/3754/3674 449/3756/3676
f 2201/3755/3675 449/3756/3676 2200/3757/3677
f 2200/3757/3677 449/3756/3676 448/3758/3678
f 2200/3757/3677 448/3758/3678 2199/3691/3613
f 2199/3691/3613 448/3758/3678 447/3692/3614
f 2232/3759/3679 480/3760/3680 2231/3761/3681
f 2231/3761/3681 480/3760/3680 479/3762/3682
f 2231/3763/3681 479/3764/3682 2263/3765/3683
f 2263/3765/3683 479/3764/3682 511/3766/3684
f 2263/3765/3683 511/3766/3684 2262/3767/3685
f 2262/3767/3685 511/3766/3684 510/3768/3686
f 2262/3767/3685 510/3768/3686 2261/3769/3687
f 2261/3769/3687 510/3768/3686 509/3770/3688
f 2261/3769/3687 509/3770/3688 2260/3771/3689
f 2260/3771/3689 509/3770/3688 508/3772/3690
f 2260/3771/3689 508/3772/3690 2259/3773/3691
f 2259/3773/3691 508/3772/3690 507/3774/3692
f 2259/3773/3691 507/3774/3692 2258/3775/3693
f 2258/3775/3693 507/3774/3692 506/3776/3694
f 2258/3775/3693 506/3776/3694 2257/3777/3695
f 2257/3777/3695 506/3776/3694 505/3778/3696
f 2257/3777/3695 505/3778/3696 2256/3779/3697
f 2256/3779/3697 505/3778/3696 504/3780/3698
f 2256/3779/3697 504/3780/3698 2255/3781/3699
f 2255/3781/3699 504/3780/3698 503/3782/3700
f 2255/3781/3699 503/3782/3700 2254/3783/3701
f 2254/3783/3701 503/3782/3700 502/3784/3702
f 2254/3783/3701 502/3784/3702 2253/3785/3703
f 2253/3785/3703 502/3784/3702 501/3786/3704
f 2253/3785/3703 501/3786/3704 2252/3787/3705
f 2252/3787/3705 501/3786/3704 500/3788/3706
f 2252/3787/3705 500/3788/3706 2251/3789/3707
f 2251/3789/3707 500/3788/3706 499/3790/3708
f 2251/3789/3707 499/3790/3708 2250/3791/3709
f 2250/3791/3709 499/3790/3708 498/3792/3710
f 2250/3791/3709 498/3792/3710 2249/3793/3711
f 2249/3793/3711 498/3792/3710 497/3794/3712
f 2249/3793/3711 497/3794/3712 2248/3795/3713
f 2248/3795/3713 497/3794/3712 496/3796/3714
f 2248/3795/3713 496/3796/3714 2247/3797/3715
f 2247/3797/3715 496/3796/3714 495/3798/3716
f 2247/3797/3715 495/3798/3716 2246/3799/3717
f 2246/3799/3717 495/3798/3716 494/3800/3718
f 2246/3799/3717 494/3800/3718 2245/3801/3719
f 2245/3801/3719 494/3800/3718 493/3802/3720
f 2245/3801/3719 493/3802/3720 2244/3803/3721
f 2244/3803/3721 493/3802/3720 492/3804/3722
f 2244/3803/3721 492/3804/3722 2243/3805/3723
f 2243/3805/3723 492/3804/3722 491/3806/3724
f 2243/3805/3723 491/3806/3724 2242/3807/3725
f 2242/3807/3725 491/3806/3724 490/3808/3726
f 2242/3807/3725 490/3808/3726 2241/3809/3727
f 2241/3809/3727 490/3808/3726 489/3810/3728
f 2241/3809/3727 489/3810/3728 2240/3811/3729
f 2240/3811/3729 489/3810/3728 488/3812/3730
f 2240/3811/3729 488/3812/3730 2239/3813/3731
f 2239/3813/3731 488/3812/3730 487/3814/3732
f 2239/3813/3731 487/3814/3732 2238/3815/3733
f 2238/3815/3733 487/3814/3732 486/3816/3734
f 2238/3815/3733 486/3816/3734 2237/3817/3735
f 2237/3817/3735 486/3816/3734 485/3818/3736
f 2237/3817/3735 485/3818/3736 2236/3819/3737
f 2236/3819/3737 485/3818/3736 484/3820/3738
f 2236/3819/3737 484/3820/3738 2235/3821/3739
f 2235/3821/3739 484/3820/3738 483/3822/3740
f 2235/3821/3739 483/3822/3740 2234/3823/3741
f 2234/3823/3741 483/3822/3740 482/3824/3742
f 2234/3823/3741 482/3824/3742 2233/3825/3743
f 2233/3825/3743 482/3824/3742 481/3826/3744
f 2233/3825/3743 481/3826/3744 2232/3759/3679
f 2232/3759/3679 481/3826/3744 480/3760/3680
f 2265/3827/3745 513/3828/3746 2264/3829/3747
f 2264/3829/3747 513/3828/3746 512/3830/3748
f 2264/3831/3747 512/3832/3748 2296/3833/3749
f 2296/3833/3749 512/3832/3748 544/3834/3750
f 2296/3833/3749 544/3834/3750 2295/3835/3751
f 2295/3835/3751 544/3834/3750 543/3836/3752
f 2295/3835/3751 543/3836/3752 2294/3837/3753
f 2294/3837/3753 543/3836/3752 542/3838/3754
f 2294/3837/3753 542/3838/3754 2293/3839/3755
f 2293/3839/3755 542/3838/3754 541/3840/3756
f 2293/3839/3755 541/3840/3756 2292/3841/3757
f 2292/3841/3757 541/3840/3756 540/3842/3758
f 2292/3841/3757 540/3842/3758 2291/3843/3759
f 2291/3843/3759 540/3842/3758 539/3844/3760
f 2291/3843/3759 539/3844/3760 2290/3845/3761
f 2290/3845/3761 539/3844/3760 538/3846/3762
f 2290/3845/3761 538/3846/3762 2289/3847/3763
f 2289/3847/3763 538/3846/3762 537/3848/3764
f 2289/3847/3763 537/3848/3764 2288/3849/3765
f 2288/3849/3765 537/3848/3764 536/3850/3766
f 2288/3849/3765 536/3850/3766 2287/3851/3767
f 2287/3851/3767 536/3850/3766 535/3852/3768
f 2287/3851/3767 535/3852/3768 2286/3853/3769
f 2286/3853/3769 535/3852/3768 534/3854/3770
f 2286/3853/3769 534/3854/3770 2285/3855/3771
f 2285/3855/3771 534/3854/3770 533/3856/3772
f 2285/3855/3771 533/3856/3772 2284/3857/3773
f 2284/3857/3773 533/3856/3772 532/3858/3774
f 2284/3857/3773 532/3858/3774 2283/3859/3775
f 2283/3859/3775 532/3858/3774 531/3860/3776
f 2283/3859/3775 531/3860/3776 2282/3861/3777
f 2282/3861/3777 531/3860/3776 530/3862/3778
f 2282/3861/3777 530/3862/3778 2281/3863/3779
f 2281/3863/3779 530/3862/3778 529/3864/3780
f 2281/3863/3779 529/3864/3780 2280/3865/3781
f 2280/3865/3781 529/3864/3780 528/3866/3782
f 2280/3865/3781 528/3866/3782 2279/3867/3783
f 2279/3867/3783 528/3866/3782 527/3868/3784
f 2279/3867/3783 527/3868/3784 2278/3869/3785
f 2278/3869/3785 527/3868/3784 526/3870/3786
f 2278/3869/3785 526/3870/3786 2277/3871/3787
f 2277/3871/3787 526/3870/3786 525/3872/3788
f 2277/3871/3787 525/3872/3788 2276/3873/3789
f 2276/3873/3789 525/3872/3788 524/3874/3790
f 2276/3873/3789 524/3874/3790 2275/3875/3791
f 2275/3875/3791 524/3874/3790 523/3876/3792
f 2275/3875/3791 523/3876/3792 2274/3877/3793
f 2274/3877/3793 523/3876/3792 522/3878/3794
f 2274/3877/3793 522/3878/3794 2273/3879/3795
f 2273/3879/3795 522/3878/3794 521/3880/3796
f 2273/3879/3795 521/3880/3796 2272/3881/3797
f 2272/3881/3797 521/3880/3796 520/3882/3798
f 2272/3881/3797 520/3882/3798 2271/3883/3799
f 2271/3883/3799 520/3882/3798 519/3884/3800
f 2271/3883/3799 519/3884/3800 2270/3885/3801
f 2270/3885/3801 519/3884/3800 518/3886/3802
f 2270/3885/3801 518/3886/3802 2269/3887/3803
f 2269/3887/3803 518/3886/3802 517/3888/3804
f 2269/3887/3803 517/3888/3804 2268/3889/3805
f 2268/3889/3805 517/3888/3804 516/3890/3806
f 2268/3889/3805 516/3890/3806 2267/3891/3807
f 2267/3891/3807 516/3890/3806 515/3892/3808
f 2267/3891/3807 515/3892/3808 2266/3893/3809
f 2266/3893/3809 515/3892/3808 514/3894/3810
f 2266/3893/3809 514/3894/3810 2265/3827/3745
f 2265/3827/3745 514/3894/3810 513/3828/3746
f 2298/3895/3811 546/3896/3812 2297/3897/3813
f 2297/3897/3813 546/3896/3812 545/3898/3814
f 2297/3899/3813 545/3900/3814 2329/3901/3815
f 2329/3901/3815 545/3900/3814 577/3902/3816
f 2329/3901/3815 577/3902/3816 2328/3903/3817
f 2328/3903/3817 577/3902/3816 576/3904/3818
f 2328/3903/3817 576/3904/3818 2327/3905/3819
f 2327/3905/3819 576/3904/3818 575/3906/3820
f 2327/3905/3819 575/3906/3820 2326/3907/3821
f 2326/3907/3821 575/3906/3820 574/3908/3822
f 2326/3907/3821 574/3908/3822 2325/3909/3823
f 2325/3909/3823 574/3908/3822 573/3910/3824
f 2325/3909/3823 573/3910/3824 2324/3911/3825
f 2324/3911/3825 573/3910/3824 572/3912/3826
f 2324/3911/3825 572/3912/3826 2323/3913/3827
f 2323/3913/3827 572/3912/3826 571/3914/3828
f 2323/3913/3827 571/3914/3828 2322/3915/3829
f 2322/3915/3829 571/3914/3828 570/3916/3830
f 2322/3915/3829 570/3916/3830 2321/3917/3831
f 2321/3917/3831 570/3916/3830 569/3918/3832
f 2321/3917/3831 569/3918/3832 2320/3919/3833
f 2320/3919/3833 569/3918/3832 568/3920/3834
f 2320/3919/3833 568/3920/3834 2319/3921/3835
f 2319/3921/3835 568/3920/3834 567/3922/3836
f 2319/3921/3835 567/3922/3836 2318/3923/3837
f 2318/3923/3837 567/3922/3836 566/3924/3838
f 2318/3923/3837 566/3924/3838 2317/3925/3839
f 2317/3925/3839 566/3924/3838 565/3926/3840
f 2317/3925/3839 565/3926/3840 2316/3927/3841
f 2316/3927/3841 565/3926/3840 564/3928/3842
f 2316/3927/3841 564/3928/3842 2315/3929/3843
f 2315/3929/3843 564/3928/3842 563/3930/3844
f 2315/3929/3843 563/3930/3844 2314/3931/3845
f 2314/3931/3845 563/3930/3844 562/3932/3846
f 2314/3931/3845 562/3932/3846 2313/3933/3847
f 2313/3933/3847 562/3932/3846 561/3934/3848
f 2313/3933/3847 561/3934/3848 2312/3935/3849
f 2312/3935/3849 561/3934/3848 560/3936/3850
f 2312/3935/3849 560/3936/3850 2311/3937/3851
f 2311/3937/3851 560/3936/3850 559/3938/3852
f 2311/3937/3851 559/3938/3852 2310/3939/3853
f 2310/3939/3853 559/3938/3852 558/3940/3854
f 2310/3939/3853 558/3940/3854 2309/3941/3855
f 2309/3941/3855 558/3940/3854 557/3942/3856
f 2309/3941/3855 557/3942/3856 2308/3943/3857
f 2308/3943/3857 557/3942/3856 556/3944/3858
f 2308/3943/3857 556/3944/3858 2307/3945/3859
f 2307/3945/3859 556/3944/3858 555/3946/3860
f 2307/3945/3859 555/3946/3860 2306/3947/3861
f 2306/3947/3861 555/3946/3860 554/3948/3862
f 2306/3947/3861 554/3948/3862 2305/3949/3863
f 2305/3949/3863 554/3948/3862 553/3950/3864
f 2305/3949/3863 553/3950/3864 2304/3951/3865
f 2304/3951/3865 553/3950/3864 552/3952/3866
f 2304/3951/3865 552/3952/3866 2303/3953/3867
f 2303/3953/3867 552/3952/3866 551/3954/3868
f 2303/3953/3867 551/3954/3868 2302/3955/3869
f 2302/3955/3869 551/3954/3868 550/3956/3870
f 2302/3955/3869 550/3956/3870 2301/3957/3871
f 2301/3957/3871 550/3956/3870 549/3958/3872
f 2301/3957/3871 549/3958/3872 2300/3959/3873
f 2300/3959/3873 549/3958/3872 548/3960/3874
f 2300/3959/3873 548/3960/3874 2299/3961/3875
f 2299/3961/3875 548/3960/3874 547/3962/3876
f 2299/3961/3875 547/3962/3876 2298/3895/3811
f 2298/3895/3811 547/3962/3876 546/3896/3812
f 2331/3963/3877 579/3964/3878 2330/3965/3879
f 2330/3965/3879 579/3964/3878 578/3966/3880
f 2330/3967/3879 578/3968/3880 2362/3969/3881
f 2362/3969/3881 578/3968/3880 610/3970/3882
f 2362/3969/3881 610/3970/3882 2361/3971/3883
f 2361/3971/3883 610/3970/3882 609/3972/3884
f 2361/3971/3883 609/3972/3884 2360/3973/3885
f 2360/3973/3885 609/3972/3884 608/3974/3886
f 2360/3973/3885 608/3974/3886 2359/3975/3887
f 2359/3975/3887 608/3974/3886 607/3976/3888
f 2359/3975/3887 607/3976/3888 2358/3977/3889
f 2358/3977/3889 607/3976/3888 606/3978/3890
f 2358/3977/3889 606/3978/3890 2357/3979/3891
f 2357/3979/3891 606/3978/3890 605/3980/3892
f 2357/3979/3891 605/3980/3892 2356/3981/3893
f 2356/3981/3893 605/3980/3892 604/3982/3894
f 2356/3981/3893 604/3982/3894 2355/3983/3895
f 2355/3983/3895 604/3982/3894 603/3984/3896
f 2355/3983/3895 603/3984/3896 2354/3985/3897
f 2354/3985/3897 603/3984/3896 602/3986/3898
f 2354/3985/3897 602/3986/3898 2353/3987/3899
f 2353/3987/3899 602/3986/3898 601/3988/3900
f 2353/3987/3899 601/3988/3900 2352/3989/3901
f 2352/3989/3901 601/3988/3900 600/3990/3902
f 2352/3989/3901 600/3990/3902 2351/3991/3903
f 2351/3991/3903 600/3990/3902 599/3992/3904
f 2351/3991/3903 599/3992/3904 2350/3993/3905
f 2350/3993/3905 599/3992/3904 598/3994/3906
f 2350/3993/3905 598/3994/3906 2349/3995/3907
f 2349/3995/3907 598/3994/3906 597/3996/3908
f 2349/3995/3907 597/3996/3908 2348/3997/3909
f 2348/3997/3909 597/3996/3908 596/3998/3910
f 2348/3997/3909 596/3998/3910 2347/3999/3911
f 2347/3999/3911 596/3998/3910 595/4000/3912
f 2347/3999/3911 595/4000/3912 2346/4001/3913
f 2346/4001/3913 595/4000/3912 594/4002/3914
f 2346/4001/3913 594/4002/3914 2345/4003/3915
f 2345/4003/3915 594/4002/3914 593/4004/3916
f 2345/4003/3915 593/4004/3916 2344/4005/3917
f 2344/4005/3917 593/4004/3916 592/4006/3918
f 2344/4005/3917 592/4006/3918 2343/4007/3919
f 2343/4007/3919 592/4006/3918 591/4008/3920
f 2343/4007/3919 591/4008/3920 2342/4009/3921
f 2342/4009/3921 591/4008/3920 590/4010/3922
f 2342/4009/3921 590/4010/3922 2341/4011/3923
f 2341/4011/3923 590/4010/3922 589/4012/3924
f 2341/4011/3923 589/4012/3924 2340/4013/3925
f 2340/4013/3925 589/4012/3924 588/4014/3926
f 2340/4013/3925 588/4014/3926 2339/4015/3927
f 2339/4015/3927 588/4014/3926 587/4016/3928
f 2339/4015/3927 587/4016/3928 2338/4017/3929
f 2338/4017/3929 587/4016/3928 586/4018/3930
f 2338/4017/3929 586/4018/3930 2337/4019/3931
f 2337/4019/3931 586/4018/3930 585/4020/3932
f 2337/4019/3931 585/4020/3932 2336/4021/3933
f 2336/4021/3933 585/4020/3932 584/4022/3934
f 2336/4021/3933 584/4022/3934 2335/4023/3935
f 2335/4023/3935 584/4022/3934 583/4024/3936
f 2335/4023/3935 583/4024/3936 2334/4025/3937
f 2334/4025/3937 583/4024/3936 582/4026/3938
f 2334/4025/3937 582/4026/3938 2333/4027/3939
f 2333/4027/3939 582/4026/3938 581/4028/3940
f 2333/4027/3939 581/4028/3940 2332/4029/3941
f 2332/4029/3941 581/4028/3940 580/4030/3942
f 2332/4029/3941 580/4030/3942 2331/3963/3877
f 2331/3963/3877 580/4030/3942 579/3964/3878
f 2364/4031/3943 612/4032/3944 2363/4033/3945
f 2363/4033/3945 612/4032/3944 611/4034/3946
f 2363/4035/3945 611/4036/3946 2395/4037/3947
f 2395/4037/3947 611/4036/3946 643/4038/3948
f 2395/4037/3947 643/4038/3948 2394/4039/3949
f 2394/4039/3949 643/4038/3948 642/4040/3950
f 2394/4039/3949 642/4040/3950 2393/4041/3951
f 2393/4041/3951 642/4040/3950 641/4042/3952
f 2393/4041/3951 641/4042/3952 2392/4043/3953
f 2392/4043/3953 641/4042/3952 640/4044/3954
f 2392/4043/3953 640/4044/3954 2391/4045/3955
f 2391/4045/3955 640/4044/3954 639/4046/3956
f 2391/4045/3955 639/4046/3956 2390/4047/3957
f 2390/4047/3957 639/4046/3956 638/4048/3958
f 2390/4047/3957 638/4048/3958 2389/4049/3959
f 2389/4049/3959 638/4048/3958 637/4050/3960
f 2389/4049/3959 637/4050/3960 2388/4051/3961
f 2388/4051/3961 637/4050/3960 636/4052/3962
f 2388/4051/3961 636/4052/3962 2387/4053/3963
f 2387/4053/3963 636/4052/3962 635/4054/3964
f 2387/4053/3963 635/4054/3964 2386/4055/3965
f 2386/4055/3965 635/4054/3964 634/4056/3966
f 2386/4055/3965 634/4056/3966 2385/4057/3967
f 2385/4057/3967 634/4056/3966 633/4058/3968
f 2385/4057/3967 633/4058/3968 2384/4059/3969
f 2384/4059/3969 633/4058/3968 632/4060/3970
f 2384/4059/3969 632/4060/3970 2383/4061/3971
f 2383/4061/3971 632/4060/3970 631/4062/3972
f 2383/4061/3971 631/4062/3972 2382/4063/3973
f 2382/4063/3973 631/4062/3972 630/4064/3974
f 2382/4063/3973 630/4064/3974 2381/4065/3975
f 2381/4065/3975 630/4064/3974 629/4066/3976
f 2381/4065/3975 629/4066/3976 2380/4067/3977
f 2380/4067/3977 629/4066/3976 628/4068/3978
f 2380/4067/3977 628/4068/3978 2379/4069/3979
f 2379/4069/3979 628/4068/3978 627/4070/3980
f 2379/4069/3979 627/4070/3980 2378/4071/3981
f 2378/4071/3981 627/4070/3980 626/4072/3982
f 2378/4071/3981 626/4072/3982 2377/4073/3983
f 2377/4073/3983 626/4072/3982 625/4074/3984
f 2377/4073/3983 625/4074/3984 2376/4075/3985
f 2376/4075/3985 625/4074/3984 624/4076/3986
f 2376/4075/3985 624/4076/3986 2375/4077/3987
f 2375/4077/3987 624/4076/3986 623/4078/3988
f 2375/4077/3987 623/4078/3988 2374/4079/3989
f 2374/4079/3989 623/4078/3988 622/4080/3990
f 2374/4079/3989 622/4080/3990 2373/4081/3991
f 2373/4081/3991 622/4080/3990 621/4082/3992
f 2373/4081/3991 621/4082/3992 2372/4083/3993
f 2372/4083/3993 621/4082/3992 620/4084/3994
f 2372/4083/3993 620/4084/3994 2371/4085/3995
f 2371/4085/3995 620/4084/3994 619/4086/3996
f 2371/4085/3995 619/4086/3996 2370/4087/3997
f 2370/4087/3997 619/4086/3996 618/4088/3998
f 2370/4087/3997 618/4088/3998 2369/4089/3999
f 2369/4089/3999 618/4088/3998 617/4090/4000
f 2369/4089/3999 617/4090/4000 2368/4091/4001
f 2368/4091/4001 617/4090/4000 616/4092/4002
f 2368/4091/4001 616/4092/4002 2367/4093/4003
f 2367/4093/4003 616/4092/4002 615/4094/4004
f 2367/4093/4003 615/4094/4004 2366/4095/4005
f 2366/4095/4005 615/4094/4004 614/4096/4006
f 2366/4095/4005 614/4096/4006 2365/4097/4007
f 2365/4097/4007 614/4096/4006 613/4098/4008
f 2365/4097/4007 613/4098/4008 2364/4031/3943
f 2364/4031/3943 613/4098/4008 612/4032/3944
f 2397/4099/4009 645/4100/4010 2396/4101/4011
f 2396/4101/4011 645/4100/4010 644/4102/4012
f 2396/4103/4011 644/4104/4012 2428/4105/4013
f 2428/4105/4013 644/4104/4012 676/4106/4014
f 2428/4105/4013 676/4106/4014 2427/4107/4015
f 2427/4107/4015 676/4106/4014 675/4108/4016
f 2427/4107/4015 675/4108/4016 2426/4109/4017
f 2426/4109/4017 675/4108/4016 674/4110/4018
f 2426/4109/4017 674/4110/4018 2425/4111/4019
f 2425/4111/4019 674/4110/4018 673/4112/4020
f 2425/4111/4019 673/4112/4020 2424/4113/4021
f 2424/4113/4021 673/4112/4020 672/4114/4022
f 2424/4113/4021 672/4114/4022 2423/4115/4023
f 2423/4115/4023 672/4114/4022 671/4116/4024
f 2423/4115/4023 671/4116/4024 2422/4117/4025
f 2422/4117/4025 671/4116/4024 670/4118/4026
f 2422/4117/4025 670/4118/4026 2421/4119/4027
f 2421/4119/4027 670/4118/4026 669/4120/4028
f 2421/4119/4027 669/4120/4028 2420/4121/4029
f 2420/4121/4029 669/4120/4028 668/4122/4030
f 2420/4121/4029 668/4122/4030 2419/4123/4031
f 2419/4123/4031 668/4122/4030 667/4124/4032
f 2419/4123/4031 667/4124/4032 2418/4125/4033
f 2418/4125/4033 667/4124/4032 666/4126/4034
f 2418/4125/4033 666/4126/4034 2417/4127/4035
f 2417/4127/4035 666/4126/4034 665/4128/4036
f 2417/4127/4035 665/4128/4036 2416/4129/4037
f 2416/4129/4037 665/4128/4036 664/4130/4038
f 2416/4129/4037 664/4130/4038 2415/4131/4039
f 2415/4131/4039 664/4130/4038 663/4132/4040
f 2415/4131/4039 663/4132/4040 2414/4133/4041
f 2414/4133/4041 663/4132/4040 662/4134/4042
f 2414/4133/4041 662/4134/4042 2413/4135/4043
f 2413/4135/4043 662/4134/4042 661/4136/4044
f 2413/4135/4043 661/4136/4044 2412/4137/4045
f 2412/4137/4045 661/4136/4044 660/4138/4046
f 2412/4137/4045 660/4138/4046 2411/4139/4047
f 2411/4139/4047 660/4138/4046 659/4140/4048
f 2411/4139/4047 659/4140/4048 2410/4141/4049
f 2410/4141/4049 659/4140/4048 658/4142/4050
f 2410/4141/4049 658/4142/4050 2409/4143/4051
f 2409/4143/4051 658/4142/4050 657/4144/4052
f 2409/4143/4051 657/4144/4052 2408/4145/4053
f 2408/4145/4053 657/4144/4052 656/4146/4054
f 2408/4145/4053 656/4146/4054 2407/4147/4055
f 2407/4147/4055 656/4146/4054 655/4148/4056
f 2407/4147/4055 655/4148/4056 2406/4149/4057
f 2406/4149/4057 655/4148/4056 654/4150/4058
f 2406/4149/4057 654/4150/4058 2405/4151/4059
f 2405/4151/4059 654/4150/4058 653/4152/4060
f 2405/4151/4059 653/4152/4060 2404/4153/4061
f 2404/4153/4061 653/4152/4060 652/4154/4062
f 2404/4153/4061 652/4154/4062 2403/4155/4063
f 2403/4155/4063 652/4154/4062 651/4156/4064
f 2403/4155/4063 651/4156/4064 2402/4157/4065
f 2402/4157/4065 651/4156/4064 650/4158/4066
f 2402/4157/4065 650/4158/4066 2401/4159/4067
f 2401/4159/4067 650/4158/4066 649/4160/4068
f 2401/4159/4067 649/4160/4068 2400/4161/4069
f 2400/4161/4069 649/4160/4068 648/4162/4070
f 2400/4161/4069 648/4162/4070 2399/4163/4071
f 2399/4163/4071 648/4162/4070 647/4164/4072
f 2399/4163/4071 647/4164/4072 2398/4165/4073
f 2398/4165/4073 647/4164/4072 646/4166/4074
f 2398/4165/4073 646/4166/4074 2397/4099/4009
f 2397/4099/4009 646/4166/4074 645/4100/4010
f 2430/4167/4075 678/4168/4076 2429/4169/4077
f 2429/4169/4077 678/4168/4076 677/4170/4078
f 2429/4171/4077 677/4172/4078 2461/4173/4079
f 2461/4173/4079 677/4172/4078 709/4174/4080
f 2461/4173/4079 709/4174/4080 2460/4175/4081
f 2460/4175/4081 709/4174/4080 708/4176/4082
f 2460/4175/4081 708/4176/4082 2459/4177/4083
f 2459/4177/4083 708/4176/4082 707/4178/4084
f 2459/4177/4083 707/4178/4084 2458/4179/4085
f 2458/4179/4085 707/4178/4084 706/4180/4086
f 2458/4179/4085 706/4180/4086 2457/4181/4087
f 2457/4181/4087 706/4180/4086 705/4182/4088
f 2457/4181/4087 705/4182/4088 2456/4183/4089
f 2456/4183/4089 705/4182/4088 704/4184/4090
f 2456/4183/4089 704/4184/4090 2455/4185/4091
f 2455/4185/4091 704/4184/4090 703/4186/4092
f 2455/4185/4091 703/4186/4092 2454/4187/4093
f 2454/4187/4093 703/4186/4092 702/4188/4094
f 2454/4187/4093 702/4188/4094 2453/4189/4095
f 2453/4189/4095 702/4188/4094 701/4190/4096
f 2453/4189/4095 701/4190/4096 2452/4191/4097
f 2452/4191/4097 701/4190/4096 700/4192/4098
f 2452/4191/4097 700/4192/4098 2451/4193/4099
f 2451/4193/4099 700/4192/4098 699/4194/4100
f 2451/4193/4099 699/4194/4100 2450/4195/4101
f 2450/4195/4101 699/4194/4100 698/4196/4102
f 2450/4195/4101 698/4196/4102 2449/4197/4103
f 2449/4197/4103 698/4196/4102 697/4198/4104
f 2449/4197/4103 697/4198/4104 2448/4199/4105
f 2448/4199/4105 697/4198/4104 696/4200/4106
f 2448/4199/4105 696/4200/4106 2447/4201/4107
f 2447/4201/4107 696/4200/4106 695/4202/4108
f 2447/4201/4107 695/4202/4108 2446/4203/4109
f 2446/4203/4109 695/4202/4108 694/4204/4110
f 2446/4203/4109 694/4204/4110 2445/4205/4111
f 2445/4205/4111 694/4204/4110 693/4206/4112
f 2445/4205/4111 693/4206/4112 2444/4207/4113
f 2444/4207/4113 693/4206/4112 692/4208/4114
f 2444/4207/4113 692/4208/4114 2443/4209/4115
f 2443/4209/4115 692/4208/4114 691/4210/4116
f 2443/4209/4115 691/4210/4116 2442/4211/4117
f 2442/4211/4117 691/4210/4116 690/4212/4118
f 2442/4211/4117 690/4212/4118 2441/4213/4119
f 2441/4213/4119 690/4212/4118 689/4214/4120
f 2441/4213/4119 689/4214/4120 2440/4215/4121
f 2440/4215/4121 689/4214/4120 688/4216/4122
f 2440/4215/4121 688/4216/4122 2439/4217/4123
f 2439/4217/4123 688/4216/4122 687/4218/4124
f 2439/4217/4123 687/4218/4124 2438/4219/4125
f 2438/4219/4125 687/4218/4124 686/4220/4126
f 2438/4219/4125 686/4220/4126 2437/4221/4127
f 2437/4221/4127 686/4220/4126 685/4222/4128
f 2437/4221/4127 685/4222/4128 2436/4223/4129
f 2436/4223/4129 685/4222/4128 684/4224/4130
f 2436/4223/4129 684/4224/4130 2435/4225/4131
f 2435/4225/4131 684/4224/4130 683/4226/4132
f 2435/4225/4131 683/4226/4132 2434/4227/4133
f 2434/4227/4133 683/4226/4132 682/4228/4134
f 2434/4227/4133 682/4228/4134 2433/4229/4135
f 2433/4229/4135 682/4228/4134 681/4230/4136
f 2433/4229/4135 681/4230/4136 2432/4231/4137
f 2432/4231/4137 681/4230/4136 680/4232/4138
f 2432/4231/4137 680/4232/4138 2431/4233/4139
f 2431/4233/4139 680/4232/4138 679/4234/4140
f 2431/4233/4139 679/4234/4140 2430/4167/4075
f 2430/4167/4075 679/4234/4140 678/4168/4076
f 2463/4235/4141 711/4236/4142 2462/4237/4143
f 2462/4237/4143 711/4236/4142 710/4238/4144
f 2462/4239/4143 710/4240/4144 2494/4241/4145
f 2494/4241/4145 710/4240/4144 742/4242/4146
f 2494/4241/4145 742/4242/4146 2493/4243/4147
f 2493/4243/4147 742/4242/4146 741/4244/4148
f 2493/4243/4147 741/4244/4148 2492/4245/4149
f 2492/4245/4149 741/4244/4148 740/4246/4150
f 2492/4245/4149 740/4246/4150 2491/4247/4151
f 2491/4247/4151 740/4246/4150 739/4248/4152
f 2491/4247/4151 739/4248/4152 2490/4249/4153
f 2490/4249/4153 739/4248/4152 738/4250/4154
f 2490/4249/4153 738/4250/4154 2489/4251/4155
f 2489/4251/4155 738/4250/4154 737/4252/4156
f 2489/4251/4155 737/4252/4156 2488/4253/4157
f 2488/4253/4157 737/4252/4156 736/4254/4158
f 2488/4253/4157 736/4254/4158 2487/4255/4159
f 2487/4255/4159 736/4254/4158 735/4256/4160
f 2487/4255/4159 735/4256/4160 2486/4257/4161
f 2486/4257/4161 735/4256/4160 734/4258/4162
f 2486/4257/4161 734/4258/4162 2485/4259/4163
f 2485/4259/4163 734/4258/4162 733/4260/4164
f 2485/4259/4163 733/4260/4164 2484/4261/4165
f 2484/4261/4165 733/4260/4164 732/4262/4166
f 2484/4261/4165 732/4262/4166 2483/4263/4167
f 2483/4263/4167 732/4262/4166 731/4264/4168
f 2483/4263/4167 731/4264/4168 2482/4265/4169
f 2482/4265/4169 731/4264/4168 730/4266/4170
f 2482/4265/4169 730/4266/4170 2481/4267/4171
f 2481/4267/4171 730/4266/4170 729/4268/4172
f 2481/4267/4171 729/4268/4172 2480/4269/4173
f 2480/4269/4173 729/4268/4172 728/4270/4174
f 2480/4269/4173 728/4270/4174 2479/4271/4175
f 2479/4271/4175 728/4270/4174 727/4272/4176
f 2479/4271/4175 727/4272/4176 2478/4273/4177
f 2478/4273/4177 727/4272/4176 726/4274/4178
f 2478/4273/4177 726/4274/4178 2477/4275/4179
f 2477/4275/4179 726/4274/4178 725/4276/4180
f 2477/4275/4179 725/4276/4180 2476/4277/4181
f 2476/4277/4181 725/4276/4180 724/4278/4182
f 2476/4277/4181 724/4278/4182 2475/4279/4183
f 2475/4279/4183 724/4278/4182 723/4280/4184
f 2475/4279/4183 723/4280/4184 2474/4281/4185
f 2474/4281/4185 723/4280/4184 722/4282/4186
f 2474/4281/4185 722/4282/4186 2473/4283/4187
f 2473/4283/4187 722/4282/4186 721/4284/4188
f 2473/4283/4187 721/4284/4188 2472/4285/4189
f 2472/4285/4189 721/4284/4188 720/4286/4190
f 2472/4285/4189 720/4286/4190 2471/4287/4191
f 2471/4287/4191 720/4286/4190 719/4288/4192
f 2471/4287/4191 719/4288/4192 2470/4289/4193
f 2470/4289/4193 719/4288/4192 718/4290/4194
f 2470/4289/4193 718/4290/4194 2469/4291/4195
f 2469/4291/4195 718/4290/4194 717/4292/4196
f 2469/4291/4195 717/4292/4196 2468/4293/4197
f 2468/4293/4197 717/4292/4196 716/4294/4198
f 2468/4293/4197 716/4294/4198 2467/4295/4199
f 2467/4295/4199 716/4294/4198 715/4296/4200
f 2467/4295/4199 715/4296/4200 2466/4297/4201
f 2466/4297/4201 715/4296/4200 714/4298/4202
f 2466/4297/4201 714/4298/4202 2465/4299/4203
f 2465/4299/4203 714/4298/4202 713/4300/4204
f 2465/4299/4203 713/4300/4204 2464/4301/4205
f 2464/4301/4205 713/4300/4204 712/4302/4206
f 2464/4301/4205 712/4302/4206 2463/4235/4141
f 2463/4235/4141 712/4302/4206 711/4236/4142
f 2496/4303/4207 744/4304/4208 2495/4305/4209
f 2495/4305/4209 744/4304/4208 743/4306/4210
f 2495/4307/4209 743/4308/4210 2527/4309/4211
f 2527/4309/4211 743/4308/4210 775/4310/4212
f 2527/4309/4211 775/4310/4212 2526/4311/4213
f 2526/4311/4213 775/4310/4212 774/4312/4214
f 2526/4311/4213 774/4312/4214 2525/4313/4215
f 2525/4313/4215 774/4312/4214 773/4314/4216
f 2525/4313/4215 773/4314/4216 2524/4315/4217
f 2524/4315/4217 773/4314/4216 772/4316/4218
f 2524/4315/4217 772/4316/4218 2523/4317/4219
f 2523/4317/4219 772/4316/4218 771/4318/4220
f 2523/4317/4219 771/4318/4220 2522/4319/4221
f 2522/4319/4221 771/4318/4220 770/4320/4222
f 2522/4319/4221 770/4320/4222 2521/4321/4223
f 2521/4321/4223 770/4320/4222 769/4322/4224
f 2521/4321/4223 769/4322/4224 2520/4323/4225
f 2520/4323/4225 769/4322/4224 768/4324/4226
f 2520/4323/4225 768/4324/4226 2519/4325/4227
f 2519/4325/4227 768/4324/4226 767/4326/4228
f 2519/4325/4227 767/4326/4228 2518/4327/4229
f 2518/4327/4229 767/4326/4228 766/4328/4230
f 2518/4327/4229 766/4328/4230 2517/4329/4231
f 2517/4329/4231 766/4328/4230 765/4330/4232
f 2517/4329/4231 765/4330/4232 2516/4331/4233
f 2516/4331/4233 765/4330/4232 764/4332/4234
f 2516/4331/4233 764/4332/4234 2515/4333/4235
f 2515/4333/4235 764/4332/4234 763/4334/4236
f 2515/4333/4235 763/4334/4236 2514/4335/4237
f 2514/4335/4237 763/4334/4236 762/4336/4238
f 2514/4335/4237 762/4336/4238 2513/4337/4239
f 2513/4337/4239 762/4336/4238 761/4338/4240
f 2513/4337/4239 761/4338/4240 2512/4339/4241
f 2512/4339/4241 761/4338/4240 760/4340/4242
f 2512/4339/4241 760/4340/4242 2511/4341/4243
f 2511/4341/4243 760/4340/4242 759/4342/4244
f 2511/4341/4243 759/4342/4244 2510/4343/4245
f 2510/4343/4245 759/4342/4244 758/4344/4246
f 2510/4343/4245 758/4344/4246 2509/4345/4247
f 2509/4345/4247 758/4344/4246 757/4346/4248
f 2509/4345/4247 757/4346/4248 2508/4347/4249
f 2508/4347/4249 757/4346/4248 756/4348/4250
f 2508/4347/4249 756/4348/4250 2507/4349/4251
f 2507/4349/4251 756/4348/4250 755/4350/4252
f 2507/4349/4251 755/4350/4252 2506/4351/4253
f 2506/4351/4253 755/4350/4252 754/4352/4254
f 2506/4351/4253 754/4352/4254 2505/4353/4255
f 2505/4353/4255 754/4352/4254 753/4354/4256
f 2505/4353/4255 753/4354/4256 2504/4355/4257
f 2504/4355/4257 753/4354/4256 752/4356/4258
f 2504/4355/4257 752/4356/4258 2503/4357/4259
f 2503/4357/4259 752/4356/4258 751/4358/4260
f 2503/4357/4259 751/4358/4260 2502/4359/4261
f 2502/4359/4261 751/4358/4260 750/4360/4262
f 2502/4359/4261 750/4360/4262 2501/4361/4263
f 2501/4361/4263 750/4360/4262 749/4362/4264
f 2501/4361/4263 749/4362/4264 2500/4363/4265
f 2500/4363/4265 749/4362/4264 748/4364/4266
f 2500/4363/4265 748/4364/4266 2499/4365/4267
f 2499/4365/4267 748/4364/4266 747/4366/4268
f 2499/4365/4267 747/4366/4268 2498/4367/4269
f 2498/4367/4269 747/4366/4268 746/4368/4270
f 2498/4367/4269 746/4368/4270 2497/4369/4271
f 2497/4369/4271 746/4368/4270 745/4370/4272
f 2497/4369/4271 745/4370/4272 2496/4303/4207
f 2496/4303/4207 745/4370/4272 744/4304/4208
f 2529/4371/4273 777/4372/4274 2528/4373/4275
f 2528/4373/4275 777/4372/4274 776/4374/4276
f 2528/4375/4275 776/4376/4276 2560/4377/4277
f 2560/4377/4277 776/4376/4276 808/4378/4278
f 2560/4377/4277 808/4378/4278 2559/4379/4279
f 2559/4379/4279 808/4378/4278 807/4380/4280
f 2559/4379/4279 807/4380/4280 2558/4381/4281
f 2558/4381/4281 807/4380/4280 806/4382/4282
f 2558/4381/4281 806/4382/4282 2557/4383/4283
f 2557/4383/4283 806/4382/4282 805/4384/4284
f 2557/4383/4283 805/4384/4284 2556/4385/4285
f 2556/4385/4285 805/4384/4284 804/4386/4286
f 2556/4385/4285 804/4386/4286 2555/4387/4287
f 2555/4387/4287 804/4386/4286 803/4388/4288
f 2555/4387/4287 803/4388/4288 2554/4389/4289
f 2554/4389/4289 803/4388/4288 802/4390/4290
f 2554/4389/4289 802/4390/4290 2553/4391/4291
f 2553/4391/4291 802/4390/4290 801/4392/4292
f 2553/4391/4291 801/4392/4292 2552/4393/4293
f 2552/4393/4293 801/4392/4292 800/4394/4294
f 2552/4393/4293 800/4394/4294 2551/4395/4295
f 2551/4395/4295 800/4394/4294 799/4396/4296
f 2551/4395/4295 799/4396/4296 2550/4397/4297
f 2550/4397/4297 799/4396/4296 798/4398/4298
f 2550/4397/4297 798/4398/4298 2549/4399/4299
f 2549/4399/4299 798/4398/4298 797/4400/4300
f 2549/4399/4299 797/4400/4300 2548/4401/4301
f 2548/4401/4301 797/4400/4300 796/4402/4302
f 2548/4401/4301 796/4402/4302 2547/4403/4303
f 2547/4403/4303 796/4402/4302 795/4404/4304
f 2547/4403/4303 795/4404/4304 2546/4405/4305
f 2546/4405/4305 795/4404/4304 794/4406/4306
f 2546/4405/4305 794/4406/4306 2545/4407/4307
f 2545/4407/4307 794/4406/4306 793/4408/4308
f 2545/4407/4307 793/4408/4308 2544/4409/4309
f 2544/4409/4309 793/4408/4308 792/4410/4310
f 2544/4409/4309 792/4410/4310 2543/4411/4311
f 2543/4411/4311 792/4410/4310 791/4412/4312
f 2543/4411/4311 791/4412/4312 2542/4413/4313
f 2542/4413/4313 791/4412/4312 790/4414/4314
f 2542/4413/4313 790/4414/4314 2541/4415/4315
f 2541/4415/4315 790/4414/4314 789/4416/4316
f 2541/4415/4315 789/4416/4316 2540/4417/4317
f 2540/4417/4317 789/4416/4316 788/4418/4318
f 2540/4417/4317 788/4418/4318 2539/4419/4319
f 2539/4419/4319 788/4418/4318 787/4420/4320
f 2539/4419/4319 787/4420/4320 2538/4421/4321
f 2538/4421/4321 787/4420/4320 786/4422/4322
f 2538/4421/4321 786/4422/4322 2537/4423/4323
f 2537/4423/4323 786/4422/4322 785/4424/4324
f 2537/4423/4323 785/4424/4324 2536/4425/4325
f 2536/4425/4325 785/4424/4324 784/4426/4326
f 2536/4425/4325 784/4426/4326 2535/4427/4327
f 2535/4427/4327 784/4426/4326 783/4428/4328
f 2535/4427/4327 783/4428/4328 2534/4429/4329
f 2534/4429/4329 783/4428/4328 782/4430/4330
f 2534/4429/4329 782/4430/4330 2533/4431/4331
f 2533/4431/4331 782/4430/4330 781/4432/4332
f 2533/4431/4331 781/4432/4332 2532/4433/4333
f 2532/4433/4333 781/4432/4332 780/4434/4334
f 2532/4433/4333 780/4434/4334 2531/4435/4335
f 2531/4435/4335 780/4434/4334 779/4436/4336
f 2531/4435/4335 779/4436/4336 2530/4437/4337
f 2530/4437/4337 779/4436/4336 778/4438/4338
f 2530/4437/4337 778/4438/4338 2529/4371/4273
f 2529/4371/4273 778/4438/4338 777/4372/4274
f 2562/4439/4339 810/4440/4340 2561/4441/4341
f 2561/4441/4341 810/4440/4340 809/4442/4342
f 2561/4443/4341 809/4444/4342 2593/4445/4343
f 2593/4445/4343 809/4444/4342 841/4446/4344
f 2593/4445/4343 841/4446/4344 2592/4447/4345
f 2592/4447/4345 841/4446/4344 840/4448/4346
f 2592/4447/4345 840/4448/4346 2591/4449/4347
f 2591/4449/4347 840/4448/4346 839/4450/4348
f 2591/4449/4347 839/4450/4348 2590/4451/4349
f 2590/4451/4349 839/4450/4348 838/4452/4350
f 2590/4451/4349 838/4452/4350 2589/4453/4351
f 2589/4453/4351 838/4452/4350 837/4454/4352
f 2589/4453/4351 837/4454/4352 2588/4455/4353
f 2588/4455/4353 837/4454/4352 836/4456/4354
f 2588/4455/4353 836/4456/4354 2587/4457/4355
f 2587/4457/4355 836/4456/4354 835/4458/4356
f 2587/4457/4355 835/4458/4356 2586/4459/4357
f 2586/4459/4357 835/4458/4356 834/4460/4358
f 2586/4459/4357 834/4460/4358 2585/4461/4359
f 2585/4461/4359 834/4460/4358 833/4462/4360
f 2585/4461/4359 833/4462/4360 2584/4463/4361
f 2584/4463/4361 833/4462/4360 832/4464/4362
f 2584/4463/4361 832/4464/4362 2583/4465/4363
f 2583/4465/4363 832/4464/4362 831/4466/4364
f 2583/4465/4363 831/4466/4364 2582/4467/4365
f 2582/4467/4365 831/4466/4364 830/4468/4366
f 2582/4467/4365 830/4468/4366 2581/4469/4367
f 2581/4469/4367 830/4468/4366 829/4470/4368
f 2581/4469/4367 829/4470/4368 2580/4471/4369
f 2580/4471/4369 829/4470/4368 828/4472/4370
f 2580/4471/4369 828/4472/4370 2579/4473/4371
f 2579/4473/4371 828/4472/4370 827/4474/4372
f 2579/4473/4371 827/4474/4372 2578/4475/4373
f 2578/4475/4373 827/4474/4372 826/4476/4374
f 2578/4475/4373 826/4476/4374 2577/4477/4375
f 2577/4477/4375 826/4476/4374 825/4478/4376
f 2577/4477/4375 825/4478/4376 2576/4479/4377
f 2576/4479/4377 825/4478/4376 824/4480/4378
f 2576/4479/4377 824/4480/4378 2575/4481/4379
f 2575/4481/4379 824/4480/4378 823/4482/4380
f 2575/4481/4379 823/4482/4380 2574/4483/4381
f 2574/4483/4381 823/4482/4380 822/4484/4382
f 2574/4483/4381 822/4484/4382 2573/4485/4383
f 2573/4485/4383 822/4484/4382 821/4486/4384
f 2573/4485/4383 821/4486/4384 2572/4487/4385
f 2572/4487/4385 821/4486/4384 820/4488/4386
f 2572/4487/4385 820/4488/4386 2571/4489/4387
f 2571/4489/4387 820/4488/4386 819/4490/4388
f 2571/4489/4387 819/4490/4388 2570/4491/4389
f 2570/4491/4389 819/4490/4388 818/4492/4390
f 2570/4491/4389 818/4492/4390 2569/4493/4391
f 2569/4493/4391 818/4492/4390 817/4494/4392
f 2569/4493/4391 817/4494/4392 2568/4495/4393
f 2568/4495/4393 817/4494/4392 816/4496/4394
f 2568/4495/4393 816/4496/4394 2567/4497/4395
f 2567/4497/4395 816/4496/4394 815/4498/4396
f 2567/4497/4395 815/4498/4396 2566/4499/4397
f 2566/4499/4397 815/4498/4396 814/4500/4398
f 2566/4499/4397 814/4500/4398 2565/4501/4399
f 2565/4501/4399 814/4500/4398 813/4502/4400
f 2565/4501/4399 813/4502/4400 2564/4503/4401
f 2564/4503/4401 813/4502/4400 812/4504/4402
f 2564/4503/4401 812/4504/4402 2563/4505/4403
f 2563/4505/4403 812/4504/4402 811/4506/4404
f 2563/4505/4403 811/4506/4404 2562/4439/4339
f 2562/4439/4339 811/4506/4404 810/4440/4340
f 2595/4507/4405 843/4508/4406 2594/4509/4407
f 2594/4509/4407 843/4508/4406 842/4510/4408
f 2594/4511/4407 842/4512/4408 2626/4513/4409
f 2626/4513/4409 842/4512/4408 874/4514/4410
f 2626/4513/4409 874/4514/4410 2625/4515/4411
f 2625/4515/4411 874/4514/4410 873/4516/4412
f 2625/4515/4411 873/4516/4412 2624/4517/4413
f 2624/4517/4413 873/4516/4412 872/4518/4414
f 2624/4517/4413 872/4518/4414 2623/4519/4415
f 2623/4519/4415 872/4518/4414 871/4520/4416
f 2623/4519/4415 871/4520/4416 2622/4521/4417
f 2622/4521/4417 871/4520/4416 870/4522/4418
f 2622/4521/4417 870/4522/4418 2621/4523/4419
f 2621/4523/4419 870/4522/4418 869/4524/4420
f 2621/4523/4419 869/4524/4420 2620/4525/4421
f 2620/4525/4421 869/4524/4420 868/4526/4422
f 2620/4525/4421 868/4526/4422 2619/4527/4423
f 2619/4527/4423 868/4526/4422 867/4528/4424
f 2619/4527/4423 867/4528/4424 2618/4529/4425
f 2618/4529/4425 867/4528/4424 866/4530/4426
f 2618/4529/4425 866/4530/4426 2617/4531/4427
f 2617/4531/4427 866/4530/4426 865/4532/4428
f 2617/4531/4427 865/4532/4428 2616/4533/4429
f 2616/4533/4429 865/4532/4428 864/4534/4430
f 2616/4533/4429 864/4534/4430 2615/4535/4431
f 2615/4535/4431 864/4534/4430 863/4536/4432
f 2615/4535/4431 863/4536/4432 2614/4537/4433
f 2614/4537/4433 863/4536/4432 862/4538/4434
f 2614/4537/4433 862/4538/4434 2613/4539/4435
f 2613/4539/4435 862/4538/4434 861/4540/4436
f 2613/4539/4435 861/4540/4436 2612/4541/4437
f 2612/4541/4437 861/4540/4436 860/4542/4438
f 2612/4541/4437 860/4542/4438 2611/4543/4439
f 2611/4543/4439 860/4542/4438 859/4544/4440
f 2611/4543/4439 859/4544/4440 2610/4545/4441
f 2610/4545/4441 859/4544/4440 858/4546/4442
f 2610/4545/4441 858/4546/4442 2609/4547/4443
f 2609/4547/4443 858/4546/4442 857/4548/4444
f 2609/4547/4443 857/4548/4444 2608/4549/4445
f 2608/4549/4445 857/4548/4444 856/4550/4446
f 2608/4549/4445 856/4550/4446 2607/4551/4447
f 2607/4551/4447 856/4550/4446 855/4552/4448
f 2607/4551/4447 855/4552/4448 2606/4553/4449
f 2606/4553/4449 855/4552/4448 854/4554/4450
f 2606/4553/4449 854/4554/4450 2605/4555/4451
f 2605/4555/4451 854/4554/4450 853/4556/4452
f 2605/4555/4451 853/4556/4452 2604/4557/4453
f 2604/4557/4453 853/4556/4452 852/4558/4454
f 2604/4557/4453 852/4558/4454 2603/4559/4455
f 2603/4559/4455 852/4558/4454 851/4560/4456
f 2603/4559/4455 851/4560/4456 2602/4561/4457
f 2602/4561/4457 851/4560/4456 850/4562/4458
f 2602/4561/4457 850/4562/4458 2601/4563/4459
f 2601/4563/4459 850/4562/4458 849/4564/4460
f 2601/4563/4459 849/4564/4460 2600/4565/4461
f 2600/4565/4461 849/4564/4460 848/4566/4462
f 2600/4565/4461 848/4566/4462 2599/4567/4463
f 2599/4567/4463 848/4566/4462 847/4568/4464
f 2599/4567/4463 847/4568/4464 2598/4569/4465
f 2598/4569/4465 847/4568/4464 846/4570/4466
f 2598/4569/4465 846/4570/4466 2597/4571/4467
f 2597/4571/4467 846/4570/4466 845/4572/4468
f 2597/4571/4467 845/4572/4468 2596/4573/4469
f 2596/4573/4469 845/4572/4468 844/4574/4470
f 2596/4573/4469 844/4574/4470 2595/4507/4405
f 2595/4507/4405 844/4574/4470 843/4508/4406
f 2628/4575/4471 876/4576/4472 2627/4577/4473
f 2627/4577/4473 876/4576/4472 875/4578/4474
f 2627/4579/4473 875/4580/4474 2659/4581/4475
f 2659/4581/4475 875/4580/4474 907/4582/4476
f 2659/4581/4475 907/4582/4476 2658/4583/4477
f 2658/4583/4477 907/4582/4476 906/4584/4478
f 2658/4583/4477 906/4584/4478 2657/4585/4479
f 2657/4585/4479 906/4584/4478 905/4586/4480
f 2657/4585/4479 905/4586/4480 2656/4587/4481
f 2656/4587/4481 905/4586/4480 904/4588/4482
f 2656/4587/4481 904/4588/4482 2655/4589/4483
f 2655/4589/4483 904/4588/4482 903/4590/4484
f 2655/4589/4483 903/4590/4484 2654/4591/4485
f 2654/4591/4485 903/4590/4484 902/4592/4486
f 2654/4591/4485 902/4592/4486 2653/4593/4487
f 2653/4593/4487 902/4592/4486 901/4594/4488
f 2653/4593/4487 901/4594/4488 2652/4595/4489
f 2652/4595/4489 901/4594/4488 900/4596/4490
f 2652/4595/4489 900/4596/4490 2651/4597/4491
f 2651/4597/4491 900/4596/4490 899/4598/4492
f 2651/4597/4491 899/4598/4492 2650/4599/4493
f 2650/4599/4493 899/4598/4492 898/4600/4494
f 2650/4599/4493 898/4600/4494 2649/4601/4495
f 2649/4601/4495 898/4600/4494 897/4602/4496
f 2649/4601/4495 897/4602/4496 2648/4603/4497
f 2648/4603/4497 897/4602/4496 896/4604/4498
f 2648/4603/4497 896/4604/4498 2647/4605/4499
f 2647/4605/4499 896/4604/4498 895/4606/4500
f 2647/4605/4499 895/4606/4500 2646/4607/4501
f 2646/4607/4501 895/4606/4500 894/4608/4502
f 2646/4607/4501 894/4608/4502 2645/4609/4503
f 2645/4609/4503 894/4608/4502 893/4610/4504
f 2645/4609/4503 893/4610/4504 2644/4611/4505
f 2644/4611/4505 893/4610/4504 892/4612/4506
f 2644/4611/4505 892/4612/4506 2643/4613/4507
f 2643/4613/4507 892/4612/4506 891/4614/4508
f 2643/4613/4507 891/4614/4508 2642/4615/4509
f 2642/4615/4509 891/4614/4508 890/4616/4510
f 2642/4615/4509 890/4616/4510 2641/4617/4511
f 2641/4617/4511 890/4616/4510 889/4618/4512
f 2641/4617/4511 889/4618/4512 2640/4619/4513
f 2640/4619/4513 889/4618/4512 888/4620/4514
f 2640/4619/4513 888/4620/4514 2639/4621/4515
f 2639/4621/4515 888/4620/4514 887/4622/4516
f 2639/4621/4515 887/4622/4516 2638/4623/4517
f 2638/4623/4517 887/4622/4516 886/4624/4518
f 2638/4623/4517 886/4624/4518 2637/4625/4519
f 2637/4625/4519 886/4624/4518 885/4626/4520
f 2637/4625/4519 885/4626/4520 2636/4627/4521
f 2636/4627/4521 885/4626/4520 884/4628/4522
f 2636/4627/4521 884/4628/4522 2635/4629/4523
f 2635/4629/4523 884/4628/4522 883/4630/4524
f 2635/4629/4523 883/4630/4524 2634/4631/4525
f 2634/4631/4525 883/4630/4524 882/4632/4526
f 2634/4631/4525 882/4632/4526 2633/4633/4527
f 2633/4633/4527 882/4632/4526 881/4634/4528
f 2633/4633/4527 881/4634/4528 2632/4635/4529
f 2632/4635/4529 881/4634/4528 880/4636/4530
f 2632/4635/4529 880/4636/4530 2631/4637/4531
f 2631/4637/4531 880/4636/4530 879/4638/4532
f 2631/4637/4531 879/4638/4532 2630/4639/4533
f 2630/4639/4533 879/4638/4532 878/4640/4534
f 2630/4639/4533 878/4640/4534 2629/4641/4535
f 2629/4641/4535 878/4640/4534 877/4642/4536
f 2629/4641/4535 877/4642/4536 2628/4575/4471
f 2628/4575/4471 877/4642/4536 876/4576/4472
f 2661/4643/4537 909/4644/4538 2660/4645/4539
f 2660/4645/4539 909/4644/4538 908/4646/4540
f 2660/4647/4539 908/4648/4540 2692/4649/4541
f 2692/4649/4541 908/4648/4540 940/4650/4542
f 2692/4649/4541 940/4650/4542 2691/4651/4543
f 2691/4651/4543 940/4650/4542 939/4652/4544
f 2691/4651/4543 939/4652/4544 2690/4653/4545
f 2690/4653/4545 939/4652/4544 938/4654/4546
f 2690/4653/4545 938/4654/4546 2689/4655/4547
f 2689/4655/4547 938/4654/4546 937/4656/4548
f 2689/4655/4547 937/4656/4548 2688/4657/4549
f 2688/4657/4549 937/4656/4548 936/4658/4550
f 2688/4657/4549 936/4658/4550 2687/4659/4551
f 2687/4659/4551 936/4658/4550 935/4660/4552
f 2687/4659/4551 935/4660/4552 2686/4661/4553
f 2686/4661/4553 935/4660/4552 934/4662/4554
f 2686/4661/4553 934/4662/4554 2685/4663/4555
f 2685/4663/4555 934/4662/4554 933/4664/4556
f 2685/4663/4555 933/4664/4556 2684/4665/4557
f 2684/4665/4557 933/4664/4556 932/4666/4558
f 2684/4665/4557 932/4666/4558 2683/4667/4559
f 2683/4667/4559 932/4666/4558 931/4668/4560
f 2683/4667/4559 931/4668/4560 2682/4669/4561
f 2682/4669/4561 931/4668/4560 930/4670/4562
f 2682/4669/4561 930/4670/4562 2681/4671/4563
f 2681/4671/4563 930/4670/4562 929/4672/4564
f 2681/4671/4563 929/4672/4564 2680/4673/4565
f 2680/4673/4565 929/4672/4564 928/4674/4566
f 2680/4673/4565 928/4674/4566 2679/4675/4567
f 2679/4675/4567 928/4674/4566 927/4676/4568
f 2679/4675/4567 927/4676/4568 2678/4677/4569
f 2678/4677/4569 927/4676/4568 926/4678/4570
f 2678/4677/4569 926/4678/4570 2677/4679/4571
f 2677/4679/4571 926/4678/4570 925/4680/4572
f 2677/4679/4571 925/4680/4572 2676/4681/4573
f 2676/4681/4573 925/4680/4572 924/4682/4574
f 2676/4681/4573 924/4682/4574 2675/4683/4575
f 2675/4683/4575 924/4682/4574 923/4684/4576
f 2675/4683/4575 923/4684/4576 2674/4685/4577
f 2674/4685/4577 923/4684/4576 922/4686/4578
f 2674/4685/4577 922/4686/4578 2673/4687/4579
f 2673/4687/4579 922/4686/4578 921/4688/4580
f 2673/4687/4579 921/4688/4580 2672/4689/4581
f 2672/4689/4581 921/4688/4580 920/4690/4582
f 2672/4689/4581 920/4690/4582 2671/4691/4583
f 2671/4691/4583 920/4690/4582 919/4692/4584
f 2671/4691/4583 919/4692/4584 2670/4693/4585
f 2670/4693/4585 919/4692/4584 918/4694/4586
f 2670/4693/4585 918/4694/4586 2669/4695/4587
f 2669/4695/4587 918/4694/4586 917/4696/4588
f 2669/4695/4587 917/4696/4588 2668/4697/4589
f 2668/4697/4589 917/4696/4588 916/4698/4590
f 2668/4697/4589 916/4698/4590 2667/4699/4591
f 2667/4699/4591 916/4698/4590 915/4700/4592
f 2667/4699/4591 915/4700/4592 2666/4701/4593
f 2666/4701/4593 915/4700/4592 914/4702/4594
f 2666/4701/4593 914/4702/4594 2665/4703/4595
f 2665/4703/4595 914/4702/4594 913/4704/4596
f 2665/4703/4595 913/4704/4596 2664/4705/4597
f 2664/4705/4597 913/4704/4596 912/4706/4598
f 2664/4705/4597 912/4706/4598 2663/4707/4599
f 2663/4707/4599 912/4706/4598 911/4708/4600
f 2663/4707/4599 911/4708/4600 2662/4709/4601
f 2662/4709/4601 911/4708/4600 910/4710/4602
f 2662/4709/4601 910/4710/4602 2661/4643/4537
f 2661/4643/4537 910/4710/4602 909/4644/4538
f 2694/4711/4603 942/4712/4604 2693/4713/4605
f 2693/4713/4605 942/4712/4604 941/4714/4606
f 2693/4715/4605 941/4716/4606 2725/4717/4607
f 2725/4717/4607 941/4716/4606 973/4718/4608
f 2725/4717/4607 973/4718/4608 2724/4719/4609
f 2724/4719/4609 973/4718/4608 972/4720/4610
f 2724/4719/4609 972/4720/4610 2723/4721/4611
f 2723/4721/4611 972/4720/4610 971/4722/4612
f 2723/4721/4611 971/4722/4612 2722/4723/4613
f 2722/4723/4613 971/4722/4612 970/4724/4614
f 2722/4723/4613 970/4724/4614 2721/4725/4615
f 2721/4725/4615 970/4724/4614 969/4726/4616
f 2721/4725/4615 969/4726/4616 2720/4727/4617
f 2720/4727/4617 969/4726/4616 968/4728/4618
f 2720/4727/4617 968/4728/4618 2719/4729/4619
f 2719/4729/4619 968/4728/4618 967/4730/4620
f 2719/4729/4619 967/4730/4620 2718/4731/4621
f 2718/4731/4621 967/4730/4620 966/4732/4622
f 2718/4731/4621 966/4732/4622 2717/4733/4623
f 2717/4733/4623 966/4732/4622 965/4734/4624
f 2717/4733/4623 965/4734/4624 2716/4735/4625
f 2716/4735/4625 965/4734/4624 964/4736/4626
f 2716/4735/4625 964/4736/4626 2715/4737/4627
f 2715/4737/4627 964/4736/4626 963/4738/4628
f 2715/4737/4627 963/4738/4628 2714/4739/4629
f 2714/4739/4629 963/4738/4628 962/4740/4630
f 2714/4739/4629 962/4740/4630 2713/4741/4631
f 2713/4741/4631 962/4740/4630 961/4742/4632
f 2713/4741/4631 961/4742/4632 2712/4743/4633
f 2712/4743/4633 961/4742/4632 960/4744/4634
f 2712/4743/4633 960/4744/4634 2711/4745/4635
f 2711/4745/4635 960/4744/4634 959/4746/4636
f 2711/4745/4635 959/4746/4636 2710/4747/4637
f 2710/4747/4637 959/4746/4636 958/4748/4638
f 2710/4747/4637 958/4748/4638 2709/4749/4639
f 2709/4749/4639 958/4748/4638 957/4750/4640
f 2709/4749/4639 957/4750/4640 2708/4751/4641
f 2708/4751/4641 957/4750/4640 956/4752/4642
f 2708/4751/4641 956/4752/4642 2707/4753/4643
f 2707/4753/4643 956/4752/4642 955/4754/4644
f 2707/4753/4643 955/4754/4644 2706/4755/4645
f 2706/4755/4645 955/4754/4644 954/4756/4646
f 2706/4755/4645 954/4756/4646 2705/4757/4647
f 2705/4757/4647 954/4756/4646 953/4758/4648
f 2705/4757/4647 953/4758/4648 2704/4759/4649
f 2704/4759/4649 953/4758/4648 952/4760/4650
f 2704/4759/4649 952/4760/4650 2703/4761/4651
f 2703/4761/4651 952/4760/4650 951/4762/4652
f 2703/4761/4651 951/4762/4652 2702/4763/4653
f 2702/4763/4653 951/4762/4652 950/4764/4654
f 2702/4763/4653 950/4764/4654 2701/4765/4655
f 2701/4765/4655 950/4764/4654 949/4766/4656
f 2701/4765/4655 949/4766/4656 2700/4767/4657
f 2700/4767/4657 949/4766/4656 948/4768/4658
f 2700/4767/4657 948/4768/4658 2699/4769/4659
f 2699/4769/4659 948/4768/4658 947/4770/4660
f 2699/4769/4659 947/4770/4660 2698/4771/4661
f 2698/4771/4661 947/4770/4660 946/4772/4662
f 2698/4771/4661 946/4772/4662 2697/4773/4663
f 2697/4773/4663 946/4772/4662 945/4774/4664
f 2697/4773/4663 945/4774/4664 2696/4775/4665
f 2696/4775/4665 945/4774/4664 944/4776/4666
f 2696/4775/4665 944/4776/4666 2695/4777/4667
f 2695/4777/4667 944/4776/4666 943/4778/4668
f 2695/4777/4667 943/4778/4668 2694/4711/4603
f 2694/4711/4603 943/4778/4668 942/4712/4604
f 2727/4779/4669 975/4780/4670 2726/4781/4671
f 2726/4781/4671 975/4780/4670 974/4782/4672
f 2726/4783/4671 974/4784/4672 2758/4785/4673
f 2758/4785/4673 974/4784/4672 1006/4786/4674
f 2758/4785/4673 1006/4786/4674 2757/4787/4675
f 2757/4787/4675 1006/4786/4674 1005/4788/4676
f 2757/4787/4675 1005/4788/4676 2756/4789/4677
f 2756/4789/4677 1005/4788/4676 1004/4790/4678
f 2756/4789/4677 1004/4790/4678 2755/4791/4679
f 2755/4791/4679 1004/4790/4678 1003/4792/4680
f 2755/4791/4679 1003/4792/4680 2754/4793/4681
f 2754/4793/4681 1003/4792/4680 1002/4794/4682
f 2754/4793/4681 1002/4794/4682 2753/4795/4683
f 2753/4795/4683 1002/4794/4682 1001/4796/4684
f 2753/4795/4683 1001/4796/4684 2752/4797/4685
f 2752/4797/4685 1001/4796/4684 1000/4798/4686
f 2752/4797/4685 1000/4798/4686 2751/4799/4687
f 2751/4799/4687 1000/4798/4686 999/4800/4688
f 2751/4799/4687 999/4800/4688 2750/4801/4689
f 2750/4801/4689 999/4800/4688 998/4802/4690
f 2750/4801/4689 998/4802/4690 2749/4803/4691
f 2749/4803/4691 998/4802/4690 997/4804/4692
f 2749/4803/4691 997/4804/4692 2748/4805/4693
f 2748/4805/4693 997/4804/4692 996/4806/4694
f 2748/4805/4693 996/4806/4694 2747/4807/4695
f 2747/4807/4695 996/4806/4694 995/4808/4696
f 2747/4807/4695 995/4808/4696 2746/4809/4697
f 2746/4809/4697 995/4808/4696 994/4810/4698
f 2746/4809/4697 994/4810/4698 2745/4811/4699
f 2745/4811/4699 994/4810/4698 993/4812/4700
f 2745/4811/4699 993/4812/4700 2744/4813/4701
f 2744/4813/4701 993/4812/4700 992/4814/4702
f 2744/4813/4701 992/4814/4702 2743/4815/4703
f 2743/4815/4703 992/4814/4702 991/4816/4704
f 2743/4815/4703 991/4816/4704 2742/4817/4705
f 2742/4817/4705 991/4816/4704 990/4818/4706
f 2742/4817/4705 990/4818/4706 2741/4819/4707
f 2741/4819/4707 990/4818/4706 989/4820/4708
f 2741/4819/4707 989/4820/4708 2740/4821/4709
f 2740/4821/4709 989/4820/4708 988/4822/4710
f 2740/4821/4709 988/4822/4710 2739/4823/4711
f 2739/4823/4711 988/4822/4710 987/4824/4712
f 2739/4823/4711 987/4824/4712 2738/4825/4713
f 2738/4825/4713 987/4824/4712 986/4826/4714
f 2738/4825/4713 986/4826/4714 2737/4827/4715
f 2737/4827/4715 986/4826/4714 985/4828/4716
f 2737/4827/4715 985/4828/4716 2736/4829/4717
f 2736/4829/4717 985/4828/4716 984/4830/4718
f 2736/4829/4717 984/4830/4718 2735/4831/4719
f 2735/4831/4719 984/4830/4718 983/4832/4720
f 2735/4831/4719 983/4832/4720 2734/4833/4721
f 2734/4833/4721 983/4832/4720 982/4834/4722
f 2734/4833/4721 982/4834/4722 2733/4835/4723
f 2733/4835/4723 982/4834/4722 981/4836/4724
f 2733/4835/4723 981/4836/4724 2732/4837/4725
f 2732/4837/4725 981/4836/4724 980/4838/4726
f 2732/4837/4725 980/4838/4726 2731/4839/4727
f 2731/4839/4727 980/4838/4726 979/4840/4728
f 2731/4839/4727 979/4840/4728 2730/4841/4729
f 2730/4841/4729 979/4840/4728 978/4842/4730
f 2730/4841/4729 978/4842/4730 2729/4843/4731
f 2729/4843/4731 978/4842/4730 977/4844/4732
f 2729/4843/4731 977/4844/4732 2728/4845/4733
f 2728/4845/4733 977/4844/4732 976/4846/4734
f 2728/4845/4733 976/4846/4734 2727/4779/4669
f 2727/4779/4669 976/4846/4734 975/4780/4670
f 2759/4847/4735 12/4848/4736 18/4849/4737
f 18/4849/4737 12/4848/4736 11/4850/4738
f 9/4851/4739 13/4852/4740 4/4853/4741
f 4/4853/4741 13/4852/4740 2760/4854/4742
f 4/4853/4741 2760/4854/4742 17/4855/4743
f 17/4855/4743 1/4856/4744 4/4853/4741
f 2760/4857/4745 2759/4858/4746 17/4859/4747
f 17/4859/4747 2759/4858/4746 18/4860/4748
f 2758/4861/4749 2644/4862/4750 2726/4863/4751
f 2726/4863/4751 2644/4862/4750 2643/4864/4752
f 2726/4863/4751 2643/4864/4752 2727/4865/4753
f 2727/4865/4753 2643/4864/4752 2642/4866/4754
f 2727/4865/4753 2642/4866/4754 2728/4867/4755
f 2728/4867/4755 2642/4866/4754 2641/4868/4756
f 2728/4867/4755 2641/4868/4756 2729/4869/4757
f 2729/4869/4757 2641/4868/4756 2640/4870/4758
f 2729/4869/4757 2640/4870/4758 2730/4871/4759
f 2730/4871/4759 2640/4870/4758 2639/4872/4760
f 2730/4871/4759 2639/4872/4760 2731/4873/4761
f 2731/4873/4761 2639/4872/4760 2638/4874/4762
f 2731/4873/4761 2638/4874/4762 2732/4875/4763
f 2732/4875/4763 2638/4874/4762 2637/4876/4764
f 2732/4875/4763 2637/4876/4764 2733/4877/4765
f 2733/4877/4765 2637/4876/4764 2636/4878/4766
f 2733/4877/4765 2636/4878/4766 2734/4879/4767
f 2734/4879/4767 2636/4878/4766 2759/4880/4768
f 2734/4879/4767 2759/4880/4768 2735/4881/4769
f 2735/4881/4769 2759/4880/4768 2404/4882/4770
f 2735/4881/4769 2404/4882/4770 2403/4883/4771
f 2644/4862/4750 2758/4861/4749 2645/4884/4772
f 2645/4884/4772 2758/4861/4749 2757/4885/4773
f 2645/4884/4772 2757/4885/4773 2646/4886/4774
f 2646/4886/4774 2757/4885/4773 2756/4887/4775
f 2646/4886/4774 2756/4887/4775 2647/4888/4776
f 2647/4888/4776 2756/4887/4775 2755/4889/4777
f 2647/4888/4776 2755/4889/4777 2648/4890/4778
f 2648/4890/4778 2755/4889/4777 2754/4891/4779
f 2648/4890/4778 2754/4891/4779 2078/4892/4780
f 2078/4892/4780 2754/4891/4779 2368/4893/4781
f 2078/4892/4780 2368/4893/4781 2367/4894/4782
f 2754/4891/4779 2753/4895/4783 2368/4893/4781
f 2368/4893/4781 2753/4895/4783 2369/4896/4784
f 2369/4896/4784 2753/4895/4783 2752/4897/4785
f 2369/4896/4784 2752/4897/4785 2370/4898/4786
f 2370/4898/4786 2752/4897/4785 2751/4899/4787
f 2370/4898/4786 2751/4899/4787 2371/4900/4788
f 2371/4900/4788 2751/4899/4787 2372/4901/4789
f 2372/4901/4789 2751/4899/4787 2750/4902/4790
f 2372/4901/4789 2750/4902/4790 2373/4903/4791
f 2373/4903/4791 2750/4902/4790 2749/4904/4792
f 2373/4903/4791 2749/4904/4792 2748/4905/4793
f 2747/4906/4794 2424/4907/4795 2748/4905/4793
f 2748/4905/4793 2424/4907/4795 2374/4908/4796
f 2748/4905/4793 2374/4908/4796 2373/4903/4791
f 2424/4907/4795 2747/4906/4794 2425/4909/4797
f 2425/4909/4797 2747/4906/4794 2746/4910/4798
f 2425/4909/4797 2746/4910/4798 2426/4911/4799
f 2426/4911/4799 2746/4910/4798 2745/4912/4800
f 2426/4911/4799 2745/4912/4800 2427/4913/4801
f 2427/4913/4801 2745/4912/4800 2744/4914/4802
f 2427/4913/4801 2744/4914/4802 2428/4915/4803
f 2428/4915/4803 2744/4914/4802 2743/4916/4804
f 2428/4915/4803 2743/4916/4804 2396/4917/4805
f 2396/4917/4805 2743/4916/4804 2742/4918/4806
f 2396/4917/4805 2742/4918/4806 2397/4919/4807
f 2397/4919/4807 2742/4918/4806 2741/4920/4808
f 2397/4919/4807 2741/4920/4808 2398/4921/4809
f 2398/4921/4809 2741/4920/4808 2740/4922/4810
f 2398/4921/4809 2740/4922/4810 2399/4923/4811
f 2399/4923/4811 2740/4922/4810 2739/4924/4812
f 2399/4923/4811 2739/4924/4812 2400/4925/4813
f 2400/4925/4813 2739/4924/4812 2738/4926/4814
f 2400/4925/4813 2738/4926/4814 2401/4927/4815
f 2401/4927/4815 2738/4926/4814 2737/4928/4816
f 2401/4927/4815 2737/4928/4816 2402/4929/4817
f 2402/4929/4817 2737/4928/4816 2736/4930/4818
f 2402/4929/4817 2736/4930/4818 2403/4883/4771
f 2403/4883/4771 2736/4930/4818 2735/4881/4769
f 2725/4931/4819 2050/4932/4820 2693/4933/4821
f 2693/4933/4821 2050/4932/4820 2049/4934/4822
f 2693/4933/4821 2049/4934/4822 2694/4935/4823
f 2694/4935/4823 2049/4934/4822 2048/4936/4824
f 2694/4935/4823 2048/4936/4824 2695/4937/4825
f 2695/4937/4825 2048/4936/4824 2047/4938/4826
f 2695/4937/4825 2047/4938/4826 2696/4939/4827
f 2696/4939/4827 2047/4938/4826 2046/4940/4828
f 2696/4939/4827 2046/4940/4828 2697/4941/4829
f 2697/4941/4829 2046/4940/4828 2045/4942/4830
f 2697/4941/4829 2045/4942/4830 2698/4943/4831
f 2698/4943/4831 2045/4942/4830 2044/4944/4832
f 2698/4943/4831 2044/4944/4832 2699/4945/4833
f 2699/4945/4833 2044/4944/4832 2043/4946/4834
f 2699/4945/4833 2043/4946/4834 2700/4947/4835
f 2700/4947/4835 2043/4946/4834 2042/4948/4836
f 2700/4947/4835 2042/4948/4836 2701/4949/4837
f 2701/4949/4837 2042/4948/4836 12/4950/4838
f 2701/4949/4837 12/4950/4838 1975/4951/4839
f 1975/4951/4839 12/4950/4838 2008/4952/4840
f 1975/4951/4839 2008/4952/4840 1976/4953/4841
f 1976/4953/4841 2008/4952/4840 2007/4954/4842
f 1976/4953/4841 2007/4954/4842 1977/4955/4843
f 1977/4955/4843 2007/4954/4842 2006/4956/4844
f 1977/4955/4843 2006/4956/4844 1978/4957/4845
f 1978/4957/4845 2006/4956/4844 2005/4958/4846
f 1978/4957/4845 2005/4958/4846 1979/4959/4847
f 1979/4959/4847 2005/4958/4846 2004/4960/4848
f 1979/4959/4847 2004/4960/4848 1980/4961/4849
f 1980/4961/4849 2004/4960/4848 2003/4962/4850
f 1980/4961/4849 2003/4962/4850 1981/4963/4851
f 1981/4963/4851 2003/4962/4850 2002/4964/4852
f 1981/4963/4851 2002/4964/4852 1982/4965/4853
f 1982/4965/4853 2002/4964/4852 2001/4966/4854
f 1982/4965/4853 2001/4966/4854 1983/4967/4855
f 1983/4967/4855 2001/4966/4854 2000/4968/4856
f 1983/4967/4855 2000/4968/4856 1984/4969/4857
f 1984/4969/4857 2000/4968/4856 2032/4970/4858
f 1984/4969/4857 2032/4970/4858 1985/4971/4859
f 1985/4971/4859 2032/4970/4858 2031/4972/4860
f 1985/4971/4859 2031/4972/4860 1986/4973/4861
f 1986/4973/4861 2031/4972/4860 2030/4974/4862
f 1986/4973/4861 2030/4974/4862 1987/4975/4863
f 1987/4975/4863 2030/4974/4862 2029/4976/4864
f 1987/4975/4863 2029/4976/4864 1988/4977/4865
f 1988/4977/4865 2029/4976/4864 2028/4978/4866
f 1988/4977/4865 2028/4978/4866 2210/4979/4867
f 2210/4979/4867 2028/4978/4866 2236/4980/4868
f 2210/4979/4867 2236/4980/4868 2235/4981/4869
f 2050/4932/4820 2725/4931/4819 2051/4982/4870
f 2051/4982/4870 2725/4931/4819 2724/4983/4871
f 2051/4982/4870 2724/4983/4871 2052/4984/4872
f 2052/4984/4872 2724/4983/4871 2723/4985/4873
f 2052/4984/4872 2723/4985/4873 2053/4986/4874
f 2053/4986/4874 2723/4985/4873 2722/4987/4875
f 2053/4986/4874 2722/4987/4875 2054/4988/4876
f 2054/4988/4876 2722/4987/4875 2721/4989/4877
f 2054/4988/4876 2721/4989/4877 2276/4990/4878
f 2276/4990/4878 2721/4989/4877 2533/4991/4879
f 2276/4990/4878 2533/4991/4879 2532/4992/4880
f 2721/4989/4877 2720/4993/4881 2533/4991/4879
f 2533/4991/4879 2720/4993/4881 2534/4994/4882
f 2534/4994/4882 2720/4993/4881 2719/4995/4883
f 2534/4994/4882 2719/4995/4883 2535/4996/4884
f 2535/4996/4884 2719/4995/4883 2718/4997/4885
f 2535/4996/4884 2718/4997/4885 2536/4998/4886
f 2536/4998/4886 2718/4997/4885 2537/4999/4887
f 2537/4999/4887 2718/4997/4885 2717/5000/4888
f 2537/4999/4887 2717/5000/4888 2538/5001/4889
f 2538/5001/4889 2717/5000/4888 2716/5002/4890
f 2538/5001/4889 2716/5002/4890 2715/5003/4891
f 2714/5004/4892 1995/5005/4893 2715/5003/4891
f 2715/5003/4891 1995/5005/4893 2539/5006/4894
f 2715/5003/4891 2539/5006/4894 2538/5001/4889
f 1995/5005/4893 2714/5004/4892 1996/5007/4895
f 1996/5007/4895 2714/5004/4892 2713/5008/4896
f 1996/5007/4895 2713/5008/4896 1997/5009/4897
f 1997/5009/4897 2713/5008/4896 2712/5010/4898
f 1997/5009/4897 2712/5010/4898 1998/5011/4899
f 1998/5011/4899 2712/5010/4898 2711/5012/4900
f 1998/5011/4899 2711/5012/4900 1999/5013/4901
f 1999/5013/4901 2711/5012/4900 2710/5014/4902
f 1999/5013/4901 2710/5014/4902 1967/5015/4903
f 1967/5015/4903 2710/5014/4902 2709/5016/4904
f 1967/5015/4903 2709/5016/4904 1968/5017/4905
f 1968/5017/4905 2709/5016/4904 2708/5018/4906
f 1968/5017/4905 2708/5018/4906 1969/5019/4907
f 1969/5019/4907 2708/5018/4906 2707/5020/4908
f 1969/5019/4907 2707/5020/4908 1970/5021/4909
f 1970/5021/4909 2707/5020/4908 2706/5022/4910
f 1970/5021/4909 2706/5022/4910 1971/5023/4911
f 1971/5023/4911 2706/5022/4910 2705/5024/4912
f 1971/5023/4911 2705/5024/4912 1972/5025/4913
f 1972/5025/4913 2705/5024/4912 2704/5026/4914
f 1972/5025/4913 2704/5026/4914 1973/5027/4915
f 1973/5027/4915 2704/5026/4914 2703/5028/4916
f 1973/5027/4915 2703/5028/4916 1974/5029/4917
f 1974/5029/4917 2703/5028/4916 2702/5030/4918
f 1974/5029/4917 2702/5030/4918 1975/4951/4839
f 1975/4951/4839 2702/5030/4918 2701/4949/4837
f 2661/5031/4919 2660/5032/4920 13/5033/4921
f 13/5033/4921 2660/5032/4920 2692/5034/4922
f 13/5033/4921 2692/5034/4922 2691/5035/4923
f 2691/5035/4923 2690/5036/4924 13/5033/4921
f 13/5033/4921 2690/5036/4924 2689/5037/4925
f 13/5033/4921 2689/5037/4925 2688/5038/4926
f 2688/5038/4926 2687/5039/4927 13/5033/4921
f 13/5033/4921 2687/5039/4927 2686/5040/4928
f 13/5033/4921 2686/5040/4928 2685/5041/4929
f 2685/5041/4929 2684/5042/4930 13/5033/4921
f 13/5033/4921 2684/5042/4930 2322/5043/4931
f 13/5033/4921 2322/5043/4931 2321/5044/4932
f 2322/5043/4931 2684/5042/4930 2323/5045/4933
f 2323/5045/4933 2684/5042/4930 2683/5046/4934
f 2323/5045/4933 2683/5046/4934 2324/5047/4935
f 2324/5047/4935 2683/5046/4934 2682/5048/4936
f 2324/5047/4935 2682/5048/4936 2325/5049/4937
f 2325/5049/4937 2682/5048/4936 2681/5050/4938
f 2325/5049/4937 2681/5050/4938 2326/5051/4939
f 2326/5051/4939 2681/5050/4938 2680/5052/4940
f 2326/5051/4939 2680/5052/4940 2327/5053/4941
f 2327/5053/4941 2680/5052/4940 2679/5054/4942
f 2327/5053/4941 2679/5054/4942 2328/5055/4943
f 2328/5055/4943 2679/5054/4942 2678/5056/4944
f 2328/5055/4943 2678/5056/4944 2329/5057/4945
f 2329/5057/4945 2678/5056/4944 2677/5058/4946
f 2329/5057/4945 2677/5058/4946 2297/5059/4947
f 2297/5059/4947 2677/5058/4946 2676/5060/4948
f 2297/5059/4947 2676/5060/4948 2298/5061/4949
f 2298/5061/4949 2676/5060/4948 2675/5062/4950
f 2298/5061/4949 2675/5062/4950 2299/5063/4951
f 2299/5063/4951 2675/5062/4950 2674/5064/4952
f 2299/5063/4951 2674/5064/4952 2300/5065/4953
f 2300/5065/4953 2674/5064/4952 2673/5066/4954
f 2300/5065/4953 2673/5066/4954 2301/5067/4955
f 2301/5067/4955 2673/5066/4954 2672/5068/4956
f 2301/5067/4955 2672/5068/4956 2302/5069/4957
f 2302/5069/4957 2672/5068/4956 2671/5070/4958
f 2302/5069/4957 2671/5070/4958 2303/5071/4959
f 2303/5071/4959 2671/5070/4958 2291/5072/4960
f 2303/5071/4959 2291/5072/4960 2290/5073/4961
f 2670/5074/4962 2583/5075/4963 2671/5070/4958
f 2671/5070/4958 2583/5075/4963 2292/5076/4964
f 2671/5070/4958 2292/5076/4964 2291/5072/4960
f 2669/5077/4965 2585/5078/4966 2670/5074/4962
f 2670/5074/4962 2585/5078/4966 2584/5079/4967
f 2670/5074/4962 2584/5079/4967 2583/5075/4963
f 2585/5078/4966 2669/5077/4965 2586/5080/4968
f 2586/5080/4968 2669/5077/4965 2668/5081/4969
f 2586/5080/4968 2668/5081/4969 2667/5082/4970
f 2586/5080/4968 2667/5082/4970 2587/5083/4971
f 2587/5083/4971 2667/5082/4970 2666/5084/4972
f 2587/5083/4971 2666/5084/4972 2588/5085/4973
f 2588/5085/4973 2666/5084/4972 2665/5086/4974
f 2588/5085/4973 2665/5086/4974 2589/5087/4975
f 2589/5087/4975 2665/5086/4974 2664/5088/4976
f 2589/5087/4975 2664/5088/4976 2590/5089/4977
f 2590/5089/4977 2664/5088/4976 2663/5090/4978
f 2590/5089/4977 2663/5090/4978 2591/5091/4979
f 2591/5091/4979 2663/5090/4978 2592/5092/4980
f 2592/5092/4980 2663/5090/4978 2662/5093/4981
f 2592/5092/4980 2662/5093/4981 2593/5094/4982
f 2593/5094/4982 2662/5093/4981 2661/5031/4919
f 2593/5094/4982 2661/5031/4919 13/5033/4921
f 2659/5095/4983 2017/5096/4984 2627/5097/4985
f 2627/5097/4985 2017/5096/4984 2016/5098/4986
f 2627/5097/4985 2016/5098/4986 2628/5099/4987
f 2628/5099/4987 2016/5098/4986 2015/5100/4988
f 2628/5099/4987 2015/5100/4988 2629/5101/4989
f 2629/5101/4989 2015/5100/4988 2014/5102/4990
f 2629/5101/4989 2014/5102/4990 2630/5103/4991
f 2630/5103/4991 2014/5102/4990 2013/5104/4992
f 2630/5103/4991 2013/5104/4992 2631/5105/4993
f 2631/5105/4993 2013/5104/4992 2012/5106/4994
f 2631/5105/4993 2012/5106/4994 2632/5107/4995
f 2632/5107/4995 2012/5106/4994 2011/5108/4996
f 2632/5107/4995 2011/5108/4996 2633/5109/4997
f 2633/5109/4997 2011/5108/4996 2010/5110/4998
f 2633/5109/4997 2010/5110/4998 2634/5111/4999
f 2634/5111/4999 2010/5110/4998 2009/5112/5000
f 2634/5111/4999 2009/5112/5000 2635/5113/5001
f 2635/5113/5001 2009/5112/5000 2008/4952/4840
f 2635/5113/5001 2008/4952/4840 2759/4880/4768
f 2759/4880/4768 2008/4952/4840 12/4950/4838
f 2017/5096/4984 2659/5095/4983 2018/5114/5002
f 2018/5114/5002 2659/5095/4983 2658/5115/5003
f 2018/5114/5002 2658/5115/5003 2019/5116/5004
f 2019/5116/5004 2658/5115/5003 2657/5117/5005
f 2019/5116/5004 2657/5117/5005 2020/5118/5006
f 2020/5118/5006 2657/5117/5005 2656/5119/5007
f 2020/5118/5006 2656/5119/5007 2021/5120/5008
f 2021/5120/5008 2656/5119/5007 2655/5121/5009
f 2021/5120/5008 2655/5121/5009 2022/5122/5010
f 2022/5122/5010 2655/5121/5009 2242/5123/5011
f 2022/5122/5010 2242/5123/5011 2241/5124/5012
f 2655/5121/5009 2654/5125/5013 2242/5123/5011
f 2242/5123/5011 2654/5125/5013 2072/5126/5014
f 2242/5123/5011 2072/5126/5014 2071/5127/5015
f 2654/5125/5013 2653/5128/5016 2072/5126/5014
f 2072/5126/5014 2653/5128/5016 2073/5129/5017
f 2073/5129/5017 2653/5128/5016 2652/5130/5018
f 2073/5129/5017 2652/5130/5018 2074/5131/5019
f 2074/5131/5019 2652/5130/5018 2075/5132/5020
f 2075/5132/5020 2652/5130/5018 2651/5133/5021
f 2075/5132/5020 2651/5133/5021 2076/5134/5022
f 2076/5134/5022 2651/5133/5021 2650/5135/5023
f 2076/5134/5022 2650/5135/5023 2649/5136/5024
f 2076/5134/5022 2649/5136/5024 2077/5137/5025
f 2077/5137/5025 2649/5136/5024 2648/4890/4778
f 2077/5137/5025 2648/4890/4778 2078/4892/4780
f 2636/4878/4766 2635/5113/5001 2759/4880/4768
f 2626/5138/5026 2182/5139/5027 2594/5140/5028
f 2594/5140/5028 2182/5139/5027 2181/5141/5029
f 2594/5140/5028 2181/5141/5029 2595/5142/5030
f 2595/5142/5030 2181/5141/5029 2180/5143/5031
f 2595/5142/5030 2180/5143/5031 2596/5144/5032
f 2596/5144/5032 2180/5143/5031 2179/5145/5033
f 2596/5144/5032 2179/5145/5033 2597/5146/5034
f 2597/5146/5034 2179/5145/5033 2178/5147/5035
f 2597/5146/5034 2178/5147/5035 2598/5148/5036
f 2598/5148/5036 2178/5147/5035 2177/5149/5037
f 2598/5148/5036 2177/5149/5037 2599/5150/5038
f 2599/5150/5038 2177/5149/5037 2176/5151/5039
f 2599/5150/5038 2176/5151/5039 2600/5152/5040
f 2600/5152/5040 2176/5151/5039 2489/5153/5041
f 2600/5152/5040 2489/5153/5041 2488/5154/5042
f 2182/5139/5027 2626/5138/5026 2183/5155/5043
f 2183/5155/5043 2626/5138/5026 2625/5156/5044
f 2183/5155/5043 2625/5156/5044 2184/5157/5045
f 2184/5157/5045 2625/5156/5044 2624/5158/5046
f 2184/5157/5045 2624/5158/5046 2185/5159/5047
f 2185/5159/5047 2624/5158/5046 2623/5160/5048
f 2185/5159/5047 2623/5160/5048 2186/5161/5049
f 2186/5161/5049 2623/5160/5048 2622/5162/5050
f 2186/5161/5049 2622/5162/5050 2187/5163/5051
f 2187/5163/5051 2622/5162/5050 2621/5164/5052
f 2187/5163/5051 2621/5164/5052 2188/5165/5053
f 2188/5165/5053 2621/5164/5052 2620/5166/5054
f 2188/5165/5053 2620/5166/5054 2189/5167/5055
f 2189/5167/5055 2620/5166/5054 2619/5168/5056
f 2189/5167/5055 2619/5168/5056 2760/5169/5057
f 2760/5169/5057 2619/5168/5056 2618/5170/5058
f 2760/5169/5057 2618/5170/5058 2617/5171/5059
f 2617/5171/5059 2616/5172/5060 2760/5169/5057
f 2760/5169/5057 2616/5172/5060 2615/5173/5061
f 2760/5169/5057 2615/5173/5061 2614/5174/5062
f 2614/5174/5062 2613/5175/5063 2760/5169/5057
f 2760/5169/5057 2613/5175/5063 2612/5176/5064
f 2760/5169/5057 2612/5176/5064 2611/5177/5065
f 2611/5177/5065 2610/5178/5066 2760/5169/5057
f 2760/5169/5057 2610/5178/5066 2479/5179/5067
f 2760/5169/5057 2479/5179/5067 2478/5180/5068
f 2610/5178/5066 2609/5181/5069 2479/5179/5067
f 2479/5179/5067 2609/5181/5069 2480/5182/5070
f 2480/5182/5070 2609/5181/5069 2608/5183/5071
f 2480/5182/5070 2608/5183/5071 2481/5184/5072
f 2481/5184/5072 2608/5183/5071 2482/5185/5073
f 2482/5185/5073 2608/5183/5071 2607/5186/5074
f 2482/5185/5073 2607/5186/5074 2483/5187/5075
f 2483/5187/5075 2607/5186/5074 2606/5188/5076
f 2483/5187/5075 2606/5188/5076 2484/5189/5077
f 2484/5189/5077 2606/5188/5076 2605/5190/5078
f 2484/5189/5077 2605/5190/5078 2485/5191/5079
f 2485/5191/5079 2605/5190/5078 2604/5192/5080
f 2485/5191/5079 2604/5192/5080 2486/5193/5081
f 2486/5193/5081 2604/5192/5080 2603/5194/5082
f 2486/5193/5081 2603/5194/5082 2487/5195/5083
f 2487/5195/5083 2603/5194/5082 2602/5196/5084
f 2487/5195/5083 2602/5196/5084 2601/5197/5085
f 2487/5195/5083 2601/5197/5085 2488/5154/5042
f 2488/5154/5042 2601/5197/5085 2600/5152/5040
f 2593/5094/4982 13/5033/4921 2561/5198/5086
f 2561/5198/5086 13/5033/4921 12/4950/4838
f 2561/5198/5086 12/4950/4838 2562/5199/5087
f 2562/5199/5087 12/4950/4838 2461/5200/5088
f 2562/5199/5087 2461/5200/5088 2563/5201/5089
f 2563/5201/5089 2461/5200/5088 2460/5202/5090
f 2563/5201/5089 2460/5202/5090 2459/5203/5091
f 2583/5075/4963 2582/5204/5092 2292/5076/4964
f 2292/5076/4964 2582/5204/5092 2293/5205/5093
f 2293/5205/5093 2582/5204/5092 2581/5206/5094
f 2293/5205/5093 2581/5206/5094 2294/5207/5095
f 2294/5207/5095 2581/5206/5094 2580/5208/5096
f 2294/5207/5095 2580/5208/5096 2295/5209/5097
f 2295/5209/5097 2580/5208/5096 2579/5210/5098
f 2295/5209/5097 2579/5210/5098 2296/5211/5099
f 2296/5211/5099 2579/5210/5098 2578/5212/5100
f 2296/5211/5099 2578/5212/5100 2264/5213/5101
f 2264/5213/5101 2578/5212/5100 2577/5214/5102
f 2264/5213/5101 2577/5214/5102 2265/5215/5103
f 2265/5215/5103 2577/5214/5102 2576/5216/5104
f 2265/5215/5103 2576/5216/5104 2266/5217/5105
f 2266/5217/5105 2576/5216/5104 2575/5218/5106
f 2266/5217/5105 2575/5218/5106 2267/5219/5107
f 2267/5219/5107 2575/5218/5106 2574/5220/5108
f 2267/5219/5107 2574/5220/5108 2268/5221/5109
f 2268/5221/5109 2574/5220/5108 2573/5222/5110
f 2268/5221/5109 2573/5222/5110 2269/5223/5111
f 2269/5223/5111 2573/5222/5110 2572/5224/5112
f 2269/5223/5111 2572/5224/5112 2270/5225/5113
f 2270/5225/5113 2572/5224/5112 2060/5226/5114
f 2270/5225/5113 2060/5226/5114 2059/5227/5115
f 2571/5228/5116 2451/5229/5117 2572/5224/5112
f 2572/5224/5112 2451/5229/5117 2061/5230/5118
f 2572/5224/5112 2061/5230/5118 2060/5226/5114
f 2570/5231/5119 2453/5232/5120 2571/5228/5116
f 2571/5228/5116 2453/5232/5120 2452/5233/5121
f 2571/5228/5116 2452/5233/5121 2451/5229/5117
f 2453/5232/5120 2570/5231/5119 2454/5234/5122
f 2454/5234/5122 2570/5231/5119 2569/5235/5123
f 2454/5234/5122 2569/5235/5123 2568/5236/5124
f 2454/5234/5122 2568/5236/5124 2455/5237/5125
f 2455/5237/5125 2568/5236/5124 2567/5238/5126
f 2455/5237/5125 2567/5238/5126 2456/5239/5127
f 2456/5239/5127 2567/5238/5126 2566/5240/5128
f 2456/5239/5127 2566/5240/5128 2457/5241/5129
f 2457/5241/5129 2566/5240/5128 2565/5242/5130
f 2457/5241/5129 2565/5242/5130 2458/5243/5131
f 2458/5243/5131 2565/5242/5130 2564/5244/5132
f 2458/5243/5131 2564/5244/5132 2459/5203/5091
f 2459/5203/5091 2564/5244/5132 2563/5201/5089
f 2560/5245/5133 2281/5246/5134 2528/5247/5135
f 2528/5247/5135 2281/5246/5134 2280/5248/5136
f 2528/5247/5135 2280/5248/5136 2529/5249/5137
f 2529/5249/5137 2280/5248/5136 2279/5250/5138
f 2529/5249/5137 2279/5250/5138 2530/5251/5139
f 2530/5251/5139 2279/5250/5138 2278/5252/5140
f 2530/5251/5139 2278/5252/5140 2531/5253/5141
f 2531/5253/5141 2278/5252/5140 2277/5254/5142
f 2531/5253/5141 2277/5254/5142 2532/4992/4880
f 2532/4992/4880 2277/5254/5142 2276/4990/4878
f 2281/5246/5134 2560/5245/5133 2282/5255/5143
f 2282/5255/5143 2560/5245/5133 2559/5256/5144
f 2282/5255/5143 2559/5256/5144 2283/5257/5145
f 2283/5257/5145 2559/5256/5144 2558/5258/5146
f 2283/5257/5145 2558/5258/5146 2284/5259/5147
f 2284/5259/5147 2558/5258/5146 2557/5260/5148
f 2284/5259/5147 2557/5260/5148 2285/5261/5149
f 2285/5261/5149 2557/5260/5148 2556/5262/5150
f 2285/5261/5149 2556/5262/5150 2309/5263/5151
f 2309/5263/5151 2556/5262/5150 2335/5264/5152
f 2309/5263/5151 2335/5264/5152 2334/5265/5153
f 2556/5262/5150 2555/5266/5154 2335/5264/5152
f 2335/5264/5152 2555/5266/5154 2336/5267/5155
f 2336/5267/5155 2555/5266/5154 2554/5268/5156
f 2336/5267/5155 2554/5268/5156 2337/5269/5157
f 2337/5269/5157 2554/5268/5156 2553/5270/5158
f 2337/5269/5157 2553/5270/5158 2338/5271/5159
f 2338/5271/5159 2553/5270/5158 2339/5272/5160
f 2339/5272/5160 2553/5270/5158 2552/5273/5161
f 2339/5272/5160 2552/5273/5161 2340/5274/5162
f 2340/5274/5162 2552/5273/5161 2551/5275/5163
f 2340/5274/5162 2551/5275/5163 2550/5276/5164
f 2549/5277/5165 2226/5278/5166 2550/5276/5164
f 2550/5276/5164 2226/5278/5166 2341/5279/5167
f 2550/5276/5164 2341/5279/5167 2340/5274/5162
f 2226/5278/5166 2549/5277/5165 2227/5280/5168
f 2227/5280/5168 2549/5277/5165 2548/5281/5169
f 2227/5280/5168 2548/5281/5169 2228/5282/5170
f 2228/5282/5170 2548/5281/5169 2547/5283/5171
f 2228/5282/5170 2547/5283/5171 2229/5284/5172
f 2229/5284/5172 2547/5283/5171 2546/5285/5173
f 2229/5284/5172 2546/5285/5173 2230/5286/5174
f 2230/5286/5174 2546/5285/5173 2545/5287/5175
f 2230/5286/5174 2545/5287/5175 2198/5288/5176
f 2198/5288/5176 2545/5287/5175 2544/5289/5177
f 2198/5288/5176 2544/5289/5177 2199/5290/5178
f 2199/5290/5178 2544/5289/5177 2543/5291/5179
f 2199/5290/5178 2543/5291/5179 2200/5292/5180
f 2200/5292/5180 2543/5291/5179 2542/5293/5181
f 2200/5292/5180 2542/5293/5181 2201/5294/5182
f 2201/5294/5182 2542/5293/5181 2541/5295/5183
f 2201/5294/5182 2541/5295/5183 2202/5296/5184
f 2202/5296/5184 2541/5295/5183 2540/5297/5185
f 2202/5296/5184 2540/5297/5185 2203/5298/5186
f 2203/5298/5186 2540/5297/5185 2539/5006/4894
f 2203/5298/5186 2539/5006/4894 2204/5299/5187
f 2204/5299/5187 2539/5006/4894 1994/5300/5188
f 2204/5299/5187 1994/5300/5188 1993/5301/5189
f 2527/5302/5190 2149/5303/5191 2495/5304/5192
f 2495/5304/5192 2149/5303/5191 2148/5305/5193
f 2495/5304/5192 2148/5305/5193 2496/5306/5194
f 2496/5306/5194 2148/5305/5193 2147/5307/5195
f 2496/5306/5194 2147/5307/5195 2497/5308/5196
f 2497/5308/5196 2147/5307/5195 2146/5309/5197
f 2497/5308/5196 2146/5309/5197 2498/5310/5198
f 2498/5310/5198 2146/5309/5197 2145/5311/5199
f 2498/5310/5198 2145/5311/5199 2499/5312/5200
f 2499/5312/5200 2145/5311/5199 2144/5313/5201
f 2499/5312/5200 2144/5313/5201 2500/5314/5202
f 2500/5314/5202 2144/5313/5201 2143/5315/5203
f 2500/5314/5202 2143/5315/5203 2501/5316/5204
f 2501/5316/5204 2143/5315/5203 2093/5317/5205
f 2501/5316/5204 2093/5317/5205 2092/5318/5206
f 2149/5303/5191 2527/5302/5190 2150/5319/5207
f 2150/5319/5207 2527/5302/5190 2526/5320/5208
f 2150/5319/5207 2526/5320/5208 2151/5321/5209
f 2151/5321/5209 2526/5320/5208 2525/5322/5210
f 2151/5321/5209 2525/5322/5210 2152/5323/5211
f 2152/5323/5211 2525/5322/5210 2524/5324/5212
f 2152/5323/5211 2524/5324/5212 2153/5325/5213
f 2153/5325/5213 2524/5324/5212 2523/5326/5214
f 2153/5325/5213 2523/5326/5214 2154/5327/5215
f 2154/5327/5215 2523/5326/5214 2522/5328/5216
f 2154/5327/5215 2522/5328/5216 2155/5329/5217
f 2155/5329/5217 2522/5328/5216 2521/5330/5218
f 2155/5329/5217 2521/5330/5218 2156/5331/5219
f 2156/5331/5219 2521/5330/5218 2520/5332/5220
f 2156/5331/5219 2520/5332/5220 2157/5333/5221
f 2157/5333/5221 2520/5332/5220 2760/5169/5057
f 2157/5333/5221 2760/5169/5057 13/5033/4921
f 2520/5332/5220 2519/5334/5222 2760/5169/5057
f 2760/5169/5057 2519/5334/5222 2190/5335/5223
f 2760/5169/5057 2190/5335/5223 2189/5167/5055
f 2190/5335/5223 2519/5334/5222 2191/5336/5224
f 2191/5336/5224 2519/5334/5222 2518/5337/5225
f 2191/5336/5224 2518/5337/5225 2192/5338/5226
f 2192/5338/5226 2518/5337/5225 2517/5339/5227
f 2192/5338/5226 2517/5339/5227 2193/5340/5228
f 2193/5340/5228 2517/5339/5227 2516/5341/5229
f 2193/5340/5228 2516/5341/5229 2194/5342/5230
f 2194/5342/5230 2516/5341/5229 2515/5343/5231
f 2194/5342/5230 2515/5343/5231 2195/5344/5232
f 2195/5344/5232 2515/5343/5231 2514/5345/5233
f 2195/5344/5232 2514/5345/5233 2196/5346/5234
f 2196/5346/5234 2514/5345/5233 2513/5347/5235
f 2196/5346/5234 2513/5347/5235 2197/5348/5236
f 2197/5348/5236 2513/5347/5235 2512/5349/5237
f 2197/5348/5236 2512/5349/5237 2165/5350/5238
f 2165/5350/5238 2512/5349/5237 2511/5351/5239
f 2165/5350/5238 2511/5351/5239 2166/5352/5240
f 2166/5352/5240 2511/5351/5239 2510/5353/5241
f 2166/5352/5240 2510/5353/5241 2167/5354/5242
f 2167/5354/5242 2510/5353/5241 2509/5355/5243
f 2167/5354/5242 2509/5355/5243 2168/5356/5244
f 2168/5356/5244 2509/5355/5243 2508/5357/5245
f 2168/5356/5244 2508/5357/5245 2169/5358/5246
f 2169/5358/5246 2508/5357/5245 2507/5359/5247
f 2169/5358/5246 2507/5359/5247 2170/5360/5248
f 2170/5360/5248 2507/5359/5247 2391/5361/5249
f 2170/5360/5248 2391/5361/5249 2390/5362/5250
f 2391/5361/5249 2507/5359/5247 2087/5363/5251
f 2087/5363/5251 2507/5359/5247 2506/5364/5252
f 2087/5363/5251 2506/5364/5252 2088/5365/5253
f 2088/5365/5253 2506/5364/5252 2505/5366/5254
f 2088/5365/5253 2505/5366/5254 2089/5367/5255
f 2089/5367/5255 2505/5366/5254 2090/5368/5256
f 2090/5368/5256 2505/5366/5254 2504/5369/5257
f 2090/5368/5256 2504/5369/5257 2091/5370/5258
f 2091/5370/5258 2504/5369/5257 2503/5371/5259
f 2091/5370/5258 2503/5371/5259 2502/5372/5260
f 2091/5370/5258 2502/5372/5260 2092/5318/5206
f 2092/5318/5206 2502/5372/5260 2501/5316/5204
f 2760/5169/5057 2478/5180/5068 2759/4880/4768
f 2759/4880/4768 2478/5180/5068 2413/5373/5261
f 2759/4880/4768 2413/5373/5261 2412/5374/5262
f 2494/5375/5263 2380/5376/5264 2462/5377/5265
f 2462/5377/5265 2380/5376/5264 2379/5378/5266
f 2462/5377/5265 2379/5378/5266 2463/5379/5267
f 2463/5379/5267 2379/5378/5266 2378/5380/5268
f 2463/5379/5267 2378/5380/5268 2464/5381/5269
f 2464/5381/5269 2378/5380/5268 2377/5382/5270
f 2464/5381/5269 2377/5382/5270 2465/5383/5271
f 2465/5383/5271 2377/5382/5270 2376/5384/5272
f 2465/5383/5271 2376/5384/5272 2466/5385/5273
f 2466/5385/5273 2376/5384/5272 2375/5386/5274
f 2466/5385/5273 2375/5386/5274 2467/5387/5275
f 2467/5387/5275 2375/5386/5274 2374/4908/4796
f 2467/5387/5275 2374/4908/4796 2468/5388/5276
f 2468/5388/5276 2374/4908/4796 2423/5389/5277
f 2468/5388/5276 2423/5389/5277 2422/5390/5278
f 2380/5376/5264 2494/5375/5263 2381/5391/5279
f 2381/5391/5279 2494/5375/5263 2493/5392/5280
f 2381/5391/5279 2493/5392/5280 2382/5393/5281
f 2382/5393/5281 2493/5392/5280 2492/5394/5282
f 2382/5393/5281 2492/5394/5282 2383/5395/5283
f 2383/5395/5283 2492/5394/5282 2491/5396/5284
f 2383/5395/5283 2491/5396/5284 2384/5397/5285
f 2384/5397/5285 2491/5396/5284 2490/5398/5286
f 2384/5397/5285 2490/5398/5286 2385/5399/5287
f 2385/5399/5287 2490/5398/5286 2176/5151/5039
f 2385/5399/5287 2176/5151/5039 2175/5400/5288
f 2490/5398/5286 2489/5153/5041 2176/5151/5039
f 2478/5180/5068 2477/5401/5289 2413/5373/5261
f 2413/5373/5261 2477/5401/5289 2414/5402/5290
f 2414/5402/5290 2477/5401/5289 2476/5403/5291
f 2414/5402/5290 2476/5403/5291 2415/5404/5292
f 2415/5404/5292 2476/5403/5291 2416/5405/5293
f 2416/5405/5293 2476/5403/5291 2475/5406/5294
f 2416/5405/5293 2475/5406/5294 2417/5407/5295
f 2417/5407/5295 2475/5406/5294 2474/5408/5296
f 2417/5407/5295 2474/5408/5296 2418/5409/5297
f 2418/5409/5297 2474/5408/5296 2473/5410/5298
f 2418/5409/5297 2473/5410/5298 2419/5411/5299
f 2419/5411/5299 2473/5410/5298 2472/5412/5300
f 2419/5411/5299 2472/5412/5300 2420/5413/5301
f 2420/5413/5301 2472/5412/5300 2471/5414/5302
f 2420/5413/5301 2471/5414/5302 2421/5415/5303
f 2421/5415/5303 2471/5414/5302 2470/5416/5304
f 2421/5415/5303 2470/5416/5304 2469/5417/5305
f 2421/5415/5303 2469/5417/5305 2422/5390/5278
f 2422/5390/5278 2469/5417/5305 2468/5388/5276
f 2430/5418/5306 2429/5419/5307 12/4950/4838
f 12/4950/4838 2429/5419/5307 2461/5200/5088
f 2451/5229/5117 2450/5420/5308 2061/5230/5118
f 2061/5230/5118 2450/5420/5308 2062/5421/5309
f 2062/5421/5309 2450/5420/5308 2449/5422/5310
f 2062/5421/5309 2449/5422/5310 2063/5423/5311
f 2063/5423/5311 2449/5422/5310 2448/5424/5312
f 2063/5423/5311 2448/5424/5312 2064/5425/5313
f 2064/5425/5313 2448/5424/5312 2447/5426/5314
f 2064/5425/5313 2447/5426/5314 2065/5427/5315
f 2065/5427/5315 2447/5426/5314 2446/5428/5316
f 2065/5427/5315 2446/5428/5316 2033/5429/5317
f 2033/5429/5317 2446/5428/5316 2445/5430/5318
f 2033/5429/5317 2445/5430/5318 2034/5431/5319
f 2034/5431/5319 2445/5430/5318 2444/5432/5320
f 2034/5431/5319 2444/5432/5320 2035/5433/5321
f 2035/5433/5321 2444/5432/5320 2443/5434/5322
f 2035/5433/5321 2443/5434/5322 2036/5435/5323
f 2036/5435/5323 2443/5434/5322 2442/5436/5324
f 2036/5435/5323 2442/5436/5324 2037/5437/5325
f 2037/5437/5325 2442/5436/5324 2441/5438/5326
f 2037/5437/5325 2441/5438/5326 2038/5439/5327
f 2038/5439/5327 2441/5438/5326 2440/5440/5328
f 2038/5439/5327 2440/5440/5328 2039/5441/5329
f 2039/5441/5329 2440/5440/5328 2439/5442/5330
f 2039/5441/5329 2439/5442/5330 2040/5443/5331
f 2040/5443/5331 2439/5442/5330 2438/5444/5332
f 2040/5443/5331 2438/5444/5332 2041/5445/5333
f 2041/5445/5333 2438/5444/5332 12/4950/4838
f 2041/5445/5333 12/4950/4838 2042/4948/4836
f 2438/5444/5332 2437/5446/5334 12/4950/4838
f 12/4950/4838 2437/5446/5334 2436/5447/5335
f 12/4950/4838 2436/5447/5335 2435/5448/5336
f 2435/5448/5336 2434/5449/5337 12/4950/4838
f 12/4950/4838 2434/5449/5337 2433/5450/5338
f 12/4950/4838 2433/5450/5338 2432/5451/5339
f 2432/5451/5339 2431/5452/5340 12/4950/4838
f 12/4950/4838 2431/5452/5340 2430/5418/5306
f 2424/4907/4795 2423/5389/5277 2374/4908/4796
f 2412/5374/5262 2411/5453/5341 2759/4880/4768
f 2759/4880/4768 2411/5453/5341 2410/5454/5342
f 2759/4880/4768 2410/5454/5342 2409/5455/5343
f 2409/5455/5343 2408/5456/5344 2759/4880/4768
f 2759/4880/4768 2408/5456/5344 2407/5457/5345
f 2759/4880/4768 2407/5457/5345 2406/5458/5346
f 2406/5458/5346 2405/5459/5347 2759/4880/4768
f 2759/4880/4768 2405/5459/5347 2404/4882/4770
f 2395/5460/5348 2083/5461/5349 2363/5462/5350
f 2363/5462/5350 2083/5461/5349 2082/5463/5351
f 2363/5462/5350 2082/5463/5351 2364/5464/5352
f 2364/5464/5352 2082/5463/5351 2081/5465/5353
f 2364/5464/5352 2081/5465/5353 2365/5466/5354
f 2365/5466/5354 2081/5465/5353 2080/5467/5355
f 2365/5466/5354 2080/5467/5355 2366/5468/5356
f 2366/5468/5356 2080/5467/5355 2079/5469/5357
f 2366/5468/5356 2079/5469/5357 2367/4894/4782
f 2367/4894/4782 2079/5469/5357 2078/4892/4780
f 2083/5461/5349 2395/5460/5348 2084/5470/5358
f 2084/5470/5358 2395/5460/5348 2394/5471/5359
f 2084/5470/5358 2394/5471/5359 2085/5472/5360
f 2085/5472/5360 2394/5471/5359 2393/5473/5361
f 2085/5472/5360 2393/5473/5361 2086/5474/5362
f 2086/5474/5362 2393/5473/5361 2392/5475/5363
f 2086/5474/5362 2392/5475/5363 2087/5363/5251
f 2087/5363/5251 2392/5475/5363 2391/5361/5249
f 2170/5360/5248 2390/5362/5250 2171/5476/5364
f 2171/5476/5364 2390/5362/5250 2389/5477/5365
f 2171/5476/5364 2389/5477/5365 2172/5478/5366
f 2172/5478/5366 2389/5477/5365 2388/5479/5367
f 2172/5478/5366 2388/5479/5367 2173/5480/5368
f 2173/5480/5368 2388/5479/5367 2174/5481/5369
f 2174/5481/5369 2388/5479/5367 2387/5482/5370
f 2174/5481/5369 2387/5482/5370 2175/5400/5288
f 2175/5400/5288 2387/5482/5370 2386/5483/5371
f 2175/5400/5288 2386/5483/5371 2385/5399/5287
f 2362/5484/5372 2314/5485/5373 2330/5486/5374
f 2330/5486/5374 2314/5485/5373 2313/5487/5375
f 2330/5486/5374 2313/5487/5375 2331/5488/5376
f 2331/5488/5376 2313/5487/5375 2312/5489/5377
f 2331/5488/5376 2312/5489/5377 2332/5490/5378
f 2332/5490/5378 2312/5489/5377 2311/5491/5379
f 2332/5490/5378 2311/5491/5379 2333/5492/5380
f 2333/5492/5380 2311/5491/5379 2310/5493/5381
f 2333/5492/5380 2310/5493/5381 2334/5265/5153
f 2334/5265/5153 2310/5493/5381 2309/5263/5151
f 2314/5485/5373 2362/5484/5372 2315/5494/5382
f 2315/5494/5382 2362/5484/5372 2361/5495/5383
f 2315/5494/5382 2361/5495/5383 2316/5496/5384
f 2316/5496/5384 2361/5495/5383 2360/5497/5385
f 2316/5496/5384 2360/5497/5385 2317/5498/5386
f 2317/5498/5386 2360/5497/5385 2359/5499/5387
f 2317/5498/5386 2359/5499/5387 2318/5500/5388
f 2318/5500/5388 2359/5499/5387 2358/5501/5389
f 2318/5500/5388 2358/5501/5389 2319/5502/5390
f 2319/5502/5390 2358/5501/5389 2357/5503/5391
f 2319/5502/5390 2357/5503/5391 2320/5504/5392
f 2320/5504/5392 2357/5503/5391 2356/5505/5393
f 2320/5504/5392 2356/5505/5393 2321/5044/4932
f 2321/5044/4932 2356/5505/5393 2355/5506/5394
f 2321/5044/4932 2355/5506/5394 13/5033/4921
f 13/5033/4921 2355/5506/5394 2124/5507/5395
f 13/5033/4921 2124/5507/5395 2157/5333/5221
f 2157/5333/5221 2124/5507/5395 2123/5508/5396
f 2157/5333/5221 2123/5508/5396 2158/5509/5397
f 2158/5509/5397 2123/5508/5396 2122/5510/5398
f 2158/5509/5397 2122/5510/5398 2159/5511/5399
f 2159/5511/5399 2122/5510/5398 2121/5512/5400
f 2159/5511/5399 2121/5512/5400 2160/5513/5401
f 2160/5513/5401 2121/5512/5400 2120/5514/5402
f 2160/5513/5401 2120/5514/5402 2161/5515/5403
f 2161/5515/5403 2120/5514/5402 2119/5516/5404
f 2161/5515/5403 2119/5516/5404 2162/5517/5405
f 2162/5517/5405 2119/5516/5404 2118/5518/5406
f 2162/5517/5405 2118/5518/5406 2163/5519/5407
f 2163/5519/5407 2118/5518/5406 2117/5520/5408
f 2163/5519/5407 2117/5520/5408 2164/5521/5409
f 2164/5521/5409 2117/5520/5408 2116/5522/5410
f 2164/5521/5409 2116/5522/5410 2132/5523/5411
f 2132/5523/5411 2116/5522/5410 2115/5524/5412
f 2132/5523/5411 2115/5524/5412 2133/5525/5413
f 2133/5525/5413 2115/5524/5412 2114/5526/5414
f 2133/5525/5413 2114/5526/5414 2134/5527/5415
f 2134/5527/5415 2114/5526/5414 2113/5528/5416
f 2134/5527/5415 2113/5528/5416 2135/5529/5417
f 2135/5529/5417 2113/5528/5416 2112/5530/5418
f 2135/5529/5417 2112/5530/5418 2136/5531/5419
f 2136/5531/5419 2112/5530/5418 2111/5532/5420
f 2136/5531/5419 2111/5532/5420 2137/5533/5421
f 2137/5533/5421 2111/5532/5420 2259/5534/5422
f 2137/5533/5421 2259/5534/5422 2258/5535/5423
f 2355/5506/5394 2354/5536/5424 2124/5507/5395
f 2124/5507/5395 2354/5536/5424 2125/5537/5425
f 2125/5537/5425 2354/5536/5424 2353/5538/5426
f 2125/5537/5425 2353/5538/5426 2126/5539/5427
f 2126/5539/5427 2353/5538/5426 2352/5540/5428
f 2126/5539/5427 2352/5540/5428 2127/5541/5429
f 2127/5541/5429 2352/5540/5428 2351/5542/5430
f 2127/5541/5429 2351/5542/5430 2128/5543/5431
f 2128/5543/5431 2351/5542/5430 2350/5544/5432
f 2128/5543/5431 2350/5544/5432 2129/5545/5433
f 2129/5545/5433 2350/5544/5432 2349/5546/5434
f 2129/5545/5433 2349/5546/5434 2130/5547/5435
f 2130/5547/5435 2349/5546/5434 2348/5548/5436
f 2130/5547/5435 2348/5548/5436 2131/5549/5437
f 2131/5549/5437 2348/5548/5436 2347/5550/5438
f 2131/5549/5437 2347/5550/5438 2099/5551/5439
f 2099/5551/5439 2347/5550/5438 2346/5552/5440
f 2099/5551/5439 2346/5552/5440 2100/5553/5441
f 2100/5553/5441 2346/5552/5440 2345/5554/5442
f 2100/5553/5441 2345/5554/5442 2101/5555/5443
f 2101/5555/5443 2345/5554/5442 2344/5556/5444
f 2101/5555/5443 2344/5556/5444 2102/5557/5445
f 2102/5557/5445 2344/5556/5444 2343/5558/5446
f 2102/5557/5445 2343/5558/5446 2103/5559/5447
f 2103/5559/5447 2343/5558/5446 2342/5560/5448
f 2103/5559/5447 2342/5560/5448 2104/5561/5449
f 2104/5561/5449 2342/5560/5448 2341/5279/5167
f 2104/5561/5449 2341/5279/5167 2105/5562/5450
f 2105/5562/5450 2341/5279/5167 2225/5563/5451
f 2105/5562/5450 2225/5563/5451 2224/5564/5452
f 2309/5263/5151 2308/5565/5453 2285/5261/5149
f 2285/5261/5149 2308/5565/5453 2286/5566/5454
f 2286/5566/5454 2308/5565/5453 2307/5567/5455
f 2286/5566/5454 2307/5567/5455 2287/5568/5456
f 2287/5568/5456 2307/5567/5455 2288/5569/5457
f 2288/5569/5457 2307/5567/5455 2306/5570/5458
f 2288/5569/5457 2306/5570/5458 2289/5571/5459
f 2289/5571/5459 2306/5570/5458 2305/5572/5460
f 2289/5571/5459 2305/5572/5460 2304/5573/5461
f 2289/5571/5459 2304/5573/5461 2290/5073/4961
f 2290/5073/4961 2304/5573/5461 2303/5071/4959
f 2276/4990/4878 2275/5574/5462 2054/4988/4876
f 2054/4988/4876 2275/5574/5462 2055/5575/5463
f 2055/5575/5463 2275/5574/5462 2274/5576/5464
f 2055/5575/5463 2274/5576/5464 2056/5577/5465
f 2056/5577/5465 2274/5576/5464 2057/5578/5466
f 2057/5578/5466 2274/5576/5464 2273/5579/5467
f 2057/5578/5466 2273/5579/5467 2058/5580/5468
f 2058/5580/5468 2273/5579/5467 2272/5581/5469
f 2058/5580/5468 2272/5581/5469 2271/5582/5470
f 2058/5580/5468 2271/5582/5470 2059/5227/5115
f 2059/5227/5115 2271/5582/5470 2270/5225/5113
f 2263/5583/5471 2215/5584/5472 2231/5585/5473
f 2231/5585/5473 2215/5584/5472 2214/5586/5474
f 2231/5585/5473 2214/5586/5474 2232/5587/5475
f 2232/5587/5475 2214/5586/5474 2213/5588/5476
f 2232/5587/5475 2213/5588/5476 2233/5589/5477
f 2233/5589/5477 2213/5588/5476 2212/5590/5478
f 2233/5589/5477 2212/5590/5478 2234/5591/5479
f 2234/5591/5479 2212/5590/5478 2211/5592/5480
f 2234/5591/5479 2211/5592/5480 2235/4981/4869
f 2235/4981/4869 2211/5592/5480 2210/4979/4867
f 2215/5584/5472 2263/5583/5471 2216/5593/5481
f 2216/5593/5481 2263/5583/5471 2262/5594/5482
f 2216/5593/5481 2262/5594/5482 2217/5595/5483
f 2217/5595/5483 2262/5594/5482 2261/5596/5484
f 2217/5595/5483 2261/5596/5484 2218/5597/5485
f 2218/5597/5485 2261/5596/5484 2260/5598/5486
f 2218/5597/5485 2260/5598/5486 2219/5599/5487
f 2219/5599/5487 2260/5598/5486 2259/5534/5422
f 2219/5599/5487 2259/5534/5422 2111/5532/5420
f 2137/5533/5421 2258/5535/5423 2138/5600/5488
f 2138/5600/5488 2258/5535/5423 2257/5601/5489
f 2138/5600/5488 2257/5601/5489 2139/5602/5490
f 2139/5602/5490 2257/5601/5489 2256/5603/5491
f 2139/5602/5490 2256/5603/5491 2140/5604/5492
f 2140/5604/5492 2256/5603/5491 2141/5605/5493
f 2141/5605/5493 2256/5603/5491 2255/5606/5494
f 2141/5605/5493 2255/5606/5494 2142/5607/5495
f 2142/5607/5495 2255/5606/5494 2254/5608/5496
f 2142/5607/5495 2254/5608/5496 2253/5609/5497
f 2252/5610/5498 2094/5611/5499 2253/5609/5497
f 2253/5609/5497 2094/5611/5499 2143/5315/5203
f 2253/5609/5497 2143/5315/5203 2142/5607/5495
f 2094/5611/5499 2252/5610/5498 2095/5612/5500
f 2095/5612/5500 2252/5610/5498 2251/5613/5501
f 2095/5612/5500 2251/5613/5501 2096/5614/5502
f 2096/5614/5502 2251/5613/5501 2250/5615/5503
f 2096/5614/5502 2250/5615/5503 2097/5616/5504
f 2097/5616/5504 2250/5615/5503 2249/5617/5505
f 2097/5616/5504 2249/5617/5505 2098/5618/5506
f 2098/5618/5506 2249/5617/5505 2248/5619/5507
f 2098/5618/5506 2248/5619/5507 2066/5620/5508
f 2066/5620/5508 2248/5619/5507 2247/5621/5509
f 2066/5620/5508 2247/5621/5509 2067/5622/5510
f 2067/5622/5510 2247/5621/5509 2246/5623/5511
f 2067/5622/5510 2246/5623/5511 2068/5624/5512
f 2068/5624/5512 2246/5623/5511 2245/5625/5513
f 2068/5624/5512 2245/5625/5513 2069/5626/5514
f 2069/5626/5514 2245/5625/5513 2244/5627/5515
f 2069/5626/5514 2244/5627/5515 2070/5628/5516
f 2070/5628/5516 2244/5627/5515 2243/5629/5517
f 2070/5628/5516 2243/5629/5517 2071/5127/5015
f 2071/5127/5015 2243/5629/5517 2242/5123/5011
f 2240/5630/5518 2024/5631/5519 2241/5124/5012
f 2241/5124/5012 2024/5631/5519 2023/5632/5520
f 2241/5124/5012 2023/5632/5520 2022/5122/5010
f 2024/5631/5519 2240/5630/5518 2025/5633/5521
f 2025/5633/5521 2240/5630/5518 2239/5634/5522
f 2025/5633/5521 2239/5634/5522 2238/5635/5523
f 2025/5633/5521 2238/5635/5523 2026/5636/5524
f 2026/5636/5524 2238/5635/5523 2237/5637/5525
f 2026/5636/5524 2237/5637/5525 2027/5638/5526
f 2027/5638/5526 2237/5637/5525 2236/4980/4868
f 2027/5638/5526 2236/4980/4868 2028/4978/4866
f 2226/5278/5166 2225/5563/5451 2341/5279/5167
f 2105/5562/5450 2224/5564/5452 2106/5639/5527
f 2106/5639/5527 2224/5564/5452 2223/5640/5528
f 2106/5639/5527 2223/5640/5528 2107/5641/5529
f 2107/5641/5529 2223/5640/5528 2108/5642/5530
f 2108/5642/5530 2223/5640/5528 2222/5643/5531
f 2108/5642/5530 2222/5643/5531 2109/5644/5532
f 2109/5644/5532 2222/5643/5531 2221/5645/5533
f 2109/5644/5532 2221/5645/5533 2220/5646/5534
f 2109/5644/5532 2220/5646/5534 2110/5647/5535
f 2110/5647/5535 2220/5646/5534 2219/5599/5487
f 2110/5647/5535 2219/5599/5487 2111/5532/5420
f 2210/4979/4867 2209/5648/5536 1988/4977/4865
f 1988/4977/4865 2209/5648/5536 1989/5649/5537
f 1989/5649/5537 2209/5648/5536 2208/5650/5538
f 1989/5649/5537 2208/5650/5538 1990/5651/5539
f 1990/5651/5539 2208/5650/5538 1991/5652/5540
f 1991/5652/5540 2208/5650/5538 2207/5653/5541
f 1991/5652/5540 2207/5653/5541 1992/5654/5542
f 1992/5654/5542 2207/5653/5541 2206/5655/5543
f 1992/5654/5542 2206/5655/5543 2205/5656/5544
f 1992/5654/5542 2205/5656/5544 1993/5301/5189
f 1993/5301/5189 2205/5656/5544 2204/5299/5187
f 2094/5611/5499 2093/5317/5205 2143/5315/5203
f 1995/5005/4893 1994/5300/5188 2539/5006/4894
# 2760 vertices
# 5656 texture params
# 5544 normals
# 5612 facets

# 1 groups
